PROVIDER;DESCRIPTION;ACCOUNTID;REGION;ASSESSMENTDATE;REQUIREMENTS_ID;REQUIREMENTS_DESCRIPTION;REQUIREMENTS_ATTRIBUTES_SECTION;REQUIREMENTS_ATTRIBUTES_SUBSECTION;REQUIREMENTS_ATTRIBUTES_SUBGROUP;REQUIREMENTS_ATTRIBUTES_SERVICE;REQUIREMENTS_ATTRIBUTES_TYPE;STATUS;STATUSEXTENDED;RESOURCEID;CHECKID;MUTED;RESOURCENAME;FRAMEWORK;NAME;REQUIREMENTS_ATTRIBUTES_COMMENT
aws;In light of the increasing volume and sophistication of cyber threats, the Federal Financial Institutions Examination Council (FFIEC) developed the Cybersecurity Assessment Tool (Assessment), on behalf of its members, to help institutions identify their risks and determine their cybersecurity maturity.;858573892697;us-east-1;2026-09-19 09:30:34.148196;d3-pc-im-b-1;Network perimeter defense tools (e.g., border router and firewall) are used.;Cybersecurity Controls (Domain 3);Preventative Controls (PC);;aws;;PASS;Lambda function security-remediation-s3-public has a resource-based policy without public access.;arn:aws:lambda:us-east-1:858573892697:function:security-remediation-s3-public;awslambda_function_not_publicly_accessible;False;security-remediation-s3-public;FFIEC;FFIEC Cybersecurity Assessment Tool framework;
aws;In light of the increasing volume and sophistication of cyber threats, the Federal Financial Institutions Examination Council (FFIEC) developed the Cybersecurity Assessment Tool (Assessment), on behalf of its members, to help institutions identify their risks and determine their cybersecurity maturity.;858573892697;us-east-1;2026-09-19 09:30:34.148196;d3-pc-im-b-1;Network perimeter defense tools (e.g., border router and firewall) are used.;Cybersecurity Controls (Domain 3);Preventative Controls (PC);;aws;;PASS;Lambda function security-remediation-cloudtrail has a resource-based policy without public access.;arn:aws:lambda:us-east-1:858573892697:function:security-remediation-cloudtrail;awslambda_function_not_publicly_accessible;False;security-remediation-cloudtrail;FFIEC;FFIEC Cybersecurity Assessment Tool framework;
aws;In light of the increasing volume and sophistication of cyber threats, the Federal Financial Institutions Examination Council (FFIEC) developed the Cybersecurity Assessment Tool (Assessment), on behalf of its members, to help institutions identify their risks and determine their cybersecurity maturity.;858573892697;us-east-1;2026-09-19 09:30:34.148196;d3-pc-im-b-1;Network perimeter defense tools (e.g., border router and firewall) are used.;Cybersecurity Controls (Domain 3);Preventative Controls (PC);;aws;;PASS;Lambda function security-remediation-s3-encryption has a resource-based policy without public access.;arn:aws:lambda:us-east-1:858573892697:function:security-remediation-s3-encryption;awslambda_function_not_publicly_accessible;False;security-remediation-s3-encryption;FFIEC;FFIEC Cybersecurity Assessment Tool framework;
aws;In light of the increasing volume and sophistication of cyber threats, the Federal Financial Institutions Examination Council (FFIEC) developed the Cybersecurity Assessment Tool (Assessment), on behalf of its members, to help institutions identify their risks and determine their cybersecurity maturity.;858573892697;us-east-1;2026-09-19 09:30:34.148196;d3-pc-im-b-1;Network perimeter defense tools (e.g., border router and firewall) are used.;Cybersecurity Controls (Domain 3);Preventative Controls (PC);;aws;;PASS;Lambda function security-remediation-rdp has a resource-based policy without public access.;arn:aws:lambda:us-east-1:858573892697:function:security-remediation-rdp;awslambda_function_not_publicly_accessible;False;security-remediation-rdp;FFIEC;FFIEC Cybersecurity Assessment Tool framework;
aws;In light of the increasing volume and sophistication of cyber threats, the Federal Financial Institutions Examination Council (FFIEC) developed the Cybersecurity Assessment Tool (Assessment), on behalf of its members, to help institutions identify their risks and determine their cybersecurity maturity.;858573892697;us-east-1;2026-09-19 09:30:34.148196;d3-pc-im-b-1;Network perimeter defense tools (e.g., border router and firewall) are used.;Cybersecurity Controls (Domain 3);Preventative Controls (PC);;aws;;PASS;Lambda function security-remediation-ssh has a resource-based policy without public access.;arn:aws:lambda:us-east-1:858573892697:function:security-remediation-ssh;awslambda_function_not_publicly_accessible;False;security-remediation-ssh;FFIEC;FFIEC Cybersecurity Assessment Tool framework;
aws;In light of the increasing volume and sophistication of cyber threats, the Federal Financial Institutions Examination Council (FFIEC) developed the Cybersecurity Assessment Tool (Assessment), on behalf of its members, to help institutions identify their risks and determine their cybersecurity maturity.;858573892697;us-east-1;2026-09-19 09:30:34.148196;d2-ma-ma-b-2;Computer event logs are used for investigations once an event has occurred.;Threat Intelligence and Collaboration (Domain 2);Monitoring and Analyzing (MA);;aws;;PASS;Trail vaultcloud-trail from home region us-east-1 has an advanced management event selector to log Amazon Bedrock control-plane API calls.;arn:aws:cloudtrail:us-east-1:858573892697:trail/vaultcloud-trail;cloudtrail_bedrock_logging_enabled;False;vaultcloud-trail;FFIEC;FFIEC Cybersecurity Assessment Tool framework;
aws;In light of the increasing volume and sophistication of cyber threats, the Federal Financial Institutions Examination Council (FFIEC) developed the Cybersecurity Assessment Tool (Assessment), on behalf of its members, to help institutions identify their risks and determine their cybersecurity maturity.;858573892697;us-east-1;2026-09-19 09:30:34.148196;d2-is-is-b-1;Information security threats are gathered and shared with applicable internal employees.;Threat Intelligence and Collaboration (Domain 2);Information Sharing (IS);;aws;;PASS;Multiregion trail vaultcloud-trail has been logging in the last 24h.;arn:aws:cloudtrail:us-east-1:858573892697:trail/vaultcloud-trail;cloudtrail_cloudwatch_logging_enabled;False;vaultcloud-trail;FFIEC;FFIEC Cybersecurity Assessment Tool framework;
aws;In light of the increasing volume and sophistication of cyber threats, the Federal Financial Institutions Examination Council (FFIEC) developed the Cybersecurity Assessment Tool (Assessment), on behalf of its members, to help institutions identify their risks and determine their cybersecurity maturity.;858573892697;us-east-1;2026-09-19 09:30:34.148196;d2-ma-ma-b-1;Information security threats are gathered and shared with applicable internal employees.;Threat Intelligence and Collaboration (Domain 2);Monitoring and Analyzing (MA);;aws;;PASS;Multiregion trail vaultcloud-trail has been logging in the last 24h.;arn:aws:cloudtrail:us-east-1:858573892697:trail/vaultcloud-trail;cloudtrail_cloudwatch_logging_enabled;False;vaultcloud-trail;FFIEC;FFIEC Cybersecurity Assessment Tool framework;
aws;In light of the increasing volume and sophistication of cyber threats, the Federal Financial Institutions Examination Council (FFIEC) developed the Cybersecurity Assessment Tool (Assessment), on behalf of its members, to help institutions identify their risks and determine their cybersecurity maturity.;858573892697;us-east-1;2026-09-19 09:30:34.148196;d2-ma-ma-b-2;Computer event logs are used for investigations once an event has occurred.;Threat Intelligence and Collaboration (Domain 2);Monitoring and Analyzing (MA);;aws;;PASS;Multiregion trail vaultcloud-trail has been logging in the last 24h.;arn:aws:cloudtrail:us-east-1:858573892697:trail/vaultcloud-trail;cloudtrail_cloudwatch_logging_enabled;False;vaultcloud-trail;FFIEC;FFIEC Cybersecurity Assessment Tool framework;
aws;In light of the increasing volume and sophistication of cyber threats, the Federal Financial Institutions Examination Council (FFIEC) developed the Cybersecurity Assessment Tool (Assessment), on behalf of its members, to help institutions identify their risks and determine their cybersecurity maturity.;858573892697;us-east-1;2026-09-19 09:30:34.148196;d3-dc-an-b-3;Logs of physical and/or logical access are reviewed following events.;Cybersecurity Controls (Domain 3);Detective Controls (DC);;aws;;PASS;Multiregion trail vaultcloud-trail has been logging in the last 24h.;arn:aws:cloudtrail:us-east-1:858573892697:trail/vaultcloud-trail;cloudtrail_cloudwatch_logging_enabled;False;vaultcloud-trail;FFIEC;FFIEC Cybersecurity Assessment Tool framework;
aws;In light of the increasing volume and sophistication of cyber threats, the Federal Financial Institutions Examination Council (FFIEC) developed the Cybersecurity Assessment Tool (Assessment), on behalf of its members, to help institutions identify their risks and determine their cybersecurity maturity.;858573892697;us-east-1;2026-09-19 09:30:34.148196;d3-dc-an-b-4;Access to critical systems by third parties is monitored for unauthorized or unusual activity.;Cybersecurity Controls (Domain 3);Detective Controls (DC);;aws;;PASS;Multiregion trail vaultcloud-trail has been logging in the last 24h.;arn:aws:cloudtrail:us-east-1:858573892697:trail/vaultcloud-trail;cloudtrail_cloudwatch_logging_enabled;False;vaultcloud-trail;FFIEC;FFIEC Cybersecurity Assessment Tool framework;
aws;In light of the increasing volume and sophistication of cyber threats, the Federal Financial Institutions Examination Council (FFIEC) developed the Cybersecurity Assessment Tool (Assessment), on behalf of its members, to help institutions identify their risks and determine their cybersecurity maturity.;858573892697;us-east-1;2026-09-19 09:30:34.148196;d3-dc-an-b-5;Elevated privileges are monitored.;Cybersecurity Controls (Domain 3);Detective Controls (DC);;aws;;PASS;Multiregion trail vaultcloud-trail has been logging in the last 24h.;arn:aws:cloudtrail:us-east-1:858573892697:trail/vaultcloud-trail;cloudtrail_cloudwatch_logging_enabled;False;vaultcloud-trail;FFIEC;FFIEC Cybersecurity Assessment Tool framework;
aws;In light of the increasing volume and sophistication of cyber threats, the Federal Financial Institutions Examination Council (FFIEC) developed the Cybersecurity Assessment Tool (Assessment), on behalf of its members, to help institutions identify their risks and determine their cybersecurity maturity.;858573892697;us-east-1;2026-09-19 09:30:34.148196;d3-dc-ev-b-1;A normal network activity baseline is established.;Cybersecurity Controls (Domain 3);Detective Controls (DC);;aws;;PASS;Multiregion trail vaultcloud-trail has been logging in the last 24h.;arn:aws:cloudtrail:us-east-1:858573892697:trail/vaultcloud-trail;cloudtrail_cloudwatch_logging_enabled;False;vaultcloud-trail;FFIEC;FFIEC Cybersecurity Assessment Tool framework;
aws;In light of the increasing volume and sophistication of cyber threats, the Federal Financial Institutions Examination Council (FFIEC) developed the Cybersecurity Assessment Tool (Assessment), on behalf of its members, to help institutions identify their risks and determine their cybersecurity maturity.;858573892697;us-east-1;2026-09-19 09:30:34.148196;d3-pc-im-b-3;All ports are monitored.;Cybersecurity Controls (Domain 3);Preventative Controls (PC);;aws;;PASS;Multiregion trail vaultcloud-trail has been logging in the last 24h.;arn:aws:cloudtrail:us-east-1:858573892697:trail/vaultcloud-trail;cloudtrail_cloudwatch_logging_enabled;False;vaultcloud-trail;FFIEC;FFIEC Cybersecurity Assessment Tool framework;
aws;In light of the increasing volume and sophistication of cyber threats, the Federal Financial Institutions Examination Council (FFIEC) developed the Cybersecurity Assessment Tool (Assessment), on behalf of its members, to help institutions identify their risks and determine their cybersecurity maturity.;858573892697;us-east-1;2026-09-19 09:30:34.148196;d3-pc-im-b-7;Access to make changes to systems configurations (including virtual machines and hypervisors) is controlled and monitored.;Cybersecurity Controls (Domain 3);Preventative Controls (PC);;aws;;PASS;Multiregion trail vaultcloud-trail has been logging in the last 24h.;arn:aws:cloudtrail:us-east-1:858573892697:trail/vaultcloud-trail;cloudtrail_cloudwatch_logging_enabled;False;vaultcloud-trail;FFIEC;FFIEC Cybersecurity Assessment Tool framework;
aws;In light of the increasing volume and sophistication of cyber threats, the Federal Financial Institutions Examination Council (FFIEC) developed the Cybersecurity Assessment Tool (Assessment), on behalf of its members, to help institutions identify their risks and determine their cybersecurity maturity.;858573892697;us-east-1;2026-09-19 09:30:34.148196;d5-dr-de-b-3;Tools and processes are in place to detect, alert, and trigger the incident response program.;Cyber Incident Management and Resilience (Domain 5);Detection, Response, & Mitigation (DR);;aws;;PASS;Multiregion trail vaultcloud-trail has been logging in the last 24h.;arn:aws:cloudtrail:us-east-1:858573892697:trail/vaultcloud-trail;cloudtrail_cloudwatch_logging_enabled;False;vaultcloud-trail;FFIEC;FFIEC Cybersecurity Assessment Tool framework;
aws;In light of the increasing volume and sophistication of cyber threats, the Federal Financial Institutions Examination Council (FFIEC) developed the Cybersecurity Assessment Tool (Assessment), on behalf of its members, to help institutions identify their risks and determine their cybersecurity maturity.;858573892697;ap-northeast-1;2026-09-19 09:30:34.148196;d2-ma-ma-b-1;Information security threats are gathered and shared with applicable internal employees.;Threat Intelligence and Collaboration (Domain 2);Monitoring and Analyzing (MA);;aws;;PASS;Trail vaultcloud-trail is multiregion and it is logging.;arn:aws:cloudtrail:us-east-1:858573892697:trail/vaultcloud-trail;cloudtrail_multi_region_enabled;False;vaultcloud-trail;FFIEC;FFIEC Cybersecurity Assessment Tool framework;
aws;In light of the increasing volume and sophistication of cyber threats, the Federal Financial Institutions Examination Council (FFIEC) developed the Cybersecurity Assessment Tool (Assessment), on behalf of its members, to help institutions identify their risks and determine their cybersecurity maturity.;858573892697;ap-northeast-1;2026-09-19 09:30:34.148196;d2-ma-ma-b-2;Computer event logs are used for investigations once an event has occurred.;Threat Intelligence and Collaboration (Domain 2);Monitoring and Analyzing (MA);;aws;;PASS;Trail vaultcloud-trail is multiregion and it is logging.;arn:aws:cloudtrail:us-east-1:858573892697:trail/vaultcloud-trail;cloudtrail_multi_region_enabled;False;vaultcloud-trail;FFIEC;FFIEC Cybersecurity Assessment Tool framework;
aws;In light of the increasing volume and sophistication of cyber threats, the Federal Financial Institutions Examination Council (FFIEC) developed the Cybersecurity Assessment Tool (Assessment), on behalf of its members, to help institutions identify their risks and determine their cybersecurity maturity.;858573892697;ap-northeast-1;2026-09-19 09:30:34.148196;d3-dc-an-b-3;Logs of physical and/or logical access are reviewed following events.;Cybersecurity Controls (Domain 3);Detective Controls (DC);;aws;;PASS;Trail vaultcloud-trail is multiregion and it is logging.;arn:aws:cloudtrail:us-east-1:858573892697:trail/vaultcloud-trail;cloudtrail_multi_region_enabled;False;vaultcloud-trail;FFIEC;FFIEC Cybersecurity Assessment Tool framework;
aws;In light of the increasing volume and sophistication of cyber threats, the Federal Financial Institutions Examination Council (FFIEC) developed the Cybersecurity Assessment Tool (Assessment), on behalf of its members, to help institutions identify their risks and determine their cybersecurity maturity.;858573892697;ap-northeast-1;2026-09-19 09:30:34.148196;d3-dc-an-b-4;Access to critical systems by third parties is monitored for unauthorized or unusual activity.;Cybersecurity Controls (Domain 3);Detective Controls (DC);;aws;;PASS;Trail vaultcloud-trail is multiregion and it is logging.;arn:aws:cloudtrail:us-east-1:858573892697:trail/vaultcloud-trail;cloudtrail_multi_region_enabled;False;vaultcloud-trail;FFIEC;FFIEC Cybersecurity Assessment Tool framework;
aws;In light of the increasing volume and sophistication of cyber threats, the Federal Financial Institutions Examination Council (FFIEC) developed the Cybersecurity Assessment Tool (Assessment), on behalf of its members, to help institutions identify their risks and determine their cybersecurity maturity.;858573892697;ap-northeast-1;2026-09-19 09:30:34.148196;d3-dc-an-b-5;Elevated privileges are monitored.;Cybersecurity Controls (Domain 3);Detective Controls (DC);;aws;;PASS;Trail vaultcloud-trail is multiregion and it is logging.;arn:aws:cloudtrail:us-east-1:858573892697:trail/vaultcloud-trail;cloudtrail_multi_region_enabled;False;vaultcloud-trail;FFIEC;FFIEC Cybersecurity Assessment Tool framework;
aws;In light of the increasing volume and sophistication of cyber threats, the Federal Financial Institutions Examination Council (FFIEC) developed the Cybersecurity Assessment Tool (Assessment), on behalf of its members, to help institutions identify their risks and determine their cybersecurity maturity.;858573892697;ap-northeast-1;2026-09-19 09:30:34.148196;d3-dc-ev-b-1;A normal network activity baseline is established.;Cybersecurity Controls (Domain 3);Detective Controls (DC);;aws;;PASS;Trail vaultcloud-trail is multiregion and it is logging.;arn:aws:cloudtrail:us-east-1:858573892697:trail/vaultcloud-trail;cloudtrail_multi_region_enabled;False;vaultcloud-trail;FFIEC;FFIEC Cybersecurity Assessment Tool framework;
aws;In light of the increasing volume and sophistication of cyber threats, the Federal Financial Institutions Examination Council (FFIEC) developed the Cybersecurity Assessment Tool (Assessment), on behalf of its members, to help institutions identify their risks and determine their cybersecurity maturity.;858573892697;ap-northeast-1;2026-09-19 09:30:34.148196;d3-dc-ev-b-3;Processes are in place to monitor for the presence of unauthorized users, devices, connections, and software.;Cybersecurity Controls (Domain 3);Detective Controls (DC);;aws;;PASS;Trail vaultcloud-trail is multiregion and it is logging.;arn:aws:cloudtrail:us-east-1:858573892697:trail/vaultcloud-trail;cloudtrail_multi_region_enabled;False;vaultcloud-trail;FFIEC;FFIEC Cybersecurity Assessment Tool framework;
aws;In light of the increasing volume and sophistication of cyber threats, the Federal Financial Institutions Examination Council (FFIEC) developed the Cybersecurity Assessment Tool (Assessment), on behalf of its members, to help institutions identify their risks and determine their cybersecurity maturity.;858573892697;ap-northeast-1;2026-09-19 09:30:34.148196;d3-pc-im-b-3;All ports are monitored.;Cybersecurity Controls (Domain 3);Preventative Controls (PC);;aws;;PASS;Trail vaultcloud-trail is multiregion and it is logging.;arn:aws:cloudtrail:us-east-1:858573892697:trail/vaultcloud-trail;cloudtrail_multi_region_enabled;False;vaultcloud-trail;FFIEC;FFIEC Cybersecurity Assessment Tool framework;
aws;In light of the increasing volume and sophistication of cyber threats, the Federal Financial Institutions Examination Council (FFIEC) developed the Cybersecurity Assessment Tool (Assessment), on behalf of its members, to help institutions identify their risks and determine their cybersecurity maturity.;858573892697;ap-northeast-1;2026-09-19 09:30:34.148196;d3-pc-im-b-7;Access to make changes to systems configurations (including virtual machines and hypervisors) is controlled and monitored.;Cybersecurity Controls (Domain 3);Preventative Controls (PC);;aws;;PASS;Trail vaultcloud-trail is multiregion and it is logging.;arn:aws:cloudtrail:us-east-1:858573892697:trail/vaultcloud-trail;cloudtrail_multi_region_enabled;False;vaultcloud-trail;FFIEC;FFIEC Cybersecurity Assessment Tool framework;
aws;In light of the increasing volume and sophistication of cyber threats, the Federal Financial Institutions Examination Council (FFIEC) developed the Cybersecurity Assessment Tool (Assessment), on behalf of its members, to help institutions identify their risks and determine their cybersecurity maturity.;858573892697;ap-northeast-1;2026-09-19 09:30:34.148196;d5-dr-de-b-3;Tools and processes are in place to detect, alert, and trigger the incident response program.;Cyber Incident Management and Resilience (Domain 5);Detection, Response, & Mitigation (DR);;aws;;PASS;Trail vaultcloud-trail is multiregion and it is logging.;arn:aws:cloudtrail:us-east-1:858573892697:trail/vaultcloud-trail;cloudtrail_multi_region_enabled;False;vaultcloud-trail;FFIEC;FFIEC Cybersecurity Assessment Tool framework;
aws;In light of the increasing volume and sophistication of cyber threats, the Federal Financial Institutions Examination Council (FFIEC) developed the Cybersecurity Assessment Tool (Assessment), on behalf of its members, to help institutions identify their risks and determine their cybersecurity maturity.;858573892697;ap-northeast-2;2026-09-19 09:30:34.148196;d2-ma-ma-b-1;Information security threats are gathered and shared with applicable internal employees.;Threat Intelligence and Collaboration (Domain 2);Monitoring and Analyzing (MA);;aws;;PASS;Trail vaultcloud-trail is multiregion and it is logging.;arn:aws:cloudtrail:us-east-1:858573892697:trail/vaultcloud-trail;cloudtrail_multi_region_enabled;False;vaultcloud-trail;FFIEC;FFIEC Cybersecurity Assessment Tool framework;
aws;In light of the increasing volume and sophistication of cyber threats, the Federal Financial Institutions Examination Council (FFIEC) developed the Cybersecurity Assessment Tool (Assessment), on behalf of its members, to help institutions identify their risks and determine their cybersecurity maturity.;858573892697;ap-northeast-2;2026-09-19 09:30:34.148196;d2-ma-ma-b-2;Computer event logs are used for investigations once an event has occurred.;Threat Intelligence and Collaboration (Domain 2);Monitoring and Analyzing (MA);;aws;;PASS;Trail vaultcloud-trail is multiregion and it is logging.;arn:aws:cloudtrail:us-east-1:858573892697:trail/vaultcloud-trail;cloudtrail_multi_region_enabled;False;vaultcloud-trail;FFIEC;FFIEC Cybersecurity Assessment Tool framework;
aws;In light of the increasing volume and sophistication of cyber threats, the Federal Financial Institutions Examination Council (FFIEC) developed the Cybersecurity Assessment Tool (Assessment), on behalf of its members, to help institutions identify their risks and determine their cybersecurity maturity.;858573892697;ap-northeast-2;2026-09-19 09:30:34.148196;d3-dc-an-b-3;Logs of physical and/or logical access are reviewed following events.;Cybersecurity Controls (Domain 3);Detective Controls (DC);;aws;;PASS;Trail vaultcloud-trail is multiregion and it is logging.;arn:aws:cloudtrail:us-east-1:858573892697:trail/vaultcloud-trail;cloudtrail_multi_region_enabled;False;vaultcloud-trail;FFIEC;FFIEC Cybersecurity Assessment Tool framework;
aws;In light of the increasing volume and sophistication of cyber threats, the Federal Financial Institutions Examination Council (FFIEC) developed the Cybersecurity Assessment Tool (Assessment), on behalf of its members, to help institutions identify their risks and determine their cybersecurity maturity.;858573892697;ap-northeast-2;2026-09-19 09:30:34.148196;d3-dc-an-b-4;Access to critical systems by third parties is monitored for unauthorized or unusual activity.;Cybersecurity Controls (Domain 3);Detective Controls (DC);;aws;;PASS;Trail vaultcloud-trail is multiregion and it is logging.;arn:aws:cloudtrail:us-east-1:858573892697:trail/vaultcloud-trail;cloudtrail_multi_region_enabled;False;vaultcloud-trail;FFIEC;FFIEC Cybersecurity Assessment Tool framework;
aws;In light of the increasing volume and sophistication of cyber threats, the Federal Financial Institutions Examination Council (FFIEC) developed the Cybersecurity Assessment Tool (Assessment), on behalf of its members, to help institutions identify their risks and determine their cybersecurity maturity.;858573892697;ap-northeast-2;2026-09-19 09:30:34.148196;d3-dc-an-b-5;Elevated privileges are monitored.;Cybersecurity Controls (Domain 3);Detective Controls (DC);;aws;;PASS;Trail vaultcloud-trail is multiregion and it is logging.;arn:aws:cloudtrail:us-east-1:858573892697:trail/vaultcloud-trail;cloudtrail_multi_region_enabled;False;vaultcloud-trail;FFIEC;FFIEC Cybersecurity Assessment Tool framework;
aws;In light of the increasing volume and sophistication of cyber threats, the Federal Financial Institutions Examination Council (FFIEC) developed the Cybersecurity Assessment Tool (Assessment), on behalf of its members, to help institutions identify their risks and determine their cybersecurity maturity.;858573892697;ap-northeast-2;2026-09-19 09:30:34.148196;d3-dc-ev-b-1;A normal network activity baseline is established.;Cybersecurity Controls (Domain 3);Detective Controls (DC);;aws;;PASS;Trail vaultcloud-trail is multiregion and it is logging.;arn:aws:cloudtrail:us-east-1:858573892697:trail/vaultcloud-trail;cloudtrail_multi_region_enabled;False;vaultcloud-trail;FFIEC;FFIEC Cybersecurity Assessment Tool framework;
aws;In light of the increasing volume and sophistication of cyber threats, the Federal Financial Institutions Examination Council (FFIEC) developed the Cybersecurity Assessment Tool (Assessment), on behalf of its members, to help institutions identify their risks and determine their cybersecurity maturity.;858573892697;ap-northeast-2;2026-09-19 09:30:34.148196;d3-dc-ev-b-3;Processes are in place to monitor for the presence of unauthorized users, devices, connections, and software.;Cybersecurity Controls (Domain 3);Detective Controls (DC);;aws;;PASS;Trail vaultcloud-trail is multiregion and it is logging.;arn:aws:cloudtrail:us-east-1:858573892697:trail/vaultcloud-trail;cloudtrail_multi_region_enabled;False;vaultcloud-trail;FFIEC;FFIEC Cybersecurity Assessment Tool framework;
aws;In light of the increasing volume and sophistication of cyber threats, the Federal Financial Institutions Examination Council (FFIEC) developed the Cybersecurity Assessment Tool (Assessment), on behalf of its members, to help institutions identify their risks and determine their cybersecurity maturity.;858573892697;ap-northeast-2;2026-09-19 09:30:34.148196;d3-pc-im-b-3;All ports are monitored.;Cybersecurity Controls (Domain 3);Preventative Controls (PC);;aws;;PASS;Trail vaultcloud-trail is multiregion and it is logging.;arn:aws:cloudtrail:us-east-1:858573892697:trail/vaultcloud-trail;cloudtrail_multi_region_enabled;False;vaultcloud-trail;FFIEC;FFIEC Cybersecurity Assessment Tool framework;
aws;In light of the increasing volume and sophistication of cyber threats, the Federal Financial Institutions Examination Council (FFIEC) developed the Cybersecurity Assessment Tool (Assessment), on behalf of its members, to help institutions identify their risks and determine their cybersecurity maturity.;858573892697;ap-northeast-2;2026-09-19 09:30:34.148196;d3-pc-im-b-7;Access to make changes to systems configurations (including virtual machines and hypervisors) is controlled and monitored.;Cybersecurity Controls (Domain 3);Preventative Controls (PC);;aws;;PASS;Trail vaultcloud-trail is multiregion and it is logging.;arn:aws:cloudtrail:us-east-1:858573892697:trail/vaultcloud-trail;cloudtrail_multi_region_enabled;False;vaultcloud-trail;FFIEC;FFIEC Cybersecurity Assessment Tool framework;
aws;In light of the increasing volume and sophistication of cyber threats, the Federal Financial Institutions Examination Council (FFIEC) developed the Cybersecurity Assessment Tool (Assessment), on behalf of its members, to help institutions identify their risks and determine their cybersecurity maturity.;858573892697;ap-northeast-2;2026-09-19 09:30:34.148196;d5-dr-de-b-3;Tools and processes are in place to detect, alert, and trigger the incident response program.;Cyber Incident Management and Resilience (Domain 5);Detection, Response, & Mitigation (DR);;aws;;PASS;Trail vaultcloud-trail is multiregion and it is logging.;arn:aws:cloudtrail:us-east-1:858573892697:trail/vaultcloud-trail;cloudtrail_multi_region_enabled;False;vaultcloud-trail;FFIEC;FFIEC Cybersecurity Assessment Tool framework;
aws;In light of the increasing volume and sophistication of cyber threats, the Federal Financial Institutions Examination Council (FFIEC) developed the Cybersecurity Assessment Tool (Assessment), on behalf of its members, to help institutions identify their risks and determine their cybersecurity maturity.;858573892697;ap-northeast-3;2026-09-19 09:30:34.148196;d2-ma-ma-b-1;Information security threats are gathered and shared with applicable internal employees.;Threat Intelligence and Collaboration (Domain 2);Monitoring and Analyzing (MA);;aws;;PASS;Trail vaultcloud-trail is multiregion and it is logging.;arn:aws:cloudtrail:us-east-1:858573892697:trail/vaultcloud-trail;cloudtrail_multi_region_enabled;False;vaultcloud-trail;FFIEC;FFIEC Cybersecurity Assessment Tool framework;
aws;In light of the increasing volume and sophistication of cyber threats, the Federal Financial Institutions Examination Council (FFIEC) developed the Cybersecurity Assessment Tool (Assessment), on behalf of its members, to help institutions identify their risks and determine their cybersecurity maturity.;858573892697;ap-northeast-3;2026-09-19 09:30:34.148196;d2-ma-ma-b-2;Computer event logs are used for investigations once an event has occurred.;Threat Intelligence and Collaboration (Domain 2);Monitoring and Analyzing (MA);;aws;;PASS;Trail vaultcloud-trail is multiregion and it is logging.;arn:aws:cloudtrail:us-east-1:858573892697:trail/vaultcloud-trail;cloudtrail_multi_region_enabled;False;vaultcloud-trail;FFIEC;FFIEC Cybersecurity Assessment Tool framework;
aws;In light of the increasing volume and sophistication of cyber threats, the Federal Financial Institutions Examination Council (FFIEC) developed the Cybersecurity Assessment Tool (Assessment), on behalf of its members, to help institutions identify their risks and determine their cybersecurity maturity.;858573892697;ap-northeast-3;2026-09-19 09:30:34.148196;d3-dc-an-b-3;Logs of physical and/or logical access are reviewed following events.;Cybersecurity Controls (Domain 3);Detective Controls (DC);;aws;;PASS;Trail vaultcloud-trail is multiregion and it is logging.;arn:aws:cloudtrail:us-east-1:858573892697:trail/vaultcloud-trail;cloudtrail_multi_region_enabled;False;vaultcloud-trail;FFIEC;FFIEC Cybersecurity Assessment Tool framework;
aws;In light of the increasing volume and sophistication of cyber threats, the Federal Financial Institutions Examination Council (FFIEC) developed the Cybersecurity Assessment Tool (Assessment), on behalf of its members, to help institutions identify their risks and determine their cybersecurity maturity.;858573892697;ap-northeast-3;2026-09-19 09:30:34.148196;d3-dc-an-b-4;Access to critical systems by third parties is monitored for unauthorized or unusual activity.;Cybersecurity Controls (Domain 3);Detective Controls (DC);;aws;;PASS;Trail vaultcloud-trail is multiregion and it is logging.;arn:aws:cloudtrail:us-east-1:858573892697:trail/vaultcloud-trail;cloudtrail_multi_region_enabled;False;vaultcloud-trail;FFIEC;FFIEC Cybersecurity Assessment Tool framework;
aws;In light of the increasing volume and sophistication of cyber threats, the Federal Financial Institutions Examination Council (FFIEC) developed the Cybersecurity Assessment Tool (Assessment), on behalf of its members, to help institutions identify their risks and determine their cybersecurity maturity.;858573892697;ap-northeast-3;2026-09-19 09:30:34.148196;d3-dc-an-b-5;Elevated privileges are monitored.;Cybersecurity Controls (Domain 3);Detective Controls (DC);;aws;;PASS;Trail vaultcloud-trail is multiregion and it is logging.;arn:aws:cloudtrail:us-east-1:858573892697:trail/vaultcloud-trail;cloudtrail_multi_region_enabled;False;vaultcloud-trail;FFIEC;FFIEC Cybersecurity Assessment Tool framework;
aws;In light of the increasing volume and sophistication of cyber threats, the Federal Financial Institutions Examination Council (FFIEC) developed the Cybersecurity Assessment Tool (Assessment), on behalf of its members, to help institutions identify their risks and determine their cybersecurity maturity.;858573892697;ap-northeast-3;2026-09-19 09:30:34.148196;d3-dc-ev-b-1;A normal network activity baseline is established.;Cybersecurity Controls (Domain 3);Detective Controls (DC);;aws;;PASS;Trail vaultcloud-trail is multiregion and it is logging.;arn:aws:cloudtrail:us-east-1:858573892697:trail/vaultcloud-trail;cloudtrail_multi_region_enabled;False;vaultcloud-trail;FFIEC;FFIEC Cybersecurity Assessment Tool framework;
aws;In light of the increasing volume and sophistication of cyber threats, the Federal Financial Institutions Examination Council (FFIEC) developed the Cybersecurity Assessment Tool (Assessment), on behalf of its members, to help institutions identify their risks and determine their cybersecurity maturity.;858573892697;ap-northeast-3;2026-09-19 09:30:34.148196;d3-dc-ev-b-3;Processes are in place to monitor for the presence of unauthorized users, devices, connections, and software.;Cybersecurity Controls (Domain 3);Detective Controls (DC);;aws;;PASS;Trail vaultcloud-trail is multiregion and it is logging.;arn:aws:cloudtrail:us-east-1:858573892697:trail/vaultcloud-trail;cloudtrail_multi_region_enabled;False;vaultcloud-trail;FFIEC;FFIEC Cybersecurity Assessment Tool framework;
aws;In light of the increasing volume and sophistication of cyber threats, the Federal Financial Institutions Examination Council (FFIEC) developed the Cybersecurity Assessment Tool (Assessment), on behalf of its members, to help institutions identify their risks and determine their cybersecurity maturity.;858573892697;ap-northeast-3;2026-09-19 09:30:34.148196;d3-pc-im-b-3;All ports are monitored.;Cybersecurity Controls (Domain 3);Preventative Controls (PC);;aws;;PASS;Trail vaultcloud-trail is multiregion and it is logging.;arn:aws:cloudtrail:us-east-1:858573892697:trail/vaultcloud-trail;cloudtrail_multi_region_enabled;False;vaultcloud-trail;FFIEC;FFIEC Cybersecurity Assessment Tool framework;
aws;In light of the increasing volume and sophistication of cyber threats, the Federal Financial Institutions Examination Council (FFIEC) developed the Cybersecurity Assessment Tool (Assessment), on behalf of its members, to help institutions identify their risks and determine their cybersecurity maturity.;858573892697;ap-northeast-3;2026-09-19 09:30:34.148196;d3-pc-im-b-7;Access to make changes to systems configurations (including virtual machines and hypervisors) is controlled and monitored.;Cybersecurity Controls (Domain 3);Preventative Controls (PC);;aws;;PASS;Trail vaultcloud-trail is multiregion and it is logging.;arn:aws:cloudtrail:us-east-1:858573892697:trail/vaultcloud-trail;cloudtrail_multi_region_enabled;False;vaultcloud-trail;FFIEC;FFIEC Cybersecurity Assessment Tool framework;
aws;In light of the increasing volume and sophistication of cyber threats, the Federal Financial Institutions Examination Council (FFIEC) developed the Cybersecurity Assessment Tool (Assessment), on behalf of its members, to help institutions identify their risks and determine their cybersecurity maturity.;858573892697;ap-northeast-3;2026-09-19 09:30:34.148196;d5-dr-de-b-3;Tools and processes are in place to detect, alert, and trigger the incident response program.;Cyber Incident Management and Resilience (Domain 5);Detection, Response, & Mitigation (DR);;aws;;PASS;Trail vaultcloud-trail is multiregion and it is logging.;arn:aws:cloudtrail:us-east-1:858573892697:trail/vaultcloud-trail;cloudtrail_multi_region_enabled;False;vaultcloud-trail;FFIEC;FFIEC Cybersecurity Assessment Tool framework;
aws;In light of the increasing volume and sophistication of cyber threats, the Federal Financial Institutions Examination Council (FFIEC) developed the Cybersecurity Assessment Tool (Assessment), on behalf of its members, to help institutions identify their risks and determine their cybersecurity maturity.;858573892697;ap-south-1;2026-09-19 09:30:34.148196;d2-ma-ma-b-1;Information security threats are gathered and shared with applicable internal employees.;Threat Intelligence and Collaboration (Domain 2);Monitoring and Analyzing (MA);;aws;;PASS;Trail vaultcloud-trail is multiregion and it is logging.;arn:aws:cloudtrail:us-east-1:858573892697:trail/vaultcloud-trail;cloudtrail_multi_region_enabled;False;vaultcloud-trail;FFIEC;FFIEC Cybersecurity Assessment Tool framework;
aws;In light of the increasing volume and sophistication of cyber threats, the Federal Financial Institutions Examination Council (FFIEC) developed the Cybersecurity Assessment Tool (Assessment), on behalf of its members, to help institutions identify their risks and determine their cybersecurity maturity.;858573892697;ap-south-1;2026-09-19 09:30:34.148196;d2-ma-ma-b-2;Computer event logs are used for investigations once an event has occurred.;Threat Intelligence and Collaboration (Domain 2);Monitoring and Analyzing (MA);;aws;;PASS;Trail vaultcloud-trail is multiregion and it is logging.;arn:aws:cloudtrail:us-east-1:858573892697:trail/vaultcloud-trail;cloudtrail_multi_region_enabled;False;vaultcloud-trail;FFIEC;FFIEC Cybersecurity Assessment Tool framework;
aws;In light of the increasing volume and sophistication of cyber threats, the Federal Financial Institutions Examination Council (FFIEC) developed the Cybersecurity Assessment Tool (Assessment), on behalf of its members, to help institutions identify their risks and determine their cybersecurity maturity.;858573892697;ap-south-1;2026-09-19 09:30:34.148196;d3-dc-an-b-3;Logs of physical and/or logical access are reviewed following events.;Cybersecurity Controls (Domain 3);Detective Controls (DC);;aws;;PASS;Trail vaultcloud-trail is multiregion and it is logging.;arn:aws:cloudtrail:us-east-1:858573892697:trail/vaultcloud-trail;cloudtrail_multi_region_enabled;False;vaultcloud-trail;FFIEC;FFIEC Cybersecurity Assessment Tool framework;
aws;In light of the increasing volume and sophistication of cyber threats, the Federal Financial Institutions Examination Council (FFIEC) developed the Cybersecurity Assessment Tool (Assessment), on behalf of its members, to help institutions identify their risks and determine their cybersecurity maturity.;858573892697;ap-south-1;2026-09-19 09:30:34.148196;d3-dc-an-b-4;Access to critical systems by third parties is monitored for unauthorized or unusual activity.;Cybersecurity Controls (Domain 3);Detective Controls (DC);;aws;;PASS;Trail vaultcloud-trail is multiregion and it is logging.;arn:aws:cloudtrail:us-east-1:858573892697:trail/vaultcloud-trail;cloudtrail_multi_region_enabled;False;vaultcloud-trail;FFIEC;FFIEC Cybersecurity Assessment Tool framework;
aws;In light of the increasing volume and sophistication of cyber threats, the Federal Financial Institutions Examination Council (FFIEC) developed the Cybersecurity Assessment Tool (Assessment), on behalf of its members, to help institutions identify their risks and determine their cybersecurity maturity.;858573892697;ap-south-1;2026-09-19 09:30:34.148196;d3-dc-an-b-5;Elevated privileges are monitored.;Cybersecurity Controls (Domain 3);Detective Controls (DC);;aws;;PASS;Trail vaultcloud-trail is multiregion and it is logging.;arn:aws:cloudtrail:us-east-1:858573892697:trail/vaultcloud-trail;cloudtrail_multi_region_enabled;False;vaultcloud-trail;FFIEC;FFIEC Cybersecurity Assessment Tool framework;
aws;In light of the increasing volume and sophistication of cyber threats, the Federal Financial Institutions Examination Council (FFIEC) developed the Cybersecurity Assessment Tool (Assessment), on behalf of its members, to help institutions identify their risks and determine their cybersecurity maturity.;858573892697;ap-south-1;2026-09-19 09:30:34.148196;d3-dc-ev-b-1;A normal network activity baseline is established.;Cybersecurity Controls (Domain 3);Detective Controls (DC);;aws;;PASS;Trail vaultcloud-trail is multiregion and it is logging.;arn:aws:cloudtrail:us-east-1:858573892697:trail/vaultcloud-trail;cloudtrail_multi_region_enabled;False;vaultcloud-trail;FFIEC;FFIEC Cybersecurity Assessment Tool framework;
aws;In light of the increasing volume and sophistication of cyber threats, the Federal Financial Institutions Examination Council (FFIEC) developed the Cybersecurity Assessment Tool (Assessment), on behalf of its members, to help institutions identify their risks and determine their cybersecurity maturity.;858573892697;ap-south-1;2026-09-19 09:30:34.148196;d3-dc-ev-b-3;Processes are in place to monitor for the presence of unauthorized users, devices, connections, and software.;Cybersecurity Controls (Domain 3);Detective Controls (DC);;aws;;PASS;Trail vaultcloud-trail is multiregion and it is logging.;arn:aws:cloudtrail:us-east-1:858573892697:trail/vaultcloud-trail;cloudtrail_multi_region_enabled;False;vaultcloud-trail;FFIEC;FFIEC Cybersecurity Assessment Tool framework;
aws;In light of the increasing volume and sophistication of cyber threats, the Federal Financial Institutions Examination Council (FFIEC) developed the Cybersecurity Assessment Tool (Assessment), on behalf of its members, to help institutions identify their risks and determine their cybersecurity maturity.;858573892697;ap-south-1;2026-09-19 09:30:34.148196;d3-pc-im-b-3;All ports are monitored.;Cybersecurity Controls (Domain 3);Preventative Controls (PC);;aws;;PASS;Trail vaultcloud-trail is multiregion and it is logging.;arn:aws:cloudtrail:us-east-1:858573892697:trail/vaultcloud-trail;cloudtrail_multi_region_enabled;False;vaultcloud-trail;FFIEC;FFIEC Cybersecurity Assessment Tool framework;
aws;In light of the increasing volume and sophistication of cyber threats, the Federal Financial Institutions Examination Council (FFIEC) developed the Cybersecurity Assessment Tool (Assessment), on behalf of its members, to help institutions identify their risks and determine their cybersecurity maturity.;858573892697;ap-south-1;2026-09-19 09:30:34.148196;d3-pc-im-b-7;Access to make changes to systems configurations (including virtual machines and hypervisors) is controlled and monitored.;Cybersecurity Controls (Domain 3);Preventative Controls (PC);;aws;;PASS;Trail vaultcloud-trail is multiregion and it is logging.;arn:aws:cloudtrail:us-east-1:858573892697:trail/vaultcloud-trail;cloudtrail_multi_region_enabled;False;vaultcloud-trail;FFIEC;FFIEC Cybersecurity Assessment Tool framework;
aws;In light of the increasing volume and sophistication of cyber threats, the Federal Financial Institutions Examination Council (FFIEC) developed the Cybersecurity Assessment Tool (Assessment), on behalf of its members, to help institutions identify their risks and determine their cybersecurity maturity.;858573892697;ap-south-1;2026-09-19 09:30:34.148196;d5-dr-de-b-3;Tools and processes are in place to detect, alert, and trigger the incident response program.;Cyber Incident Management and Resilience (Domain 5);Detection, Response, & Mitigation (DR);;aws;;PASS;Trail vaultcloud-trail is multiregion and it is logging.;arn:aws:cloudtrail:us-east-1:858573892697:trail/vaultcloud-trail;cloudtrail_multi_region_enabled;False;vaultcloud-trail;FFIEC;FFIEC Cybersecurity Assessment Tool framework;
aws;In light of the increasing volume and sophistication of cyber threats, the Federal Financial Institutions Examination Council (FFIEC) developed the Cybersecurity Assessment Tool (Assessment), on behalf of its members, to help institutions identify their risks and determine their cybersecurity maturity.;858573892697;ap-southeast-1;2026-09-19 09:30:34.148196;d2-ma-ma-b-1;Information security threats are gathered and shared with applicable internal employees.;Threat Intelligence and Collaboration (Domain 2);Monitoring and Analyzing (MA);;aws;;PASS;Trail vaultcloud-trail is multiregion and it is logging.;arn:aws:cloudtrail:us-east-1:858573892697:trail/vaultcloud-trail;cloudtrail_multi_region_enabled;False;vaultcloud-trail;FFIEC;FFIEC Cybersecurity Assessment Tool framework;
aws;In light of the increasing volume and sophistication of cyber threats, the Federal Financial Institutions Examination Council (FFIEC) developed the Cybersecurity Assessment Tool (Assessment), on behalf of its members, to help institutions identify their risks and determine their cybersecurity maturity.;858573892697;ap-southeast-1;2026-09-19 09:30:34.148196;d2-ma-ma-b-2;Computer event logs are used for investigations once an event has occurred.;Threat Intelligence and Collaboration (Domain 2);Monitoring and Analyzing (MA);;aws;;PASS;Trail vaultcloud-trail is multiregion and it is logging.;arn:aws:cloudtrail:us-east-1:858573892697:trail/vaultcloud-trail;cloudtrail_multi_region_enabled;False;vaultcloud-trail;FFIEC;FFIEC Cybersecurity Assessment Tool framework;
aws;In light of the increasing volume and sophistication of cyber threats, the Federal Financial Institutions Examination Council (FFIEC) developed the Cybersecurity Assessment Tool (Assessment), on behalf of its members, to help institutions identify their risks and determine their cybersecurity maturity.;858573892697;ap-southeast-1;2026-09-19 09:30:34.148196;d3-dc-an-b-3;Logs of physical and/or logical access are reviewed following events.;Cybersecurity Controls (Domain 3);Detective Controls (DC);;aws;;PASS;Trail vaultcloud-trail is multiregion and it is logging.;arn:aws:cloudtrail:us-east-1:858573892697:trail/vaultcloud-trail;cloudtrail_multi_region_enabled;False;vaultcloud-trail;FFIEC;FFIEC Cybersecurity Assessment Tool framework;
aws;In light of the increasing volume and sophistication of cyber threats, the Federal Financial Institutions Examination Council (FFIEC) developed the Cybersecurity Assessment Tool (Assessment), on behalf of its members, to help institutions identify their risks and determine their cybersecurity maturity.;858573892697;ap-southeast-1;2026-09-19 09:30:34.148196;d3-dc-an-b-4;Access to critical systems by third parties is monitored for unauthorized or unusual activity.;Cybersecurity Controls (Domain 3);Detective Controls (DC);;aws;;PASS;Trail vaultcloud-trail is multiregion and it is logging.;arn:aws:cloudtrail:us-east-1:858573892697:trail/vaultcloud-trail;cloudtrail_multi_region_enabled;False;vaultcloud-trail;FFIEC;FFIEC Cybersecurity Assessment Tool framework;
aws;In light of the increasing volume and sophistication of cyber threats, the Federal Financial Institutions Examination Council (FFIEC) developed the Cybersecurity Assessment Tool (Assessment), on behalf of its members, to help institutions identify their risks and determine their cybersecurity maturity.;858573892697;ap-southeast-1;2026-09-19 09:30:34.148196;d3-dc-an-b-5;Elevated privileges are monitored.;Cybersecurity Controls (Domain 3);Detective Controls (DC);;aws;;PASS;Trail vaultcloud-trail is multiregion and it is logging.;arn:aws:cloudtrail:us-east-1:858573892697:trail/vaultcloud-trail;cloudtrail_multi_region_enabled;False;vaultcloud-trail;FFIEC;FFIEC Cybersecurity Assessment Tool framework;
aws;In light of the increasing volume and sophistication of cyber threats, the Federal Financial Institutions Examination Council (FFIEC) developed the Cybersecurity Assessment Tool (Assessment), on behalf of its members, to help institutions identify their risks and determine their cybersecurity maturity.;858573892697;ap-southeast-1;2026-09-19 09:30:34.148196;d3-dc-ev-b-1;A normal network activity baseline is established.;Cybersecurity Controls (Domain 3);Detective Controls (DC);;aws;;PASS;Trail vaultcloud-trail is multiregion and it is logging.;arn:aws:cloudtrail:us-east-1:858573892697:trail/vaultcloud-trail;cloudtrail_multi_region_enabled;False;vaultcloud-trail;FFIEC;FFIEC Cybersecurity Assessment Tool framework;
aws;In light of the increasing volume and sophistication of cyber threats, the Federal Financial Institutions Examination Council (FFIEC) developed the Cybersecurity Assessment Tool (Assessment), on behalf of its members, to help institutions identify their risks and determine their cybersecurity maturity.;858573892697;ap-southeast-1;2026-09-19 09:30:34.148196;d3-dc-ev-b-3;Processes are in place to monitor for the presence of unauthorized users, devices, connections, and software.;Cybersecurity Controls (Domain 3);Detective Controls (DC);;aws;;PASS;Trail vaultcloud-trail is multiregion and it is logging.;arn:aws:cloudtrail:us-east-1:858573892697:trail/vaultcloud-trail;cloudtrail_multi_region_enabled;False;vaultcloud-trail;FFIEC;FFIEC Cybersecurity Assessment Tool framework;
aws;In light of the increasing volume and sophistication of cyber threats, the Federal Financial Institutions Examination Council (FFIEC) developed the Cybersecurity Assessment Tool (Assessment), on behalf of its members, to help institutions identify their risks and determine their cybersecurity maturity.;858573892697;ap-southeast-1;2026-09-19 09:30:34.148196;d3-pc-im-b-3;All ports are monitored.;Cybersecurity Controls (Domain 3);Preventative Controls (PC);;aws;;PASS;Trail vaultcloud-trail is multiregion and it is logging.;arn:aws:cloudtrail:us-east-1:858573892697:trail/vaultcloud-trail;cloudtrail_multi_region_enabled;False;vaultcloud-trail;FFIEC;FFIEC Cybersecurity Assessment Tool framework;
aws;In light of the increasing volume and sophistication of cyber threats, the Federal Financial Institutions Examination Council (FFIEC) developed the Cybersecurity Assessment Tool (Assessment), on behalf of its members, to help institutions identify their risks and determine their cybersecurity maturity.;858573892697;ap-southeast-1;2026-09-19 09:30:34.148196;d3-pc-im-b-7;Access to make changes to systems configurations (including virtual machines and hypervisors) is controlled and monitored.;Cybersecurity Controls (Domain 3);Preventative Controls (PC);;aws;;PASS;Trail vaultcloud-trail is multiregion and it is logging.;arn:aws:cloudtrail:us-east-1:858573892697:trail/vaultcloud-trail;cloudtrail_multi_region_enabled;False;vaultcloud-trail;FFIEC;FFIEC Cybersecurity Assessment Tool framework;
aws;In light of the increasing volume and sophistication of cyber threats, the Federal Financial Institutions Examination Council (FFIEC) developed the Cybersecurity Assessment Tool (Assessment), on behalf of its members, to help institutions identify their risks and determine their cybersecurity maturity.;858573892697;ap-southeast-1;2026-09-19 09:30:34.148196;d5-dr-de-b-3;Tools and processes are in place to detect, alert, and trigger the incident response program.;Cyber Incident Management and Resilience (Domain 5);Detection, Response, & Mitigation (DR);;aws;;PASS;Trail vaultcloud-trail is multiregion and it is logging.;arn:aws:cloudtrail:us-east-1:858573892697:trail/vaultcloud-trail;cloudtrail_multi_region_enabled;False;vaultcloud-trail;FFIEC;FFIEC Cybersecurity Assessment Tool framework;
aws;In light of the increasing volume and sophistication of cyber threats, the Federal Financial Institutions Examination Council (FFIEC) developed the Cybersecurity Assessment Tool (Assessment), on behalf of its members, to help institutions identify their risks and determine their cybersecurity maturity.;858573892697;ap-southeast-2;2026-09-19 09:30:34.148196;d2-ma-ma-b-1;Information security threats are gathered and shared with applicable internal employees.;Threat Intelligence and Collaboration (Domain 2);Monitoring and Analyzing (MA);;aws;;PASS;Trail vaultcloud-trail is multiregion and it is logging.;arn:aws:cloudtrail:us-east-1:858573892697:trail/vaultcloud-trail;cloudtrail_multi_region_enabled;False;vaultcloud-trail;FFIEC;FFIEC Cybersecurity Assessment Tool framework;
aws;In light of the increasing volume and sophistication of cyber threats, the Federal Financial Institutions Examination Council (FFIEC) developed the Cybersecurity Assessment Tool (Assessment), on behalf of its members, to help institutions identify their risks and determine their cybersecurity maturity.;858573892697;ap-southeast-2;2026-09-19 09:30:34.148196;d2-ma-ma-b-2;Computer event logs are used for investigations once an event has occurred.;Threat Intelligence and Collaboration (Domain 2);Monitoring and Analyzing (MA);;aws;;PASS;Trail vaultcloud-trail is multiregion and it is logging.;arn:aws:cloudtrail:us-east-1:858573892697:trail/vaultcloud-trail;cloudtrail_multi_region_enabled;False;vaultcloud-trail;FFIEC;FFIEC Cybersecurity Assessment Tool framework;
aws;In light of the increasing volume and sophistication of cyber threats, the Federal Financial Institutions Examination Council (FFIEC) developed the Cybersecurity Assessment Tool (Assessment), on behalf of its members, to help institutions identify their risks and determine their cybersecurity maturity.;858573892697;ap-southeast-2;2026-09-19 09:30:34.148196;d3-dc-an-b-3;Logs of physical and/or logical access are reviewed following events.;Cybersecurity Controls (Domain 3);Detective Controls (DC);;aws;;PASS;Trail vaultcloud-trail is multiregion and it is logging.;arn:aws:cloudtrail:us-east-1:858573892697:trail/vaultcloud-trail;cloudtrail_multi_region_enabled;False;vaultcloud-trail;FFIEC;FFIEC Cybersecurity Assessment Tool framework;
aws;In light of the increasing volume and sophistication of cyber threats, the Federal Financial Institutions Examination Council (FFIEC) developed the Cybersecurity Assessment Tool (Assessment), on behalf of its members, to help institutions identify their risks and determine their cybersecurity maturity.;858573892697;ap-southeast-2;2026-09-19 09:30:34.148196;d3-dc-an-b-4;Access to critical systems by third parties is monitored for unauthorized or unusual activity.;Cybersecurity Controls (Domain 3);Detective Controls (DC);;aws;;PASS;Trail vaultcloud-trail is multiregion and it is logging.;arn:aws:cloudtrail:us-east-1:858573892697:trail/vaultcloud-trail;cloudtrail_multi_region_enabled;False;vaultcloud-trail;FFIEC;FFIEC Cybersecurity Assessment Tool framework;
aws;In light of the increasing volume and sophistication of cyber threats, the Federal Financial Institutions Examination Council (FFIEC) developed the Cybersecurity Assessment Tool (Assessment), on behalf of its members, to help institutions identify their risks and determine their cybersecurity maturity.;858573892697;ap-southeast-2;2026-09-19 09:30:34.148196;d3-dc-an-b-5;Elevated privileges are monitored.;Cybersecurity Controls (Domain 3);Detective Controls (DC);;aws;;PASS;Trail vaultcloud-trail is multiregion and it is logging.;arn:aws:cloudtrail:us-east-1:858573892697:trail/vaultcloud-trail;cloudtrail_multi_region_enabled;False;vaultcloud-trail;FFIEC;FFIEC Cybersecurity Assessment Tool framework;
aws;In light of the increasing volume and sophistication of cyber threats, the Federal Financial Institutions Examination Council (FFIEC) developed the Cybersecurity Assessment Tool (Assessment), on behalf of its members, to help institutions identify their risks and determine their cybersecurity maturity.;858573892697;ap-southeast-2;2026-09-19 09:30:34.148196;d3-dc-ev-b-1;A normal network activity baseline is established.;Cybersecurity Controls (Domain 3);Detective Controls (DC);;aws;;PASS;Trail vaultcloud-trail is multiregion and it is logging.;arn:aws:cloudtrail:us-east-1:858573892697:trail/vaultcloud-trail;cloudtrail_multi_region_enabled;False;vaultcloud-trail;FFIEC;FFIEC Cybersecurity Assessment Tool framework;
aws;In light of the increasing volume and sophistication of cyber threats, the Federal Financial Institutions Examination Council (FFIEC) developed the Cybersecurity Assessment Tool (Assessment), on behalf of its members, to help institutions identify their risks and determine their cybersecurity maturity.;858573892697;ap-southeast-2;2026-09-19 09:30:34.148196;d3-dc-ev-b-3;Processes are in place to monitor for the presence of unauthorized users, devices, connections, and software.;Cybersecurity Controls (Domain 3);Detective Controls (DC);;aws;;PASS;Trail vaultcloud-trail is multiregion and it is logging.;arn:aws:cloudtrail:us-east-1:858573892697:trail/vaultcloud-trail;cloudtrail_multi_region_enabled;False;vaultcloud-trail;FFIEC;FFIEC Cybersecurity Assessment Tool framework;
aws;In light of the increasing volume and sophistication of cyber threats, the Federal Financial Institutions Examination Council (FFIEC) developed the Cybersecurity Assessment Tool (Assessment), on behalf of its members, to help institutions identify their risks and determine their cybersecurity maturity.;858573892697;ap-southeast-2;2026-09-19 09:30:34.148196;d3-pc-im-b-3;All ports are monitored.;Cybersecurity Controls (Domain 3);Preventative Controls (PC);;aws;;PASS;Trail vaultcloud-trail is multiregion and it is logging.;arn:aws:cloudtrail:us-east-1:858573892697:trail/vaultcloud-trail;cloudtrail_multi_region_enabled;False;vaultcloud-trail;FFIEC;FFIEC Cybersecurity Assessment Tool framework;
aws;In light of the increasing volume and sophistication of cyber threats, the Federal Financial Institutions Examination Council (FFIEC) developed the Cybersecurity Assessment Tool (Assessment), on behalf of its members, to help institutions identify their risks and determine their cybersecurity maturity.;858573892697;ap-southeast-2;2026-09-19 09:30:34.148196;d3-pc-im-b-7;Access to make changes to systems configurations (including virtual machines and hypervisors) is controlled and monitored.;Cybersecurity Controls (Domain 3);Preventative Controls (PC);;aws;;PASS;Trail vaultcloud-trail is multiregion and it is logging.;arn:aws:cloudtrail:us-east-1:858573892697:trail/vaultcloud-trail;cloudtrail_multi_region_enabled;False;vaultcloud-trail;FFIEC;FFIEC Cybersecurity Assessment Tool framework;
aws;In light of the increasing volume and sophistication of cyber threats, the Federal Financial Institutions Examination Council (FFIEC) developed the Cybersecurity Assessment Tool (Assessment), on behalf of its members, to help institutions identify their risks and determine their cybersecurity maturity.;858573892697;ap-southeast-2;2026-09-19 09:30:34.148196;d5-dr-de-b-3;Tools and processes are in place to detect, alert, and trigger the incident response program.;Cyber Incident Management and Resilience (Domain 5);Detection, Response, & Mitigation (DR);;aws;;PASS;Trail vaultcloud-trail is multiregion and it is logging.;arn:aws:cloudtrail:us-east-1:858573892697:trail/vaultcloud-trail;cloudtrail_multi_region_enabled;False;vaultcloud-trail;FFIEC;FFIEC Cybersecurity Assessment Tool framework;
aws;In light of the increasing volume and sophistication of cyber threats, the Federal Financial Institutions Examination Council (FFIEC) developed the Cybersecurity Assessment Tool (Assessment), on behalf of its members, to help institutions identify their risks and determine their cybersecurity maturity.;858573892697;ca-central-1;2026-09-19 09:30:34.148196;d2-ma-ma-b-1;Information security threats are gathered and shared with applicable internal employees.;Threat Intelligence and Collaboration (Domain 2);Monitoring and Analyzing (MA);;aws;;PASS;Trail vaultcloud-trail is multiregion and it is logging.;arn:aws:cloudtrail:us-east-1:858573892697:trail/vaultcloud-trail;cloudtrail_multi_region_enabled;False;vaultcloud-trail;FFIEC;FFIEC Cybersecurity Assessment Tool framework;
aws;In light of the increasing volume and sophistication of cyber threats, the Federal Financial Institutions Examination Council (FFIEC) developed the Cybersecurity Assessment Tool (Assessment), on behalf of its members, to help institutions identify their risks and determine their cybersecurity maturity.;858573892697;ca-central-1;2026-09-19 09:30:34.148196;d2-ma-ma-b-2;Computer event logs are used for investigations once an event has occurred.;Threat Intelligence and Collaboration (Domain 2);Monitoring and Analyzing (MA);;aws;;PASS;Trail vaultcloud-trail is multiregion and it is logging.;arn:aws:cloudtrail:us-east-1:858573892697:trail/vaultcloud-trail;cloudtrail_multi_region_enabled;False;vaultcloud-trail;FFIEC;FFIEC Cybersecurity Assessment Tool framework;
aws;In light of the increasing volume and sophistication of cyber threats, the Federal Financial Institutions Examination Council (FFIEC) developed the Cybersecurity Assessment Tool (Assessment), on behalf of its members, to help institutions identify their risks and determine their cybersecurity maturity.;858573892697;ca-central-1;2026-09-19 09:30:34.148196;d3-dc-an-b-3;Logs of physical and/or logical access are reviewed following events.;Cybersecurity Controls (Domain 3);Detective Controls (DC);;aws;;PASS;Trail vaultcloud-trail is multiregion and it is logging.;arn:aws:cloudtrail:us-east-1:858573892697:trail/vaultcloud-trail;cloudtrail_multi_region_enabled;False;vaultcloud-trail;FFIEC;FFIEC Cybersecurity Assessment Tool framework;
aws;In light of the increasing volume and sophistication of cyber threats, the Federal Financial Institutions Examination Council (FFIEC) developed the Cybersecurity Assessment Tool (Assessment), on behalf of its members, to help institutions identify their risks and determine their cybersecurity maturity.;858573892697;ca-central-1;2026-09-19 09:30:34.148196;d3-dc-an-b-4;Access to critical systems by third parties is monitored for unauthorized or unusual activity.;Cybersecurity Controls (Domain 3);Detective Controls (DC);;aws;;PASS;Trail vaultcloud-trail is multiregion and it is logging.;arn:aws:cloudtrail:us-east-1:858573892697:trail/vaultcloud-trail;cloudtrail_multi_region_enabled;False;vaultcloud-trail;FFIEC;FFIEC Cybersecurity Assessment Tool framework;
aws;In light of the increasing volume and sophistication of cyber threats, the Federal Financial Institutions Examination Council (FFIEC) developed the Cybersecurity Assessment Tool (Assessment), on behalf of its members, to help institutions identify their risks and determine their cybersecurity maturity.;858573892697;ca-central-1;2026-09-19 09:30:34.148196;d3-dc-an-b-5;Elevated privileges are monitored.;Cybersecurity Controls (Domain 3);Detective Controls (DC);;aws;;PASS;Trail vaultcloud-trail is multiregion and it is logging.;arn:aws:cloudtrail:us-east-1:858573892697:trail/vaultcloud-trail;cloudtrail_multi_region_enabled;False;vaultcloud-trail;FFIEC;FFIEC Cybersecurity Assessment Tool framework;
aws;In light of the increasing volume and sophistication of cyber threats, the Federal Financial Institutions Examination Council (FFIEC) developed the Cybersecurity Assessment Tool (Assessment), on behalf of its members, to help institutions identify their risks and determine their cybersecurity maturity.;858573892697;ca-central-1;2026-09-19 09:30:34.148196;d3-dc-ev-b-1;A normal network activity baseline is established.;Cybersecurity Controls (Domain 3);Detective Controls (DC);;aws;;PASS;Trail vaultcloud-trail is multiregion and it is logging.;arn:aws:cloudtrail:us-east-1:858573892697:trail/vaultcloud-trail;cloudtrail_multi_region_enabled;False;vaultcloud-trail;FFIEC;FFIEC Cybersecurity Assessment Tool framework;
aws;In light of the increasing volume and sophistication of cyber threats, the Federal Financial Institutions Examination Council (FFIEC) developed the Cybersecurity Assessment Tool (Assessment), on behalf of its members, to help institutions identify their risks and determine their cybersecurity maturity.;858573892697;ca-central-1;2026-09-19 09:30:34.148196;d3-dc-ev-b-3;Processes are in place to monitor for the presence of unauthorized users, devices, connections, and software.;Cybersecurity Controls (Domain 3);Detective Controls (DC);;aws;;PASS;Trail vaultcloud-trail is multiregion and it is logging.;arn:aws:cloudtrail:us-east-1:858573892697:trail/vaultcloud-trail;cloudtrail_multi_region_enabled;False;vaultcloud-trail;FFIEC;FFIEC Cybersecurity Assessment Tool framework;
aws;In light of the increasing volume and sophistication of cyber threats, the Federal Financial Institutions Examination Council (FFIEC) developed the Cybersecurity Assessment Tool (Assessment), on behalf of its members, to help institutions identify their risks and determine their cybersecurity maturity.;858573892697;ca-central-1;2026-09-19 09:30:34.148196;d3-pc-im-b-3;All ports are monitored.;Cybersecurity Controls (Domain 3);Preventative Controls (PC);;aws;;PASS;Trail vaultcloud-trail is multiregion and it is logging.;arn:aws:cloudtrail:us-east-1:858573892697:trail/vaultcloud-trail;cloudtrail_multi_region_enabled;False;vaultcloud-trail;FFIEC;FFIEC Cybersecurity Assessment Tool framework;
aws;In light of the increasing volume and sophistication of cyber threats, the Federal Financial Institutions Examination Council (FFIEC) developed the Cybersecurity Assessment Tool (Assessment), on behalf of its members, to help institutions identify their risks and determine their cybersecurity maturity.;858573892697;ca-central-1;2026-09-19 09:30:34.148196;d3-pc-im-b-7;Access to make changes to systems configurations (including virtual machines and hypervisors) is controlled and monitored.;Cybersecurity Controls (Domain 3);Preventative Controls (PC);;aws;;PASS;Trail vaultcloud-trail is multiregion and it is logging.;arn:aws:cloudtrail:us-east-1:858573892697:trail/vaultcloud-trail;cloudtrail_multi_region_enabled;False;vaultcloud-trail;FFIEC;FFIEC Cybersecurity Assessment Tool framework;
aws;In light of the increasing volume and sophistication of cyber threats, the Federal Financial Institutions Examination Council (FFIEC) developed the Cybersecurity Assessment Tool (Assessment), on behalf of its members, to help institutions identify their risks and determine their cybersecurity maturity.;858573892697;ca-central-1;2026-09-19 09:30:34.148196;d5-dr-de-b-3;Tools and processes are in place to detect, alert, and trigger the incident response program.;Cyber Incident Management and Resilience (Domain 5);Detection, Response, & Mitigation (DR);;aws;;PASS;Trail vaultcloud-trail is multiregion and it is logging.;arn:aws:cloudtrail:us-east-1:858573892697:trail/vaultcloud-trail;cloudtrail_multi_region_enabled;False;vaultcloud-trail;FFIEC;FFIEC Cybersecurity Assessment Tool framework;
aws;In light of the increasing volume and sophistication of cyber threats, the Federal Financial Institutions Examination Council (FFIEC) developed the Cybersecurity Assessment Tool (Assessment), on behalf of its members, to help institutions identify their risks and determine their cybersecurity maturity.;858573892697;eu-central-1;2026-09-19 09:30:34.148196;d2-ma-ma-b-1;Information security threats are gathered and shared with applicable internal employees.;Threat Intelligence and Collaboration (Domain 2);Monitoring and Analyzing (MA);;aws;;PASS;Trail vaultcloud-trail is multiregion and it is logging.;arn:aws:cloudtrail:us-east-1:858573892697:trail/vaultcloud-trail;cloudtrail_multi_region_enabled;False;vaultcloud-trail;FFIEC;FFIEC Cybersecurity Assessment Tool framework;
aws;In light of the increasing volume and sophistication of cyber threats, the Federal Financial Institutions Examination Council (FFIEC) developed the Cybersecurity Assessment Tool (Assessment), on behalf of its members, to help institutions identify their risks and determine their cybersecurity maturity.;858573892697;eu-central-1;2026-09-19 09:30:34.148196;d2-ma-ma-b-2;Computer event logs are used for investigations once an event has occurred.;Threat Intelligence and Collaboration (Domain 2);Monitoring and Analyzing (MA);;aws;;PASS;Trail vaultcloud-trail is multiregion and it is logging.;arn:aws:cloudtrail:us-east-1:858573892697:trail/vaultcloud-trail;cloudtrail_multi_region_enabled;False;vaultcloud-trail;FFIEC;FFIEC Cybersecurity Assessment Tool framework;
aws;In light of the increasing volume and sophistication of cyber threats, the Federal Financial Institutions Examination Council (FFIEC) developed the Cybersecurity Assessment Tool (Assessment), on behalf of its members, to help institutions identify their risks and determine their cybersecurity maturity.;858573892697;eu-central-1;2026-09-19 09:30:34.148196;d3-dc-an-b-3;Logs of physical and/or logical access are reviewed following events.;Cybersecurity Controls (Domain 3);Detective Controls (DC);;aws;;PASS;Trail vaultcloud-trail is multiregion and it is logging.;arn:aws:cloudtrail:us-east-1:858573892697:trail/vaultcloud-trail;cloudtrail_multi_region_enabled;False;vaultcloud-trail;FFIEC;FFIEC Cybersecurity Assessment Tool framework;
aws;In light of the increasing volume and sophistication of cyber threats, the Federal Financial Institutions Examination Council (FFIEC) developed the Cybersecurity Assessment Tool (Assessment), on behalf of its members, to help institutions identify their risks and determine their cybersecurity maturity.;858573892697;eu-central-1;2026-09-19 09:30:34.148196;d3-dc-an-b-4;Access to critical systems by third parties is monitored for unauthorized or unusual activity.;Cybersecurity Controls (Domain 3);Detective Controls (DC);;aws;;PASS;Trail vaultcloud-trail is multiregion and it is logging.;arn:aws:cloudtrail:us-east-1:858573892697:trail/vaultcloud-trail;cloudtrail_multi_region_enabled;False;vaultcloud-trail;FFIEC;FFIEC Cybersecurity Assessment Tool framework;
aws;In light of the increasing volume and sophistication of cyber threats, the Federal Financial Institutions Examination Council (FFIEC) developed the Cybersecurity Assessment Tool (Assessment), on behalf of its members, to help institutions identify their risks and determine their cybersecurity maturity.;858573892697;eu-central-1;2026-09-19 09:30:34.148196;d3-dc-an-b-5;Elevated privileges are monitored.;Cybersecurity Controls (Domain 3);Detective Controls (DC);;aws;;PASS;Trail vaultcloud-trail is multiregion and it is logging.;arn:aws:cloudtrail:us-east-1:858573892697:trail/vaultcloud-trail;cloudtrail_multi_region_enabled;False;vaultcloud-trail;FFIEC;FFIEC Cybersecurity Assessment Tool framework;
aws;In light of the increasing volume and sophistication of cyber threats, the Federal Financial Institutions Examination Council (FFIEC) developed the Cybersecurity Assessment Tool (Assessment), on behalf of its members, to help institutions identify their risks and determine their cybersecurity maturity.;858573892697;eu-central-1;2026-09-19 09:30:34.148196;d3-dc-ev-b-1;A normal network activity baseline is established.;Cybersecurity Controls (Domain 3);Detective Controls (DC);;aws;;PASS;Trail vaultcloud-trail is multiregion and it is logging.;arn:aws:cloudtrail:us-east-1:858573892697:trail/vaultcloud-trail;cloudtrail_multi_region_enabled;False;vaultcloud-trail;FFIEC;FFIEC Cybersecurity Assessment Tool framework;
aws;In light of the increasing volume and sophistication of cyber threats, the Federal Financial Institutions Examination Council (FFIEC) developed the Cybersecurity Assessment Tool (Assessment), on behalf of its members, to help institutions identify their risks and determine their cybersecurity maturity.;858573892697;eu-central-1;2026-09-19 09:30:34.148196;d3-dc-ev-b-3;Processes are in place to monitor for the presence of unauthorized users, devices, connections, and software.;Cybersecurity Controls (Domain 3);Detective Controls (DC);;aws;;PASS;Trail vaultcloud-trail is multiregion and it is logging.;arn:aws:cloudtrail:us-east-1:858573892697:trail/vaultcloud-trail;cloudtrail_multi_region_enabled;False;vaultcloud-trail;FFIEC;FFIEC Cybersecurity Assessment Tool framework;
aws;In light of the increasing volume and sophistication of cyber threats, the Federal Financial Institutions Examination Council (FFIEC) developed the Cybersecurity Assessment Tool (Assessment), on behalf of its members, to help institutions identify their risks and determine their cybersecurity maturity.;858573892697;eu-central-1;2026-09-19 09:30:34.148196;d3-pc-im-b-3;All ports are monitored.;Cybersecurity Controls (Domain 3);Preventative Controls (PC);;aws;;PASS;Trail vaultcloud-trail is multiregion and it is logging.;arn:aws:cloudtrail:us-east-1:858573892697:trail/vaultcloud-trail;cloudtrail_multi_region_enabled;False;vaultcloud-trail;FFIEC;FFIEC Cybersecurity Assessment Tool framework;
aws;In light of the increasing volume and sophistication of cyber threats, the Federal Financial Institutions Examination Council (FFIEC) developed the Cybersecurity Assessment Tool (Assessment), on behalf of its members, to help institutions identify their risks and determine their cybersecurity maturity.;858573892697;eu-central-1;2026-09-19 09:30:34.148196;d3-pc-im-b-7;Access to make changes to systems configurations (including virtual machines and hypervisors) is controlled and monitored.;Cybersecurity Controls (Domain 3);Preventative Controls (PC);;aws;;PASS;Trail vaultcloud-trail is multiregion and it is logging.;arn:aws:cloudtrail:us-east-1:858573892697:trail/vaultcloud-trail;cloudtrail_multi_region_enabled;False;vaultcloud-trail;FFIEC;FFIEC Cybersecurity Assessment Tool framework;
aws;In light of the increasing volume and sophistication of cyber threats, the Federal Financial Institutions Examination Council (FFIEC) developed the Cybersecurity Assessment Tool (Assessment), on behalf of its members, to help institutions identify their risks and determine their cybersecurity maturity.;858573892697;eu-central-1;2026-09-19 09:30:34.148196;d5-dr-de-b-3;Tools and processes are in place to detect, alert, and trigger the incident response program.;Cyber Incident Management and Resilience (Domain 5);Detection, Response, & Mitigation (DR);;aws;;PASS;Trail vaultcloud-trail is multiregion and it is logging.;arn:aws:cloudtrail:us-east-1:858573892697:trail/vaultcloud-trail;cloudtrail_multi_region_enabled;False;vaultcloud-trail;FFIEC;FFIEC Cybersecurity Assessment Tool framework;
aws;In light of the increasing volume and sophistication of cyber threats, the Federal Financial Institutions Examination Council (FFIEC) developed the Cybersecurity Assessment Tool (Assessment), on behalf of its members, to help institutions identify their risks and determine their cybersecurity maturity.;858573892697;eu-north-1;2026-09-19 09:30:34.148196;d2-ma-ma-b-1;Information security threats are gathered and shared with applicable internal employees.;Threat Intelligence and Collaboration (Domain 2);Monitoring and Analyzing (MA);;aws;;PASS;Trail vaultcloud-trail is multiregion and it is logging.;arn:aws:cloudtrail:us-east-1:858573892697:trail/vaultcloud-trail;cloudtrail_multi_region_enabled;False;vaultcloud-trail;FFIEC;FFIEC Cybersecurity Assessment Tool framework;
aws;In light of the increasing volume and sophistication of cyber threats, the Federal Financial Institutions Examination Council (FFIEC) developed the Cybersecurity Assessment Tool (Assessment), on behalf of its members, to help institutions identify their risks and determine their cybersecurity maturity.;858573892697;eu-north-1;2026-09-19 09:30:34.148196;d2-ma-ma-b-2;Computer event logs are used for investigations once an event has occurred.;Threat Intelligence and Collaboration (Domain 2);Monitoring and Analyzing (MA);;aws;;PASS;Trail vaultcloud-trail is multiregion and it is logging.;arn:aws:cloudtrail:us-east-1:858573892697:trail/vaultcloud-trail;cloudtrail_multi_region_enabled;False;vaultcloud-trail;FFIEC;FFIEC Cybersecurity Assessment Tool framework;
aws;In light of the increasing volume and sophistication of cyber threats, the Federal Financial Institutions Examination Council (FFIEC) developed the Cybersecurity Assessment Tool (Assessment), on behalf of its members, to help institutions identify their risks and determine their cybersecurity maturity.;858573892697;eu-north-1;2026-09-19 09:30:34.148196;d3-dc-an-b-3;Logs of physical and/or logical access are reviewed following events.;Cybersecurity Controls (Domain 3);Detective Controls (DC);;aws;;PASS;Trail vaultcloud-trail is multiregion and it is logging.;arn:aws:cloudtrail:us-east-1:858573892697:trail/vaultcloud-trail;cloudtrail_multi_region_enabled;False;vaultcloud-trail;FFIEC;FFIEC Cybersecurity Assessment Tool framework;
aws;In light of the increasing volume and sophistication of cyber threats, the Federal Financial Institutions Examination Council (FFIEC) developed the Cybersecurity Assessment Tool (Assessment), on behalf of its members, to help institutions identify their risks and determine their cybersecurity maturity.;858573892697;eu-north-1;2026-09-19 09:30:34.148196;d3-dc-an-b-4;Access to critical systems by third parties is monitored for unauthorized or unusual activity.;Cybersecurity Controls (Domain 3);Detective Controls (DC);;aws;;PASS;Trail vaultcloud-trail is multiregion and it is logging.;arn:aws:cloudtrail:us-east-1:858573892697:trail/vaultcloud-trail;cloudtrail_multi_region_enabled;False;vaultcloud-trail;FFIEC;FFIEC Cybersecurity Assessment Tool framework;
aws;In light of the increasing volume and sophistication of cyber threats, the Federal Financial Institutions Examination Council (FFIEC) developed the Cybersecurity Assessment Tool (Assessment), on behalf of its members, to help institutions identify their risks and determine their cybersecurity maturity.;858573892697;eu-north-1;2026-09-19 09:30:34.148196;d3-dc-an-b-5;Elevated privileges are monitored.;Cybersecurity Controls (Domain 3);Detective Controls (DC);;aws;;PASS;Trail vaultcloud-trail is multiregion and it is logging.;arn:aws:cloudtrail:us-east-1:858573892697:trail/vaultcloud-trail;cloudtrail_multi_region_enabled;False;vaultcloud-trail;FFIEC;FFIEC Cybersecurity Assessment Tool framework;
aws;In light of the increasing volume and sophistication of cyber threats, the Federal Financial Institutions Examination Council (FFIEC) developed the Cybersecurity Assessment Tool (Assessment), on behalf of its members, to help institutions identify their risks and determine their cybersecurity maturity.;858573892697;eu-north-1;2026-09-19 09:30:34.148196;d3-dc-ev-b-1;A normal network activity baseline is established.;Cybersecurity Controls (Domain 3);Detective Controls (DC);;aws;;PASS;Trail vaultcloud-trail is multiregion and it is logging.;arn:aws:cloudtrail:us-east-1:858573892697:trail/vaultcloud-trail;cloudtrail_multi_region_enabled;False;vaultcloud-trail;FFIEC;FFIEC Cybersecurity Assessment Tool framework;
aws;In light of the increasing volume and sophistication of cyber threats, the Federal Financial Institutions Examination Council (FFIEC) developed the Cybersecurity Assessment Tool (Assessment), on behalf of its members, to help institutions identify their risks and determine their cybersecurity maturity.;858573892697;eu-north-1;2026-09-19 09:30:34.148196;d3-dc-ev-b-3;Processes are in place to monitor for the presence of unauthorized users, devices, connections, and software.;Cybersecurity Controls (Domain 3);Detective Controls (DC);;aws;;PASS;Trail vaultcloud-trail is multiregion and it is logging.;arn:aws:cloudtrail:us-east-1:858573892697:trail/vaultcloud-trail;cloudtrail_multi_region_enabled;False;vaultcloud-trail;FFIEC;FFIEC Cybersecurity Assessment Tool framework;
aws;In light of the increasing volume and sophistication of cyber threats, the Federal Financial Institutions Examination Council (FFIEC) developed the Cybersecurity Assessment Tool (Assessment), on behalf of its members, to help institutions identify their risks and determine their cybersecurity maturity.;858573892697;eu-north-1;2026-09-19 09:30:34.148196;d3-pc-im-b-3;All ports are monitored.;Cybersecurity Controls (Domain 3);Preventative Controls (PC);;aws;;PASS;Trail vaultcloud-trail is multiregion and it is logging.;arn:aws:cloudtrail:us-east-1:858573892697:trail/vaultcloud-trail;cloudtrail_multi_region_enabled;False;vaultcloud-trail;FFIEC;FFIEC Cybersecurity Assessment Tool framework;
aws;In light of the increasing volume and sophistication of cyber threats, the Federal Financial Institutions Examination Council (FFIEC) developed the Cybersecurity Assessment Tool (Assessment), on behalf of its members, to help institutions identify their risks and determine their cybersecurity maturity.;858573892697;eu-north-1;2026-09-19 09:30:34.148196;d3-pc-im-b-7;Access to make changes to systems configurations (including virtual machines and hypervisors) is controlled and monitored.;Cybersecurity Controls (Domain 3);Preventative Controls (PC);;aws;;PASS;Trail vaultcloud-trail is multiregion and it is logging.;arn:aws:cloudtrail:us-east-1:858573892697:trail/vaultcloud-trail;cloudtrail_multi_region_enabled;False;vaultcloud-trail;FFIEC;FFIEC Cybersecurity Assessment Tool framework;
aws;In light of the increasing volume and sophistication of cyber threats, the Federal Financial Institutions Examination Council (FFIEC) developed the Cybersecurity Assessment Tool (Assessment), on behalf of its members, to help institutions identify their risks and determine their cybersecurity maturity.;858573892697;eu-north-1;2026-09-19 09:30:34.148196;d5-dr-de-b-3;Tools and processes are in place to detect, alert, and trigger the incident response program.;Cyber Incident Management and Resilience (Domain 5);Detection, Response, & Mitigation (DR);;aws;;PASS;Trail vaultcloud-trail is multiregion and it is logging.;arn:aws:cloudtrail:us-east-1:858573892697:trail/vaultcloud-trail;cloudtrail_multi_region_enabled;False;vaultcloud-trail;FFIEC;FFIEC Cybersecurity Assessment Tool framework;
aws;In light of the increasing volume and sophistication of cyber threats, the Federal Financial Institutions Examination Council (FFIEC) developed the Cybersecurity Assessment Tool (Assessment), on behalf of its members, to help institutions identify their risks and determine their cybersecurity maturity.;858573892697;eu-west-1;2026-09-19 09:30:34.148196;d2-ma-ma-b-1;Information security threats are gathered and shared with applicable internal employees.;Threat Intelligence and Collaboration (Domain 2);Monitoring and Analyzing (MA);;aws;;PASS;Trail vaultcloud-trail is multiregion and it is logging.;arn:aws:cloudtrail:us-east-1:858573892697:trail/vaultcloud-trail;cloudtrail_multi_region_enabled;False;vaultcloud-trail;FFIEC;FFIEC Cybersecurity Assessment Tool framework;
aws;In light of the increasing volume and sophistication of cyber threats, the Federal Financial Institutions Examination Council (FFIEC) developed the Cybersecurity Assessment Tool (Assessment), on behalf of its members, to help institutions identify their risks and determine their cybersecurity maturity.;858573892697;eu-west-1;2026-09-19 09:30:34.148196;d2-ma-ma-b-2;Computer event logs are used for investigations once an event has occurred.;Threat Intelligence and Collaboration (Domain 2);Monitoring and Analyzing (MA);;aws;;PASS;Trail vaultcloud-trail is multiregion and it is logging.;arn:aws:cloudtrail:us-east-1:858573892697:trail/vaultcloud-trail;cloudtrail_multi_region_enabled;False;vaultcloud-trail;FFIEC;FFIEC Cybersecurity Assessment Tool framework;
aws;In light of the increasing volume and sophistication of cyber threats, the Federal Financial Institutions Examination Council (FFIEC) developed the Cybersecurity Assessment Tool (Assessment), on behalf of its members, to help institutions identify their risks and determine their cybersecurity maturity.;858573892697;eu-west-1;2026-09-19 09:30:34.148196;d3-dc-an-b-3;Logs of physical and/or logical access are reviewed following events.;Cybersecurity Controls (Domain 3);Detective Controls (DC);;aws;;PASS;Trail vaultcloud-trail is multiregion and it is logging.;arn:aws:cloudtrail:us-east-1:858573892697:trail/vaultcloud-trail;cloudtrail_multi_region_enabled;False;vaultcloud-trail;FFIEC;FFIEC Cybersecurity Assessment Tool framework;
aws;In light of the increasing volume and sophistication of cyber threats, the Federal Financial Institutions Examination Council (FFIEC) developed the Cybersecurity Assessment Tool (Assessment), on behalf of its members, to help institutions identify their risks and determine their cybersecurity maturity.;858573892697;eu-west-1;2026-09-19 09:30:34.148196;d3-dc-an-b-4;Access to critical systems by third parties is monitored for unauthorized or unusual activity.;Cybersecurity Controls (Domain 3);Detective Controls (DC);;aws;;PASS;Trail vaultcloud-trail is multiregion and it is logging.;arn:aws:cloudtrail:us-east-1:858573892697:trail/vaultcloud-trail;cloudtrail_multi_region_enabled;False;vaultcloud-trail;FFIEC;FFIEC Cybersecurity Assessment Tool framework;
aws;In light of the increasing volume and sophistication of cyber threats, the Federal Financial Institutions Examination Council (FFIEC) developed the Cybersecurity Assessment Tool (Assessment), on behalf of its members, to help institutions identify their risks and determine their cybersecurity maturity.;858573892697;eu-west-1;2026-09-19 09:30:34.148196;d3-dc-an-b-5;Elevated privileges are monitored.;Cybersecurity Controls (Domain 3);Detective Controls (DC);;aws;;PASS;Trail vaultcloud-trail is multiregion and it is logging.;arn:aws:cloudtrail:us-east-1:858573892697:trail/vaultcloud-trail;cloudtrail_multi_region_enabled;False;vaultcloud-trail;FFIEC;FFIEC Cybersecurity Assessment Tool framework;
aws;In light of the increasing volume and sophistication of cyber threats, the Federal Financial Institutions Examination Council (FFIEC) developed the Cybersecurity Assessment Tool (Assessment), on behalf of its members, to help institutions identify their risks and determine their cybersecurity maturity.;858573892697;eu-west-1;2026-09-19 09:30:34.148196;d3-dc-ev-b-1;A normal network activity baseline is established.;Cybersecurity Controls (Domain 3);Detective Controls (DC);;aws;;PASS;Trail vaultcloud-trail is multiregion and it is logging.;arn:aws:cloudtrail:us-east-1:858573892697:trail/vaultcloud-trail;cloudtrail_multi_region_enabled;False;vaultcloud-trail;FFIEC;FFIEC Cybersecurity Assessment Tool framework;
aws;In light of the increasing volume and sophistication of cyber threats, the Federal Financial Institutions Examination Council (FFIEC) developed the Cybersecurity Assessment Tool (Assessment), on behalf of its members, to help institutions identify their risks and determine their cybersecurity maturity.;858573892697;eu-west-1;2026-09-19 09:30:34.148196;d3-dc-ev-b-3;Processes are in place to monitor for the presence of unauthorized users, devices, connections, and software.;Cybersecurity Controls (Domain 3);Detective Controls (DC);;aws;;PASS;Trail vaultcloud-trail is multiregion and it is logging.;arn:aws:cloudtrail:us-east-1:858573892697:trail/vaultcloud-trail;cloudtrail_multi_region_enabled;False;vaultcloud-trail;FFIEC;FFIEC Cybersecurity Assessment Tool framework;
aws;In light of the increasing volume and sophistication of cyber threats, the Federal Financial Institutions Examination Council (FFIEC) developed the Cybersecurity Assessment Tool (Assessment), on behalf of its members, to help institutions identify their risks and determine their cybersecurity maturity.;858573892697;eu-west-1;2026-09-19 09:30:34.148196;d3-pc-im-b-3;All ports are monitored.;Cybersecurity Controls (Domain 3);Preventative Controls (PC);;aws;;PASS;Trail vaultcloud-trail is multiregion and it is logging.;arn:aws:cloudtrail:us-east-1:858573892697:trail/vaultcloud-trail;cloudtrail_multi_region_enabled;False;vaultcloud-trail;FFIEC;FFIEC Cybersecurity Assessment Tool framework;
aws;In light of the increasing volume and sophistication of cyber threats, the Federal Financial Institutions Examination Council (FFIEC) developed the Cybersecurity Assessment Tool (Assessment), on behalf of its members, to help institutions identify their risks and determine their cybersecurity maturity.;858573892697;eu-west-1;2026-09-19 09:30:34.148196;d3-pc-im-b-7;Access to make changes to systems configurations (including virtual machines and hypervisors) is controlled and monitored.;Cybersecurity Controls (Domain 3);Preventative Controls (PC);;aws;;PASS;Trail vaultcloud-trail is multiregion and it is logging.;arn:aws:cloudtrail:us-east-1:858573892697:trail/vaultcloud-trail;cloudtrail_multi_region_enabled;False;vaultcloud-trail;FFIEC;FFIEC Cybersecurity Assessment Tool framework;
aws;In light of the increasing volume and sophistication of cyber threats, the Federal Financial Institutions Examination Council (FFIEC) developed the Cybersecurity Assessment Tool (Assessment), on behalf of its members, to help institutions identify their risks and determine their cybersecurity maturity.;858573892697;eu-west-1;2026-09-19 09:30:34.148196;d5-dr-de-b-3;Tools and processes are in place to detect, alert, and trigger the incident response program.;Cyber Incident Management and Resilience (Domain 5);Detection, Response, & Mitigation (DR);;aws;;PASS;Trail vaultcloud-trail is multiregion and it is logging.;arn:aws:cloudtrail:us-east-1:858573892697:trail/vaultcloud-trail;cloudtrail_multi_region_enabled;False;vaultcloud-trail;FFIEC;FFIEC Cybersecurity Assessment Tool framework;
aws;In light of the increasing volume and sophistication of cyber threats, the Federal Financial Institutions Examination Council (FFIEC) developed the Cybersecurity Assessment Tool (Assessment), on behalf of its members, to help institutions identify their risks and determine their cybersecurity maturity.;858573892697;eu-west-2;2026-09-19 09:30:34.148196;d2-ma-ma-b-1;Information security threats are gathered and shared with applicable internal employees.;Threat Intelligence and Collaboration (Domain 2);Monitoring and Analyzing (MA);;aws;;PASS;Trail vaultcloud-trail is multiregion and it is logging.;arn:aws:cloudtrail:us-east-1:858573892697:trail/vaultcloud-trail;cloudtrail_multi_region_enabled;False;vaultcloud-trail;FFIEC;FFIEC Cybersecurity Assessment Tool framework;
aws;In light of the increasing volume and sophistication of cyber threats, the Federal Financial Institutions Examination Council (FFIEC) developed the Cybersecurity Assessment Tool (Assessment), on behalf of its members, to help institutions identify their risks and determine their cybersecurity maturity.;858573892697;eu-west-2;2026-09-19 09:30:34.148196;d2-ma-ma-b-2;Computer event logs are used for investigations once an event has occurred.;Threat Intelligence and Collaboration (Domain 2);Monitoring and Analyzing (MA);;aws;;PASS;Trail vaultcloud-trail is multiregion and it is logging.;arn:aws:cloudtrail:us-east-1:858573892697:trail/vaultcloud-trail;cloudtrail_multi_region_enabled;False;vaultcloud-trail;FFIEC;FFIEC Cybersecurity Assessment Tool framework;
aws;In light of the increasing volume and sophistication of cyber threats, the Federal Financial Institutions Examination Council (FFIEC) developed the Cybersecurity Assessment Tool (Assessment), on behalf of its members, to help institutions identify their risks and determine their cybersecurity maturity.;858573892697;eu-west-2;2026-09-19 09:30:34.148196;d3-dc-an-b-3;Logs of physical and/or logical access are reviewed following events.;Cybersecurity Controls (Domain 3);Detective Controls (DC);;aws;;PASS;Trail vaultcloud-trail is multiregion and it is logging.;arn:aws:cloudtrail:us-east-1:858573892697:trail/vaultcloud-trail;cloudtrail_multi_region_enabled;False;vaultcloud-trail;FFIEC;FFIEC Cybersecurity Assessment Tool framework;
aws;In light of the increasing volume and sophistication of cyber threats, the Federal Financial Institutions Examination Council (FFIEC) developed the Cybersecurity Assessment Tool (Assessment), on behalf of its members, to help institutions identify their risks and determine their cybersecurity maturity.;858573892697;eu-west-2;2026-09-19 09:30:34.148196;d3-dc-an-b-4;Access to critical systems by third parties is monitored for unauthorized or unusual activity.;Cybersecurity Controls (Domain 3);Detective Controls (DC);;aws;;PASS;Trail vaultcloud-trail is multiregion and it is logging.;arn:aws:cloudtrail:us-east-1:858573892697:trail/vaultcloud-trail;cloudtrail_multi_region_enabled;False;vaultcloud-trail;FFIEC;FFIEC Cybersecurity Assessment Tool framework;
aws;In light of the increasing volume and sophistication of cyber threats, the Federal Financial Institutions Examination Council (FFIEC) developed the Cybersecurity Assessment Tool (Assessment), on behalf of its members, to help institutions identify their risks and determine their cybersecurity maturity.;858573892697;eu-west-2;2026-09-19 09:30:34.148196;d3-dc-an-b-5;Elevated privileges are monitored.;Cybersecurity Controls (Domain 3);Detective Controls (DC);;aws;;PASS;Trail vaultcloud-trail is multiregion and it is logging.;arn:aws:cloudtrail:us-east-1:858573892697:trail/vaultcloud-trail;cloudtrail_multi_region_enabled;False;vaultcloud-trail;FFIEC;FFIEC Cybersecurity Assessment Tool framework;
aws;In light of the increasing volume and sophistication of cyber threats, the Federal Financial Institutions Examination Council (FFIEC) developed the Cybersecurity Assessment Tool (Assessment), on behalf of its members, to help institutions identify their risks and determine their cybersecurity maturity.;858573892697;eu-west-2;2026-09-19 09:30:34.148196;d3-dc-ev-b-1;A normal network activity baseline is established.;Cybersecurity Controls (Domain 3);Detective Controls (DC);;aws;;PASS;Trail vaultcloud-trail is multiregion and it is logging.;arn:aws:cloudtrail:us-east-1:858573892697:trail/vaultcloud-trail;cloudtrail_multi_region_enabled;False;vaultcloud-trail;FFIEC;FFIEC Cybersecurity Assessment Tool framework;
aws;In light of the increasing volume and sophistication of cyber threats, the Federal Financial Institutions Examination Council (FFIEC) developed the Cybersecurity Assessment Tool (Assessment), on behalf of its members, to help institutions identify their risks and determine their cybersecurity maturity.;858573892697;eu-west-2;2026-09-19 09:30:34.148196;d3-dc-ev-b-3;Processes are in place to monitor for the presence of unauthorized users, devices, connections, and software.;Cybersecurity Controls (Domain 3);Detective Controls (DC);;aws;;PASS;Trail vaultcloud-trail is multiregion and it is logging.;arn:aws:cloudtrail:us-east-1:858573892697:trail/vaultcloud-trail;cloudtrail_multi_region_enabled;False;vaultcloud-trail;FFIEC;FFIEC Cybersecurity Assessment Tool framework;
aws;In light of the increasing volume and sophistication of cyber threats, the Federal Financial Institutions Examination Council (FFIEC) developed the Cybersecurity Assessment Tool (Assessment), on behalf of its members, to help institutions identify their risks and determine their cybersecurity maturity.;858573892697;eu-west-2;2026-09-19 09:30:34.148196;d3-pc-im-b-3;All ports are monitored.;Cybersecurity Controls (Domain 3);Preventative Controls (PC);;aws;;PASS;Trail vaultcloud-trail is multiregion and it is logging.;arn:aws:cloudtrail:us-east-1:858573892697:trail/vaultcloud-trail;cloudtrail_multi_region_enabled;False;vaultcloud-trail;FFIEC;FFIEC Cybersecurity Assessment Tool framework;
aws;In light of the increasing volume and sophistication of cyber threats, the Federal Financial Institutions Examination Council (FFIEC) developed the Cybersecurity Assessment Tool (Assessment), on behalf of its members, to help institutions identify their risks and determine their cybersecurity maturity.;858573892697;eu-west-2;2026-09-19 09:30:34.148196;d3-pc-im-b-7;Access to make changes to systems configurations (including virtual machines and hypervisors) is controlled and monitored.;Cybersecurity Controls (Domain 3);Preventative Controls (PC);;aws;;PASS;Trail vaultcloud-trail is multiregion and it is logging.;arn:aws:cloudtrail:us-east-1:858573892697:trail/vaultcloud-trail;cloudtrail_multi_region_enabled;False;vaultcloud-trail;FFIEC;FFIEC Cybersecurity Assessment Tool framework;
aws;In light of the increasing volume and sophistication of cyber threats, the Federal Financial Institutions Examination Council (FFIEC) developed the Cybersecurity Assessment Tool (Assessment), on behalf of its members, to help institutions identify their risks and determine their cybersecurity maturity.;858573892697;eu-west-2;2026-09-19 09:30:34.148196;d5-dr-de-b-3;Tools and processes are in place to detect, alert, and trigger the incident response program.;Cyber Incident Management and Resilience (Domain 5);Detection, Response, & Mitigation (DR);;aws;;PASS;Trail vaultcloud-trail is multiregion and it is logging.;arn:aws:cloudtrail:us-east-1:858573892697:trail/vaultcloud-trail;cloudtrail_multi_region_enabled;False;vaultcloud-trail;FFIEC;FFIEC Cybersecurity Assessment Tool framework;
aws;In light of the increasing volume and sophistication of cyber threats, the Federal Financial Institutions Examination Council (FFIEC) developed the Cybersecurity Assessment Tool (Assessment), on behalf of its members, to help institutions identify their risks and determine their cybersecurity maturity.;858573892697;eu-west-3;2026-09-19 09:30:34.148196;d2-ma-ma-b-1;Information security threats are gathered and shared with applicable internal employees.;Threat Intelligence and Collaboration (Domain 2);Monitoring and Analyzing (MA);;aws;;PASS;Trail vaultcloud-trail is multiregion and it is logging.;arn:aws:cloudtrail:us-east-1:858573892697:trail/vaultcloud-trail;cloudtrail_multi_region_enabled;False;vaultcloud-trail;FFIEC;FFIEC Cybersecurity Assessment Tool framework;
aws;In light of the increasing volume and sophistication of cyber threats, the Federal Financial Institutions Examination Council (FFIEC) developed the Cybersecurity Assessment Tool (Assessment), on behalf of its members, to help institutions identify their risks and determine their cybersecurity maturity.;858573892697;eu-west-3;2026-09-19 09:30:34.148196;d2-ma-ma-b-2;Computer event logs are used for investigations once an event has occurred.;Threat Intelligence and Collaboration (Domain 2);Monitoring and Analyzing (MA);;aws;;PASS;Trail vaultcloud-trail is multiregion and it is logging.;arn:aws:cloudtrail:us-east-1:858573892697:trail/vaultcloud-trail;cloudtrail_multi_region_enabled;False;vaultcloud-trail;FFIEC;FFIEC Cybersecurity Assessment Tool framework;
aws;In light of the increasing volume and sophistication of cyber threats, the Federal Financial Institutions Examination Council (FFIEC) developed the Cybersecurity Assessment Tool (Assessment), on behalf of its members, to help institutions identify their risks and determine their cybersecurity maturity.;858573892697;eu-west-3;2026-09-19 09:30:34.148196;d3-dc-an-b-3;Logs of physical and/or logical access are reviewed following events.;Cybersecurity Controls (Domain 3);Detective Controls (DC);;aws;;PASS;Trail vaultcloud-trail is multiregion and it is logging.;arn:aws:cloudtrail:us-east-1:858573892697:trail/vaultcloud-trail;cloudtrail_multi_region_enabled;False;vaultcloud-trail;FFIEC;FFIEC Cybersecurity Assessment Tool framework;
aws;In light of the increasing volume and sophistication of cyber threats, the Federal Financial Institutions Examination Council (FFIEC) developed the Cybersecurity Assessment Tool (Assessment), on behalf of its members, to help institutions identify their risks and determine their cybersecurity maturity.;858573892697;eu-west-3;2026-09-19 09:30:34.148196;d3-dc-an-b-4;Access to critical systems by third parties is monitored for unauthorized or unusual activity.;Cybersecurity Controls (Domain 3);Detective Controls (DC);;aws;;PASS;Trail vaultcloud-trail is multiregion and it is logging.;arn:aws:cloudtrail:us-east-1:858573892697:trail/vaultcloud-trail;cloudtrail_multi_region_enabled;False;vaultcloud-trail;FFIEC;FFIEC Cybersecurity Assessment Tool framework;
aws;In light of the increasing volume and sophistication of cyber threats, the Federal Financial Institutions Examination Council (FFIEC) developed the Cybersecurity Assessment Tool (Assessment), on behalf of its members, to help institutions identify their risks and determine their cybersecurity maturity.;858573892697;eu-west-3;2026-09-19 09:30:34.148196;d3-dc-an-b-5;Elevated privileges are monitored.;Cybersecurity Controls (Domain 3);Detective Controls (DC);;aws;;PASS;Trail vaultcloud-trail is multiregion and it is logging.;arn:aws:cloudtrail:us-east-1:858573892697:trail/vaultcloud-trail;cloudtrail_multi_region_enabled;False;vaultcloud-trail;FFIEC;FFIEC Cybersecurity Assessment Tool framework;
aws;In light of the increasing volume and sophistication of cyber threats, the Federal Financial Institutions Examination Council (FFIEC) developed the Cybersecurity Assessment Tool (Assessment), on behalf of its members, to help institutions identify their risks and determine their cybersecurity maturity.;858573892697;eu-west-3;2026-09-19 09:30:34.148196;d3-dc-ev-b-1;A normal network activity baseline is established.;Cybersecurity Controls (Domain 3);Detective Controls (DC);;aws;;PASS;Trail vaultcloud-trail is multiregion and it is logging.;arn:aws:cloudtrail:us-east-1:858573892697:trail/vaultcloud-trail;cloudtrail_multi_region_enabled;False;vaultcloud-trail;FFIEC;FFIEC Cybersecurity Assessment Tool framework;
aws;In light of the increasing volume and sophistication of cyber threats, the Federal Financial Institutions Examination Council (FFIEC) developed the Cybersecurity Assessment Tool (Assessment), on behalf of its members, to help institutions identify their risks and determine their cybersecurity maturity.;858573892697;eu-west-3;2026-09-19 09:30:34.148196;d3-dc-ev-b-3;Processes are in place to monitor for the presence of unauthorized users, devices, connections, and software.;Cybersecurity Controls (Domain 3);Detective Controls (DC);;aws;;PASS;Trail vaultcloud-trail is multiregion and it is logging.;arn:aws:cloudtrail:us-east-1:858573892697:trail/vaultcloud-trail;cloudtrail_multi_region_enabled;False;vaultcloud-trail;FFIEC;FFIEC Cybersecurity Assessment Tool framework;
aws;In light of the increasing volume and sophistication of cyber threats, the Federal Financial Institutions Examination Council (FFIEC) developed the Cybersecurity Assessment Tool (Assessment), on behalf of its members, to help institutions identify their risks and determine their cybersecurity maturity.;858573892697;eu-west-3;2026-09-19 09:30:34.148196;d3-pc-im-b-3;All ports are monitored.;Cybersecurity Controls (Domain 3);Preventative Controls (PC);;aws;;PASS;Trail vaultcloud-trail is multiregion and it is logging.;arn:aws:cloudtrail:us-east-1:858573892697:trail/vaultcloud-trail;cloudtrail_multi_region_enabled;False;vaultcloud-trail;FFIEC;FFIEC Cybersecurity Assessment Tool framework;
aws;In light of the increasing volume and sophistication of cyber threats, the Federal Financial Institutions Examination Council (FFIEC) developed the Cybersecurity Assessment Tool (Assessment), on behalf of its members, to help institutions identify their risks and determine their cybersecurity maturity.;858573892697;eu-west-3;2026-09-19 09:30:34.148196;d3-pc-im-b-7;Access to make changes to systems configurations (including virtual machines and hypervisors) is controlled and monitored.;Cybersecurity Controls (Domain 3);Preventative Controls (PC);;aws;;PASS;Trail vaultcloud-trail is multiregion and it is logging.;arn:aws:cloudtrail:us-east-1:858573892697:trail/vaultcloud-trail;cloudtrail_multi_region_enabled;False;vaultcloud-trail;FFIEC;FFIEC Cybersecurity Assessment Tool framework;
aws;In light of the increasing volume and sophistication of cyber threats, the Federal Financial Institutions Examination Council (FFIEC) developed the Cybersecurity Assessment Tool (Assessment), on behalf of its members, to help institutions identify their risks and determine their cybersecurity maturity.;858573892697;eu-west-3;2026-09-19 09:30:34.148196;d5-dr-de-b-3;Tools and processes are in place to detect, alert, and trigger the incident response program.;Cyber Incident Management and Resilience (Domain 5);Detection, Response, & Mitigation (DR);;aws;;PASS;Trail vaultcloud-trail is multiregion and it is logging.;arn:aws:cloudtrail:us-east-1:858573892697:trail/vaultcloud-trail;cloudtrail_multi_region_enabled;False;vaultcloud-trail;FFIEC;FFIEC Cybersecurity Assessment Tool framework;
aws;In light of the increasing volume and sophistication of cyber threats, the Federal Financial Institutions Examination Council (FFIEC) developed the Cybersecurity Assessment Tool (Assessment), on behalf of its members, to help institutions identify their risks and determine their cybersecurity maturity.;858573892697;sa-east-1;2026-09-19 09:30:34.148196;d2-ma-ma-b-1;Information security threats are gathered and shared with applicable internal employees.;Threat Intelligence and Collaboration (Domain 2);Monitoring and Analyzing (MA);;aws;;PASS;Trail vaultcloud-trail is multiregion and it is logging.;arn:aws:cloudtrail:us-east-1:858573892697:trail/vaultcloud-trail;cloudtrail_multi_region_enabled;False;vaultcloud-trail;FFIEC;FFIEC Cybersecurity Assessment Tool framework;
aws;In light of the increasing volume and sophistication of cyber threats, the Federal Financial Institutions Examination Council (FFIEC) developed the Cybersecurity Assessment Tool (Assessment), on behalf of its members, to help institutions identify their risks and determine their cybersecurity maturity.;858573892697;sa-east-1;2026-09-19 09:30:34.148196;d2-ma-ma-b-2;Computer event logs are used for investigations once an event has occurred.;Threat Intelligence and Collaboration (Domain 2);Monitoring and Analyzing (MA);;aws;;PASS;Trail vaultcloud-trail is multiregion and it is logging.;arn:aws:cloudtrail:us-east-1:858573892697:trail/vaultcloud-trail;cloudtrail_multi_region_enabled;False;vaultcloud-trail;FFIEC;FFIEC Cybersecurity Assessment Tool framework;
aws;In light of the increasing volume and sophistication of cyber threats, the Federal Financial Institutions Examination Council (FFIEC) developed the Cybersecurity Assessment Tool (Assessment), on behalf of its members, to help institutions identify their risks and determine their cybersecurity maturity.;858573892697;sa-east-1;2026-09-19 09:30:34.148196;d3-dc-an-b-3;Logs of physical and/or logical access are reviewed following events.;Cybersecurity Controls (Domain 3);Detective Controls (DC);;aws;;PASS;Trail vaultcloud-trail is multiregion and it is logging.;arn:aws:cloudtrail:us-east-1:858573892697:trail/vaultcloud-trail;cloudtrail_multi_region_enabled;False;vaultcloud-trail;FFIEC;FFIEC Cybersecurity Assessment Tool framework;
aws;In light of the increasing volume and sophistication of cyber threats, the Federal Financial Institutions Examination Council (FFIEC) developed the Cybersecurity Assessment Tool (Assessment), on behalf of its members, to help institutions identify their risks and determine their cybersecurity maturity.;858573892697;sa-east-1;2026-09-19 09:30:34.148196;d3-dc-an-b-4;Access to critical systems by third parties is monitored for unauthorized or unusual activity.;Cybersecurity Controls (Domain 3);Detective Controls (DC);;aws;;PASS;Trail vaultcloud-trail is multiregion and it is logging.;arn:aws:cloudtrail:us-east-1:858573892697:trail/vaultcloud-trail;cloudtrail_multi_region_enabled;False;vaultcloud-trail;FFIEC;FFIEC Cybersecurity Assessment Tool framework;
aws;In light of the increasing volume and sophistication of cyber threats, the Federal Financial Institutions Examination Council (FFIEC) developed the Cybersecurity Assessment Tool (Assessment), on behalf of its members, to help institutions identify their risks and determine their cybersecurity maturity.;858573892697;sa-east-1;2026-09-19 09:30:34.148196;d3-dc-an-b-5;Elevated privileges are monitored.;Cybersecurity Controls (Domain 3);Detective Controls (DC);;aws;;PASS;Trail vaultcloud-trail is multiregion and it is logging.;arn:aws:cloudtrail:us-east-1:858573892697:trail/vaultcloud-trail;cloudtrail_multi_region_enabled;False;vaultcloud-trail;FFIEC;FFIEC Cybersecurity Assessment Tool framework;
aws;In light of the increasing volume and sophistication of cyber threats, the Federal Financial Institutions Examination Council (FFIEC) developed the Cybersecurity Assessment Tool (Assessment), on behalf of its members, to help institutions identify their risks and determine their cybersecurity maturity.;858573892697;sa-east-1;2026-09-19 09:30:34.148196;d3-dc-ev-b-1;A normal network activity baseline is established.;Cybersecurity Controls (Domain 3);Detective Controls (DC);;aws;;PASS;Trail vaultcloud-trail is multiregion and it is logging.;arn:aws:cloudtrail:us-east-1:858573892697:trail/vaultcloud-trail;cloudtrail_multi_region_enabled;False;vaultcloud-trail;FFIEC;FFIEC Cybersecurity Assessment Tool framework;
aws;In light of the increasing volume and sophistication of cyber threats, the Federal Financial Institutions Examination Council (FFIEC) developed the Cybersecurity Assessment Tool (Assessment), on behalf of its members, to help institutions identify their risks and determine their cybersecurity maturity.;858573892697;sa-east-1;2026-09-19 09:30:34.148196;d3-dc-ev-b-3;Processes are in place to monitor for the presence of unauthorized users, devices, connections, and software.;Cybersecurity Controls (Domain 3);Detective Controls (DC);;aws;;PASS;Trail vaultcloud-trail is multiregion and it is logging.;arn:aws:cloudtrail:us-east-1:858573892697:trail/vaultcloud-trail;cloudtrail_multi_region_enabled;False;vaultcloud-trail;FFIEC;FFIEC Cybersecurity Assessment Tool framework;
aws;In light of the increasing volume and sophistication of cyber threats, the Federal Financial Institutions Examination Council (FFIEC) developed the Cybersecurity Assessment Tool (Assessment), on behalf of its members, to help institutions identify their risks and determine their cybersecurity maturity.;858573892697;sa-east-1;2026-09-19 09:30:34.148196;d3-pc-im-b-3;All ports are monitored.;Cybersecurity Controls (Domain 3);Preventative Controls (PC);;aws;;PASS;Trail vaultcloud-trail is multiregion and it is logging.;arn:aws:cloudtrail:us-east-1:858573892697:trail/vaultcloud-trail;cloudtrail_multi_region_enabled;False;vaultcloud-trail;FFIEC;FFIEC Cybersecurity Assessment Tool framework;
aws;In light of the increasing volume and sophistication of cyber threats, the Federal Financial Institutions Examination Council (FFIEC) developed the Cybersecurity Assessment Tool (Assessment), on behalf of its members, to help institutions identify their risks and determine their cybersecurity maturity.;858573892697;sa-east-1;2026-09-19 09:30:34.148196;d3-pc-im-b-7;Access to make changes to systems configurations (including virtual machines and hypervisors) is controlled and monitored.;Cybersecurity Controls (Domain 3);Preventative Controls (PC);;aws;;PASS;Trail vaultcloud-trail is multiregion and it is logging.;arn:aws:cloudtrail:us-east-1:858573892697:trail/vaultcloud-trail;cloudtrail_multi_region_enabled;False;vaultcloud-trail;FFIEC;FFIEC Cybersecurity Assessment Tool framework;
aws;In light of the increasing volume and sophistication of cyber threats, the Federal Financial Institutions Examination Council (FFIEC) developed the Cybersecurity Assessment Tool (Assessment), on behalf of its members, to help institutions identify their risks and determine their cybersecurity maturity.;858573892697;sa-east-1;2026-09-19 09:30:34.148196;d5-dr-de-b-3;Tools and processes are in place to detect, alert, and trigger the incident response program.;Cyber Incident Management and Resilience (Domain 5);Detection, Response, & Mitigation (DR);;aws;;PASS;Trail vaultcloud-trail is multiregion and it is logging.;arn:aws:cloudtrail:us-east-1:858573892697:trail/vaultcloud-trail;cloudtrail_multi_region_enabled;False;vaultcloud-trail;FFIEC;FFIEC Cybersecurity Assessment Tool framework;
aws;In light of the increasing volume and sophistication of cyber threats, the Federal Financial Institutions Examination Council (FFIEC) developed the Cybersecurity Assessment Tool (Assessment), on behalf of its members, to help institutions identify their risks and determine their cybersecurity maturity.;858573892697;us-east-1;2026-09-19 09:30:34.148196;d2-ma-ma-b-1;Information security threats are gathered and shared with applicable internal employees.;Threat Intelligence and Collaboration (Domain 2);Monitoring and Analyzing (MA);;aws;;PASS;Trail vaultcloud-trail is multiregion and it is logging.;arn:aws:cloudtrail:us-east-1:858573892697:trail/vaultcloud-trail;cloudtrail_multi_region_enabled;False;vaultcloud-trail;FFIEC;FFIEC Cybersecurity Assessment Tool framework;
aws;In light of the increasing volume and sophistication of cyber threats, the Federal Financial Institutions Examination Council (FFIEC) developed the Cybersecurity Assessment Tool (Assessment), on behalf of its members, to help institutions identify their risks and determine their cybersecurity maturity.;858573892697;us-east-1;2026-09-19 09:30:34.148196;d2-ma-ma-b-2;Computer event logs are used for investigations once an event has occurred.;Threat Intelligence and Collaboration (Domain 2);Monitoring and Analyzing (MA);;aws;;PASS;Trail vaultcloud-trail is multiregion and it is logging.;arn:aws:cloudtrail:us-east-1:858573892697:trail/vaultcloud-trail;cloudtrail_multi_region_enabled;False;vaultcloud-trail;FFIEC;FFIEC Cybersecurity Assessment Tool framework;
aws;In light of the increasing volume and sophistication of cyber threats, the Federal Financial Institutions Examination Council (FFIEC) developed the Cybersecurity Assessment Tool (Assessment), on behalf of its members, to help institutions identify their risks and determine their cybersecurity maturity.;858573892697;us-east-1;2026-09-19 09:30:34.148196;d3-dc-an-b-3;Logs of physical and/or logical access are reviewed following events.;Cybersecurity Controls (Domain 3);Detective Controls (DC);;aws;;PASS;Trail vaultcloud-trail is multiregion and it is logging.;arn:aws:cloudtrail:us-east-1:858573892697:trail/vaultcloud-trail;cloudtrail_multi_region_enabled;False;vaultcloud-trail;FFIEC;FFIEC Cybersecurity Assessment Tool framework;
aws;In light of the increasing volume and sophistication of cyber threats, the Federal Financial Institutions Examination Council (FFIEC) developed the Cybersecurity Assessment Tool (Assessment), on behalf of its members, to help institutions identify their risks and determine their cybersecurity maturity.;858573892697;us-east-1;2026-09-19 09:30:34.148196;d3-dc-an-b-4;Access to critical systems by third parties is monitored for unauthorized or unusual activity.;Cybersecurity Controls (Domain 3);Detective Controls (DC);;aws;;PASS;Trail vaultcloud-trail is multiregion and it is logging.;arn:aws:cloudtrail:us-east-1:858573892697:trail/vaultcloud-trail;cloudtrail_multi_region_enabled;False;vaultcloud-trail;FFIEC;FFIEC Cybersecurity Assessment Tool framework;
aws;In light of the increasing volume and sophistication of cyber threats, the Federal Financial Institutions Examination Council (FFIEC) developed the Cybersecurity Assessment Tool (Assessment), on behalf of its members, to help institutions identify their risks and determine their cybersecurity maturity.;858573892697;us-east-1;2026-09-19 09:30:34.148196;d3-dc-an-b-5;Elevated privileges are monitored.;Cybersecurity Controls (Domain 3);Detective Controls (DC);;aws;;PASS;Trail vaultcloud-trail is multiregion and it is logging.;arn:aws:cloudtrail:us-east-1:858573892697:trail/vaultcloud-trail;cloudtrail_multi_region_enabled;False;vaultcloud-trail;FFIEC;FFIEC Cybersecurity Assessment Tool framework;
aws;In light of the increasing volume and sophistication of cyber threats, the Federal Financial Institutions Examination Council (FFIEC) developed the Cybersecurity Assessment Tool (Assessment), on behalf of its members, to help institutions identify their risks and determine their cybersecurity maturity.;858573892697;us-east-1;2026-09-19 09:30:34.148196;d3-dc-ev-b-1;A normal network activity baseline is established.;Cybersecurity Controls (Domain 3);Detective Controls (DC);;aws;;PASS;Trail vaultcloud-trail is multiregion and it is logging.;arn:aws:cloudtrail:us-east-1:858573892697:trail/vaultcloud-trail;cloudtrail_multi_region_enabled;False;vaultcloud-trail;FFIEC;FFIEC Cybersecurity Assessment Tool framework;
aws;In light of the increasing volume and sophistication of cyber threats, the Federal Financial Institutions Examination Council (FFIEC) developed the Cybersecurity Assessment Tool (Assessment), on behalf of its members, to help institutions identify their risks and determine their cybersecurity maturity.;858573892697;us-east-1;2026-09-19 09:30:34.148196;d3-dc-ev-b-3;Processes are in place to monitor for the presence of unauthorized users, devices, connections, and software.;Cybersecurity Controls (Domain 3);Detective Controls (DC);;aws;;PASS;Trail vaultcloud-trail is multiregion and it is logging.;arn:aws:cloudtrail:us-east-1:858573892697:trail/vaultcloud-trail;cloudtrail_multi_region_enabled;False;vaultcloud-trail;FFIEC;FFIEC Cybersecurity Assessment Tool framework;
aws;In light of the increasing volume and sophistication of cyber threats, the Federal Financial Institutions Examination Council (FFIEC) developed the Cybersecurity Assessment Tool (Assessment), on behalf of its members, to help institutions identify their risks and determine their cybersecurity maturity.;858573892697;us-east-1;2026-09-19 09:30:34.148196;d3-pc-im-b-3;All ports are monitored.;Cybersecurity Controls (Domain 3);Preventative Controls (PC);;aws;;PASS;Trail vaultcloud-trail is multiregion and it is logging.;arn:aws:cloudtrail:us-east-1:858573892697:trail/vaultcloud-trail;cloudtrail_multi_region_enabled;False;vaultcloud-trail;FFIEC;FFIEC Cybersecurity Assessment Tool framework;
aws;In light of the increasing volume and sophistication of cyber threats, the Federal Financial Institutions Examination Council (FFIEC) developed the Cybersecurity Assessment Tool (Assessment), on behalf of its members, to help institutions identify their risks and determine their cybersecurity maturity.;858573892697;us-east-1;2026-09-19 09:30:34.148196;d3-pc-im-b-7;Access to make changes to systems configurations (including virtual machines and hypervisors) is controlled and monitored.;Cybersecurity Controls (Domain 3);Preventative Controls (PC);;aws;;PASS;Trail vaultcloud-trail is multiregion and it is logging.;arn:aws:cloudtrail:us-east-1:858573892697:trail/vaultcloud-trail;cloudtrail_multi_region_enabled;False;vaultcloud-trail;FFIEC;FFIEC Cybersecurity Assessment Tool framework;
aws;In light of the increasing volume and sophistication of cyber threats, the Federal Financial Institutions Examination Council (FFIEC) developed the Cybersecurity Assessment Tool (Assessment), on behalf of its members, to help institutions identify their risks and determine their cybersecurity maturity.;858573892697;us-east-1;2026-09-19 09:30:34.148196;d5-dr-de-b-3;Tools and processes are in place to detect, alert, and trigger the incident response program.;Cyber Incident Management and Resilience (Domain 5);Detection, Response, & Mitigation (DR);;aws;;PASS;Trail vaultcloud-trail is multiregion and it is logging.;arn:aws:cloudtrail:us-east-1:858573892697:trail/vaultcloud-trail;cloudtrail_multi_region_enabled;False;vaultcloud-trail;FFIEC;FFIEC Cybersecurity Assessment Tool framework;
aws;In light of the increasing volume and sophistication of cyber threats, the Federal Financial Institutions Examination Council (FFIEC) developed the Cybersecurity Assessment Tool (Assessment), on behalf of its members, to help institutions identify their risks and determine their cybersecurity maturity.;858573892697;us-east-2;2026-09-19 09:30:34.148196;d2-ma-ma-b-1;Information security threats are gathered and shared with applicable internal employees.;Threat Intelligence and Collaboration (Domain 2);Monitoring and Analyzing (MA);;aws;;PASS;Trail vaultcloud-trail is multiregion and it is logging.;arn:aws:cloudtrail:us-east-1:858573892697:trail/vaultcloud-trail;cloudtrail_multi_region_enabled;False;vaultcloud-trail;FFIEC;FFIEC Cybersecurity Assessment Tool framework;
aws;In light of the increasing volume and sophistication of cyber threats, the Federal Financial Institutions Examination Council (FFIEC) developed the Cybersecurity Assessment Tool (Assessment), on behalf of its members, to help institutions identify their risks and determine their cybersecurity maturity.;858573892697;us-east-2;2026-09-19 09:30:34.148196;d2-ma-ma-b-2;Computer event logs are used for investigations once an event has occurred.;Threat Intelligence and Collaboration (Domain 2);Monitoring and Analyzing (MA);;aws;;PASS;Trail vaultcloud-trail is multiregion and it is logging.;arn:aws:cloudtrail:us-east-1:858573892697:trail/vaultcloud-trail;cloudtrail_multi_region_enabled;False;vaultcloud-trail;FFIEC;FFIEC Cybersecurity Assessment Tool framework;
aws;In light of the increasing volume and sophistication of cyber threats, the Federal Financial Institutions Examination Council (FFIEC) developed the Cybersecurity Assessment Tool (Assessment), on behalf of its members, to help institutions identify their risks and determine their cybersecurity maturity.;858573892697;us-east-2;2026-09-19 09:30:34.148196;d3-dc-an-b-3;Logs of physical and/or logical access are reviewed following events.;Cybersecurity Controls (Domain 3);Detective Controls (DC);;aws;;PASS;Trail vaultcloud-trail is multiregion and it is logging.;arn:aws:cloudtrail:us-east-1:858573892697:trail/vaultcloud-trail;cloudtrail_multi_region_enabled;False;vaultcloud-trail;FFIEC;FFIEC Cybersecurity Assessment Tool framework;
aws;In light of the increasing volume and sophistication of cyber threats, the Federal Financial Institutions Examination Council (FFIEC) developed the Cybersecurity Assessment Tool (Assessment), on behalf of its members, to help institutions identify their risks and determine their cybersecurity maturity.;858573892697;us-east-2;2026-09-19 09:30:34.148196;d3-dc-an-b-4;Access to critical systems by third parties is monitored for unauthorized or unusual activity.;Cybersecurity Controls (Domain 3);Detective Controls (DC);;aws;;PASS;Trail vaultcloud-trail is multiregion and it is logging.;arn:aws:cloudtrail:us-east-1:858573892697:trail/vaultcloud-trail;cloudtrail_multi_region_enabled;False;vaultcloud-trail;FFIEC;FFIEC Cybersecurity Assessment Tool framework;
aws;In light of the increasing volume and sophistication of cyber threats, the Federal Financial Institutions Examination Council (FFIEC) developed the Cybersecurity Assessment Tool (Assessment), on behalf of its members, to help institutions identify their risks and determine their cybersecurity maturity.;858573892697;us-east-2;2026-09-19 09:30:34.148196;d3-dc-an-b-5;Elevated privileges are monitored.;Cybersecurity Controls (Domain 3);Detective Controls (DC);;aws;;PASS;Trail vaultcloud-trail is multiregion and it is logging.;arn:aws:cloudtrail:us-east-1:858573892697:trail/vaultcloud-trail;cloudtrail_multi_region_enabled;False;vaultcloud-trail;FFIEC;FFIEC Cybersecurity Assessment Tool framework;
aws;In light of the increasing volume and sophistication of cyber threats, the Federal Financial Institutions Examination Council (FFIEC) developed the Cybersecurity Assessment Tool (Assessment), on behalf of its members, to help institutions identify their risks and determine their cybersecurity maturity.;858573892697;us-east-2;2026-09-19 09:30:34.148196;d3-dc-ev-b-1;A normal network activity baseline is established.;Cybersecurity Controls (Domain 3);Detective Controls (DC);;aws;;PASS;Trail vaultcloud-trail is multiregion and it is logging.;arn:aws:cloudtrail:us-east-1:858573892697:trail/vaultcloud-trail;cloudtrail_multi_region_enabled;False;vaultcloud-trail;FFIEC;FFIEC Cybersecurity Assessment Tool framework;
aws;In light of the increasing volume and sophistication of cyber threats, the Federal Financial Institutions Examination Council (FFIEC) developed the Cybersecurity Assessment Tool (Assessment), on behalf of its members, to help institutions identify their risks and determine their cybersecurity maturity.;858573892697;us-east-2;2026-09-19 09:30:34.148196;d3-dc-ev-b-3;Processes are in place to monitor for the presence of unauthorized users, devices, connections, and software.;Cybersecurity Controls (Domain 3);Detective Controls (DC);;aws;;PASS;Trail vaultcloud-trail is multiregion and it is logging.;arn:aws:cloudtrail:us-east-1:858573892697:trail/vaultcloud-trail;cloudtrail_multi_region_enabled;False;vaultcloud-trail;FFIEC;FFIEC Cybersecurity Assessment Tool framework;
aws;In light of the increasing volume and sophistication of cyber threats, the Federal Financial Institutions Examination Council (FFIEC) developed the Cybersecurity Assessment Tool (Assessment), on behalf of its members, to help institutions identify their risks and determine their cybersecurity maturity.;858573892697;us-east-2;2026-09-19 09:30:34.148196;d3-pc-im-b-3;All ports are monitored.;Cybersecurity Controls (Domain 3);Preventative Controls (PC);;aws;;PASS;Trail vaultcloud-trail is multiregion and it is logging.;arn:aws:cloudtrail:us-east-1:858573892697:trail/vaultcloud-trail;cloudtrail_multi_region_enabled;False;vaultcloud-trail;FFIEC;FFIEC Cybersecurity Assessment Tool framework;
aws;In light of the increasing volume and sophistication of cyber threats, the Federal Financial Institutions Examination Council (FFIEC) developed the Cybersecurity Assessment Tool (Assessment), on behalf of its members, to help institutions identify their risks and determine their cybersecurity maturity.;858573892697;us-east-2;2026-09-19 09:30:34.148196;d3-pc-im-b-7;Access to make changes to systems configurations (including virtual machines and hypervisors) is controlled and monitored.;Cybersecurity Controls (Domain 3);Preventative Controls (PC);;aws;;PASS;Trail vaultcloud-trail is multiregion and it is logging.;arn:aws:cloudtrail:us-east-1:858573892697:trail/vaultcloud-trail;cloudtrail_multi_region_enabled;False;vaultcloud-trail;FFIEC;FFIEC Cybersecurity Assessment Tool framework;
aws;In light of the increasing volume and sophistication of cyber threats, the Federal Financial Institutions Examination Council (FFIEC) developed the Cybersecurity Assessment Tool (Assessment), on behalf of its members, to help institutions identify their risks and determine their cybersecurity maturity.;858573892697;us-east-2;2026-09-19 09:30:34.148196;d5-dr-de-b-3;Tools and processes are in place to detect, alert, and trigger the incident response program.;Cyber Incident Management and Resilience (Domain 5);Detection, Response, & Mitigation (DR);;aws;;PASS;Trail vaultcloud-trail is multiregion and it is logging.;arn:aws:cloudtrail:us-east-1:858573892697:trail/vaultcloud-trail;cloudtrail_multi_region_enabled;False;vaultcloud-trail;FFIEC;FFIEC Cybersecurity Assessment Tool framework;
aws;In light of the increasing volume and sophistication of cyber threats, the Federal Financial Institutions Examination Council (FFIEC) developed the Cybersecurity Assessment Tool (Assessment), on behalf of its members, to help institutions identify their risks and determine their cybersecurity maturity.;858573892697;us-west-1;2026-09-19 09:30:34.148196;d2-ma-ma-b-1;Information security threats are gathered and shared with applicable internal employees.;Threat Intelligence and Collaboration (Domain 2);Monitoring and Analyzing (MA);;aws;;PASS;Trail vaultcloud-trail is multiregion and it is logging.;arn:aws:cloudtrail:us-east-1:858573892697:trail/vaultcloud-trail;cloudtrail_multi_region_enabled;False;vaultcloud-trail;FFIEC;FFIEC Cybersecurity Assessment Tool framework;
aws;In light of the increasing volume and sophistication of cyber threats, the Federal Financial Institutions Examination Council (FFIEC) developed the Cybersecurity Assessment Tool (Assessment), on behalf of its members, to help institutions identify their risks and determine their cybersecurity maturity.;858573892697;us-west-1;2026-09-19 09:30:34.148196;d2-ma-ma-b-2;Computer event logs are used for investigations once an event has occurred.;Threat Intelligence and Collaboration (Domain 2);Monitoring and Analyzing (MA);;aws;;PASS;Trail vaultcloud-trail is multiregion and it is logging.;arn:aws:cloudtrail:us-east-1:858573892697:trail/vaultcloud-trail;cloudtrail_multi_region_enabled;False;vaultcloud-trail;FFIEC;FFIEC Cybersecurity Assessment Tool framework;
aws;In light of the increasing volume and sophistication of cyber threats, the Federal Financial Institutions Examination Council (FFIEC) developed the Cybersecurity Assessment Tool (Assessment), on behalf of its members, to help institutions identify their risks and determine their cybersecurity maturity.;858573892697;us-west-1;2026-09-19 09:30:34.148196;d3-dc-an-b-3;Logs of physical and/or logical access are reviewed following events.;Cybersecurity Controls (Domain 3);Detective Controls (DC);;aws;;PASS;Trail vaultcloud-trail is multiregion and it is logging.;arn:aws:cloudtrail:us-east-1:858573892697:trail/vaultcloud-trail;cloudtrail_multi_region_enabled;False;vaultcloud-trail;FFIEC;FFIEC Cybersecurity Assessment Tool framework;
aws;In light of the increasing volume and sophistication of cyber threats, the Federal Financial Institutions Examination Council (FFIEC) developed the Cybersecurity Assessment Tool (Assessment), on behalf of its members, to help institutions identify their risks and determine their cybersecurity maturity.;858573892697;us-west-1;2026-09-19 09:30:34.148196;d3-dc-an-b-4;Access to critical systems by third parties is monitored for unauthorized or unusual activity.;Cybersecurity Controls (Domain 3);Detective Controls (DC);;aws;;PASS;Trail vaultcloud-trail is multiregion and it is logging.;arn:aws:cloudtrail:us-east-1:858573892697:trail/vaultcloud-trail;cloudtrail_multi_region_enabled;False;vaultcloud-trail;FFIEC;FFIEC Cybersecurity Assessment Tool framework;
aws;In light of the increasing volume and sophistication of cyber threats, the Federal Financial Institutions Examination Council (FFIEC) developed the Cybersecurity Assessment Tool (Assessment), on behalf of its members, to help institutions identify their risks and determine their cybersecurity maturity.;858573892697;us-west-1;2026-09-19 09:30:34.148196;d3-dc-an-b-5;Elevated privileges are monitored.;Cybersecurity Controls (Domain 3);Detective Controls (DC);;aws;;PASS;Trail vaultcloud-trail is multiregion and it is logging.;arn:aws:cloudtrail:us-east-1:858573892697:trail/vaultcloud-trail;cloudtrail_multi_region_enabled;False;vaultcloud-trail;FFIEC;FFIEC Cybersecurity Assessment Tool framework;
aws;In light of the increasing volume and sophistication of cyber threats, the Federal Financial Institutions Examination Council (FFIEC) developed the Cybersecurity Assessment Tool (Assessment), on behalf of its members, to help institutions identify their risks and determine their cybersecurity maturity.;858573892697;us-west-1;2026-09-19 09:30:34.148196;d3-dc-ev-b-1;A normal network activity baseline is established.;Cybersecurity Controls (Domain 3);Detective Controls (DC);;aws;;PASS;Trail vaultcloud-trail is multiregion and it is logging.;arn:aws:cloudtrail:us-east-1:858573892697:trail/vaultcloud-trail;cloudtrail_multi_region_enabled;False;vaultcloud-trail;FFIEC;FFIEC Cybersecurity Assessment Tool framework;
aws;In light of the increasing volume and sophistication of cyber threats, the Federal Financial Institutions Examination Council (FFIEC) developed the Cybersecurity Assessment Tool (Assessment), on behalf of its members, to help institutions identify their risks and determine their cybersecurity maturity.;858573892697;us-west-1;2026-09-19 09:30:34.148196;d3-dc-ev-b-3;Processes are in place to monitor for the presence of unauthorized users, devices, connections, and software.;Cybersecurity Controls (Domain 3);Detective Controls (DC);;aws;;PASS;Trail vaultcloud-trail is multiregion and it is logging.;arn:aws:cloudtrail:us-east-1:858573892697:trail/vaultcloud-trail;cloudtrail_multi_region_enabled;False;vaultcloud-trail;FFIEC;FFIEC Cybersecurity Assessment Tool framework;
aws;In light of the increasing volume and sophistication of cyber threats, the Federal Financial Institutions Examination Council (FFIEC) developed the Cybersecurity Assessment Tool (Assessment), on behalf of its members, to help institutions identify their risks and determine their cybersecurity maturity.;858573892697;us-west-1;2026-09-19 09:30:34.148196;d3-pc-im-b-3;All ports are monitored.;Cybersecurity Controls (Domain 3);Preventative Controls (PC);;aws;;PASS;Trail vaultcloud-trail is multiregion and it is logging.;arn:aws:cloudtrail:us-east-1:858573892697:trail/vaultcloud-trail;cloudtrail_multi_region_enabled;False;vaultcloud-trail;FFIEC;FFIEC Cybersecurity Assessment Tool framework;
aws;In light of the increasing volume and sophistication of cyber threats, the Federal Financial Institutions Examination Council (FFIEC) developed the Cybersecurity Assessment Tool (Assessment), on behalf of its members, to help institutions identify their risks and determine their cybersecurity maturity.;858573892697;us-west-1;2026-09-19 09:30:34.148196;d3-pc-im-b-7;Access to make changes to systems configurations (including virtual machines and hypervisors) is controlled and monitored.;Cybersecurity Controls (Domain 3);Preventative Controls (PC);;aws;;PASS;Trail vaultcloud-trail is multiregion and it is logging.;arn:aws:cloudtrail:us-east-1:858573892697:trail/vaultcloud-trail;cloudtrail_multi_region_enabled;False;vaultcloud-trail;FFIEC;FFIEC Cybersecurity Assessment Tool framework;
aws;In light of the increasing volume and sophistication of cyber threats, the Federal Financial Institutions Examination Council (FFIEC) developed the Cybersecurity Assessment Tool (Assessment), on behalf of its members, to help institutions identify their risks and determine their cybersecurity maturity.;858573892697;us-west-1;2026-09-19 09:30:34.148196;d5-dr-de-b-3;Tools and processes are in place to detect, alert, and trigger the incident response program.;Cyber Incident Management and Resilience (Domain 5);Detection, Response, & Mitigation (DR);;aws;;PASS;Trail vaultcloud-trail is multiregion and it is logging.;arn:aws:cloudtrail:us-east-1:858573892697:trail/vaultcloud-trail;cloudtrail_multi_region_enabled;False;vaultcloud-trail;FFIEC;FFIEC Cybersecurity Assessment Tool framework;
aws;In light of the increasing volume and sophistication of cyber threats, the Federal Financial Institutions Examination Council (FFIEC) developed the Cybersecurity Assessment Tool (Assessment), on behalf of its members, to help institutions identify their risks and determine their cybersecurity maturity.;858573892697;us-west-2;2026-09-19 09:30:34.148196;d2-ma-ma-b-1;Information security threats are gathered and shared with applicable internal employees.;Threat Intelligence and Collaboration (Domain 2);Monitoring and Analyzing (MA);;aws;;PASS;Trail vaultcloud-trail is multiregion and it is logging.;arn:aws:cloudtrail:us-east-1:858573892697:trail/vaultcloud-trail;cloudtrail_multi_region_enabled;False;vaultcloud-trail;FFIEC;FFIEC Cybersecurity Assessment Tool framework;
aws;In light of the increasing volume and sophistication of cyber threats, the Federal Financial Institutions Examination Council (FFIEC) developed the Cybersecurity Assessment Tool (Assessment), on behalf of its members, to help institutions identify their risks and determine their cybersecurity maturity.;858573892697;us-west-2;2026-09-19 09:30:34.148196;d2-ma-ma-b-2;Computer event logs are used for investigations once an event has occurred.;Threat Intelligence and Collaboration (Domain 2);Monitoring and Analyzing (MA);;aws;;PASS;Trail vaultcloud-trail is multiregion and it is logging.;arn:aws:cloudtrail:us-east-1:858573892697:trail/vaultcloud-trail;cloudtrail_multi_region_enabled;False;vaultcloud-trail;FFIEC;FFIEC Cybersecurity Assessment Tool framework;
aws;In light of the increasing volume and sophistication of cyber threats, the Federal Financial Institutions Examination Council (FFIEC) developed the Cybersecurity Assessment Tool (Assessment), on behalf of its members, to help institutions identify their risks and determine their cybersecurity maturity.;858573892697;us-west-2;2026-09-19 09:30:34.148196;d3-dc-an-b-3;Logs of physical and/or logical access are reviewed following events.;Cybersecurity Controls (Domain 3);Detective Controls (DC);;aws;;PASS;Trail vaultcloud-trail is multiregion and it is logging.;arn:aws:cloudtrail:us-east-1:858573892697:trail/vaultcloud-trail;cloudtrail_multi_region_enabled;False;vaultcloud-trail;FFIEC;FFIEC Cybersecurity Assessment Tool framework;
aws;In light of the increasing volume and sophistication of cyber threats, the Federal Financial Institutions Examination Council (FFIEC) developed the Cybersecurity Assessment Tool (Assessment), on behalf of its members, to help institutions identify their risks and determine their cybersecurity maturity.;858573892697;us-west-2;2026-09-19 09:30:34.148196;d3-dc-an-b-4;Access to critical systems by third parties is monitored for unauthorized or unusual activity.;Cybersecurity Controls (Domain 3);Detective Controls (DC);;aws;;PASS;Trail vaultcloud-trail is multiregion and it is logging.;arn:aws:cloudtrail:us-east-1:858573892697:trail/vaultcloud-trail;cloudtrail_multi_region_enabled;False;vaultcloud-trail;FFIEC;FFIEC Cybersecurity Assessment Tool framework;
aws;In light of the increasing volume and sophistication of cyber threats, the Federal Financial Institutions Examination Council (FFIEC) developed the Cybersecurity Assessment Tool (Assessment), on behalf of its members, to help institutions identify their risks and determine their cybersecurity maturity.;858573892697;us-west-2;2026-09-19 09:30:34.148196;d3-dc-an-b-5;Elevated privileges are monitored.;Cybersecurity Controls (Domain 3);Detective Controls (DC);;aws;;PASS;Trail vaultcloud-trail is multiregion and it is logging.;arn:aws:cloudtrail:us-east-1:858573892697:trail/vaultcloud-trail;cloudtrail_multi_region_enabled;False;vaultcloud-trail;FFIEC;FFIEC Cybersecurity Assessment Tool framework;
aws;In light of the increasing volume and sophistication of cyber threats, the Federal Financial Institutions Examination Council (FFIEC) developed the Cybersecurity Assessment Tool (Assessment), on behalf of its members, to help institutions identify their risks and determine their cybersecurity maturity.;858573892697;us-west-2;2026-09-19 09:30:34.148196;d3-dc-ev-b-1;A normal network activity baseline is established.;Cybersecurity Controls (Domain 3);Detective Controls (DC);;aws;;PASS;Trail vaultcloud-trail is multiregion and it is logging.;arn:aws:cloudtrail:us-east-1:858573892697:trail/vaultcloud-trail;cloudtrail_multi_region_enabled;False;vaultcloud-trail;FFIEC;FFIEC Cybersecurity Assessment Tool framework;
aws;In light of the increasing volume and sophistication of cyber threats, the Federal Financial Institutions Examination Council (FFIEC) developed the Cybersecurity Assessment Tool (Assessment), on behalf of its members, to help institutions identify their risks and determine their cybersecurity maturity.;858573892697;us-west-2;2026-09-19 09:30:34.148196;d3-dc-ev-b-3;Processes are in place to monitor for the presence of unauthorized users, devices, connections, and software.;Cybersecurity Controls (Domain 3);Detective Controls (DC);;aws;;PASS;Trail vaultcloud-trail is multiregion and it is logging.;arn:aws:cloudtrail:us-east-1:858573892697:trail/vaultcloud-trail;cloudtrail_multi_region_enabled;False;vaultcloud-trail;FFIEC;FFIEC Cybersecurity Assessment Tool framework;
aws;In light of the increasing volume and sophistication of cyber threats, the Federal Financial Institutions Examination Council (FFIEC) developed the Cybersecurity Assessment Tool (Assessment), on behalf of its members, to help institutions identify their risks and determine their cybersecurity maturity.;858573892697;us-west-2;2026-09-19 09:30:34.148196;d3-pc-im-b-3;All ports are monitored.;Cybersecurity Controls (Domain 3);Preventative Controls (PC);;aws;;PASS;Trail vaultcloud-trail is multiregion and it is logging.;arn:aws:cloudtrail:us-east-1:858573892697:trail/vaultcloud-trail;cloudtrail_multi_region_enabled;False;vaultcloud-trail;FFIEC;FFIEC Cybersecurity Assessment Tool framework;
aws;In light of the increasing volume and sophistication of cyber threats, the Federal Financial Institutions Examination Council (FFIEC) developed the Cybersecurity Assessment Tool (Assessment), on behalf of its members, to help institutions identify their risks and determine their cybersecurity maturity.;858573892697;us-west-2;2026-09-19 09:30:34.148196;d3-pc-im-b-7;Access to make changes to systems configurations (including virtual machines and hypervisors) is controlled and monitored.;Cybersecurity Controls (Domain 3);Preventative Controls (PC);;aws;;PASS;Trail vaultcloud-trail is multiregion and it is logging.;arn:aws:cloudtrail:us-east-1:858573892697:trail/vaultcloud-trail;cloudtrail_multi_region_enabled;False;vaultcloud-trail;FFIEC;FFIEC Cybersecurity Assessment Tool framework;
aws;In light of the increasing volume and sophistication of cyber threats, the Federal Financial Institutions Examination Council (FFIEC) developed the Cybersecurity Assessment Tool (Assessment), on behalf of its members, to help institutions identify their risks and determine their cybersecurity maturity.;858573892697;us-west-2;2026-09-19 09:30:34.148196;d5-dr-de-b-3;Tools and processes are in place to detect, alert, and trigger the incident response program.;Cyber Incident Management and Resilience (Domain 5);Detection, Response, & Mitigation (DR);;aws;;PASS;Trail vaultcloud-trail is multiregion and it is logging.;arn:aws:cloudtrail:us-east-1:858573892697:trail/vaultcloud-trail;cloudtrail_multi_region_enabled;False;vaultcloud-trail;FFIEC;FFIEC Cybersecurity Assessment Tool framework;
aws;In light of the increasing volume and sophistication of cyber threats, the Federal Financial Institutions Examination Council (FFIEC) developed the Cybersecurity Assessment Tool (Assessment), on behalf of its members, to help institutions identify their risks and determine their cybersecurity maturity.;858573892697;us-east-1;2026-09-19 09:30:34.148196;d2-ma-ma-b-1;Information security threats are gathered and shared with applicable internal employees.;Threat Intelligence and Collaboration (Domain 2);Monitoring and Analyzing (MA);;aws;;FAIL;No CloudTrail trails have a data event to record all S3 object-level API operations.;arn:aws:cloudtrail:us-east-1:858573892697:trail;cloudtrail_s3_dataevents_read_enabled;False;858573892697;FFIEC;FFIEC Cybersecurity Assessment Tool framework;
aws;In light of the increasing volume and sophistication of cyber threats, the Federal Financial Institutions Examination Council (FFIEC) developed the Cybersecurity Assessment Tool (Assessment), on behalf of its members, to help institutions identify their risks and determine their cybersecurity maturity.;858573892697;us-east-1;2026-09-19 09:30:34.148196;d2-ma-ma-b-2;Computer event logs are used for investigations once an event has occurred.;Threat Intelligence and Collaboration (Domain 2);Monitoring and Analyzing (MA);;aws;;FAIL;No CloudTrail trails have a data event to record all S3 object-level API operations.;arn:aws:cloudtrail:us-east-1:858573892697:trail;cloudtrail_s3_dataevents_read_enabled;False;858573892697;FFIEC;FFIEC Cybersecurity Assessment Tool framework;
aws;In light of the increasing volume and sophistication of cyber threats, the Federal Financial Institutions Examination Council (FFIEC) developed the Cybersecurity Assessment Tool (Assessment), on behalf of its members, to help institutions identify their risks and determine their cybersecurity maturity.;858573892697;us-east-1;2026-09-19 09:30:34.148196;d3-dc-an-b-3;Logs of physical and/or logical access are reviewed following events.;Cybersecurity Controls (Domain 3);Detective Controls (DC);;aws;;FAIL;No CloudTrail trails have a data event to record all S3 object-level API operations.;arn:aws:cloudtrail:us-east-1:858573892697:trail;cloudtrail_s3_dataevents_read_enabled;False;858573892697;FFIEC;FFIEC Cybersecurity Assessment Tool framework;
aws;In light of the increasing volume and sophistication of cyber threats, the Federal Financial Institutions Examination Council (FFIEC) developed the Cybersecurity Assessment Tool (Assessment), on behalf of its members, to help institutions identify their risks and determine their cybersecurity maturity.;858573892697;us-east-1;2026-09-19 09:30:34.148196;d3-dc-an-b-4;Access to critical systems by third parties is monitored for unauthorized or unusual activity.;Cybersecurity Controls (Domain 3);Detective Controls (DC);;aws;;FAIL;No CloudTrail trails have a data event to record all S3 object-level API operations.;arn:aws:cloudtrail:us-east-1:858573892697:trail;cloudtrail_s3_dataevents_read_enabled;False;858573892697;FFIEC;FFIEC Cybersecurity Assessment Tool framework;
aws;In light of the increasing volume and sophistication of cyber threats, the Federal Financial Institutions Examination Council (FFIEC) developed the Cybersecurity Assessment Tool (Assessment), on behalf of its members, to help institutions identify their risks and determine their cybersecurity maturity.;858573892697;us-east-1;2026-09-19 09:30:34.148196;d3-dc-ev-b-1;A normal network activity baseline is established.;Cybersecurity Controls (Domain 3);Detective Controls (DC);;aws;;FAIL;No CloudTrail trails have a data event to record all S3 object-level API operations.;arn:aws:cloudtrail:us-east-1:858573892697:trail;cloudtrail_s3_dataevents_read_enabled;False;858573892697;FFIEC;FFIEC Cybersecurity Assessment Tool framework;
aws;In light of the increasing volume and sophistication of cyber threats, the Federal Financial Institutions Examination Council (FFIEC) developed the Cybersecurity Assessment Tool (Assessment), on behalf of its members, to help institutions identify their risks and determine their cybersecurity maturity.;858573892697;us-east-1;2026-09-19 09:30:34.148196;d5-dr-de-b-3;Tools and processes are in place to detect, alert, and trigger the incident response program.;Cyber Incident Management and Resilience (Domain 5);Detection, Response, & Mitigation (DR);;aws;;FAIL;No CloudTrail trails have a data event to record all S3 object-level API operations.;arn:aws:cloudtrail:us-east-1:858573892697:trail;cloudtrail_s3_dataevents_read_enabled;False;858573892697;FFIEC;FFIEC Cybersecurity Assessment Tool framework;
aws;In light of the increasing volume and sophistication of cyber threats, the Federal Financial Institutions Examination Council (FFIEC) developed the Cybersecurity Assessment Tool (Assessment), on behalf of its members, to help institutions identify their risks and determine their cybersecurity maturity.;858573892697;us-east-1;2026-09-19 09:30:34.148196;d2-ma-ma-b-1;Information security threats are gathered and shared with applicable internal employees.;Threat Intelligence and Collaboration (Domain 2);Monitoring and Analyzing (MA);;aws;;FAIL;No CloudTrail trails have a data event to record all S3 object-level API operations.;arn:aws:cloudtrail:us-east-1:858573892697:trail;cloudtrail_s3_dataevents_write_enabled;False;858573892697;FFIEC;FFIEC Cybersecurity Assessment Tool framework;
aws;In light of the increasing volume and sophistication of cyber threats, the Federal Financial Institutions Examination Council (FFIEC) developed the Cybersecurity Assessment Tool (Assessment), on behalf of its members, to help institutions identify their risks and determine their cybersecurity maturity.;858573892697;us-east-1;2026-09-19 09:30:34.148196;d2-ma-ma-b-2;Computer event logs are used for investigations once an event has occurred.;Threat Intelligence and Collaboration (Domain 2);Monitoring and Analyzing (MA);;aws;;FAIL;No CloudTrail trails have a data event to record all S3 object-level API operations.;arn:aws:cloudtrail:us-east-1:858573892697:trail;cloudtrail_s3_dataevents_write_enabled;False;858573892697;FFIEC;FFIEC Cybersecurity Assessment Tool framework;
aws;In light of the increasing volume and sophistication of cyber threats, the Federal Financial Institutions Examination Council (FFIEC) developed the Cybersecurity Assessment Tool (Assessment), on behalf of its members, to help institutions identify their risks and determine their cybersecurity maturity.;858573892697;us-east-1;2026-09-19 09:30:34.148196;d3-dc-an-b-3;Logs of physical and/or logical access are reviewed following events.;Cybersecurity Controls (Domain 3);Detective Controls (DC);;aws;;FAIL;No CloudTrail trails have a data event to record all S3 object-level API operations.;arn:aws:cloudtrail:us-east-1:858573892697:trail;cloudtrail_s3_dataevents_write_enabled;False;858573892697;FFIEC;FFIEC Cybersecurity Assessment Tool framework;
aws;In light of the increasing volume and sophistication of cyber threats, the Federal Financial Institutions Examination Council (FFIEC) developed the Cybersecurity Assessment Tool (Assessment), on behalf of its members, to help institutions identify their risks and determine their cybersecurity maturity.;858573892697;us-east-1;2026-09-19 09:30:34.148196;d3-dc-an-b-4;Access to critical systems by third parties is monitored for unauthorized or unusual activity.;Cybersecurity Controls (Domain 3);Detective Controls (DC);;aws;;FAIL;No CloudTrail trails have a data event to record all S3 object-level API operations.;arn:aws:cloudtrail:us-east-1:858573892697:trail;cloudtrail_s3_dataevents_write_enabled;False;858573892697;FFIEC;FFIEC Cybersecurity Assessment Tool framework;
aws;In light of the increasing volume and sophistication of cyber threats, the Federal Financial Institutions Examination Council (FFIEC) developed the Cybersecurity Assessment Tool (Assessment), on behalf of its members, to help institutions identify their risks and determine their cybersecurity maturity.;858573892697;us-east-1;2026-09-19 09:30:34.148196;d3-dc-ev-b-1;A normal network activity baseline is established.;Cybersecurity Controls (Domain 3);Detective Controls (DC);;aws;;FAIL;No CloudTrail trails have a data event to record all S3 object-level API operations.;arn:aws:cloudtrail:us-east-1:858573892697:trail;cloudtrail_s3_dataevents_write_enabled;False;858573892697;FFIEC;FFIEC Cybersecurity Assessment Tool framework;
aws;In light of the increasing volume and sophistication of cyber threats, the Federal Financial Institutions Examination Council (FFIEC) developed the Cybersecurity Assessment Tool (Assessment), on behalf of its members, to help institutions identify their risks and determine their cybersecurity maturity.;858573892697;us-east-1;2026-09-19 09:30:34.148196;d5-dr-de-b-3;Tools and processes are in place to detect, alert, and trigger the incident response program.;Cyber Incident Management and Resilience (Domain 5);Detection, Response, & Mitigation (DR);;aws;;FAIL;No CloudTrail trails have a data event to record all S3 object-level API operations.;arn:aws:cloudtrail:us-east-1:858573892697:trail;cloudtrail_s3_dataevents_write_enabled;False;858573892697;FFIEC;FFIEC Cybersecurity Assessment Tool framework;
aws;In light of the increasing volume and sophistication of cyber threats, the Federal Financial Institutions Examination Council (FFIEC) developed the Cybersecurity Assessment Tool (Assessment), on behalf of its members, to help institutions identify their risks and determine their cybersecurity maturity.;858573892697;us-east-1;2026-09-19 09:30:34.148196;d5-dr-de-b-1;Alert parameters are set for detecting information security incidents that prompt mitigating actions.;Cyber Incident Management and Resilience (Domain 5);Detection, Response, & Mitigation (DR);;aws;;FAIL;No CloudWatch log groups found with metric filters or alarms associated.;arn:aws:logs:us-east-1:858573892697:log-group;cloudwatch_changes_to_network_acls_alarm_configured;False;858573892697;FFIEC;FFIEC Cybersecurity Assessment Tool framework;
aws;In light of the increasing volume and sophistication of cyber threats, the Federal Financial Institutions Examination Council (FFIEC) developed the Cybersecurity Assessment Tool (Assessment), on behalf of its members, to help institutions identify their risks and determine their cybersecurity maturity.;858573892697;us-east-1;2026-09-19 09:30:34.148196;d5-dr-de-b-3;Tools and processes are in place to detect, alert, and trigger the incident response program.;Cyber Incident Management and Resilience (Domain 5);Detection, Response, & Mitigation (DR);;aws;;FAIL;No CloudWatch log groups found with metric filters or alarms associated.;arn:aws:logs:us-east-1:858573892697:log-group;cloudwatch_changes_to_network_acls_alarm_configured;False;858573892697;FFIEC;FFIEC Cybersecurity Assessment Tool framework;
aws;In light of the increasing volume and sophistication of cyber threats, the Federal Financial Institutions Examination Council (FFIEC) developed the Cybersecurity Assessment Tool (Assessment), on behalf of its members, to help institutions identify their risks and determine their cybersecurity maturity.;858573892697;us-east-1;2026-09-19 09:30:34.148196;d5-dr-de-b-1;Alert parameters are set for detecting information security incidents that prompt mitigating actions.;Cyber Incident Management and Resilience (Domain 5);Detection, Response, & Mitigation (DR);;aws;;FAIL;No CloudWatch log groups found with metric filters or alarms associated.;arn:aws:logs:us-east-1:858573892697:log-group;cloudwatch_changes_to_network_gateways_alarm_configured;False;858573892697;FFIEC;FFIEC Cybersecurity Assessment Tool framework;
aws;In light of the increasing volume and sophistication of cyber threats, the Federal Financial Institutions Examination Council (FFIEC) developed the Cybersecurity Assessment Tool (Assessment), on behalf of its members, to help institutions identify their risks and determine their cybersecurity maturity.;858573892697;us-east-1;2026-09-19 09:30:34.148196;d5-dr-de-b-3;Tools and processes are in place to detect, alert, and trigger the incident response program.;Cyber Incident Management and Resilience (Domain 5);Detection, Response, & Mitigation (DR);;aws;;FAIL;No CloudWatch log groups found with metric filters or alarms associated.;arn:aws:logs:us-east-1:858573892697:log-group;cloudwatch_changes_to_network_gateways_alarm_configured;False;858573892697;FFIEC;FFIEC Cybersecurity Assessment Tool framework;
aws;In light of the increasing volume and sophistication of cyber threats, the Federal Financial Institutions Examination Council (FFIEC) developed the Cybersecurity Assessment Tool (Assessment), on behalf of its members, to help institutions identify their risks and determine their cybersecurity maturity.;858573892697;us-east-1;2026-09-19 09:30:34.148196;d5-dr-de-b-1;Alert parameters are set for detecting information security incidents that prompt mitigating actions.;Cyber Incident Management and Resilience (Domain 5);Detection, Response, & Mitigation (DR);;aws;;FAIL;No CloudWatch log groups found with metric filters or alarms associated.;arn:aws:logs:us-east-1:858573892697:log-group;cloudwatch_changes_to_network_route_tables_alarm_configured;False;858573892697;FFIEC;FFIEC Cybersecurity Assessment Tool framework;
aws;In light of the increasing volume and sophistication of cyber threats, the Federal Financial Institutions Examination Council (FFIEC) developed the Cybersecurity Assessment Tool (Assessment), on behalf of its members, to help institutions identify their risks and determine their cybersecurity maturity.;858573892697;us-east-1;2026-09-19 09:30:34.148196;d5-dr-de-b-3;Tools and processes are in place to detect, alert, and trigger the incident response program.;Cyber Incident Management and Resilience (Domain 5);Detection, Response, & Mitigation (DR);;aws;;FAIL;No CloudWatch log groups found with metric filters or alarms associated.;arn:aws:logs:us-east-1:858573892697:log-group;cloudwatch_changes_to_network_route_tables_alarm_configured;False;858573892697;FFIEC;FFIEC Cybersecurity Assessment Tool framework;
aws;In light of the increasing volume and sophistication of cyber threats, the Federal Financial Institutions Examination Council (FFIEC) developed the Cybersecurity Assessment Tool (Assessment), on behalf of its members, to help institutions identify their risks and determine their cybersecurity maturity.;858573892697;us-east-1;2026-09-19 09:30:34.148196;d5-dr-de-b-1;Alert parameters are set for detecting information security incidents that prompt mitigating actions.;Cyber Incident Management and Resilience (Domain 5);Detection, Response, & Mitigation (DR);;aws;;FAIL;No CloudWatch log groups found with metric filters or alarms associated.;arn:aws:logs:us-east-1:858573892697:log-group;cloudwatch_changes_to_vpcs_alarm_configured;False;858573892697;FFIEC;FFIEC Cybersecurity Assessment Tool framework;
aws;In light of the increasing volume and sophistication of cyber threats, the Federal Financial Institutions Examination Council (FFIEC) developed the Cybersecurity Assessment Tool (Assessment), on behalf of its members, to help institutions identify their risks and determine their cybersecurity maturity.;858573892697;us-east-1;2026-09-19 09:30:34.148196;d5-dr-de-b-3;Tools and processes are in place to detect, alert, and trigger the incident response program.;Cyber Incident Management and Resilience (Domain 5);Detection, Response, & Mitigation (DR);;aws;;FAIL;No CloudWatch log groups found with metric filters or alarms associated.;arn:aws:logs:us-east-1:858573892697:log-group;cloudwatch_changes_to_vpcs_alarm_configured;False;858573892697;FFIEC;FFIEC Cybersecurity Assessment Tool framework;
aws;In light of the increasing volume and sophistication of cyber threats, the Federal Financial Institutions Examination Council (FFIEC) developed the Cybersecurity Assessment Tool (Assessment), on behalf of its members, to help institutions identify their risks and determine their cybersecurity maturity.;858573892697;us-east-1;2026-09-19 09:30:34.148196;d2-ma-ma-b-1;Information security threats are gathered and shared with applicable internal employees.;Threat Intelligence and Collaboration (Domain 2);Monitoring and Analyzing (MA);;aws;;PASS;Log Group /aws/lambda/security-remediation-cloudtrail comply with 365 days retention period since it never expires.;arn:aws:logs:us-east-1:858573892697:log-group:/aws/lambda/security-remediation-cloudtrail:*;cloudwatch_log_group_retention_policy_specific_days_enabled;False;/aws/lambda/security-remediation-cloudtrail;FFIEC;FFIEC Cybersecurity Assessment Tool framework;
aws;In light of the increasing volume and sophistication of cyber threats, the Federal Financial Institutions Examination Council (FFIEC) developed the Cybersecurity Assessment Tool (Assessment), on behalf of its members, to help institutions identify their risks and determine their cybersecurity maturity.;858573892697;us-east-1;2026-09-19 09:30:34.148196;d2-ma-ma-b-1;Information security threats are gathered and shared with applicable internal employees.;Threat Intelligence and Collaboration (Domain 2);Monitoring and Analyzing (MA);;aws;;PASS;Log Group /aws/lambda/security-remediation-s3-encryption comply with 365 days retention period since it never expires.;arn:aws:logs:us-east-1:858573892697:log-group:/aws/lambda/security-remediation-s3-encryption:*;cloudwatch_log_group_retention_policy_specific_days_enabled;False;/aws/lambda/security-remediation-s3-encryption;FFIEC;FFIEC Cybersecurity Assessment Tool framework;
aws;In light of the increasing volume and sophistication of cyber threats, the Federal Financial Institutions Examination Council (FFIEC) developed the Cybersecurity Assessment Tool (Assessment), on behalf of its members, to help institutions identify their risks and determine their cybersecurity maturity.;858573892697;us-east-1;2026-09-19 09:30:34.148196;d2-ma-ma-b-1;Information security threats are gathered and shared with applicable internal employees.;Threat Intelligence and Collaboration (Domain 2);Monitoring and Analyzing (MA);;aws;;PASS;Log Group /aws/lambda/security-remediation-rdp comply with 365 days retention period since it never expires.;arn:aws:logs:us-east-1:858573892697:log-group:/aws/lambda/security-remediation-rdp:*;cloudwatch_log_group_retention_policy_specific_days_enabled;False;/aws/lambda/security-remediation-rdp;FFIEC;FFIEC Cybersecurity Assessment Tool framework;
aws;In light of the increasing volume and sophistication of cyber threats, the Federal Financial Institutions Examination Council (FFIEC) developed the Cybersecurity Assessment Tool (Assessment), on behalf of its members, to help institutions identify their risks and determine their cybersecurity maturity.;858573892697;us-east-1;2026-09-19 09:30:34.148196;d2-ma-ma-b-1;Information security threats are gathered and shared with applicable internal employees.;Threat Intelligence and Collaboration (Domain 2);Monitoring and Analyzing (MA);;aws;;PASS;Log Group /aws/lambda/security-remediation-ssh comply with 365 days retention period since it never expires.;arn:aws:logs:us-east-1:858573892697:log-group:/aws/lambda/security-remediation-ssh:*;cloudwatch_log_group_retention_policy_specific_days_enabled;False;/aws/lambda/security-remediation-ssh;FFIEC;FFIEC Cybersecurity Assessment Tool framework;
aws;In light of the increasing volume and sophistication of cyber threats, the Federal Financial Institutions Examination Council (FFIEC) developed the Cybersecurity Assessment Tool (Assessment), on behalf of its members, to help institutions identify their risks and determine their cybersecurity maturity.;858573892697;us-east-1;2026-09-19 09:30:34.148196;d2-ma-ma-b-1;Information security threats are gathered and shared with applicable internal employees.;Threat Intelligence and Collaboration (Domain 2);Monitoring and Analyzing (MA);;aws;;PASS;Log Group /aws/lambda/security-remediation-s3-public comply with 365 days retention period since it never expires.;arn:aws:logs:us-east-1:858573892697:log-group:/aws/lambda/security-remediation-s3-public:*;cloudwatch_log_group_retention_policy_specific_days_enabled;False;/aws/lambda/security-remediation-s3-public;FFIEC;FFIEC Cybersecurity Assessment Tool framework;
aws;In light of the increasing volume and sophistication of cyber threats, the Federal Financial Institutions Examination Council (FFIEC) developed the Cybersecurity Assessment Tool (Assessment), on behalf of its members, to help institutions identify their risks and determine their cybersecurity maturity.;858573892697;us-east-1;2026-09-19 09:30:34.148196;d2-ma-ma-b-1;Information security threats are gathered and shared with applicable internal employees.;Threat Intelligence and Collaboration (Domain 2);Monitoring and Analyzing (MA);;aws;;PASS;Log Group aws-cloudtrail-logs-858573892697-9a7175d0 comply with 365 days retention period since it never expires.;arn:aws:logs:us-east-1:858573892697:log-group:aws-cloudtrail-logs-858573892697-9a7175d0:*;cloudwatch_log_group_retention_policy_specific_days_enabled;False;aws-cloudtrail-logs-858573892697-9a7175d0;FFIEC;FFIEC Cybersecurity Assessment Tool framework;
aws;In light of the increasing volume and sophistication of cyber threats, the Federal Financial Institutions Examination Council (FFIEC) developed the Cybersecurity Assessment Tool (Assessment), on behalf of its members, to help institutions identify their risks and determine their cybersecurity maturity.;858573892697;us-east-1;2026-09-19 09:30:34.148196;d3-pc-am-b-12;All passwords are encrypted in storage and in transit.;Cybersecurity Controls (Domain 3);Preventative Controls (PC);;aws;;FAIL;EBS Default Encryption is not activated.;arn:aws:ec2:us-east-1:858573892697:volume;ec2_ebs_default_encryption;False;858573892697;FFIEC;FFIEC Cybersecurity Assessment Tool framework;
aws;In light of the increasing volume and sophistication of cyber threats, the Federal Financial Institutions Examination Council (FFIEC) developed the Cybersecurity Assessment Tool (Assessment), on behalf of its members, to help institutions identify their risks and determine their cybersecurity maturity.;858573892697;us-east-1;2026-09-19 09:30:34.148196;d3-pc-am-b-12;All passwords are encrypted in storage and in transit.;Cybersecurity Controls (Domain 3);Preventative Controls (PC);;aws;;FAIL;EBS Snapshot vol-0ec53f13bc8af8c89 is unencrypted.;arn:aws:ec2:us-east-1:858573892697:volume/vol-0ec53f13bc8af8c89;ec2_ebs_volume_encryption;False;vol-0ec53f13bc8af8c89;FFIEC;FFIEC Cybersecurity Assessment Tool framework;
aws;In light of the increasing volume and sophistication of cyber threats, the Federal Financial Institutions Examination Council (FFIEC) developed the Cybersecurity Assessment Tool (Assessment), on behalf of its members, to help institutions identify their risks and determine their cybersecurity maturity.;858573892697;us-east-1;2026-09-19 09:30:34.148196;d1-g-it-b-1;An inventory of organizational assets (e.g., hardware, software, data, and systems hosted externally) is maintained.;Cyber Risk Management and Oversight (Domain 1);Governance (G);;aws;;PASS;Elastic IP 98.95.151.174 is associated with an instance or network interface.;arn:aws:ec2:us-east-1:858573892697:eip-allocation/eipalloc-0d129f5484bb5b337;ec2_elastic_ip_unassigned;False;98.95.151.174;FFIEC;FFIEC Cybersecurity Assessment Tool framework;
aws;In light of the increasing volume and sophistication of cyber threats, the Federal Financial Institutions Examination Council (FFIEC) developed the Cybersecurity Assessment Tool (Assessment), on behalf of its members, to help institutions identify their risks and determine their cybersecurity maturity.;858573892697;us-east-1;2026-09-19 09:30:34.148196;d1-g-it-b-1;An inventory of organizational assets (e.g., hardware, software, data, and systems hosted externally) is maintained.;Cyber Risk Management and Oversight (Domain 1);Governance (G);;aws;;PASS;EC2 Instance i-06f893ed5cf0f73fc is managed by Systems Manager.;arn:aws:ec2:us-east-1:858573892697:instance/i-06f893ed5cf0f73fc;ec2_instance_managed_by_ssm;False;i-06f893ed5cf0f73fc;FFIEC;FFIEC Cybersecurity Assessment Tool framework;
aws;In light of the increasing volume and sophistication of cyber threats, the Federal Financial Institutions Examination Council (FFIEC) developed the Cybersecurity Assessment Tool (Assessment), on behalf of its members, to help institutions identify their risks and determine their cybersecurity maturity.;858573892697;us-east-1;2026-09-19 09:30:34.148196;d3-pc-im-b-5;Systems configurations (for servers, desktops, routers, etc.) follow industry standards and are enforced;Cybersecurity Controls (Domain 3);Preventative Controls (PC);;aws;;PASS;EC2 Instance i-06f893ed5cf0f73fc is managed by Systems Manager.;arn:aws:ec2:us-east-1:858573892697:instance/i-06f893ed5cf0f73fc;ec2_instance_managed_by_ssm;False;i-06f893ed5cf0f73fc;FFIEC;FFIEC Cybersecurity Assessment Tool framework;
aws;In light of the increasing volume and sophistication of cyber threats, the Federal Financial Institutions Examination Council (FFIEC) developed the Cybersecurity Assessment Tool (Assessment), on behalf of its members, to help institutions identify their risks and determine their cybersecurity maturity.;858573892697;us-east-1;2026-09-19 09:30:34.148196;d1-g-it-b-1;An inventory of organizational assets (e.g., hardware, software, data, and systems hosted externally) is maintained.;Cyber Risk Management and Oversight (Domain 1);Governance (G);;aws;;PASS;EC2 Instance i-06f893ed5cf0f73fc is not older than 180 days (0 days).;arn:aws:ec2:us-east-1:858573892697:instance/i-06f893ed5cf0f73fc;ec2_instance_older_than_specific_days;False;i-06f893ed5cf0f73fc;FFIEC;FFIEC Cybersecurity Assessment Tool framework;
aws;In light of the increasing volume and sophistication of cyber threats, the Federal Financial Institutions Examination Council (FFIEC) developed the Cybersecurity Assessment Tool (Assessment), on behalf of its members, to help institutions identify their risks and determine their cybersecurity maturity.;858573892697;us-east-1;2026-09-19 09:30:34.148196;d3-pc-am-b-1;Employee access is granted to systems and confidential data based on job responsibilities and the principles of least privilege.;Cybersecurity Controls (Domain 3);Preventative Controls (PC);;aws;;FAIL;EC2 Instance i-06f893ed5cf0f73fc not associated with an Instance Profile Role.;arn:aws:ec2:us-east-1:858573892697:instance/i-06f893ed5cf0f73fc;ec2_instance_profile_attached;False;i-06f893ed5cf0f73fc;FFIEC;FFIEC Cybersecurity Assessment Tool framework;
aws;In light of the increasing volume and sophistication of cyber threats, the Federal Financial Institutions Examination Council (FFIEC) developed the Cybersecurity Assessment Tool (Assessment), on behalf of its members, to help institutions identify their risks and determine their cybersecurity maturity.;858573892697;us-east-1;2026-09-19 09:30:34.148196;d3-pc-im-b-1;Network perimeter defense tools (e.g., border router and firewall) are used.;Cybersecurity Controls (Domain 3);Preventative Controls (PC);;aws;;FAIL;EC2 Instance i-06f893ed5cf0f73fc has a Public IP: 3.235.106.219 (ec2-3-235-106-219.compute-1.amazonaws.com).;arn:aws:ec2:us-east-1:858573892697:instance/i-06f893ed5cf0f73fc;ec2_instance_public_ip;False;i-06f893ed5cf0f73fc;FFIEC;FFIEC Cybersecurity Assessment Tool framework;
aws;In light of the increasing volume and sophistication of cyber threats, the Federal Financial Institutions Examination Council (FFIEC) developed the Cybersecurity Assessment Tool (Assessment), on behalf of its members, to help institutions identify their risks and determine their cybersecurity maturity.;858573892697;us-east-1;2026-09-19 09:30:34.148196;d3-pc-am-b-10;Production and non-production environments are segregated to prevent unauthorized access or changes to information assets. (*N/A if no production environment exists at the institution or the institution's third party.);Cybersecurity Controls (Domain 3);Preventative Controls (PC);;aws;;FAIL;Network ACL acl-0098e87093e7acb5d has every port open to the Internet.;arn:aws:ec2:us-east-1:858573892697:network-acl/acl-0098e87093e7acb5d;ec2_networkacl_allow_ingress_any_port;False;acl-0098e87093e7acb5d;FFIEC;FFIEC Cybersecurity Assessment Tool framework;
aws;In light of the increasing volume and sophistication of cyber threats, the Federal Financial Institutions Examination Council (FFIEC) developed the Cybersecurity Assessment Tool (Assessment), on behalf of its members, to help institutions identify their risks and determine their cybersecurity maturity.;858573892697;us-east-1;2026-09-19 09:30:34.148196;d3-pc-im-b-1;Network perimeter defense tools (e.g., border router and firewall) are used.;Cybersecurity Controls (Domain 3);Preventative Controls (PC);;aws;;FAIL;Network ACL acl-0098e87093e7acb5d has every port open to the Internet.;arn:aws:ec2:us-east-1:858573892697:network-acl/acl-0098e87093e7acb5d;ec2_networkacl_allow_ingress_any_port;False;acl-0098e87093e7acb5d;FFIEC;FFIEC Cybersecurity Assessment Tool framework;
aws;In light of the increasing volume and sophistication of cyber threats, the Federal Financial Institutions Examination Council (FFIEC) developed the Cybersecurity Assessment Tool (Assessment), on behalf of its members, to help institutions identify their risks and determine their cybersecurity maturity.;858573892697;us-east-1;2026-09-19 09:30:34.148196;d3-pc-im-b-2;Systems that are accessed from the Internet or by external parties are protected by firewalls or other similar devices.;Cybersecurity Controls (Domain 3);Preventative Controls (PC);;aws;;FAIL;Network ACL acl-0098e87093e7acb5d has every port open to the Internet.;arn:aws:ec2:us-east-1:858573892697:network-acl/acl-0098e87093e7acb5d;ec2_networkacl_allow_ingress_any_port;False;acl-0098e87093e7acb5d;FFIEC;FFIEC Cybersecurity Assessment Tool framework;
aws;In light of the increasing volume and sophistication of cyber threats, the Federal Financial Institutions Examination Council (FFIEC) developed the Cybersecurity Assessment Tool (Assessment), on behalf of its members, to help institutions identify their risks and determine their cybersecurity maturity.;858573892697;us-east-1;2026-09-19 09:30:34.148196;d3-pc-im-b-6;Ports, functions, protocols and services are prohibited if no longer needed for business purposes.;Cybersecurity Controls (Domain 3);Preventative Controls (PC);;aws;;FAIL;Network ACL acl-0098e87093e7acb5d has every port open to the Internet.;arn:aws:ec2:us-east-1:858573892697:network-acl/acl-0098e87093e7acb5d;ec2_networkacl_allow_ingress_any_port;False;acl-0098e87093e7acb5d;FFIEC;FFIEC Cybersecurity Assessment Tool framework;
aws;In light of the increasing volume and sophistication of cyber threats, the Federal Financial Institutions Examination Council (FFIEC) developed the Cybersecurity Assessment Tool (Assessment), on behalf of its members, to help institutions identify their risks and determine their cybersecurity maturity.;858573892697;us-east-1;2026-09-19 09:30:34.148196;d4-c-co-b-2;The institution ensures that third-party connections are authorized.;External Dependency Management (Domain 4);Connections (C);;aws;;FAIL;Network ACL acl-0098e87093e7acb5d has every port open to the Internet.;arn:aws:ec2:us-east-1:858573892697:network-acl/acl-0098e87093e7acb5d;ec2_networkacl_allow_ingress_any_port;False;acl-0098e87093e7acb5d;FFIEC;FFIEC Cybersecurity Assessment Tool framework;
aws;In light of the increasing volume and sophistication of cyber threats, the Federal Financial Institutions Examination Council (FFIEC) developed the Cybersecurity Assessment Tool (Assessment), on behalf of its members, to help institutions identify their risks and determine their cybersecurity maturity.;858573892697;us-east-1;2026-09-19 09:30:34.148196;d3-pc-am-b-10;Production and non-production environments are segregated to prevent unauthorized access or changes to information assets. (*N/A if no production environment exists at the institution or the institution's third party.);Cybersecurity Controls (Domain 3);Preventative Controls (PC);;aws;;FAIL;Network ACL acl-0dd8762c751bf1faf has every port open to the Internet.;arn:aws:ec2:us-east-1:858573892697:network-acl/acl-0dd8762c751bf1faf;ec2_networkacl_allow_ingress_any_port;False;acl-0dd8762c751bf1faf;FFIEC;FFIEC Cybersecurity Assessment Tool framework;
aws;In light of the increasing volume and sophistication of cyber threats, the Federal Financial Institutions Examination Council (FFIEC) developed the Cybersecurity Assessment Tool (Assessment), on behalf of its members, to help institutions identify their risks and determine their cybersecurity maturity.;858573892697;us-east-1;2026-09-19 09:30:34.148196;d3-pc-im-b-1;Network perimeter defense tools (e.g., border router and firewall) are used.;Cybersecurity Controls (Domain 3);Preventative Controls (PC);;aws;;FAIL;Network ACL acl-0dd8762c751bf1faf has every port open to the Internet.;arn:aws:ec2:us-east-1:858573892697:network-acl/acl-0dd8762c751bf1faf;ec2_networkacl_allow_ingress_any_port;False;acl-0dd8762c751bf1faf;FFIEC;FFIEC Cybersecurity Assessment Tool framework;
aws;In light of the increasing volume and sophistication of cyber threats, the Federal Financial Institutions Examination Council (FFIEC) developed the Cybersecurity Assessment Tool (Assessment), on behalf of its members, to help institutions identify their risks and determine their cybersecurity maturity.;858573892697;us-east-1;2026-09-19 09:30:34.148196;d3-pc-im-b-2;Systems that are accessed from the Internet or by external parties are protected by firewalls or other similar devices.;Cybersecurity Controls (Domain 3);Preventative Controls (PC);;aws;;FAIL;Network ACL acl-0dd8762c751bf1faf has every port open to the Internet.;arn:aws:ec2:us-east-1:858573892697:network-acl/acl-0dd8762c751bf1faf;ec2_networkacl_allow_ingress_any_port;False;acl-0dd8762c751bf1faf;FFIEC;FFIEC Cybersecurity Assessment Tool framework;
aws;In light of the increasing volume and sophistication of cyber threats, the Federal Financial Institutions Examination Council (FFIEC) developed the Cybersecurity Assessment Tool (Assessment), on behalf of its members, to help institutions identify their risks and determine their cybersecurity maturity.;858573892697;us-east-1;2026-09-19 09:30:34.148196;d3-pc-im-b-6;Ports, functions, protocols and services are prohibited if no longer needed for business purposes.;Cybersecurity Controls (Domain 3);Preventative Controls (PC);;aws;;FAIL;Network ACL acl-0dd8762c751bf1faf has every port open to the Internet.;arn:aws:ec2:us-east-1:858573892697:network-acl/acl-0dd8762c751bf1faf;ec2_networkacl_allow_ingress_any_port;False;acl-0dd8762c751bf1faf;FFIEC;FFIEC Cybersecurity Assessment Tool framework;
aws;In light of the increasing volume and sophistication of cyber threats, the Federal Financial Institutions Examination Council (FFIEC) developed the Cybersecurity Assessment Tool (Assessment), on behalf of its members, to help institutions identify their risks and determine their cybersecurity maturity.;858573892697;us-east-1;2026-09-19 09:30:34.148196;d4-c-co-b-2;The institution ensures that third-party connections are authorized.;External Dependency Management (Domain 4);Connections (C);;aws;;FAIL;Network ACL acl-0dd8762c751bf1faf has every port open to the Internet.;arn:aws:ec2:us-east-1:858573892697:network-acl/acl-0dd8762c751bf1faf;ec2_networkacl_allow_ingress_any_port;False;acl-0dd8762c751bf1faf;FFIEC;FFIEC Cybersecurity Assessment Tool framework;
aws;In light of the increasing volume and sophistication of cyber threats, the Federal Financial Institutions Examination Council (FFIEC) developed the Cybersecurity Assessment Tool (Assessment), on behalf of its members, to help institutions identify their risks and determine their cybersecurity maturity.;858573892697;us-east-1;2026-09-19 09:30:34.148196;d3-pc-am-b-10;Production and non-production environments are segregated to prevent unauthorized access or changes to information assets. (*N/A if no production environment exists at the institution or the institution's third party.);Cybersecurity Controls (Domain 3);Preventative Controls (PC);;aws;;FAIL;Network ACL acl-063278b96400cd005 has every port open to the Internet.;arn:aws:ec2:us-east-1:858573892697:network-acl/acl-063278b96400cd005;ec2_networkacl_allow_ingress_any_port;False;acl-063278b96400cd005;FFIEC;FFIEC Cybersecurity Assessment Tool framework;
aws;In light of the increasing volume and sophistication of cyber threats, the Federal Financial Institutions Examination Council (FFIEC) developed the Cybersecurity Assessment Tool (Assessment), on behalf of its members, to help institutions identify their risks and determine their cybersecurity maturity.;858573892697;us-east-1;2026-09-19 09:30:34.148196;d3-pc-im-b-1;Network perimeter defense tools (e.g., border router and firewall) are used.;Cybersecurity Controls (Domain 3);Preventative Controls (PC);;aws;;FAIL;Network ACL acl-063278b96400cd005 has every port open to the Internet.;arn:aws:ec2:us-east-1:858573892697:network-acl/acl-063278b96400cd005;ec2_networkacl_allow_ingress_any_port;False;acl-063278b96400cd005;FFIEC;FFIEC Cybersecurity Assessment Tool framework;
aws;In light of the increasing volume and sophistication of cyber threats, the Federal Financial Institutions Examination Council (FFIEC) developed the Cybersecurity Assessment Tool (Assessment), on behalf of its members, to help institutions identify their risks and determine their cybersecurity maturity.;858573892697;us-east-1;2026-09-19 09:30:34.148196;d3-pc-im-b-2;Systems that are accessed from the Internet or by external parties are protected by firewalls or other similar devices.;Cybersecurity Controls (Domain 3);Preventative Controls (PC);;aws;;FAIL;Network ACL acl-063278b96400cd005 has every port open to the Internet.;arn:aws:ec2:us-east-1:858573892697:network-acl/acl-063278b96400cd005;ec2_networkacl_allow_ingress_any_port;False;acl-063278b96400cd005;FFIEC;FFIEC Cybersecurity Assessment Tool framework;
aws;In light of the increasing volume and sophistication of cyber threats, the Federal Financial Institutions Examination Council (FFIEC) developed the Cybersecurity Assessment Tool (Assessment), on behalf of its members, to help institutions identify their risks and determine their cybersecurity maturity.;858573892697;us-east-1;2026-09-19 09:30:34.148196;d3-pc-im-b-6;Ports, functions, protocols and services are prohibited if no longer needed for business purposes.;Cybersecurity Controls (Domain 3);Preventative Controls (PC);;aws;;FAIL;Network ACL acl-063278b96400cd005 has every port open to the Internet.;arn:aws:ec2:us-east-1:858573892697:network-acl/acl-063278b96400cd005;ec2_networkacl_allow_ingress_any_port;False;acl-063278b96400cd005;FFIEC;FFIEC Cybersecurity Assessment Tool framework;
aws;In light of the increasing volume and sophistication of cyber threats, the Federal Financial Institutions Examination Council (FFIEC) developed the Cybersecurity Assessment Tool (Assessment), on behalf of its members, to help institutions identify their risks and determine their cybersecurity maturity.;858573892697;us-east-1;2026-09-19 09:30:34.148196;d4-c-co-b-2;The institution ensures that third-party connections are authorized.;External Dependency Management (Domain 4);Connections (C);;aws;;FAIL;Network ACL acl-063278b96400cd005 has every port open to the Internet.;arn:aws:ec2:us-east-1:858573892697:network-acl/acl-063278b96400cd005;ec2_networkacl_allow_ingress_any_port;False;acl-063278b96400cd005;FFIEC;FFIEC Cybersecurity Assessment Tool framework;
aws;In light of the increasing volume and sophistication of cyber threats, the Federal Financial Institutions Examination Council (FFIEC) developed the Cybersecurity Assessment Tool (Assessment), on behalf of its members, to help institutions identify their risks and determine their cybersecurity maturity.;858573892697;us-east-1;2026-09-19 09:30:34.148196;d3-pc-am-b-10;Production and non-production environments are segregated to prevent unauthorized access or changes to information assets. (*N/A if no production environment exists at the institution or the institution's third party.);Cybersecurity Controls (Domain 3);Preventative Controls (PC);;aws;;FAIL;Network ACL acl-5a2cdc27 has every port open to the Internet.;arn:aws:ec2:us-east-1:858573892697:network-acl/acl-5a2cdc27;ec2_networkacl_allow_ingress_any_port;False;acl-5a2cdc27;FFIEC;FFIEC Cybersecurity Assessment Tool framework;
aws;In light of the increasing volume and sophistication of cyber threats, the Federal Financial Institutions Examination Council (FFIEC) developed the Cybersecurity Assessment Tool (Assessment), on behalf of its members, to help institutions identify their risks and determine their cybersecurity maturity.;858573892697;us-east-1;2026-09-19 09:30:34.148196;d3-pc-im-b-1;Network perimeter defense tools (e.g., border router and firewall) are used.;Cybersecurity Controls (Domain 3);Preventative Controls (PC);;aws;;FAIL;Network ACL acl-5a2cdc27 has every port open to the Internet.;arn:aws:ec2:us-east-1:858573892697:network-acl/acl-5a2cdc27;ec2_networkacl_allow_ingress_any_port;False;acl-5a2cdc27;FFIEC;FFIEC Cybersecurity Assessment Tool framework;
aws;In light of the increasing volume and sophistication of cyber threats, the Federal Financial Institutions Examination Council (FFIEC) developed the Cybersecurity Assessment Tool (Assessment), on behalf of its members, to help institutions identify their risks and determine their cybersecurity maturity.;858573892697;us-east-1;2026-09-19 09:30:34.148196;d3-pc-im-b-2;Systems that are accessed from the Internet or by external parties are protected by firewalls or other similar devices.;Cybersecurity Controls (Domain 3);Preventative Controls (PC);;aws;;FAIL;Network ACL acl-5a2cdc27 has every port open to the Internet.;arn:aws:ec2:us-east-1:858573892697:network-acl/acl-5a2cdc27;ec2_networkacl_allow_ingress_any_port;False;acl-5a2cdc27;FFIEC;FFIEC Cybersecurity Assessment Tool framework;
aws;In light of the increasing volume and sophistication of cyber threats, the Federal Financial Institutions Examination Council (FFIEC) developed the Cybersecurity Assessment Tool (Assessment), on behalf of its members, to help institutions identify their risks and determine their cybersecurity maturity.;858573892697;us-east-1;2026-09-19 09:30:34.148196;d3-pc-im-b-6;Ports, functions, protocols and services are prohibited if no longer needed for business purposes.;Cybersecurity Controls (Domain 3);Preventative Controls (PC);;aws;;FAIL;Network ACL acl-5a2cdc27 has every port open to the Internet.;arn:aws:ec2:us-east-1:858573892697:network-acl/acl-5a2cdc27;ec2_networkacl_allow_ingress_any_port;False;acl-5a2cdc27;FFIEC;FFIEC Cybersecurity Assessment Tool framework;
aws;In light of the increasing volume and sophistication of cyber threats, the Federal Financial Institutions Examination Council (FFIEC) developed the Cybersecurity Assessment Tool (Assessment), on behalf of its members, to help institutions identify their risks and determine their cybersecurity maturity.;858573892697;us-east-1;2026-09-19 09:30:34.148196;d4-c-co-b-2;The institution ensures that third-party connections are authorized.;External Dependency Management (Domain 4);Connections (C);;aws;;FAIL;Network ACL acl-5a2cdc27 has every port open to the Internet.;arn:aws:ec2:us-east-1:858573892697:network-acl/acl-5a2cdc27;ec2_networkacl_allow_ingress_any_port;False;acl-5a2cdc27;FFIEC;FFIEC Cybersecurity Assessment Tool framework;
aws;In light of the increasing volume and sophistication of cyber threats, the Federal Financial Institutions Examination Council (FFIEC) developed the Cybersecurity Assessment Tool (Assessment), on behalf of its members, to help institutions identify their risks and determine their cybersecurity maturity.;858573892697;us-east-1;2026-09-19 09:30:34.148196;d3-pc-am-b-10;Production and non-production environments are segregated to prevent unauthorized access or changes to information assets. (*N/A if no production environment exists at the institution or the institution's third party.);Cybersecurity Controls (Domain 3);Preventative Controls (PC);;aws;;PASS;Security group vaultcloud-db-sg (sg-059591e29c62e2064) has all ports open to the Internet and therefore was not checked against the specific SSH port 22.;arn:aws:ec2:us-east-1:858573892697:security-group/sg-059591e29c62e2064;ec2_securitygroup_allow_ingress_from_internet_to_tcp_port_22;False;sg-059591e29c62e2064;FFIEC;FFIEC Cybersecurity Assessment Tool framework;
aws;In light of the increasing volume and sophistication of cyber threats, the Federal Financial Institutions Examination Council (FFIEC) developed the Cybersecurity Assessment Tool (Assessment), on behalf of its members, to help institutions identify their risks and determine their cybersecurity maturity.;858573892697;us-east-1;2026-09-19 09:30:34.148196;d3-pc-im-b-1;Network perimeter defense tools (e.g., border router and firewall) are used.;Cybersecurity Controls (Domain 3);Preventative Controls (PC);;aws;;PASS;Security group vaultcloud-db-sg (sg-059591e29c62e2064) has all ports open to the Internet and therefore was not checked against the specific SSH port 22.;arn:aws:ec2:us-east-1:858573892697:security-group/sg-059591e29c62e2064;ec2_securitygroup_allow_ingress_from_internet_to_tcp_port_22;False;sg-059591e29c62e2064;FFIEC;FFIEC Cybersecurity Assessment Tool framework;
aws;In light of the increasing volume and sophistication of cyber threats, the Federal Financial Institutions Examination Council (FFIEC) developed the Cybersecurity Assessment Tool (Assessment), on behalf of its members, to help institutions identify their risks and determine their cybersecurity maturity.;858573892697;us-east-1;2026-09-19 09:30:34.148196;d3-pc-im-b-2;Systems that are accessed from the Internet or by external parties are protected by firewalls or other similar devices.;Cybersecurity Controls (Domain 3);Preventative Controls (PC);;aws;;PASS;Security group vaultcloud-db-sg (sg-059591e29c62e2064) has all ports open to the Internet and therefore was not checked against the specific SSH port 22.;arn:aws:ec2:us-east-1:858573892697:security-group/sg-059591e29c62e2064;ec2_securitygroup_allow_ingress_from_internet_to_tcp_port_22;False;sg-059591e29c62e2064;FFIEC;FFIEC Cybersecurity Assessment Tool framework;
aws;In light of the increasing volume and sophistication of cyber threats, the Federal Financial Institutions Examination Council (FFIEC) developed the Cybersecurity Assessment Tool (Assessment), on behalf of its members, to help institutions identify their risks and determine their cybersecurity maturity.;858573892697;us-east-1;2026-09-19 09:30:34.148196;d3-pc-im-b-6;Ports, functions, protocols and services are prohibited if no longer needed for business purposes.;Cybersecurity Controls (Domain 3);Preventative Controls (PC);;aws;;PASS;Security group vaultcloud-db-sg (sg-059591e29c62e2064) has all ports open to the Internet and therefore was not checked against the specific SSH port 22.;arn:aws:ec2:us-east-1:858573892697:security-group/sg-059591e29c62e2064;ec2_securitygroup_allow_ingress_from_internet_to_tcp_port_22;False;sg-059591e29c62e2064;FFIEC;FFIEC Cybersecurity Assessment Tool framework;
aws;In light of the increasing volume and sophistication of cyber threats, the Federal Financial Institutions Examination Council (FFIEC) developed the Cybersecurity Assessment Tool (Assessment), on behalf of its members, to help institutions identify their risks and determine their cybersecurity maturity.;858573892697;us-east-1;2026-09-19 09:30:34.148196;d4-c-co-b-2;The institution ensures that third-party connections are authorized.;External Dependency Management (Domain 4);Connections (C);;aws;;PASS;Security group vaultcloud-db-sg (sg-059591e29c62e2064) has all ports open to the Internet and therefore was not checked against the specific SSH port 22.;arn:aws:ec2:us-east-1:858573892697:security-group/sg-059591e29c62e2064;ec2_securitygroup_allow_ingress_from_internet_to_tcp_port_22;False;sg-059591e29c62e2064;FFIEC;FFIEC Cybersecurity Assessment Tool framework;
aws;In light of the increasing volume and sophistication of cyber threats, the Federal Financial Institutions Examination Council (FFIEC) developed the Cybersecurity Assessment Tool (Assessment), on behalf of its members, to help institutions identify their risks and determine their cybersecurity maturity.;858573892697;us-east-1;2026-09-19 09:30:34.148196;d3-pc-am-b-10;Production and non-production environments are segregated to prevent unauthorized access or changes to information assets. (*N/A if no production environment exists at the institution or the institution's third party.);Cybersecurity Controls (Domain 3);Preventative Controls (PC);;aws;;PASS;Security group vaultcloud-app-sg (sg-0ef0bb575caf64a16) has all ports open to the Internet and therefore was not checked against the specific SSH port 22.;arn:aws:ec2:us-east-1:858573892697:security-group/sg-0ef0bb575caf64a16;ec2_securitygroup_allow_ingress_from_internet_to_tcp_port_22;False;sg-0ef0bb575caf64a16;FFIEC;FFIEC Cybersecurity Assessment Tool framework;
aws;In light of the increasing volume and sophistication of cyber threats, the Federal Financial Institutions Examination Council (FFIEC) developed the Cybersecurity Assessment Tool (Assessment), on behalf of its members, to help institutions identify their risks and determine their cybersecurity maturity.;858573892697;us-east-1;2026-09-19 09:30:34.148196;d3-pc-im-b-1;Network perimeter defense tools (e.g., border router and firewall) are used.;Cybersecurity Controls (Domain 3);Preventative Controls (PC);;aws;;PASS;Security group vaultcloud-app-sg (sg-0ef0bb575caf64a16) has all ports open to the Internet and therefore was not checked against the specific SSH port 22.;arn:aws:ec2:us-east-1:858573892697:security-group/sg-0ef0bb575caf64a16;ec2_securitygroup_allow_ingress_from_internet_to_tcp_port_22;False;sg-0ef0bb575caf64a16;FFIEC;FFIEC Cybersecurity Assessment Tool framework;
aws;In light of the increasing volume and sophistication of cyber threats, the Federal Financial Institutions Examination Council (FFIEC) developed the Cybersecurity Assessment Tool (Assessment), on behalf of its members, to help institutions identify their risks and determine their cybersecurity maturity.;858573892697;us-east-1;2026-09-19 09:30:34.148196;d3-pc-im-b-2;Systems that are accessed from the Internet or by external parties are protected by firewalls or other similar devices.;Cybersecurity Controls (Domain 3);Preventative Controls (PC);;aws;;PASS;Security group vaultcloud-app-sg (sg-0ef0bb575caf64a16) has all ports open to the Internet and therefore was not checked against the specific SSH port 22.;arn:aws:ec2:us-east-1:858573892697:security-group/sg-0ef0bb575caf64a16;ec2_securitygroup_allow_ingress_from_internet_to_tcp_port_22;False;sg-0ef0bb575caf64a16;FFIEC;FFIEC Cybersecurity Assessment Tool framework;
aws;In light of the increasing volume and sophistication of cyber threats, the Federal Financial Institutions Examination Council (FFIEC) developed the Cybersecurity Assessment Tool (Assessment), on behalf of its members, to help institutions identify their risks and determine their cybersecurity maturity.;858573892697;us-east-1;2026-09-19 09:30:34.148196;d3-pc-im-b-6;Ports, functions, protocols and services are prohibited if no longer needed for business purposes.;Cybersecurity Controls (Domain 3);Preventative Controls (PC);;aws;;PASS;Security group vaultcloud-app-sg (sg-0ef0bb575caf64a16) has all ports open to the Internet and therefore was not checked against the specific SSH port 22.;arn:aws:ec2:us-east-1:858573892697:security-group/sg-0ef0bb575caf64a16;ec2_securitygroup_allow_ingress_from_internet_to_tcp_port_22;False;sg-0ef0bb575caf64a16;FFIEC;FFIEC Cybersecurity Assessment Tool framework;
aws;In light of the increasing volume and sophistication of cyber threats, the Federal Financial Institutions Examination Council (FFIEC) developed the Cybersecurity Assessment Tool (Assessment), on behalf of its members, to help institutions identify their risks and determine their cybersecurity maturity.;858573892697;us-east-1;2026-09-19 09:30:34.148196;d4-c-co-b-2;The institution ensures that third-party connections are authorized.;External Dependency Management (Domain 4);Connections (C);;aws;;PASS;Security group vaultcloud-app-sg (sg-0ef0bb575caf64a16) has all ports open to the Internet and therefore was not checked against the specific SSH port 22.;arn:aws:ec2:us-east-1:858573892697:security-group/sg-0ef0bb575caf64a16;ec2_securitygroup_allow_ingress_from_internet_to_tcp_port_22;False;sg-0ef0bb575caf64a16;FFIEC;FFIEC Cybersecurity Assessment Tool framework;
aws;In light of the increasing volume and sophistication of cyber threats, the Federal Financial Institutions Examination Council (FFIEC) developed the Cybersecurity Assessment Tool (Assessment), on behalf of its members, to help institutions identify their risks and determine their cybersecurity maturity.;858573892697;ap-northeast-1;2026-09-19 09:30:34.148196;d1-rm-ra-b-2;The risk assessment identifies Internet- based systems and high-risk transactions that warrant additional authentication controls.;Cyber Risk Management and Oversight (Domain 1);Risk Management (RM);;aws;;FAIL;GuardDuty is not enabled.;arn:aws:guardduty:ap-northeast-1:858573892697:detector/unknown;guardduty_is_enabled;False;detector/unknown;FFIEC;FFIEC Cybersecurity Assessment Tool framework;
aws;In light of the increasing volume and sophistication of cyber threats, the Federal Financial Institutions Examination Council (FFIEC) developed the Cybersecurity Assessment Tool (Assessment), on behalf of its members, to help institutions identify their risks and determine their cybersecurity maturity.;858573892697;ap-northeast-1;2026-09-19 09:30:34.148196;d2-is-is-b-1;Information security threats are gathered and shared with applicable internal employees.;Threat Intelligence and Collaboration (Domain 2);Information Sharing (IS);;aws;;FAIL;GuardDuty is not enabled.;arn:aws:guardduty:ap-northeast-1:858573892697:detector/unknown;guardduty_is_enabled;False;detector/unknown;FFIEC;FFIEC Cybersecurity Assessment Tool framework;
aws;In light of the increasing volume and sophistication of cyber threats, the Federal Financial Institutions Examination Council (FFIEC) developed the Cybersecurity Assessment Tool (Assessment), on behalf of its members, to help institutions identify their risks and determine their cybersecurity maturity.;858573892697;ap-northeast-1;2026-09-19 09:30:34.148196;d2-ti-ti-b-1;The institution belongs or subscribes to a threat and vulnerability information-sharing source(s) that provides information on threats (e.g., FS-ISAC, US- CERT).;Threat Intelligence and Collaboration (Domain 2);Threat Intelligence (TI);;aws;;FAIL;GuardDuty is not enabled.;arn:aws:guardduty:ap-northeast-1:858573892697:detector/unknown;guardduty_is_enabled;False;detector/unknown;FFIEC;FFIEC Cybersecurity Assessment Tool framework;
aws;In light of the increasing volume and sophistication of cyber threats, the Federal Financial Institutions Examination Council (FFIEC) developed the Cybersecurity Assessment Tool (Assessment), on behalf of its members, to help institutions identify their risks and determine their cybersecurity maturity.;858573892697;ap-northeast-1;2026-09-19 09:30:34.148196;d2-ti-ti-b-2;Threat information is used to monitor threats and vulnerabilities.;Threat Intelligence and Collaboration (Domain 2);Threat Intelligence (TI);;aws;;FAIL;GuardDuty is not enabled.;arn:aws:guardduty:ap-northeast-1:858573892697:detector/unknown;guardduty_is_enabled;False;detector/unknown;FFIEC;FFIEC Cybersecurity Assessment Tool framework;
aws;In light of the increasing volume and sophistication of cyber threats, the Federal Financial Institutions Examination Council (FFIEC) developed the Cybersecurity Assessment Tool (Assessment), on behalf of its members, to help institutions identify their risks and determine their cybersecurity maturity.;858573892697;ap-northeast-1;2026-09-19 09:30:34.148196;d2-ti-ti-b-3;Threat information is used to enhance internal risk management and controls.;Threat Intelligence and Collaboration (Domain 2);Threat Intelligence (TI);;aws;;FAIL;GuardDuty is not enabled.;arn:aws:guardduty:ap-northeast-1:858573892697:detector/unknown;guardduty_is_enabled;False;detector/unknown;FFIEC;FFIEC Cybersecurity Assessment Tool framework;
aws;In light of the increasing volume and sophistication of cyber threats, the Federal Financial Institutions Examination Council (FFIEC) developed the Cybersecurity Assessment Tool (Assessment), on behalf of its members, to help institutions identify their risks and determine their cybersecurity maturity.;858573892697;ap-northeast-1;2026-09-19 09:30:34.148196;d3-dc-an-b-1;The institution is able to detect anomalous activities through monitoring across the environment.;Cybersecurity Controls (Domain 3);Detective Controls (DC);;aws;;FAIL;GuardDuty is not enabled.;arn:aws:guardduty:ap-northeast-1:858573892697:detector/unknown;guardduty_is_enabled;False;detector/unknown;FFIEC;FFIEC Cybersecurity Assessment Tool framework;
aws;In light of the increasing volume and sophistication of cyber threats, the Federal Financial Institutions Examination Council (FFIEC) developed the Cybersecurity Assessment Tool (Assessment), on behalf of its members, to help institutions identify their risks and determine their cybersecurity maturity.;858573892697;ap-northeast-1;2026-09-19 09:30:34.148196;d3-dc-an-b-2;Customer transactions generating anomalous activity alerts are monitored and reviewed.;Cybersecurity Controls (Domain 3);Detective Controls (DC);;aws;;FAIL;GuardDuty is not enabled.;arn:aws:guardduty:ap-northeast-1:858573892697:detector/unknown;guardduty_is_enabled;False;detector/unknown;FFIEC;FFIEC Cybersecurity Assessment Tool framework;
aws;In light of the increasing volume and sophistication of cyber threats, the Federal Financial Institutions Examination Council (FFIEC) developed the Cybersecurity Assessment Tool (Assessment), on behalf of its members, to help institutions identify their risks and determine their cybersecurity maturity.;858573892697;ap-northeast-1;2026-09-19 09:30:34.148196;d3-dc-ev-b-2;Mechanisms (e.g., antivirus alerts, log event alerts) are in place to alert management to potential attacks.;Cybersecurity Controls (Domain 3);Detective Controls (DC);;aws;;FAIL;GuardDuty is not enabled.;arn:aws:guardduty:ap-northeast-1:858573892697:detector/unknown;guardduty_is_enabled;False;detector/unknown;FFIEC;FFIEC Cybersecurity Assessment Tool framework;
aws;In light of the increasing volume and sophistication of cyber threats, the Federal Financial Institutions Examination Council (FFIEC) developed the Cybersecurity Assessment Tool (Assessment), on behalf of its members, to help institutions identify their risks and determine their cybersecurity maturity.;858573892697;ap-northeast-1;2026-09-19 09:30:34.148196;d3-dc-ev-b-3;Processes are in place to monitor for the presence of unauthorized users, devices, connections, and software.;Cybersecurity Controls (Domain 3);Detective Controls (DC);;aws;;FAIL;GuardDuty is not enabled.;arn:aws:guardduty:ap-northeast-1:858573892697:detector/unknown;guardduty_is_enabled;False;detector/unknown;FFIEC;FFIEC Cybersecurity Assessment Tool framework;
aws;In light of the increasing volume and sophistication of cyber threats, the Federal Financial Institutions Examination Council (FFIEC) developed the Cybersecurity Assessment Tool (Assessment), on behalf of its members, to help institutions identify their risks and determine their cybersecurity maturity.;858573892697;ap-northeast-1;2026-09-19 09:30:34.148196;d3-dc-th-b-1;Independent testing (including penetration testing and vulnerability scanning) is conducted according to the risk assessment for external-facing systems and the internal network.;Cybersecurity Controls (Domain 3);Detective Controls (DC);;aws;;FAIL;GuardDuty is not enabled.;arn:aws:guardduty:ap-northeast-1:858573892697:detector/unknown;guardduty_is_enabled;False;detector/unknown;FFIEC;FFIEC Cybersecurity Assessment Tool framework;
aws;In light of the increasing volume and sophistication of cyber threats, the Federal Financial Institutions Examination Council (FFIEC) developed the Cybersecurity Assessment Tool (Assessment), on behalf of its members, to help institutions identify their risks and determine their cybersecurity maturity.;858573892697;ap-northeast-1;2026-09-19 09:30:34.148196;d5-dr-de-b-1;Alert parameters are set for detecting information security incidents that prompt mitigating actions.;Cyber Incident Management and Resilience (Domain 5);Detection, Response, & Mitigation (DR);;aws;;FAIL;GuardDuty is not enabled.;arn:aws:guardduty:ap-northeast-1:858573892697:detector/unknown;guardduty_is_enabled;False;detector/unknown;FFIEC;FFIEC Cybersecurity Assessment Tool framework;
aws;In light of the increasing volume and sophistication of cyber threats, the Federal Financial Institutions Examination Council (FFIEC) developed the Cybersecurity Assessment Tool (Assessment), on behalf of its members, to help institutions identify their risks and determine their cybersecurity maturity.;858573892697;ap-northeast-1;2026-09-19 09:30:34.148196;d5-dr-de-b-3;Tools and processes are in place to detect, alert, and trigger the incident response program.;Cyber Incident Management and Resilience (Domain 5);Detection, Response, & Mitigation (DR);;aws;;FAIL;GuardDuty is not enabled.;arn:aws:guardduty:ap-northeast-1:858573892697:detector/unknown;guardduty_is_enabled;False;detector/unknown;FFIEC;FFIEC Cybersecurity Assessment Tool framework;
aws;In light of the increasing volume and sophistication of cyber threats, the Federal Financial Institutions Examination Council (FFIEC) developed the Cybersecurity Assessment Tool (Assessment), on behalf of its members, to help institutions identify their risks and determine their cybersecurity maturity.;858573892697;ap-northeast-2;2026-09-19 09:30:34.148196;d1-rm-ra-b-2;The risk assessment identifies Internet- based systems and high-risk transactions that warrant additional authentication controls.;Cyber Risk Management and Oversight (Domain 1);Risk Management (RM);;aws;;FAIL;GuardDuty is not enabled.;arn:aws:guardduty:ap-northeast-2:858573892697:detector/unknown;guardduty_is_enabled;False;detector/unknown;FFIEC;FFIEC Cybersecurity Assessment Tool framework;
aws;In light of the increasing volume and sophistication of cyber threats, the Federal Financial Institutions Examination Council (FFIEC) developed the Cybersecurity Assessment Tool (Assessment), on behalf of its members, to help institutions identify their risks and determine their cybersecurity maturity.;858573892697;ap-northeast-2;2026-09-19 09:30:34.148196;d2-is-is-b-1;Information security threats are gathered and shared with applicable internal employees.;Threat Intelligence and Collaboration (Domain 2);Information Sharing (IS);;aws;;FAIL;GuardDuty is not enabled.;arn:aws:guardduty:ap-northeast-2:858573892697:detector/unknown;guardduty_is_enabled;False;detector/unknown;FFIEC;FFIEC Cybersecurity Assessment Tool framework;
aws;In light of the increasing volume and sophistication of cyber threats, the Federal Financial Institutions Examination Council (FFIEC) developed the Cybersecurity Assessment Tool (Assessment), on behalf of its members, to help institutions identify their risks and determine their cybersecurity maturity.;858573892697;ap-northeast-2;2026-09-19 09:30:34.148196;d2-ti-ti-b-1;The institution belongs or subscribes to a threat and vulnerability information-sharing source(s) that provides information on threats (e.g., FS-ISAC, US- CERT).;Threat Intelligence and Collaboration (Domain 2);Threat Intelligence (TI);;aws;;FAIL;GuardDuty is not enabled.;arn:aws:guardduty:ap-northeast-2:858573892697:detector/unknown;guardduty_is_enabled;False;detector/unknown;FFIEC;FFIEC Cybersecurity Assessment Tool framework;
aws;In light of the increasing volume and sophistication of cyber threats, the Federal Financial Institutions Examination Council (FFIEC) developed the Cybersecurity Assessment Tool (Assessment), on behalf of its members, to help institutions identify their risks and determine their cybersecurity maturity.;858573892697;ap-northeast-2;2026-09-19 09:30:34.148196;d2-ti-ti-b-2;Threat information is used to monitor threats and vulnerabilities.;Threat Intelligence and Collaboration (Domain 2);Threat Intelligence (TI);;aws;;FAIL;GuardDuty is not enabled.;arn:aws:guardduty:ap-northeast-2:858573892697:detector/unknown;guardduty_is_enabled;False;detector/unknown;FFIEC;FFIEC Cybersecurity Assessment Tool framework;
aws;In light of the increasing volume and sophistication of cyber threats, the Federal Financial Institutions Examination Council (FFIEC) developed the Cybersecurity Assessment Tool (Assessment), on behalf of its members, to help institutions identify their risks and determine their cybersecurity maturity.;858573892697;ap-northeast-2;2026-09-19 09:30:34.148196;d2-ti-ti-b-3;Threat information is used to enhance internal risk management and controls.;Threat Intelligence and Collaboration (Domain 2);Threat Intelligence (TI);;aws;;FAIL;GuardDuty is not enabled.;arn:aws:guardduty:ap-northeast-2:858573892697:detector/unknown;guardduty_is_enabled;False;detector/unknown;FFIEC;FFIEC Cybersecurity Assessment Tool framework;
aws;In light of the increasing volume and sophistication of cyber threats, the Federal Financial Institutions Examination Council (FFIEC) developed the Cybersecurity Assessment Tool (Assessment), on behalf of its members, to help institutions identify their risks and determine their cybersecurity maturity.;858573892697;ap-northeast-2;2026-09-19 09:30:34.148196;d3-dc-an-b-1;The institution is able to detect anomalous activities through monitoring across the environment.;Cybersecurity Controls (Domain 3);Detective Controls (DC);;aws;;FAIL;GuardDuty is not enabled.;arn:aws:guardduty:ap-northeast-2:858573892697:detector/unknown;guardduty_is_enabled;False;detector/unknown;FFIEC;FFIEC Cybersecurity Assessment Tool framework;
aws;In light of the increasing volume and sophistication of cyber threats, the Federal Financial Institutions Examination Council (FFIEC) developed the Cybersecurity Assessment Tool (Assessment), on behalf of its members, to help institutions identify their risks and determine their cybersecurity maturity.;858573892697;ap-northeast-2;2026-09-19 09:30:34.148196;d3-dc-an-b-2;Customer transactions generating anomalous activity alerts are monitored and reviewed.;Cybersecurity Controls (Domain 3);Detective Controls (DC);;aws;;FAIL;GuardDuty is not enabled.;arn:aws:guardduty:ap-northeast-2:858573892697:detector/unknown;guardduty_is_enabled;False;detector/unknown;FFIEC;FFIEC Cybersecurity Assessment Tool framework;
aws;In light of the increasing volume and sophistication of cyber threats, the Federal Financial Institutions Examination Council (FFIEC) developed the Cybersecurity Assessment Tool (Assessment), on behalf of its members, to help institutions identify their risks and determine their cybersecurity maturity.;858573892697;ap-northeast-2;2026-09-19 09:30:34.148196;d3-dc-ev-b-2;Mechanisms (e.g., antivirus alerts, log event alerts) are in place to alert management to potential attacks.;Cybersecurity Controls (Domain 3);Detective Controls (DC);;aws;;FAIL;GuardDuty is not enabled.;arn:aws:guardduty:ap-northeast-2:858573892697:detector/unknown;guardduty_is_enabled;False;detector/unknown;FFIEC;FFIEC Cybersecurity Assessment Tool framework;
aws;In light of the increasing volume and sophistication of cyber threats, the Federal Financial Institutions Examination Council (FFIEC) developed the Cybersecurity Assessment Tool (Assessment), on behalf of its members, to help institutions identify their risks and determine their cybersecurity maturity.;858573892697;ap-northeast-2;2026-09-19 09:30:34.148196;d3-dc-ev-b-3;Processes are in place to monitor for the presence of unauthorized users, devices, connections, and software.;Cybersecurity Controls (Domain 3);Detective Controls (DC);;aws;;FAIL;GuardDuty is not enabled.;arn:aws:guardduty:ap-northeast-2:858573892697:detector/unknown;guardduty_is_enabled;False;detector/unknown;FFIEC;FFIEC Cybersecurity Assessment Tool framework;
aws;In light of the increasing volume and sophistication of cyber threats, the Federal Financial Institutions Examination Council (FFIEC) developed the Cybersecurity Assessment Tool (Assessment), on behalf of its members, to help institutions identify their risks and determine their cybersecurity maturity.;858573892697;ap-northeast-2;2026-09-19 09:30:34.148196;d3-dc-th-b-1;Independent testing (including penetration testing and vulnerability scanning) is conducted according to the risk assessment for external-facing systems and the internal network.;Cybersecurity Controls (Domain 3);Detective Controls (DC);;aws;;FAIL;GuardDuty is not enabled.;arn:aws:guardduty:ap-northeast-2:858573892697:detector/unknown;guardduty_is_enabled;False;detector/unknown;FFIEC;FFIEC Cybersecurity Assessment Tool framework;
aws;In light of the increasing volume and sophistication of cyber threats, the Federal Financial Institutions Examination Council (FFIEC) developed the Cybersecurity Assessment Tool (Assessment), on behalf of its members, to help institutions identify their risks and determine their cybersecurity maturity.;858573892697;ap-northeast-2;2026-09-19 09:30:34.148196;d5-dr-de-b-1;Alert parameters are set for detecting information security incidents that prompt mitigating actions.;Cyber Incident Management and Resilience (Domain 5);Detection, Response, & Mitigation (DR);;aws;;FAIL;GuardDuty is not enabled.;arn:aws:guardduty:ap-northeast-2:858573892697:detector/unknown;guardduty_is_enabled;False;detector/unknown;FFIEC;FFIEC Cybersecurity Assessment Tool framework;
aws;In light of the increasing volume and sophistication of cyber threats, the Federal Financial Institutions Examination Council (FFIEC) developed the Cybersecurity Assessment Tool (Assessment), on behalf of its members, to help institutions identify their risks and determine their cybersecurity maturity.;858573892697;ap-northeast-2;2026-09-19 09:30:34.148196;d5-dr-de-b-3;Tools and processes are in place to detect, alert, and trigger the incident response program.;Cyber Incident Management and Resilience (Domain 5);Detection, Response, & Mitigation (DR);;aws;;FAIL;GuardDuty is not enabled.;arn:aws:guardduty:ap-northeast-2:858573892697:detector/unknown;guardduty_is_enabled;False;detector/unknown;FFIEC;FFIEC Cybersecurity Assessment Tool framework;
aws;In light of the increasing volume and sophistication of cyber threats, the Federal Financial Institutions Examination Council (FFIEC) developed the Cybersecurity Assessment Tool (Assessment), on behalf of its members, to help institutions identify their risks and determine their cybersecurity maturity.;858573892697;ap-northeast-3;2026-09-19 09:30:34.148196;d1-rm-ra-b-2;The risk assessment identifies Internet- based systems and high-risk transactions that warrant additional authentication controls.;Cyber Risk Management and Oversight (Domain 1);Risk Management (RM);;aws;;FAIL;GuardDuty is not enabled.;arn:aws:guardduty:ap-northeast-3:858573892697:detector/unknown;guardduty_is_enabled;False;detector/unknown;FFIEC;FFIEC Cybersecurity Assessment Tool framework;
aws;In light of the increasing volume and sophistication of cyber threats, the Federal Financial Institutions Examination Council (FFIEC) developed the Cybersecurity Assessment Tool (Assessment), on behalf of its members, to help institutions identify their risks and determine their cybersecurity maturity.;858573892697;ap-northeast-3;2026-09-19 09:30:34.148196;d2-is-is-b-1;Information security threats are gathered and shared with applicable internal employees.;Threat Intelligence and Collaboration (Domain 2);Information Sharing (IS);;aws;;FAIL;GuardDuty is not enabled.;arn:aws:guardduty:ap-northeast-3:858573892697:detector/unknown;guardduty_is_enabled;False;detector/unknown;FFIEC;FFIEC Cybersecurity Assessment Tool framework;
aws;In light of the increasing volume and sophistication of cyber threats, the Federal Financial Institutions Examination Council (FFIEC) developed the Cybersecurity Assessment Tool (Assessment), on behalf of its members, to help institutions identify their risks and determine their cybersecurity maturity.;858573892697;ap-northeast-3;2026-09-19 09:30:34.148196;d2-ti-ti-b-1;The institution belongs or subscribes to a threat and vulnerability information-sharing source(s) that provides information on threats (e.g., FS-ISAC, US- CERT).;Threat Intelligence and Collaboration (Domain 2);Threat Intelligence (TI);;aws;;FAIL;GuardDuty is not enabled.;arn:aws:guardduty:ap-northeast-3:858573892697:detector/unknown;guardduty_is_enabled;False;detector/unknown;FFIEC;FFIEC Cybersecurity Assessment Tool framework;
aws;In light of the increasing volume and sophistication of cyber threats, the Federal Financial Institutions Examination Council (FFIEC) developed the Cybersecurity Assessment Tool (Assessment), on behalf of its members, to help institutions identify their risks and determine their cybersecurity maturity.;858573892697;ap-northeast-3;2026-09-19 09:30:34.148196;d2-ti-ti-b-2;Threat information is used to monitor threats and vulnerabilities.;Threat Intelligence and Collaboration (Domain 2);Threat Intelligence (TI);;aws;;FAIL;GuardDuty is not enabled.;arn:aws:guardduty:ap-northeast-3:858573892697:detector/unknown;guardduty_is_enabled;False;detector/unknown;FFIEC;FFIEC Cybersecurity Assessment Tool framework;
aws;In light of the increasing volume and sophistication of cyber threats, the Federal Financial Institutions Examination Council (FFIEC) developed the Cybersecurity Assessment Tool (Assessment), on behalf of its members, to help institutions identify their risks and determine their cybersecurity maturity.;858573892697;ap-northeast-3;2026-09-19 09:30:34.148196;d2-ti-ti-b-3;Threat information is used to enhance internal risk management and controls.;Threat Intelligence and Collaboration (Domain 2);Threat Intelligence (TI);;aws;;FAIL;GuardDuty is not enabled.;arn:aws:guardduty:ap-northeast-3:858573892697:detector/unknown;guardduty_is_enabled;False;detector/unknown;FFIEC;FFIEC Cybersecurity Assessment Tool framework;
aws;In light of the increasing volume and sophistication of cyber threats, the Federal Financial Institutions Examination Council (FFIEC) developed the Cybersecurity Assessment Tool (Assessment), on behalf of its members, to help institutions identify their risks and determine their cybersecurity maturity.;858573892697;ap-northeast-3;2026-09-19 09:30:34.148196;d3-dc-an-b-1;The institution is able to detect anomalous activities through monitoring across the environment.;Cybersecurity Controls (Domain 3);Detective Controls (DC);;aws;;FAIL;GuardDuty is not enabled.;arn:aws:guardduty:ap-northeast-3:858573892697:detector/unknown;guardduty_is_enabled;False;detector/unknown;FFIEC;FFIEC Cybersecurity Assessment Tool framework;
aws;In light of the increasing volume and sophistication of cyber threats, the Federal Financial Institutions Examination Council (FFIEC) developed the Cybersecurity Assessment Tool (Assessment), on behalf of its members, to help institutions identify their risks and determine their cybersecurity maturity.;858573892697;ap-northeast-3;2026-09-19 09:30:34.148196;d3-dc-an-b-2;Customer transactions generating anomalous activity alerts are monitored and reviewed.;Cybersecurity Controls (Domain 3);Detective Controls (DC);;aws;;FAIL;GuardDuty is not enabled.;arn:aws:guardduty:ap-northeast-3:858573892697:detector/unknown;guardduty_is_enabled;False;detector/unknown;FFIEC;FFIEC Cybersecurity Assessment Tool framework;
aws;In light of the increasing volume and sophistication of cyber threats, the Federal Financial Institutions Examination Council (FFIEC) developed the Cybersecurity Assessment Tool (Assessment), on behalf of its members, to help institutions identify their risks and determine their cybersecurity maturity.;858573892697;ap-northeast-3;2026-09-19 09:30:34.148196;d3-dc-ev-b-2;Mechanisms (e.g., antivirus alerts, log event alerts) are in place to alert management to potential attacks.;Cybersecurity Controls (Domain 3);Detective Controls (DC);;aws;;FAIL;GuardDuty is not enabled.;arn:aws:guardduty:ap-northeast-3:858573892697:detector/unknown;guardduty_is_enabled;False;detector/unknown;FFIEC;FFIEC Cybersecurity Assessment Tool framework;
aws;In light of the increasing volume and sophistication of cyber threats, the Federal Financial Institutions Examination Council (FFIEC) developed the Cybersecurity Assessment Tool (Assessment), on behalf of its members, to help institutions identify their risks and determine their cybersecurity maturity.;858573892697;ap-northeast-3;2026-09-19 09:30:34.148196;d3-dc-ev-b-3;Processes are in place to monitor for the presence of unauthorized users, devices, connections, and software.;Cybersecurity Controls (Domain 3);Detective Controls (DC);;aws;;FAIL;GuardDuty is not enabled.;arn:aws:guardduty:ap-northeast-3:858573892697:detector/unknown;guardduty_is_enabled;False;detector/unknown;FFIEC;FFIEC Cybersecurity Assessment Tool framework;
aws;In light of the increasing volume and sophistication of cyber threats, the Federal Financial Institutions Examination Council (FFIEC) developed the Cybersecurity Assessment Tool (Assessment), on behalf of its members, to help institutions identify their risks and determine their cybersecurity maturity.;858573892697;ap-northeast-3;2026-09-19 09:30:34.148196;d3-dc-th-b-1;Independent testing (including penetration testing and vulnerability scanning) is conducted according to the risk assessment for external-facing systems and the internal network.;Cybersecurity Controls (Domain 3);Detective Controls (DC);;aws;;FAIL;GuardDuty is not enabled.;arn:aws:guardduty:ap-northeast-3:858573892697:detector/unknown;guardduty_is_enabled;False;detector/unknown;FFIEC;FFIEC Cybersecurity Assessment Tool framework;
aws;In light of the increasing volume and sophistication of cyber threats, the Federal Financial Institutions Examination Council (FFIEC) developed the Cybersecurity Assessment Tool (Assessment), on behalf of its members, to help institutions identify their risks and determine their cybersecurity maturity.;858573892697;ap-northeast-3;2026-09-19 09:30:34.148196;d5-dr-de-b-1;Alert parameters are set for detecting information security incidents that prompt mitigating actions.;Cyber Incident Management and Resilience (Domain 5);Detection, Response, & Mitigation (DR);;aws;;FAIL;GuardDuty is not enabled.;arn:aws:guardduty:ap-northeast-3:858573892697:detector/unknown;guardduty_is_enabled;False;detector/unknown;FFIEC;FFIEC Cybersecurity Assessment Tool framework;
aws;In light of the increasing volume and sophistication of cyber threats, the Federal Financial Institutions Examination Council (FFIEC) developed the Cybersecurity Assessment Tool (Assessment), on behalf of its members, to help institutions identify their risks and determine their cybersecurity maturity.;858573892697;ap-northeast-3;2026-09-19 09:30:34.148196;d5-dr-de-b-3;Tools and processes are in place to detect, alert, and trigger the incident response program.;Cyber Incident Management and Resilience (Domain 5);Detection, Response, & Mitigation (DR);;aws;;FAIL;GuardDuty is not enabled.;arn:aws:guardduty:ap-northeast-3:858573892697:detector/unknown;guardduty_is_enabled;False;detector/unknown;FFIEC;FFIEC Cybersecurity Assessment Tool framework;
aws;In light of the increasing volume and sophistication of cyber threats, the Federal Financial Institutions Examination Council (FFIEC) developed the Cybersecurity Assessment Tool (Assessment), on behalf of its members, to help institutions identify their risks and determine their cybersecurity maturity.;858573892697;ap-south-1;2026-09-19 09:30:34.148196;d1-rm-ra-b-2;The risk assessment identifies Internet- based systems and high-risk transactions that warrant additional authentication controls.;Cyber Risk Management and Oversight (Domain 1);Risk Management (RM);;aws;;FAIL;GuardDuty is not enabled.;arn:aws:guardduty:ap-south-1:858573892697:detector/unknown;guardduty_is_enabled;False;detector/unknown;FFIEC;FFIEC Cybersecurity Assessment Tool framework;
aws;In light of the increasing volume and sophistication of cyber threats, the Federal Financial Institutions Examination Council (FFIEC) developed the Cybersecurity Assessment Tool (Assessment), on behalf of its members, to help institutions identify their risks and determine their cybersecurity maturity.;858573892697;ap-south-1;2026-09-19 09:30:34.148196;d2-is-is-b-1;Information security threats are gathered and shared with applicable internal employees.;Threat Intelligence and Collaboration (Domain 2);Information Sharing (IS);;aws;;FAIL;GuardDuty is not enabled.;arn:aws:guardduty:ap-south-1:858573892697:detector/unknown;guardduty_is_enabled;False;detector/unknown;FFIEC;FFIEC Cybersecurity Assessment Tool framework;
aws;In light of the increasing volume and sophistication of cyber threats, the Federal Financial Institutions Examination Council (FFIEC) developed the Cybersecurity Assessment Tool (Assessment), on behalf of its members, to help institutions identify their risks and determine their cybersecurity maturity.;858573892697;ap-south-1;2026-09-19 09:30:34.148196;d2-ti-ti-b-1;The institution belongs or subscribes to a threat and vulnerability information-sharing source(s) that provides information on threats (e.g., FS-ISAC, US- CERT).;Threat Intelligence and Collaboration (Domain 2);Threat Intelligence (TI);;aws;;FAIL;GuardDuty is not enabled.;arn:aws:guardduty:ap-south-1:858573892697:detector/unknown;guardduty_is_enabled;False;detector/unknown;FFIEC;FFIEC Cybersecurity Assessment Tool framework;
aws;In light of the increasing volume and sophistication of cyber threats, the Federal Financial Institutions Examination Council (FFIEC) developed the Cybersecurity Assessment Tool (Assessment), on behalf of its members, to help institutions identify their risks and determine their cybersecurity maturity.;858573892697;ap-south-1;2026-09-19 09:30:34.148196;d2-ti-ti-b-2;Threat information is used to monitor threats and vulnerabilities.;Threat Intelligence and Collaboration (Domain 2);Threat Intelligence (TI);;aws;;FAIL;GuardDuty is not enabled.;arn:aws:guardduty:ap-south-1:858573892697:detector/unknown;guardduty_is_enabled;False;detector/unknown;FFIEC;FFIEC Cybersecurity Assessment Tool framework;
aws;In light of the increasing volume and sophistication of cyber threats, the Federal Financial Institutions Examination Council (FFIEC) developed the Cybersecurity Assessment Tool (Assessment), on behalf of its members, to help institutions identify their risks and determine their cybersecurity maturity.;858573892697;ap-south-1;2026-09-19 09:30:34.148196;d2-ti-ti-b-3;Threat information is used to enhance internal risk management and controls.;Threat Intelligence and Collaboration (Domain 2);Threat Intelligence (TI);;aws;;FAIL;GuardDuty is not enabled.;arn:aws:guardduty:ap-south-1:858573892697:detector/unknown;guardduty_is_enabled;False;detector/unknown;FFIEC;FFIEC Cybersecurity Assessment Tool framework;
aws;In light of the increasing volume and sophistication of cyber threats, the Federal Financial Institutions Examination Council (FFIEC) developed the Cybersecurity Assessment Tool (Assessment), on behalf of its members, to help institutions identify their risks and determine their cybersecurity maturity.;858573892697;ap-south-1;2026-09-19 09:30:34.148196;d3-dc-an-b-1;The institution is able to detect anomalous activities through monitoring across the environment.;Cybersecurity Controls (Domain 3);Detective Controls (DC);;aws;;FAIL;GuardDuty is not enabled.;arn:aws:guardduty:ap-south-1:858573892697:detector/unknown;guardduty_is_enabled;False;detector/unknown;FFIEC;FFIEC Cybersecurity Assessment Tool framework;
aws;In light of the increasing volume and sophistication of cyber threats, the Federal Financial Institutions Examination Council (FFIEC) developed the Cybersecurity Assessment Tool (Assessment), on behalf of its members, to help institutions identify their risks and determine their cybersecurity maturity.;858573892697;ap-south-1;2026-09-19 09:30:34.148196;d3-dc-an-b-2;Customer transactions generating anomalous activity alerts are monitored and reviewed.;Cybersecurity Controls (Domain 3);Detective Controls (DC);;aws;;FAIL;GuardDuty is not enabled.;arn:aws:guardduty:ap-south-1:858573892697:detector/unknown;guardduty_is_enabled;False;detector/unknown;FFIEC;FFIEC Cybersecurity Assessment Tool framework;
aws;In light of the increasing volume and sophistication of cyber threats, the Federal Financial Institutions Examination Council (FFIEC) developed the Cybersecurity Assessment Tool (Assessment), on behalf of its members, to help institutions identify their risks and determine their cybersecurity maturity.;858573892697;ap-south-1;2026-09-19 09:30:34.148196;d3-dc-ev-b-2;Mechanisms (e.g., antivirus alerts, log event alerts) are in place to alert management to potential attacks.;Cybersecurity Controls (Domain 3);Detective Controls (DC);;aws;;FAIL;GuardDuty is not enabled.;arn:aws:guardduty:ap-south-1:858573892697:detector/unknown;guardduty_is_enabled;False;detector/unknown;FFIEC;FFIEC Cybersecurity Assessment Tool framework;
aws;In light of the increasing volume and sophistication of cyber threats, the Federal Financial Institutions Examination Council (FFIEC) developed the Cybersecurity Assessment Tool (Assessment), on behalf of its members, to help institutions identify their risks and determine their cybersecurity maturity.;858573892697;ap-south-1;2026-09-19 09:30:34.148196;d3-dc-ev-b-3;Processes are in place to monitor for the presence of unauthorized users, devices, connections, and software.;Cybersecurity Controls (Domain 3);Detective Controls (DC);;aws;;FAIL;GuardDuty is not enabled.;arn:aws:guardduty:ap-south-1:858573892697:detector/unknown;guardduty_is_enabled;False;detector/unknown;FFIEC;FFIEC Cybersecurity Assessment Tool framework;
aws;In light of the increasing volume and sophistication of cyber threats, the Federal Financial Institutions Examination Council (FFIEC) developed the Cybersecurity Assessment Tool (Assessment), on behalf of its members, to help institutions identify their risks and determine their cybersecurity maturity.;858573892697;ap-south-1;2026-09-19 09:30:34.148196;d3-dc-th-b-1;Independent testing (including penetration testing and vulnerability scanning) is conducted according to the risk assessment for external-facing systems and the internal network.;Cybersecurity Controls (Domain 3);Detective Controls (DC);;aws;;FAIL;GuardDuty is not enabled.;arn:aws:guardduty:ap-south-1:858573892697:detector/unknown;guardduty_is_enabled;False;detector/unknown;FFIEC;FFIEC Cybersecurity Assessment Tool framework;
aws;In light of the increasing volume and sophistication of cyber threats, the Federal Financial Institutions Examination Council (FFIEC) developed the Cybersecurity Assessment Tool (Assessment), on behalf of its members, to help institutions identify their risks and determine their cybersecurity maturity.;858573892697;ap-south-1;2026-09-19 09:30:34.148196;d5-dr-de-b-1;Alert parameters are set for detecting information security incidents that prompt mitigating actions.;Cyber Incident Management and Resilience (Domain 5);Detection, Response, & Mitigation (DR);;aws;;FAIL;GuardDuty is not enabled.;arn:aws:guardduty:ap-south-1:858573892697:detector/unknown;guardduty_is_enabled;False;detector/unknown;FFIEC;FFIEC Cybersecurity Assessment Tool framework;
aws;In light of the increasing volume and sophistication of cyber threats, the Federal Financial Institutions Examination Council (FFIEC) developed the Cybersecurity Assessment Tool (Assessment), on behalf of its members, to help institutions identify their risks and determine their cybersecurity maturity.;858573892697;ap-south-1;2026-09-19 09:30:34.148196;d5-dr-de-b-3;Tools and processes are in place to detect, alert, and trigger the incident response program.;Cyber Incident Management and Resilience (Domain 5);Detection, Response, & Mitigation (DR);;aws;;FAIL;GuardDuty is not enabled.;arn:aws:guardduty:ap-south-1:858573892697:detector/unknown;guardduty_is_enabled;False;detector/unknown;FFIEC;FFIEC Cybersecurity Assessment Tool framework;
aws;In light of the increasing volume and sophistication of cyber threats, the Federal Financial Institutions Examination Council (FFIEC) developed the Cybersecurity Assessment Tool (Assessment), on behalf of its members, to help institutions identify their risks and determine their cybersecurity maturity.;858573892697;ap-southeast-1;2026-09-19 09:30:34.148196;d1-rm-ra-b-2;The risk assessment identifies Internet- based systems and high-risk transactions that warrant additional authentication controls.;Cyber Risk Management and Oversight (Domain 1);Risk Management (RM);;aws;;FAIL;GuardDuty is not enabled.;arn:aws:guardduty:ap-southeast-1:858573892697:detector/unknown;guardduty_is_enabled;False;detector/unknown;FFIEC;FFIEC Cybersecurity Assessment Tool framework;
aws;In light of the increasing volume and sophistication of cyber threats, the Federal Financial Institutions Examination Council (FFIEC) developed the Cybersecurity Assessment Tool (Assessment), on behalf of its members, to help institutions identify their risks and determine their cybersecurity maturity.;858573892697;ap-southeast-1;2026-09-19 09:30:34.148196;d2-is-is-b-1;Information security threats are gathered and shared with applicable internal employees.;Threat Intelligence and Collaboration (Domain 2);Information Sharing (IS);;aws;;FAIL;GuardDuty is not enabled.;arn:aws:guardduty:ap-southeast-1:858573892697:detector/unknown;guardduty_is_enabled;False;detector/unknown;FFIEC;FFIEC Cybersecurity Assessment Tool framework;
aws;In light of the increasing volume and sophistication of cyber threats, the Federal Financial Institutions Examination Council (FFIEC) developed the Cybersecurity Assessment Tool (Assessment), on behalf of its members, to help institutions identify their risks and determine their cybersecurity maturity.;858573892697;ap-southeast-1;2026-09-19 09:30:34.148196;d2-ti-ti-b-1;The institution belongs or subscribes to a threat and vulnerability information-sharing source(s) that provides information on threats (e.g., FS-ISAC, US- CERT).;Threat Intelligence and Collaboration (Domain 2);Threat Intelligence (TI);;aws;;FAIL;GuardDuty is not enabled.;arn:aws:guardduty:ap-southeast-1:858573892697:detector/unknown;guardduty_is_enabled;False;detector/unknown;FFIEC;FFIEC Cybersecurity Assessment Tool framework;
aws;In light of the increasing volume and sophistication of cyber threats, the Federal Financial Institutions Examination Council (FFIEC) developed the Cybersecurity Assessment Tool (Assessment), on behalf of its members, to help institutions identify their risks and determine their cybersecurity maturity.;858573892697;ap-southeast-1;2026-09-19 09:30:34.148196;d2-ti-ti-b-2;Threat information is used to monitor threats and vulnerabilities.;Threat Intelligence and Collaboration (Domain 2);Threat Intelligence (TI);;aws;;FAIL;GuardDuty is not enabled.;arn:aws:guardduty:ap-southeast-1:858573892697:detector/unknown;guardduty_is_enabled;False;detector/unknown;FFIEC;FFIEC Cybersecurity Assessment Tool framework;
aws;In light of the increasing volume and sophistication of cyber threats, the Federal Financial Institutions Examination Council (FFIEC) developed the Cybersecurity Assessment Tool (Assessment), on behalf of its members, to help institutions identify their risks and determine their cybersecurity maturity.;858573892697;ap-southeast-1;2026-09-19 09:30:34.148196;d2-ti-ti-b-3;Threat information is used to enhance internal risk management and controls.;Threat Intelligence and Collaboration (Domain 2);Threat Intelligence (TI);;aws;;FAIL;GuardDuty is not enabled.;arn:aws:guardduty:ap-southeast-1:858573892697:detector/unknown;guardduty_is_enabled;False;detector/unknown;FFIEC;FFIEC Cybersecurity Assessment Tool framework;
aws;In light of the increasing volume and sophistication of cyber threats, the Federal Financial Institutions Examination Council (FFIEC) developed the Cybersecurity Assessment Tool (Assessment), on behalf of its members, to help institutions identify their risks and determine their cybersecurity maturity.;858573892697;ap-southeast-1;2026-09-19 09:30:34.148196;d3-dc-an-b-1;The institution is able to detect anomalous activities through monitoring across the environment.;Cybersecurity Controls (Domain 3);Detective Controls (DC);;aws;;FAIL;GuardDuty is not enabled.;arn:aws:guardduty:ap-southeast-1:858573892697:detector/unknown;guardduty_is_enabled;False;detector/unknown;FFIEC;FFIEC Cybersecurity Assessment Tool framework;
aws;In light of the increasing volume and sophistication of cyber threats, the Federal Financial Institutions Examination Council (FFIEC) developed the Cybersecurity Assessment Tool (Assessment), on behalf of its members, to help institutions identify their risks and determine their cybersecurity maturity.;858573892697;ap-southeast-1;2026-09-19 09:30:34.148196;d3-dc-an-b-2;Customer transactions generating anomalous activity alerts are monitored and reviewed.;Cybersecurity Controls (Domain 3);Detective Controls (DC);;aws;;FAIL;GuardDuty is not enabled.;arn:aws:guardduty:ap-southeast-1:858573892697:detector/unknown;guardduty_is_enabled;False;detector/unknown;FFIEC;FFIEC Cybersecurity Assessment Tool framework;
aws;In light of the increasing volume and sophistication of cyber threats, the Federal Financial Institutions Examination Council (FFIEC) developed the Cybersecurity Assessment Tool (Assessment), on behalf of its members, to help institutions identify their risks and determine their cybersecurity maturity.;858573892697;ap-southeast-1;2026-09-19 09:30:34.148196;d3-dc-ev-b-2;Mechanisms (e.g., antivirus alerts, log event alerts) are in place to alert management to potential attacks.;Cybersecurity Controls (Domain 3);Detective Controls (DC);;aws;;FAIL;GuardDuty is not enabled.;arn:aws:guardduty:ap-southeast-1:858573892697:detector/unknown;guardduty_is_enabled;False;detector/unknown;FFIEC;FFIEC Cybersecurity Assessment Tool framework;
aws;In light of the increasing volume and sophistication of cyber threats, the Federal Financial Institutions Examination Council (FFIEC) developed the Cybersecurity Assessment Tool (Assessment), on behalf of its members, to help institutions identify their risks and determine their cybersecurity maturity.;858573892697;ap-southeast-1;2026-09-19 09:30:34.148196;d3-dc-ev-b-3;Processes are in place to monitor for the presence of unauthorized users, devices, connections, and software.;Cybersecurity Controls (Domain 3);Detective Controls (DC);;aws;;FAIL;GuardDuty is not enabled.;arn:aws:guardduty:ap-southeast-1:858573892697:detector/unknown;guardduty_is_enabled;False;detector/unknown;FFIEC;FFIEC Cybersecurity Assessment Tool framework;
aws;In light of the increasing volume and sophistication of cyber threats, the Federal Financial Institutions Examination Council (FFIEC) developed the Cybersecurity Assessment Tool (Assessment), on behalf of its members, to help institutions identify their risks and determine their cybersecurity maturity.;858573892697;ap-southeast-1;2026-09-19 09:30:34.148196;d3-dc-th-b-1;Independent testing (including penetration testing and vulnerability scanning) is conducted according to the risk assessment for external-facing systems and the internal network.;Cybersecurity Controls (Domain 3);Detective Controls (DC);;aws;;FAIL;GuardDuty is not enabled.;arn:aws:guardduty:ap-southeast-1:858573892697:detector/unknown;guardduty_is_enabled;False;detector/unknown;FFIEC;FFIEC Cybersecurity Assessment Tool framework;
aws;In light of the increasing volume and sophistication of cyber threats, the Federal Financial Institutions Examination Council (FFIEC) developed the Cybersecurity Assessment Tool (Assessment), on behalf of its members, to help institutions identify their risks and determine their cybersecurity maturity.;858573892697;ap-southeast-1;2026-09-19 09:30:34.148196;d5-dr-de-b-1;Alert parameters are set for detecting information security incidents that prompt mitigating actions.;Cyber Incident Management and Resilience (Domain 5);Detection, Response, & Mitigation (DR);;aws;;FAIL;GuardDuty is not enabled.;arn:aws:guardduty:ap-southeast-1:858573892697:detector/unknown;guardduty_is_enabled;False;detector/unknown;FFIEC;FFIEC Cybersecurity Assessment Tool framework;
aws;In light of the increasing volume and sophistication of cyber threats, the Federal Financial Institutions Examination Council (FFIEC) developed the Cybersecurity Assessment Tool (Assessment), on behalf of its members, to help institutions identify their risks and determine their cybersecurity maturity.;858573892697;ap-southeast-1;2026-09-19 09:30:34.148196;d5-dr-de-b-3;Tools and processes are in place to detect, alert, and trigger the incident response program.;Cyber Incident Management and Resilience (Domain 5);Detection, Response, & Mitigation (DR);;aws;;FAIL;GuardDuty is not enabled.;arn:aws:guardduty:ap-southeast-1:858573892697:detector/unknown;guardduty_is_enabled;False;detector/unknown;FFIEC;FFIEC Cybersecurity Assessment Tool framework;
aws;In light of the increasing volume and sophistication of cyber threats, the Federal Financial Institutions Examination Council (FFIEC) developed the Cybersecurity Assessment Tool (Assessment), on behalf of its members, to help institutions identify their risks and determine their cybersecurity maturity.;858573892697;ap-southeast-2;2026-09-19 09:30:34.148196;d1-rm-ra-b-2;The risk assessment identifies Internet- based systems and high-risk transactions that warrant additional authentication controls.;Cyber Risk Management and Oversight (Domain 1);Risk Management (RM);;aws;;FAIL;GuardDuty is not enabled.;arn:aws:guardduty:ap-southeast-2:858573892697:detector/unknown;guardduty_is_enabled;False;detector/unknown;FFIEC;FFIEC Cybersecurity Assessment Tool framework;
aws;In light of the increasing volume and sophistication of cyber threats, the Federal Financial Institutions Examination Council (FFIEC) developed the Cybersecurity Assessment Tool (Assessment), on behalf of its members, to help institutions identify their risks and determine their cybersecurity maturity.;858573892697;ap-southeast-2;2026-09-19 09:30:34.148196;d2-is-is-b-1;Information security threats are gathered and shared with applicable internal employees.;Threat Intelligence and Collaboration (Domain 2);Information Sharing (IS);;aws;;FAIL;GuardDuty is not enabled.;arn:aws:guardduty:ap-southeast-2:858573892697:detector/unknown;guardduty_is_enabled;False;detector/unknown;FFIEC;FFIEC Cybersecurity Assessment Tool framework;
aws;In light of the increasing volume and sophistication of cyber threats, the Federal Financial Institutions Examination Council (FFIEC) developed the Cybersecurity Assessment Tool (Assessment), on behalf of its members, to help institutions identify their risks and determine their cybersecurity maturity.;858573892697;ap-southeast-2;2026-09-19 09:30:34.148196;d2-ti-ti-b-1;The institution belongs or subscribes to a threat and vulnerability information-sharing source(s) that provides information on threats (e.g., FS-ISAC, US- CERT).;Threat Intelligence and Collaboration (Domain 2);Threat Intelligence (TI);;aws;;FAIL;GuardDuty is not enabled.;arn:aws:guardduty:ap-southeast-2:858573892697:detector/unknown;guardduty_is_enabled;False;detector/unknown;FFIEC;FFIEC Cybersecurity Assessment Tool framework;
aws;In light of the increasing volume and sophistication of cyber threats, the Federal Financial Institutions Examination Council (FFIEC) developed the Cybersecurity Assessment Tool (Assessment), on behalf of its members, to help institutions identify their risks and determine their cybersecurity maturity.;858573892697;ap-southeast-2;2026-09-19 09:30:34.148196;d2-ti-ti-b-2;Threat information is used to monitor threats and vulnerabilities.;Threat Intelligence and Collaboration (Domain 2);Threat Intelligence (TI);;aws;;FAIL;GuardDuty is not enabled.;arn:aws:guardduty:ap-southeast-2:858573892697:detector/unknown;guardduty_is_enabled;False;detector/unknown;FFIEC;FFIEC Cybersecurity Assessment Tool framework;
aws;In light of the increasing volume and sophistication of cyber threats, the Federal Financial Institutions Examination Council (FFIEC) developed the Cybersecurity Assessment Tool (Assessment), on behalf of its members, to help institutions identify their risks and determine their cybersecurity maturity.;858573892697;ap-southeast-2;2026-09-19 09:30:34.148196;d2-ti-ti-b-3;Threat information is used to enhance internal risk management and controls.;Threat Intelligence and Collaboration (Domain 2);Threat Intelligence (TI);;aws;;FAIL;GuardDuty is not enabled.;arn:aws:guardduty:ap-southeast-2:858573892697:detector/unknown;guardduty_is_enabled;False;detector/unknown;FFIEC;FFIEC Cybersecurity Assessment Tool framework;
aws;In light of the increasing volume and sophistication of cyber threats, the Federal Financial Institutions Examination Council (FFIEC) developed the Cybersecurity Assessment Tool (Assessment), on behalf of its members, to help institutions identify their risks and determine their cybersecurity maturity.;858573892697;ap-southeast-2;2026-09-19 09:30:34.148196;d3-dc-an-b-1;The institution is able to detect anomalous activities through monitoring across the environment.;Cybersecurity Controls (Domain 3);Detective Controls (DC);;aws;;FAIL;GuardDuty is not enabled.;arn:aws:guardduty:ap-southeast-2:858573892697:detector/unknown;guardduty_is_enabled;False;detector/unknown;FFIEC;FFIEC Cybersecurity Assessment Tool framework;
aws;In light of the increasing volume and sophistication of cyber threats, the Federal Financial Institutions Examination Council (FFIEC) developed the Cybersecurity Assessment Tool (Assessment), on behalf of its members, to help institutions identify their risks and determine their cybersecurity maturity.;858573892697;ap-southeast-2;2026-09-19 09:30:34.148196;d3-dc-an-b-2;Customer transactions generating anomalous activity alerts are monitored and reviewed.;Cybersecurity Controls (Domain 3);Detective Controls (DC);;aws;;FAIL;GuardDuty is not enabled.;arn:aws:guardduty:ap-southeast-2:858573892697:detector/unknown;guardduty_is_enabled;False;detector/unknown;FFIEC;FFIEC Cybersecurity Assessment Tool framework;
aws;In light of the increasing volume and sophistication of cyber threats, the Federal Financial Institutions Examination Council (FFIEC) developed the Cybersecurity Assessment Tool (Assessment), on behalf of its members, to help institutions identify their risks and determine their cybersecurity maturity.;858573892697;ap-southeast-2;2026-09-19 09:30:34.148196;d3-dc-ev-b-2;Mechanisms (e.g., antivirus alerts, log event alerts) are in place to alert management to potential attacks.;Cybersecurity Controls (Domain 3);Detective Controls (DC);;aws;;FAIL;GuardDuty is not enabled.;arn:aws:guardduty:ap-southeast-2:858573892697:detector/unknown;guardduty_is_enabled;False;detector/unknown;FFIEC;FFIEC Cybersecurity Assessment Tool framework;
aws;In light of the increasing volume and sophistication of cyber threats, the Federal Financial Institutions Examination Council (FFIEC) developed the Cybersecurity Assessment Tool (Assessment), on behalf of its members, to help institutions identify their risks and determine their cybersecurity maturity.;858573892697;ap-southeast-2;2026-09-19 09:30:34.148196;d3-dc-ev-b-3;Processes are in place to monitor for the presence of unauthorized users, devices, connections, and software.;Cybersecurity Controls (Domain 3);Detective Controls (DC);;aws;;FAIL;GuardDuty is not enabled.;arn:aws:guardduty:ap-southeast-2:858573892697:detector/unknown;guardduty_is_enabled;False;detector/unknown;FFIEC;FFIEC Cybersecurity Assessment Tool framework;
aws;In light of the increasing volume and sophistication of cyber threats, the Federal Financial Institutions Examination Council (FFIEC) developed the Cybersecurity Assessment Tool (Assessment), on behalf of its members, to help institutions identify their risks and determine their cybersecurity maturity.;858573892697;ap-southeast-2;2026-09-19 09:30:34.148196;d3-dc-th-b-1;Independent testing (including penetration testing and vulnerability scanning) is conducted according to the risk assessment for external-facing systems and the internal network.;Cybersecurity Controls (Domain 3);Detective Controls (DC);;aws;;FAIL;GuardDuty is not enabled.;arn:aws:guardduty:ap-southeast-2:858573892697:detector/unknown;guardduty_is_enabled;False;detector/unknown;FFIEC;FFIEC Cybersecurity Assessment Tool framework;
aws;In light of the increasing volume and sophistication of cyber threats, the Federal Financial Institutions Examination Council (FFIEC) developed the Cybersecurity Assessment Tool (Assessment), on behalf of its members, to help institutions identify their risks and determine their cybersecurity maturity.;858573892697;ap-southeast-2;2026-09-19 09:30:34.148196;d5-dr-de-b-1;Alert parameters are set for detecting information security incidents that prompt mitigating actions.;Cyber Incident Management and Resilience (Domain 5);Detection, Response, & Mitigation (DR);;aws;;FAIL;GuardDuty is not enabled.;arn:aws:guardduty:ap-southeast-2:858573892697:detector/unknown;guardduty_is_enabled;False;detector/unknown;FFIEC;FFIEC Cybersecurity Assessment Tool framework;
aws;In light of the increasing volume and sophistication of cyber threats, the Federal Financial Institutions Examination Council (FFIEC) developed the Cybersecurity Assessment Tool (Assessment), on behalf of its members, to help institutions identify their risks and determine their cybersecurity maturity.;858573892697;ap-southeast-2;2026-09-19 09:30:34.148196;d5-dr-de-b-3;Tools and processes are in place to detect, alert, and trigger the incident response program.;Cyber Incident Management and Resilience (Domain 5);Detection, Response, & Mitigation (DR);;aws;;FAIL;GuardDuty is not enabled.;arn:aws:guardduty:ap-southeast-2:858573892697:detector/unknown;guardduty_is_enabled;False;detector/unknown;FFIEC;FFIEC Cybersecurity Assessment Tool framework;
aws;In light of the increasing volume and sophistication of cyber threats, the Federal Financial Institutions Examination Council (FFIEC) developed the Cybersecurity Assessment Tool (Assessment), on behalf of its members, to help institutions identify their risks and determine their cybersecurity maturity.;858573892697;ca-central-1;2026-09-19 09:30:34.148196;d1-rm-ra-b-2;The risk assessment identifies Internet- based systems and high-risk transactions that warrant additional authentication controls.;Cyber Risk Management and Oversight (Domain 1);Risk Management (RM);;aws;;FAIL;GuardDuty is not enabled.;arn:aws:guardduty:ca-central-1:858573892697:detector/unknown;guardduty_is_enabled;False;detector/unknown;FFIEC;FFIEC Cybersecurity Assessment Tool framework;
aws;In light of the increasing volume and sophistication of cyber threats, the Federal Financial Institutions Examination Council (FFIEC) developed the Cybersecurity Assessment Tool (Assessment), on behalf of its members, to help institutions identify their risks and determine their cybersecurity maturity.;858573892697;ca-central-1;2026-09-19 09:30:34.148196;d2-is-is-b-1;Information security threats are gathered and shared with applicable internal employees.;Threat Intelligence and Collaboration (Domain 2);Information Sharing (IS);;aws;;FAIL;GuardDuty is not enabled.;arn:aws:guardduty:ca-central-1:858573892697:detector/unknown;guardduty_is_enabled;False;detector/unknown;FFIEC;FFIEC Cybersecurity Assessment Tool framework;
aws;In light of the increasing volume and sophistication of cyber threats, the Federal Financial Institutions Examination Council (FFIEC) developed the Cybersecurity Assessment Tool (Assessment), on behalf of its members, to help institutions identify their risks and determine their cybersecurity maturity.;858573892697;ca-central-1;2026-09-19 09:30:34.148196;d2-ti-ti-b-1;The institution belongs or subscribes to a threat and vulnerability information-sharing source(s) that provides information on threats (e.g., FS-ISAC, US- CERT).;Threat Intelligence and Collaboration (Domain 2);Threat Intelligence (TI);;aws;;FAIL;GuardDuty is not enabled.;arn:aws:guardduty:ca-central-1:858573892697:detector/unknown;guardduty_is_enabled;False;detector/unknown;FFIEC;FFIEC Cybersecurity Assessment Tool framework;
aws;In light of the increasing volume and sophistication of cyber threats, the Federal Financial Institutions Examination Council (FFIEC) developed the Cybersecurity Assessment Tool (Assessment), on behalf of its members, to help institutions identify their risks and determine their cybersecurity maturity.;858573892697;ca-central-1;2026-09-19 09:30:34.148196;d2-ti-ti-b-2;Threat information is used to monitor threats and vulnerabilities.;Threat Intelligence and Collaboration (Domain 2);Threat Intelligence (TI);;aws;;FAIL;GuardDuty is not enabled.;arn:aws:guardduty:ca-central-1:858573892697:detector/unknown;guardduty_is_enabled;False;detector/unknown;FFIEC;FFIEC Cybersecurity Assessment Tool framework;
aws;In light of the increasing volume and sophistication of cyber threats, the Federal Financial Institutions Examination Council (FFIEC) developed the Cybersecurity Assessment Tool (Assessment), on behalf of its members, to help institutions identify their risks and determine their cybersecurity maturity.;858573892697;ca-central-1;2026-09-19 09:30:34.148196;d2-ti-ti-b-3;Threat information is used to enhance internal risk management and controls.;Threat Intelligence and Collaboration (Domain 2);Threat Intelligence (TI);;aws;;FAIL;GuardDuty is not enabled.;arn:aws:guardduty:ca-central-1:858573892697:detector/unknown;guardduty_is_enabled;False;detector/unknown;FFIEC;FFIEC Cybersecurity Assessment Tool framework;
aws;In light of the increasing volume and sophistication of cyber threats, the Federal Financial Institutions Examination Council (FFIEC) developed the Cybersecurity Assessment Tool (Assessment), on behalf of its members, to help institutions identify their risks and determine their cybersecurity maturity.;858573892697;ca-central-1;2026-09-19 09:30:34.148196;d3-dc-an-b-1;The institution is able to detect anomalous activities through monitoring across the environment.;Cybersecurity Controls (Domain 3);Detective Controls (DC);;aws;;FAIL;GuardDuty is not enabled.;arn:aws:guardduty:ca-central-1:858573892697:detector/unknown;guardduty_is_enabled;False;detector/unknown;FFIEC;FFIEC Cybersecurity Assessment Tool framework;
aws;In light of the increasing volume and sophistication of cyber threats, the Federal Financial Institutions Examination Council (FFIEC) developed the Cybersecurity Assessment Tool (Assessment), on behalf of its members, to help institutions identify their risks and determine their cybersecurity maturity.;858573892697;ca-central-1;2026-09-19 09:30:34.148196;d3-dc-an-b-2;Customer transactions generating anomalous activity alerts are monitored and reviewed.;Cybersecurity Controls (Domain 3);Detective Controls (DC);;aws;;FAIL;GuardDuty is not enabled.;arn:aws:guardduty:ca-central-1:858573892697:detector/unknown;guardduty_is_enabled;False;detector/unknown;FFIEC;FFIEC Cybersecurity Assessment Tool framework;
aws;In light of the increasing volume and sophistication of cyber threats, the Federal Financial Institutions Examination Council (FFIEC) developed the Cybersecurity Assessment Tool (Assessment), on behalf of its members, to help institutions identify their risks and determine their cybersecurity maturity.;858573892697;ca-central-1;2026-09-19 09:30:34.148196;d3-dc-ev-b-2;Mechanisms (e.g., antivirus alerts, log event alerts) are in place to alert management to potential attacks.;Cybersecurity Controls (Domain 3);Detective Controls (DC);;aws;;FAIL;GuardDuty is not enabled.;arn:aws:guardduty:ca-central-1:858573892697:detector/unknown;guardduty_is_enabled;False;detector/unknown;FFIEC;FFIEC Cybersecurity Assessment Tool framework;
aws;In light of the increasing volume and sophistication of cyber threats, the Federal Financial Institutions Examination Council (FFIEC) developed the Cybersecurity Assessment Tool (Assessment), on behalf of its members, to help institutions identify their risks and determine their cybersecurity maturity.;858573892697;ca-central-1;2026-09-19 09:30:34.148196;d3-dc-ev-b-3;Processes are in place to monitor for the presence of unauthorized users, devices, connections, and software.;Cybersecurity Controls (Domain 3);Detective Controls (DC);;aws;;FAIL;GuardDuty is not enabled.;arn:aws:guardduty:ca-central-1:858573892697:detector/unknown;guardduty_is_enabled;False;detector/unknown;FFIEC;FFIEC Cybersecurity Assessment Tool framework;
aws;In light of the increasing volume and sophistication of cyber threats, the Federal Financial Institutions Examination Council (FFIEC) developed the Cybersecurity Assessment Tool (Assessment), on behalf of its members, to help institutions identify their risks and determine their cybersecurity maturity.;858573892697;ca-central-1;2026-09-19 09:30:34.148196;d3-dc-th-b-1;Independent testing (including penetration testing and vulnerability scanning) is conducted according to the risk assessment for external-facing systems and the internal network.;Cybersecurity Controls (Domain 3);Detective Controls (DC);;aws;;FAIL;GuardDuty is not enabled.;arn:aws:guardduty:ca-central-1:858573892697:detector/unknown;guardduty_is_enabled;False;detector/unknown;FFIEC;FFIEC Cybersecurity Assessment Tool framework;
aws;In light of the increasing volume and sophistication of cyber threats, the Federal Financial Institutions Examination Council (FFIEC) developed the Cybersecurity Assessment Tool (Assessment), on behalf of its members, to help institutions identify their risks and determine their cybersecurity maturity.;858573892697;ca-central-1;2026-09-19 09:30:34.148196;d5-dr-de-b-1;Alert parameters are set for detecting information security incidents that prompt mitigating actions.;Cyber Incident Management and Resilience (Domain 5);Detection, Response, & Mitigation (DR);;aws;;FAIL;GuardDuty is not enabled.;arn:aws:guardduty:ca-central-1:858573892697:detector/unknown;guardduty_is_enabled;False;detector/unknown;FFIEC;FFIEC Cybersecurity Assessment Tool framework;
aws;In light of the increasing volume and sophistication of cyber threats, the Federal Financial Institutions Examination Council (FFIEC) developed the Cybersecurity Assessment Tool (Assessment), on behalf of its members, to help institutions identify their risks and determine their cybersecurity maturity.;858573892697;ca-central-1;2026-09-19 09:30:34.148196;d5-dr-de-b-3;Tools and processes are in place to detect, alert, and trigger the incident response program.;Cyber Incident Management and Resilience (Domain 5);Detection, Response, & Mitigation (DR);;aws;;FAIL;GuardDuty is not enabled.;arn:aws:guardduty:ca-central-1:858573892697:detector/unknown;guardduty_is_enabled;False;detector/unknown;FFIEC;FFIEC Cybersecurity Assessment Tool framework;
aws;In light of the increasing volume and sophistication of cyber threats, the Federal Financial Institutions Examination Council (FFIEC) developed the Cybersecurity Assessment Tool (Assessment), on behalf of its members, to help institutions identify their risks and determine their cybersecurity maturity.;858573892697;eu-central-1;2026-09-19 09:30:34.148196;d1-rm-ra-b-2;The risk assessment identifies Internet- based systems and high-risk transactions that warrant additional authentication controls.;Cyber Risk Management and Oversight (Domain 1);Risk Management (RM);;aws;;FAIL;GuardDuty is not enabled.;arn:aws:guardduty:eu-central-1:858573892697:detector/unknown;guardduty_is_enabled;False;detector/unknown;FFIEC;FFIEC Cybersecurity Assessment Tool framework;
aws;In light of the increasing volume and sophistication of cyber threats, the Federal Financial Institutions Examination Council (FFIEC) developed the Cybersecurity Assessment Tool (Assessment), on behalf of its members, to help institutions identify their risks and determine their cybersecurity maturity.;858573892697;eu-central-1;2026-09-19 09:30:34.148196;d2-is-is-b-1;Information security threats are gathered and shared with applicable internal employees.;Threat Intelligence and Collaboration (Domain 2);Information Sharing (IS);;aws;;FAIL;GuardDuty is not enabled.;arn:aws:guardduty:eu-central-1:858573892697:detector/unknown;guardduty_is_enabled;False;detector/unknown;FFIEC;FFIEC Cybersecurity Assessment Tool framework;
aws;In light of the increasing volume and sophistication of cyber threats, the Federal Financial Institutions Examination Council (FFIEC) developed the Cybersecurity Assessment Tool (Assessment), on behalf of its members, to help institutions identify their risks and determine their cybersecurity maturity.;858573892697;eu-central-1;2026-09-19 09:30:34.148196;d2-ti-ti-b-1;The institution belongs or subscribes to a threat and vulnerability information-sharing source(s) that provides information on threats (e.g., FS-ISAC, US- CERT).;Threat Intelligence and Collaboration (Domain 2);Threat Intelligence (TI);;aws;;FAIL;GuardDuty is not enabled.;arn:aws:guardduty:eu-central-1:858573892697:detector/unknown;guardduty_is_enabled;False;detector/unknown;FFIEC;FFIEC Cybersecurity Assessment Tool framework;
aws;In light of the increasing volume and sophistication of cyber threats, the Federal Financial Institutions Examination Council (FFIEC) developed the Cybersecurity Assessment Tool (Assessment), on behalf of its members, to help institutions identify their risks and determine their cybersecurity maturity.;858573892697;eu-central-1;2026-09-19 09:30:34.148196;d2-ti-ti-b-2;Threat information is used to monitor threats and vulnerabilities.;Threat Intelligence and Collaboration (Domain 2);Threat Intelligence (TI);;aws;;FAIL;GuardDuty is not enabled.;arn:aws:guardduty:eu-central-1:858573892697:detector/unknown;guardduty_is_enabled;False;detector/unknown;FFIEC;FFIEC Cybersecurity Assessment Tool framework;
aws;In light of the increasing volume and sophistication of cyber threats, the Federal Financial Institutions Examination Council (FFIEC) developed the Cybersecurity Assessment Tool (Assessment), on behalf of its members, to help institutions identify their risks and determine their cybersecurity maturity.;858573892697;eu-central-1;2026-09-19 09:30:34.148196;d2-ti-ti-b-3;Threat information is used to enhance internal risk management and controls.;Threat Intelligence and Collaboration (Domain 2);Threat Intelligence (TI);;aws;;FAIL;GuardDuty is not enabled.;arn:aws:guardduty:eu-central-1:858573892697:detector/unknown;guardduty_is_enabled;False;detector/unknown;FFIEC;FFIEC Cybersecurity Assessment Tool framework;
aws;In light of the increasing volume and sophistication of cyber threats, the Federal Financial Institutions Examination Council (FFIEC) developed the Cybersecurity Assessment Tool (Assessment), on behalf of its members, to help institutions identify their risks and determine their cybersecurity maturity.;858573892697;eu-central-1;2026-09-19 09:30:34.148196;d3-dc-an-b-1;The institution is able to detect anomalous activities through monitoring across the environment.;Cybersecurity Controls (Domain 3);Detective Controls (DC);;aws;;FAIL;GuardDuty is not enabled.;arn:aws:guardduty:eu-central-1:858573892697:detector/unknown;guardduty_is_enabled;False;detector/unknown;FFIEC;FFIEC Cybersecurity Assessment Tool framework;
aws;In light of the increasing volume and sophistication of cyber threats, the Federal Financial Institutions Examination Council (FFIEC) developed the Cybersecurity Assessment Tool (Assessment), on behalf of its members, to help institutions identify their risks and determine their cybersecurity maturity.;858573892697;eu-central-1;2026-09-19 09:30:34.148196;d3-dc-an-b-2;Customer transactions generating anomalous activity alerts are monitored and reviewed.;Cybersecurity Controls (Domain 3);Detective Controls (DC);;aws;;FAIL;GuardDuty is not enabled.;arn:aws:guardduty:eu-central-1:858573892697:detector/unknown;guardduty_is_enabled;False;detector/unknown;FFIEC;FFIEC Cybersecurity Assessment Tool framework;
aws;In light of the increasing volume and sophistication of cyber threats, the Federal Financial Institutions Examination Council (FFIEC) developed the Cybersecurity Assessment Tool (Assessment), on behalf of its members, to help institutions identify their risks and determine their cybersecurity maturity.;858573892697;eu-central-1;2026-09-19 09:30:34.148196;d3-dc-ev-b-2;Mechanisms (e.g., antivirus alerts, log event alerts) are in place to alert management to potential attacks.;Cybersecurity Controls (Domain 3);Detective Controls (DC);;aws;;FAIL;GuardDuty is not enabled.;arn:aws:guardduty:eu-central-1:858573892697:detector/unknown;guardduty_is_enabled;False;detector/unknown;FFIEC;FFIEC Cybersecurity Assessment Tool framework;
aws;In light of the increasing volume and sophistication of cyber threats, the Federal Financial Institutions Examination Council (FFIEC) developed the Cybersecurity Assessment Tool (Assessment), on behalf of its members, to help institutions identify their risks and determine their cybersecurity maturity.;858573892697;eu-central-1;2026-09-19 09:30:34.148196;d3-dc-ev-b-3;Processes are in place to monitor for the presence of unauthorized users, devices, connections, and software.;Cybersecurity Controls (Domain 3);Detective Controls (DC);;aws;;FAIL;GuardDuty is not enabled.;arn:aws:guardduty:eu-central-1:858573892697:detector/unknown;guardduty_is_enabled;False;detector/unknown;FFIEC;FFIEC Cybersecurity Assessment Tool framework;
aws;In light of the increasing volume and sophistication of cyber threats, the Federal Financial Institutions Examination Council (FFIEC) developed the Cybersecurity Assessment Tool (Assessment), on behalf of its members, to help institutions identify their risks and determine their cybersecurity maturity.;858573892697;eu-central-1;2026-09-19 09:30:34.148196;d3-dc-th-b-1;Independent testing (including penetration testing and vulnerability scanning) is conducted according to the risk assessment for external-facing systems and the internal network.;Cybersecurity Controls (Domain 3);Detective Controls (DC);;aws;;FAIL;GuardDuty is not enabled.;arn:aws:guardduty:eu-central-1:858573892697:detector/unknown;guardduty_is_enabled;False;detector/unknown;FFIEC;FFIEC Cybersecurity Assessment Tool framework;
aws;In light of the increasing volume and sophistication of cyber threats, the Federal Financial Institutions Examination Council (FFIEC) developed the Cybersecurity Assessment Tool (Assessment), on behalf of its members, to help institutions identify their risks and determine their cybersecurity maturity.;858573892697;eu-central-1;2026-09-19 09:30:34.148196;d5-dr-de-b-1;Alert parameters are set for detecting information security incidents that prompt mitigating actions.;Cyber Incident Management and Resilience (Domain 5);Detection, Response, & Mitigation (DR);;aws;;FAIL;GuardDuty is not enabled.;arn:aws:guardduty:eu-central-1:858573892697:detector/unknown;guardduty_is_enabled;False;detector/unknown;FFIEC;FFIEC Cybersecurity Assessment Tool framework;
aws;In light of the increasing volume and sophistication of cyber threats, the Federal Financial Institutions Examination Council (FFIEC) developed the Cybersecurity Assessment Tool (Assessment), on behalf of its members, to help institutions identify their risks and determine their cybersecurity maturity.;858573892697;eu-central-1;2026-09-19 09:30:34.148196;d5-dr-de-b-3;Tools and processes are in place to detect, alert, and trigger the incident response program.;Cyber Incident Management and Resilience (Domain 5);Detection, Response, & Mitigation (DR);;aws;;FAIL;GuardDuty is not enabled.;arn:aws:guardduty:eu-central-1:858573892697:detector/unknown;guardduty_is_enabled;False;detector/unknown;FFIEC;FFIEC Cybersecurity Assessment Tool framework;
aws;In light of the increasing volume and sophistication of cyber threats, the Federal Financial Institutions Examination Council (FFIEC) developed the Cybersecurity Assessment Tool (Assessment), on behalf of its members, to help institutions identify their risks and determine their cybersecurity maturity.;858573892697;eu-north-1;2026-09-19 09:30:34.148196;d1-rm-ra-b-2;The risk assessment identifies Internet- based systems and high-risk transactions that warrant additional authentication controls.;Cyber Risk Management and Oversight (Domain 1);Risk Management (RM);;aws;;FAIL;GuardDuty is not enabled.;arn:aws:guardduty:eu-north-1:858573892697:detector/unknown;guardduty_is_enabled;False;detector/unknown;FFIEC;FFIEC Cybersecurity Assessment Tool framework;
aws;In light of the increasing volume and sophistication of cyber threats, the Federal Financial Institutions Examination Council (FFIEC) developed the Cybersecurity Assessment Tool (Assessment), on behalf of its members, to help institutions identify their risks and determine their cybersecurity maturity.;858573892697;eu-north-1;2026-09-19 09:30:34.148196;d2-is-is-b-1;Information security threats are gathered and shared with applicable internal employees.;Threat Intelligence and Collaboration (Domain 2);Information Sharing (IS);;aws;;FAIL;GuardDuty is not enabled.;arn:aws:guardduty:eu-north-1:858573892697:detector/unknown;guardduty_is_enabled;False;detector/unknown;FFIEC;FFIEC Cybersecurity Assessment Tool framework;
aws;In light of the increasing volume and sophistication of cyber threats, the Federal Financial Institutions Examination Council (FFIEC) developed the Cybersecurity Assessment Tool (Assessment), on behalf of its members, to help institutions identify their risks and determine their cybersecurity maturity.;858573892697;eu-north-1;2026-09-19 09:30:34.148196;d2-ti-ti-b-1;The institution belongs or subscribes to a threat and vulnerability information-sharing source(s) that provides information on threats (e.g., FS-ISAC, US- CERT).;Threat Intelligence and Collaboration (Domain 2);Threat Intelligence (TI);;aws;;FAIL;GuardDuty is not enabled.;arn:aws:guardduty:eu-north-1:858573892697:detector/unknown;guardduty_is_enabled;False;detector/unknown;FFIEC;FFIEC Cybersecurity Assessment Tool framework;
aws;In light of the increasing volume and sophistication of cyber threats, the Federal Financial Institutions Examination Council (FFIEC) developed the Cybersecurity Assessment Tool (Assessment), on behalf of its members, to help institutions identify their risks and determine their cybersecurity maturity.;858573892697;eu-north-1;2026-09-19 09:30:34.148196;d2-ti-ti-b-2;Threat information is used to monitor threats and vulnerabilities.;Threat Intelligence and Collaboration (Domain 2);Threat Intelligence (TI);;aws;;FAIL;GuardDuty is not enabled.;arn:aws:guardduty:eu-north-1:858573892697:detector/unknown;guardduty_is_enabled;False;detector/unknown;FFIEC;FFIEC Cybersecurity Assessment Tool framework;
aws;In light of the increasing volume and sophistication of cyber threats, the Federal Financial Institutions Examination Council (FFIEC) developed the Cybersecurity Assessment Tool (Assessment), on behalf of its members, to help institutions identify their risks and determine their cybersecurity maturity.;858573892697;eu-north-1;2026-09-19 09:30:34.148196;d2-ti-ti-b-3;Threat information is used to enhance internal risk management and controls.;Threat Intelligence and Collaboration (Domain 2);Threat Intelligence (TI);;aws;;FAIL;GuardDuty is not enabled.;arn:aws:guardduty:eu-north-1:858573892697:detector/unknown;guardduty_is_enabled;False;detector/unknown;FFIEC;FFIEC Cybersecurity Assessment Tool framework;
aws;In light of the increasing volume and sophistication of cyber threats, the Federal Financial Institutions Examination Council (FFIEC) developed the Cybersecurity Assessment Tool (Assessment), on behalf of its members, to help institutions identify their risks and determine their cybersecurity maturity.;858573892697;eu-north-1;2026-09-19 09:30:34.148196;d3-dc-an-b-1;The institution is able to detect anomalous activities through monitoring across the environment.;Cybersecurity Controls (Domain 3);Detective Controls (DC);;aws;;FAIL;GuardDuty is not enabled.;arn:aws:guardduty:eu-north-1:858573892697:detector/unknown;guardduty_is_enabled;False;detector/unknown;FFIEC;FFIEC Cybersecurity Assessment Tool framework;
aws;In light of the increasing volume and sophistication of cyber threats, the Federal Financial Institutions Examination Council (FFIEC) developed the Cybersecurity Assessment Tool (Assessment), on behalf of its members, to help institutions identify their risks and determine their cybersecurity maturity.;858573892697;eu-north-1;2026-09-19 09:30:34.148196;d3-dc-an-b-2;Customer transactions generating anomalous activity alerts are monitored and reviewed.;Cybersecurity Controls (Domain 3);Detective Controls (DC);;aws;;FAIL;GuardDuty is not enabled.;arn:aws:guardduty:eu-north-1:858573892697:detector/unknown;guardduty_is_enabled;False;detector/unknown;FFIEC;FFIEC Cybersecurity Assessment Tool framework;
aws;In light of the increasing volume and sophistication of cyber threats, the Federal Financial Institutions Examination Council (FFIEC) developed the Cybersecurity Assessment Tool (Assessment), on behalf of its members, to help institutions identify their risks and determine their cybersecurity maturity.;858573892697;eu-north-1;2026-09-19 09:30:34.148196;d3-dc-ev-b-2;Mechanisms (e.g., antivirus alerts, log event alerts) are in place to alert management to potential attacks.;Cybersecurity Controls (Domain 3);Detective Controls (DC);;aws;;FAIL;GuardDuty is not enabled.;arn:aws:guardduty:eu-north-1:858573892697:detector/unknown;guardduty_is_enabled;False;detector/unknown;FFIEC;FFIEC Cybersecurity Assessment Tool framework;
aws;In light of the increasing volume and sophistication of cyber threats, the Federal Financial Institutions Examination Council (FFIEC) developed the Cybersecurity Assessment Tool (Assessment), on behalf of its members, to help institutions identify their risks and determine their cybersecurity maturity.;858573892697;eu-north-1;2026-09-19 09:30:34.148196;d3-dc-ev-b-3;Processes are in place to monitor for the presence of unauthorized users, devices, connections, and software.;Cybersecurity Controls (Domain 3);Detective Controls (DC);;aws;;FAIL;GuardDuty is not enabled.;arn:aws:guardduty:eu-north-1:858573892697:detector/unknown;guardduty_is_enabled;False;detector/unknown;FFIEC;FFIEC Cybersecurity Assessment Tool framework;
aws;In light of the increasing volume and sophistication of cyber threats, the Federal Financial Institutions Examination Council (FFIEC) developed the Cybersecurity Assessment Tool (Assessment), on behalf of its members, to help institutions identify their risks and determine their cybersecurity maturity.;858573892697;eu-north-1;2026-09-19 09:30:34.148196;d3-dc-th-b-1;Independent testing (including penetration testing and vulnerability scanning) is conducted according to the risk assessment for external-facing systems and the internal network.;Cybersecurity Controls (Domain 3);Detective Controls (DC);;aws;;FAIL;GuardDuty is not enabled.;arn:aws:guardduty:eu-north-1:858573892697:detector/unknown;guardduty_is_enabled;False;detector/unknown;FFIEC;FFIEC Cybersecurity Assessment Tool framework;
aws;In light of the increasing volume and sophistication of cyber threats, the Federal Financial Institutions Examination Council (FFIEC) developed the Cybersecurity Assessment Tool (Assessment), on behalf of its members, to help institutions identify their risks and determine their cybersecurity maturity.;858573892697;eu-north-1;2026-09-19 09:30:34.148196;d5-dr-de-b-1;Alert parameters are set for detecting information security incidents that prompt mitigating actions.;Cyber Incident Management and Resilience (Domain 5);Detection, Response, & Mitigation (DR);;aws;;FAIL;GuardDuty is not enabled.;arn:aws:guardduty:eu-north-1:858573892697:detector/unknown;guardduty_is_enabled;False;detector/unknown;FFIEC;FFIEC Cybersecurity Assessment Tool framework;
aws;In light of the increasing volume and sophistication of cyber threats, the Federal Financial Institutions Examination Council (FFIEC) developed the Cybersecurity Assessment Tool (Assessment), on behalf of its members, to help institutions identify their risks and determine their cybersecurity maturity.;858573892697;eu-north-1;2026-09-19 09:30:34.148196;d5-dr-de-b-3;Tools and processes are in place to detect, alert, and trigger the incident response program.;Cyber Incident Management and Resilience (Domain 5);Detection, Response, & Mitigation (DR);;aws;;FAIL;GuardDuty is not enabled.;arn:aws:guardduty:eu-north-1:858573892697:detector/unknown;guardduty_is_enabled;False;detector/unknown;FFIEC;FFIEC Cybersecurity Assessment Tool framework;
aws;In light of the increasing volume and sophistication of cyber threats, the Federal Financial Institutions Examination Council (FFIEC) developed the Cybersecurity Assessment Tool (Assessment), on behalf of its members, to help institutions identify their risks and determine their cybersecurity maturity.;858573892697;eu-west-1;2026-09-19 09:30:34.148196;d1-rm-ra-b-2;The risk assessment identifies Internet- based systems and high-risk transactions that warrant additional authentication controls.;Cyber Risk Management and Oversight (Domain 1);Risk Management (RM);;aws;;FAIL;GuardDuty is not enabled.;arn:aws:guardduty:eu-west-1:858573892697:detector/unknown;guardduty_is_enabled;False;detector/unknown;FFIEC;FFIEC Cybersecurity Assessment Tool framework;
aws;In light of the increasing volume and sophistication of cyber threats, the Federal Financial Institutions Examination Council (FFIEC) developed the Cybersecurity Assessment Tool (Assessment), on behalf of its members, to help institutions identify their risks and determine their cybersecurity maturity.;858573892697;eu-west-1;2026-09-19 09:30:34.148196;d2-is-is-b-1;Information security threats are gathered and shared with applicable internal employees.;Threat Intelligence and Collaboration (Domain 2);Information Sharing (IS);;aws;;FAIL;GuardDuty is not enabled.;arn:aws:guardduty:eu-west-1:858573892697:detector/unknown;guardduty_is_enabled;False;detector/unknown;FFIEC;FFIEC Cybersecurity Assessment Tool framework;
aws;In light of the increasing volume and sophistication of cyber threats, the Federal Financial Institutions Examination Council (FFIEC) developed the Cybersecurity Assessment Tool (Assessment), on behalf of its members, to help institutions identify their risks and determine their cybersecurity maturity.;858573892697;eu-west-1;2026-09-19 09:30:34.148196;d2-ti-ti-b-1;The institution belongs or subscribes to a threat and vulnerability information-sharing source(s) that provides information on threats (e.g., FS-ISAC, US- CERT).;Threat Intelligence and Collaboration (Domain 2);Threat Intelligence (TI);;aws;;FAIL;GuardDuty is not enabled.;arn:aws:guardduty:eu-west-1:858573892697:detector/unknown;guardduty_is_enabled;False;detector/unknown;FFIEC;FFIEC Cybersecurity Assessment Tool framework;
aws;In light of the increasing volume and sophistication of cyber threats, the Federal Financial Institutions Examination Council (FFIEC) developed the Cybersecurity Assessment Tool (Assessment), on behalf of its members, to help institutions identify their risks and determine their cybersecurity maturity.;858573892697;eu-west-1;2026-09-19 09:30:34.148196;d2-ti-ti-b-2;Threat information is used to monitor threats and vulnerabilities.;Threat Intelligence and Collaboration (Domain 2);Threat Intelligence (TI);;aws;;FAIL;GuardDuty is not enabled.;arn:aws:guardduty:eu-west-1:858573892697:detector/unknown;guardduty_is_enabled;False;detector/unknown;FFIEC;FFIEC Cybersecurity Assessment Tool framework;
aws;In light of the increasing volume and sophistication of cyber threats, the Federal Financial Institutions Examination Council (FFIEC) developed the Cybersecurity Assessment Tool (Assessment), on behalf of its members, to help institutions identify their risks and determine their cybersecurity maturity.;858573892697;eu-west-1;2026-09-19 09:30:34.148196;d2-ti-ti-b-3;Threat information is used to enhance internal risk management and controls.;Threat Intelligence and Collaboration (Domain 2);Threat Intelligence (TI);;aws;;FAIL;GuardDuty is not enabled.;arn:aws:guardduty:eu-west-1:858573892697:detector/unknown;guardduty_is_enabled;False;detector/unknown;FFIEC;FFIEC Cybersecurity Assessment Tool framework;
aws;In light of the increasing volume and sophistication of cyber threats, the Federal Financial Institutions Examination Council (FFIEC) developed the Cybersecurity Assessment Tool (Assessment), on behalf of its members, to help institutions identify their risks and determine their cybersecurity maturity.;858573892697;eu-west-1;2026-09-19 09:30:34.148196;d3-dc-an-b-1;The institution is able to detect anomalous activities through monitoring across the environment.;Cybersecurity Controls (Domain 3);Detective Controls (DC);;aws;;FAIL;GuardDuty is not enabled.;arn:aws:guardduty:eu-west-1:858573892697:detector/unknown;guardduty_is_enabled;False;detector/unknown;FFIEC;FFIEC Cybersecurity Assessment Tool framework;
aws;In light of the increasing volume and sophistication of cyber threats, the Federal Financial Institutions Examination Council (FFIEC) developed the Cybersecurity Assessment Tool (Assessment), on behalf of its members, to help institutions identify their risks and determine their cybersecurity maturity.;858573892697;eu-west-1;2026-09-19 09:30:34.148196;d3-dc-an-b-2;Customer transactions generating anomalous activity alerts are monitored and reviewed.;Cybersecurity Controls (Domain 3);Detective Controls (DC);;aws;;FAIL;GuardDuty is not enabled.;arn:aws:guardduty:eu-west-1:858573892697:detector/unknown;guardduty_is_enabled;False;detector/unknown;FFIEC;FFIEC Cybersecurity Assessment Tool framework;
aws;In light of the increasing volume and sophistication of cyber threats, the Federal Financial Institutions Examination Council (FFIEC) developed the Cybersecurity Assessment Tool (Assessment), on behalf of its members, to help institutions identify their risks and determine their cybersecurity maturity.;858573892697;eu-west-1;2026-09-19 09:30:34.148196;d3-dc-ev-b-2;Mechanisms (e.g., antivirus alerts, log event alerts) are in place to alert management to potential attacks.;Cybersecurity Controls (Domain 3);Detective Controls (DC);;aws;;FAIL;GuardDuty is not enabled.;arn:aws:guardduty:eu-west-1:858573892697:detector/unknown;guardduty_is_enabled;False;detector/unknown;FFIEC;FFIEC Cybersecurity Assessment Tool framework;
aws;In light of the increasing volume and sophistication of cyber threats, the Federal Financial Institutions Examination Council (FFIEC) developed the Cybersecurity Assessment Tool (Assessment), on behalf of its members, to help institutions identify their risks and determine their cybersecurity maturity.;858573892697;eu-west-1;2026-09-19 09:30:34.148196;d3-dc-ev-b-3;Processes are in place to monitor for the presence of unauthorized users, devices, connections, and software.;Cybersecurity Controls (Domain 3);Detective Controls (DC);;aws;;FAIL;GuardDuty is not enabled.;arn:aws:guardduty:eu-west-1:858573892697:detector/unknown;guardduty_is_enabled;False;detector/unknown;FFIEC;FFIEC Cybersecurity Assessment Tool framework;
aws;In light of the increasing volume and sophistication of cyber threats, the Federal Financial Institutions Examination Council (FFIEC) developed the Cybersecurity Assessment Tool (Assessment), on behalf of its members, to help institutions identify their risks and determine their cybersecurity maturity.;858573892697;eu-west-1;2026-09-19 09:30:34.148196;d3-dc-th-b-1;Independent testing (including penetration testing and vulnerability scanning) is conducted according to the risk assessment for external-facing systems and the internal network.;Cybersecurity Controls (Domain 3);Detective Controls (DC);;aws;;FAIL;GuardDuty is not enabled.;arn:aws:guardduty:eu-west-1:858573892697:detector/unknown;guardduty_is_enabled;False;detector/unknown;FFIEC;FFIEC Cybersecurity Assessment Tool framework;
aws;In light of the increasing volume and sophistication of cyber threats, the Federal Financial Institutions Examination Council (FFIEC) developed the Cybersecurity Assessment Tool (Assessment), on behalf of its members, to help institutions identify their risks and determine their cybersecurity maturity.;858573892697;eu-west-1;2026-09-19 09:30:34.148196;d5-dr-de-b-1;Alert parameters are set for detecting information security incidents that prompt mitigating actions.;Cyber Incident Management and Resilience (Domain 5);Detection, Response, & Mitigation (DR);;aws;;FAIL;GuardDuty is not enabled.;arn:aws:guardduty:eu-west-1:858573892697:detector/unknown;guardduty_is_enabled;False;detector/unknown;FFIEC;FFIEC Cybersecurity Assessment Tool framework;
aws;In light of the increasing volume and sophistication of cyber threats, the Federal Financial Institutions Examination Council (FFIEC) developed the Cybersecurity Assessment Tool (Assessment), on behalf of its members, to help institutions identify their risks and determine their cybersecurity maturity.;858573892697;eu-west-1;2026-09-19 09:30:34.148196;d5-dr-de-b-3;Tools and processes are in place to detect, alert, and trigger the incident response program.;Cyber Incident Management and Resilience (Domain 5);Detection, Response, & Mitigation (DR);;aws;;FAIL;GuardDuty is not enabled.;arn:aws:guardduty:eu-west-1:858573892697:detector/unknown;guardduty_is_enabled;False;detector/unknown;FFIEC;FFIEC Cybersecurity Assessment Tool framework;
aws;In light of the increasing volume and sophistication of cyber threats, the Federal Financial Institutions Examination Council (FFIEC) developed the Cybersecurity Assessment Tool (Assessment), on behalf of its members, to help institutions identify their risks and determine their cybersecurity maturity.;858573892697;eu-west-2;2026-09-19 09:30:34.148196;d1-rm-ra-b-2;The risk assessment identifies Internet- based systems and high-risk transactions that warrant additional authentication controls.;Cyber Risk Management and Oversight (Domain 1);Risk Management (RM);;aws;;FAIL;GuardDuty is not enabled.;arn:aws:guardduty:eu-west-2:858573892697:detector/unknown;guardduty_is_enabled;False;detector/unknown;FFIEC;FFIEC Cybersecurity Assessment Tool framework;
aws;In light of the increasing volume and sophistication of cyber threats, the Federal Financial Institutions Examination Council (FFIEC) developed the Cybersecurity Assessment Tool (Assessment), on behalf of its members, to help institutions identify their risks and determine their cybersecurity maturity.;858573892697;eu-west-2;2026-09-19 09:30:34.148196;d2-is-is-b-1;Information security threats are gathered and shared with applicable internal employees.;Threat Intelligence and Collaboration (Domain 2);Information Sharing (IS);;aws;;FAIL;GuardDuty is not enabled.;arn:aws:guardduty:eu-west-2:858573892697:detector/unknown;guardduty_is_enabled;False;detector/unknown;FFIEC;FFIEC Cybersecurity Assessment Tool framework;
aws;In light of the increasing volume and sophistication of cyber threats, the Federal Financial Institutions Examination Council (FFIEC) developed the Cybersecurity Assessment Tool (Assessment), on behalf of its members, to help institutions identify their risks and determine their cybersecurity maturity.;858573892697;eu-west-2;2026-09-19 09:30:34.148196;d2-ti-ti-b-1;The institution belongs or subscribes to a threat and vulnerability information-sharing source(s) that provides information on threats (e.g., FS-ISAC, US- CERT).;Threat Intelligence and Collaboration (Domain 2);Threat Intelligence (TI);;aws;;FAIL;GuardDuty is not enabled.;arn:aws:guardduty:eu-west-2:858573892697:detector/unknown;guardduty_is_enabled;False;detector/unknown;FFIEC;FFIEC Cybersecurity Assessment Tool framework;
aws;In light of the increasing volume and sophistication of cyber threats, the Federal Financial Institutions Examination Council (FFIEC) developed the Cybersecurity Assessment Tool (Assessment), on behalf of its members, to help institutions identify their risks and determine their cybersecurity maturity.;858573892697;eu-west-2;2026-09-19 09:30:34.148196;d2-ti-ti-b-2;Threat information is used to monitor threats and vulnerabilities.;Threat Intelligence and Collaboration (Domain 2);Threat Intelligence (TI);;aws;;FAIL;GuardDuty is not enabled.;arn:aws:guardduty:eu-west-2:858573892697:detector/unknown;guardduty_is_enabled;False;detector/unknown;FFIEC;FFIEC Cybersecurity Assessment Tool framework;
aws;In light of the increasing volume and sophistication of cyber threats, the Federal Financial Institutions Examination Council (FFIEC) developed the Cybersecurity Assessment Tool (Assessment), on behalf of its members, to help institutions identify their risks and determine their cybersecurity maturity.;858573892697;eu-west-2;2026-09-19 09:30:34.148196;d2-ti-ti-b-3;Threat information is used to enhance internal risk management and controls.;Threat Intelligence and Collaboration (Domain 2);Threat Intelligence (TI);;aws;;FAIL;GuardDuty is not enabled.;arn:aws:guardduty:eu-west-2:858573892697:detector/unknown;guardduty_is_enabled;False;detector/unknown;FFIEC;FFIEC Cybersecurity Assessment Tool framework;
aws;In light of the increasing volume and sophistication of cyber threats, the Federal Financial Institutions Examination Council (FFIEC) developed the Cybersecurity Assessment Tool (Assessment), on behalf of its members, to help institutions identify their risks and determine their cybersecurity maturity.;858573892697;eu-west-2;2026-09-19 09:30:34.148196;d3-dc-an-b-1;The institution is able to detect anomalous activities through monitoring across the environment.;Cybersecurity Controls (Domain 3);Detective Controls (DC);;aws;;FAIL;GuardDuty is not enabled.;arn:aws:guardduty:eu-west-2:858573892697:detector/unknown;guardduty_is_enabled;False;detector/unknown;FFIEC;FFIEC Cybersecurity Assessment Tool framework;
aws;In light of the increasing volume and sophistication of cyber threats, the Federal Financial Institutions Examination Council (FFIEC) developed the Cybersecurity Assessment Tool (Assessment), on behalf of its members, to help institutions identify their risks and determine their cybersecurity maturity.;858573892697;eu-west-2;2026-09-19 09:30:34.148196;d3-dc-an-b-2;Customer transactions generating anomalous activity alerts are monitored and reviewed.;Cybersecurity Controls (Domain 3);Detective Controls (DC);;aws;;FAIL;GuardDuty is not enabled.;arn:aws:guardduty:eu-west-2:858573892697:detector/unknown;guardduty_is_enabled;False;detector/unknown;FFIEC;FFIEC Cybersecurity Assessment Tool framework;
aws;In light of the increasing volume and sophistication of cyber threats, the Federal Financial Institutions Examination Council (FFIEC) developed the Cybersecurity Assessment Tool (Assessment), on behalf of its members, to help institutions identify their risks and determine their cybersecurity maturity.;858573892697;eu-west-2;2026-09-19 09:30:34.148196;d3-dc-ev-b-2;Mechanisms (e.g., antivirus alerts, log event alerts) are in place to alert management to potential attacks.;Cybersecurity Controls (Domain 3);Detective Controls (DC);;aws;;FAIL;GuardDuty is not enabled.;arn:aws:guardduty:eu-west-2:858573892697:detector/unknown;guardduty_is_enabled;False;detector/unknown;FFIEC;FFIEC Cybersecurity Assessment Tool framework;
aws;In light of the increasing volume and sophistication of cyber threats, the Federal Financial Institutions Examination Council (FFIEC) developed the Cybersecurity Assessment Tool (Assessment), on behalf of its members, to help institutions identify their risks and determine their cybersecurity maturity.;858573892697;eu-west-2;2026-09-19 09:30:34.148196;d3-dc-ev-b-3;Processes are in place to monitor for the presence of unauthorized users, devices, connections, and software.;Cybersecurity Controls (Domain 3);Detective Controls (DC);;aws;;FAIL;GuardDuty is not enabled.;arn:aws:guardduty:eu-west-2:858573892697:detector/unknown;guardduty_is_enabled;False;detector/unknown;FFIEC;FFIEC Cybersecurity Assessment Tool framework;
aws;In light of the increasing volume and sophistication of cyber threats, the Federal Financial Institutions Examination Council (FFIEC) developed the Cybersecurity Assessment Tool (Assessment), on behalf of its members, to help institutions identify their risks and determine their cybersecurity maturity.;858573892697;eu-west-2;2026-09-19 09:30:34.148196;d3-dc-th-b-1;Independent testing (including penetration testing and vulnerability scanning) is conducted according to the risk assessment for external-facing systems and the internal network.;Cybersecurity Controls (Domain 3);Detective Controls (DC);;aws;;FAIL;GuardDuty is not enabled.;arn:aws:guardduty:eu-west-2:858573892697:detector/unknown;guardduty_is_enabled;False;detector/unknown;FFIEC;FFIEC Cybersecurity Assessment Tool framework;
aws;In light of the increasing volume and sophistication of cyber threats, the Federal Financial Institutions Examination Council (FFIEC) developed the Cybersecurity Assessment Tool (Assessment), on behalf of its members, to help institutions identify their risks and determine their cybersecurity maturity.;858573892697;eu-west-2;2026-09-19 09:30:34.148196;d5-dr-de-b-1;Alert parameters are set for detecting information security incidents that prompt mitigating actions.;Cyber Incident Management and Resilience (Domain 5);Detection, Response, & Mitigation (DR);;aws;;FAIL;GuardDuty is not enabled.;arn:aws:guardduty:eu-west-2:858573892697:detector/unknown;guardduty_is_enabled;False;detector/unknown;FFIEC;FFIEC Cybersecurity Assessment Tool framework;
aws;In light of the increasing volume and sophistication of cyber threats, the Federal Financial Institutions Examination Council (FFIEC) developed the Cybersecurity Assessment Tool (Assessment), on behalf of its members, to help institutions identify their risks and determine their cybersecurity maturity.;858573892697;eu-west-2;2026-09-19 09:30:34.148196;d5-dr-de-b-3;Tools and processes are in place to detect, alert, and trigger the incident response program.;Cyber Incident Management and Resilience (Domain 5);Detection, Response, & Mitigation (DR);;aws;;FAIL;GuardDuty is not enabled.;arn:aws:guardduty:eu-west-2:858573892697:detector/unknown;guardduty_is_enabled;False;detector/unknown;FFIEC;FFIEC Cybersecurity Assessment Tool framework;
aws;In light of the increasing volume and sophistication of cyber threats, the Federal Financial Institutions Examination Council (FFIEC) developed the Cybersecurity Assessment Tool (Assessment), on behalf of its members, to help institutions identify their risks and determine their cybersecurity maturity.;858573892697;eu-west-3;2026-09-19 09:30:34.148196;d1-rm-ra-b-2;The risk assessment identifies Internet- based systems and high-risk transactions that warrant additional authentication controls.;Cyber Risk Management and Oversight (Domain 1);Risk Management (RM);;aws;;FAIL;GuardDuty is not enabled.;arn:aws:guardduty:eu-west-3:858573892697:detector/unknown;guardduty_is_enabled;False;detector/unknown;FFIEC;FFIEC Cybersecurity Assessment Tool framework;
aws;In light of the increasing volume and sophistication of cyber threats, the Federal Financial Institutions Examination Council (FFIEC) developed the Cybersecurity Assessment Tool (Assessment), on behalf of its members, to help institutions identify their risks and determine their cybersecurity maturity.;858573892697;eu-west-3;2026-09-19 09:30:34.148196;d2-is-is-b-1;Information security threats are gathered and shared with applicable internal employees.;Threat Intelligence and Collaboration (Domain 2);Information Sharing (IS);;aws;;FAIL;GuardDuty is not enabled.;arn:aws:guardduty:eu-west-3:858573892697:detector/unknown;guardduty_is_enabled;False;detector/unknown;FFIEC;FFIEC Cybersecurity Assessment Tool framework;
aws;In light of the increasing volume and sophistication of cyber threats, the Federal Financial Institutions Examination Council (FFIEC) developed the Cybersecurity Assessment Tool (Assessment), on behalf of its members, to help institutions identify their risks and determine their cybersecurity maturity.;858573892697;eu-west-3;2026-09-19 09:30:34.148196;d2-ti-ti-b-1;The institution belongs or subscribes to a threat and vulnerability information-sharing source(s) that provides information on threats (e.g., FS-ISAC, US- CERT).;Threat Intelligence and Collaboration (Domain 2);Threat Intelligence (TI);;aws;;FAIL;GuardDuty is not enabled.;arn:aws:guardduty:eu-west-3:858573892697:detector/unknown;guardduty_is_enabled;False;detector/unknown;FFIEC;FFIEC Cybersecurity Assessment Tool framework;
aws;In light of the increasing volume and sophistication of cyber threats, the Federal Financial Institutions Examination Council (FFIEC) developed the Cybersecurity Assessment Tool (Assessment), on behalf of its members, to help institutions identify their risks and determine their cybersecurity maturity.;858573892697;eu-west-3;2026-09-19 09:30:34.148196;d2-ti-ti-b-2;Threat information is used to monitor threats and vulnerabilities.;Threat Intelligence and Collaboration (Domain 2);Threat Intelligence (TI);;aws;;FAIL;GuardDuty is not enabled.;arn:aws:guardduty:eu-west-3:858573892697:detector/unknown;guardduty_is_enabled;False;detector/unknown;FFIEC;FFIEC Cybersecurity Assessment Tool framework;
aws;In light of the increasing volume and sophistication of cyber threats, the Federal Financial Institutions Examination Council (FFIEC) developed the Cybersecurity Assessment Tool (Assessment), on behalf of its members, to help institutions identify their risks and determine their cybersecurity maturity.;858573892697;eu-west-3;2026-09-19 09:30:34.148196;d2-ti-ti-b-3;Threat information is used to enhance internal risk management and controls.;Threat Intelligence and Collaboration (Domain 2);Threat Intelligence (TI);;aws;;FAIL;GuardDuty is not enabled.;arn:aws:guardduty:eu-west-3:858573892697:detector/unknown;guardduty_is_enabled;False;detector/unknown;FFIEC;FFIEC Cybersecurity Assessment Tool framework;
aws;In light of the increasing volume and sophistication of cyber threats, the Federal Financial Institutions Examination Council (FFIEC) developed the Cybersecurity Assessment Tool (Assessment), on behalf of its members, to help institutions identify their risks and determine their cybersecurity maturity.;858573892697;eu-west-3;2026-09-19 09:30:34.148196;d3-dc-an-b-1;The institution is able to detect anomalous activities through monitoring across the environment.;Cybersecurity Controls (Domain 3);Detective Controls (DC);;aws;;FAIL;GuardDuty is not enabled.;arn:aws:guardduty:eu-west-3:858573892697:detector/unknown;guardduty_is_enabled;False;detector/unknown;FFIEC;FFIEC Cybersecurity Assessment Tool framework;
aws;In light of the increasing volume and sophistication of cyber threats, the Federal Financial Institutions Examination Council (FFIEC) developed the Cybersecurity Assessment Tool (Assessment), on behalf of its members, to help institutions identify their risks and determine their cybersecurity maturity.;858573892697;eu-west-3;2026-09-19 09:30:34.148196;d3-dc-an-b-2;Customer transactions generating anomalous activity alerts are monitored and reviewed.;Cybersecurity Controls (Domain 3);Detective Controls (DC);;aws;;FAIL;GuardDuty is not enabled.;arn:aws:guardduty:eu-west-3:858573892697:detector/unknown;guardduty_is_enabled;False;detector/unknown;FFIEC;FFIEC Cybersecurity Assessment Tool framework;
aws;In light of the increasing volume and sophistication of cyber threats, the Federal Financial Institutions Examination Council (FFIEC) developed the Cybersecurity Assessment Tool (Assessment), on behalf of its members, to help institutions identify their risks and determine their cybersecurity maturity.;858573892697;eu-west-3;2026-09-19 09:30:34.148196;d3-dc-ev-b-2;Mechanisms (e.g., antivirus alerts, log event alerts) are in place to alert management to potential attacks.;Cybersecurity Controls (Domain 3);Detective Controls (DC);;aws;;FAIL;GuardDuty is not enabled.;arn:aws:guardduty:eu-west-3:858573892697:detector/unknown;guardduty_is_enabled;False;detector/unknown;FFIEC;FFIEC Cybersecurity Assessment Tool framework;
aws;In light of the increasing volume and sophistication of cyber threats, the Federal Financial Institutions Examination Council (FFIEC) developed the Cybersecurity Assessment Tool (Assessment), on behalf of its members, to help institutions identify their risks and determine their cybersecurity maturity.;858573892697;eu-west-3;2026-09-19 09:30:34.148196;d3-dc-ev-b-3;Processes are in place to monitor for the presence of unauthorized users, devices, connections, and software.;Cybersecurity Controls (Domain 3);Detective Controls (DC);;aws;;FAIL;GuardDuty is not enabled.;arn:aws:guardduty:eu-west-3:858573892697:detector/unknown;guardduty_is_enabled;False;detector/unknown;FFIEC;FFIEC Cybersecurity Assessment Tool framework;
aws;In light of the increasing volume and sophistication of cyber threats, the Federal Financial Institutions Examination Council (FFIEC) developed the Cybersecurity Assessment Tool (Assessment), on behalf of its members, to help institutions identify their risks and determine their cybersecurity maturity.;858573892697;eu-west-3;2026-09-19 09:30:34.148196;d3-dc-th-b-1;Independent testing (including penetration testing and vulnerability scanning) is conducted according to the risk assessment for external-facing systems and the internal network.;Cybersecurity Controls (Domain 3);Detective Controls (DC);;aws;;FAIL;GuardDuty is not enabled.;arn:aws:guardduty:eu-west-3:858573892697:detector/unknown;guardduty_is_enabled;False;detector/unknown;FFIEC;FFIEC Cybersecurity Assessment Tool framework;
aws;In light of the increasing volume and sophistication of cyber threats, the Federal Financial Institutions Examination Council (FFIEC) developed the Cybersecurity Assessment Tool (Assessment), on behalf of its members, to help institutions identify their risks and determine their cybersecurity maturity.;858573892697;eu-west-3;2026-09-19 09:30:34.148196;d5-dr-de-b-1;Alert parameters are set for detecting information security incidents that prompt mitigating actions.;Cyber Incident Management and Resilience (Domain 5);Detection, Response, & Mitigation (DR);;aws;;FAIL;GuardDuty is not enabled.;arn:aws:guardduty:eu-west-3:858573892697:detector/unknown;guardduty_is_enabled;False;detector/unknown;FFIEC;FFIEC Cybersecurity Assessment Tool framework;
aws;In light of the increasing volume and sophistication of cyber threats, the Federal Financial Institutions Examination Council (FFIEC) developed the Cybersecurity Assessment Tool (Assessment), on behalf of its members, to help institutions identify their risks and determine their cybersecurity maturity.;858573892697;eu-west-3;2026-09-19 09:30:34.148196;d5-dr-de-b-3;Tools and processes are in place to detect, alert, and trigger the incident response program.;Cyber Incident Management and Resilience (Domain 5);Detection, Response, & Mitigation (DR);;aws;;FAIL;GuardDuty is not enabled.;arn:aws:guardduty:eu-west-3:858573892697:detector/unknown;guardduty_is_enabled;False;detector/unknown;FFIEC;FFIEC Cybersecurity Assessment Tool framework;
aws;In light of the increasing volume and sophistication of cyber threats, the Federal Financial Institutions Examination Council (FFIEC) developed the Cybersecurity Assessment Tool (Assessment), on behalf of its members, to help institutions identify their risks and determine their cybersecurity maturity.;858573892697;sa-east-1;2026-09-19 09:30:34.148196;d1-rm-ra-b-2;The risk assessment identifies Internet- based systems and high-risk transactions that warrant additional authentication controls.;Cyber Risk Management and Oversight (Domain 1);Risk Management (RM);;aws;;FAIL;GuardDuty is not enabled.;arn:aws:guardduty:sa-east-1:858573892697:detector/unknown;guardduty_is_enabled;False;detector/unknown;FFIEC;FFIEC Cybersecurity Assessment Tool framework;
aws;In light of the increasing volume and sophistication of cyber threats, the Federal Financial Institutions Examination Council (FFIEC) developed the Cybersecurity Assessment Tool (Assessment), on behalf of its members, to help institutions identify their risks and determine their cybersecurity maturity.;858573892697;sa-east-1;2026-09-19 09:30:34.148196;d2-is-is-b-1;Information security threats are gathered and shared with applicable internal employees.;Threat Intelligence and Collaboration (Domain 2);Information Sharing (IS);;aws;;FAIL;GuardDuty is not enabled.;arn:aws:guardduty:sa-east-1:858573892697:detector/unknown;guardduty_is_enabled;False;detector/unknown;FFIEC;FFIEC Cybersecurity Assessment Tool framework;
aws;In light of the increasing volume and sophistication of cyber threats, the Federal Financial Institutions Examination Council (FFIEC) developed the Cybersecurity Assessment Tool (Assessment), on behalf of its members, to help institutions identify their risks and determine their cybersecurity maturity.;858573892697;sa-east-1;2026-09-19 09:30:34.148196;d2-ti-ti-b-1;The institution belongs or subscribes to a threat and vulnerability information-sharing source(s) that provides information on threats (e.g., FS-ISAC, US- CERT).;Threat Intelligence and Collaboration (Domain 2);Threat Intelligence (TI);;aws;;FAIL;GuardDuty is not enabled.;arn:aws:guardduty:sa-east-1:858573892697:detector/unknown;guardduty_is_enabled;False;detector/unknown;FFIEC;FFIEC Cybersecurity Assessment Tool framework;
aws;In light of the increasing volume and sophistication of cyber threats, the Federal Financial Institutions Examination Council (FFIEC) developed the Cybersecurity Assessment Tool (Assessment), on behalf of its members, to help institutions identify their risks and determine their cybersecurity maturity.;858573892697;sa-east-1;2026-09-19 09:30:34.148196;d2-ti-ti-b-2;Threat information is used to monitor threats and vulnerabilities.;Threat Intelligence and Collaboration (Domain 2);Threat Intelligence (TI);;aws;;FAIL;GuardDuty is not enabled.;arn:aws:guardduty:sa-east-1:858573892697:detector/unknown;guardduty_is_enabled;False;detector/unknown;FFIEC;FFIEC Cybersecurity Assessment Tool framework;
aws;In light of the increasing volume and sophistication of cyber threats, the Federal Financial Institutions Examination Council (FFIEC) developed the Cybersecurity Assessment Tool (Assessment), on behalf of its members, to help institutions identify their risks and determine their cybersecurity maturity.;858573892697;sa-east-1;2026-09-19 09:30:34.148196;d2-ti-ti-b-3;Threat information is used to enhance internal risk management and controls.;Threat Intelligence and Collaboration (Domain 2);Threat Intelligence (TI);;aws;;FAIL;GuardDuty is not enabled.;arn:aws:guardduty:sa-east-1:858573892697:detector/unknown;guardduty_is_enabled;False;detector/unknown;FFIEC;FFIEC Cybersecurity Assessment Tool framework;
aws;In light of the increasing volume and sophistication of cyber threats, the Federal Financial Institutions Examination Council (FFIEC) developed the Cybersecurity Assessment Tool (Assessment), on behalf of its members, to help institutions identify their risks and determine their cybersecurity maturity.;858573892697;sa-east-1;2026-09-19 09:30:34.148196;d3-dc-an-b-1;The institution is able to detect anomalous activities through monitoring across the environment.;Cybersecurity Controls (Domain 3);Detective Controls (DC);;aws;;FAIL;GuardDuty is not enabled.;arn:aws:guardduty:sa-east-1:858573892697:detector/unknown;guardduty_is_enabled;False;detector/unknown;FFIEC;FFIEC Cybersecurity Assessment Tool framework;
aws;In light of the increasing volume and sophistication of cyber threats, the Federal Financial Institutions Examination Council (FFIEC) developed the Cybersecurity Assessment Tool (Assessment), on behalf of its members, to help institutions identify their risks and determine their cybersecurity maturity.;858573892697;sa-east-1;2026-09-19 09:30:34.148196;d3-dc-an-b-2;Customer transactions generating anomalous activity alerts are monitored and reviewed.;Cybersecurity Controls (Domain 3);Detective Controls (DC);;aws;;FAIL;GuardDuty is not enabled.;arn:aws:guardduty:sa-east-1:858573892697:detector/unknown;guardduty_is_enabled;False;detector/unknown;FFIEC;FFIEC Cybersecurity Assessment Tool framework;
aws;In light of the increasing volume and sophistication of cyber threats, the Federal Financial Institutions Examination Council (FFIEC) developed the Cybersecurity Assessment Tool (Assessment), on behalf of its members, to help institutions identify their risks and determine their cybersecurity maturity.;858573892697;sa-east-1;2026-09-19 09:30:34.148196;d3-dc-ev-b-2;Mechanisms (e.g., antivirus alerts, log event alerts) are in place to alert management to potential attacks.;Cybersecurity Controls (Domain 3);Detective Controls (DC);;aws;;FAIL;GuardDuty is not enabled.;arn:aws:guardduty:sa-east-1:858573892697:detector/unknown;guardduty_is_enabled;False;detector/unknown;FFIEC;FFIEC Cybersecurity Assessment Tool framework;
aws;In light of the increasing volume and sophistication of cyber threats, the Federal Financial Institutions Examination Council (FFIEC) developed the Cybersecurity Assessment Tool (Assessment), on behalf of its members, to help institutions identify their risks and determine their cybersecurity maturity.;858573892697;sa-east-1;2026-09-19 09:30:34.148196;d3-dc-ev-b-3;Processes are in place to monitor for the presence of unauthorized users, devices, connections, and software.;Cybersecurity Controls (Domain 3);Detective Controls (DC);;aws;;FAIL;GuardDuty is not enabled.;arn:aws:guardduty:sa-east-1:858573892697:detector/unknown;guardduty_is_enabled;False;detector/unknown;FFIEC;FFIEC Cybersecurity Assessment Tool framework;
aws;In light of the increasing volume and sophistication of cyber threats, the Federal Financial Institutions Examination Council (FFIEC) developed the Cybersecurity Assessment Tool (Assessment), on behalf of its members, to help institutions identify their risks and determine their cybersecurity maturity.;858573892697;sa-east-1;2026-09-19 09:30:34.148196;d3-dc-th-b-1;Independent testing (including penetration testing and vulnerability scanning) is conducted according to the risk assessment for external-facing systems and the internal network.;Cybersecurity Controls (Domain 3);Detective Controls (DC);;aws;;FAIL;GuardDuty is not enabled.;arn:aws:guardduty:sa-east-1:858573892697:detector/unknown;guardduty_is_enabled;False;detector/unknown;FFIEC;FFIEC Cybersecurity Assessment Tool framework;
aws;In light of the increasing volume and sophistication of cyber threats, the Federal Financial Institutions Examination Council (FFIEC) developed the Cybersecurity Assessment Tool (Assessment), on behalf of its members, to help institutions identify their risks and determine their cybersecurity maturity.;858573892697;sa-east-1;2026-09-19 09:30:34.148196;d5-dr-de-b-1;Alert parameters are set for detecting information security incidents that prompt mitigating actions.;Cyber Incident Management and Resilience (Domain 5);Detection, Response, & Mitigation (DR);;aws;;FAIL;GuardDuty is not enabled.;arn:aws:guardduty:sa-east-1:858573892697:detector/unknown;guardduty_is_enabled;False;detector/unknown;FFIEC;FFIEC Cybersecurity Assessment Tool framework;
aws;In light of the increasing volume and sophistication of cyber threats, the Federal Financial Institutions Examination Council (FFIEC) developed the Cybersecurity Assessment Tool (Assessment), on behalf of its members, to help institutions identify their risks and determine their cybersecurity maturity.;858573892697;sa-east-1;2026-09-19 09:30:34.148196;d5-dr-de-b-3;Tools and processes are in place to detect, alert, and trigger the incident response program.;Cyber Incident Management and Resilience (Domain 5);Detection, Response, & Mitigation (DR);;aws;;FAIL;GuardDuty is not enabled.;arn:aws:guardduty:sa-east-1:858573892697:detector/unknown;guardduty_is_enabled;False;detector/unknown;FFIEC;FFIEC Cybersecurity Assessment Tool framework;
aws;In light of the increasing volume and sophistication of cyber threats, the Federal Financial Institutions Examination Council (FFIEC) developed the Cybersecurity Assessment Tool (Assessment), on behalf of its members, to help institutions identify their risks and determine their cybersecurity maturity.;858573892697;us-east-1;2026-09-19 09:30:34.148196;d1-rm-ra-b-2;The risk assessment identifies Internet- based systems and high-risk transactions that warrant additional authentication controls.;Cyber Risk Management and Oversight (Domain 1);Risk Management (RM);;aws;;FAIL;GuardDuty is not enabled.;arn:aws:guardduty:us-east-1:858573892697:detector/unknown;guardduty_is_enabled;False;detector/unknown;FFIEC;FFIEC Cybersecurity Assessment Tool framework;
aws;In light of the increasing volume and sophistication of cyber threats, the Federal Financial Institutions Examination Council (FFIEC) developed the Cybersecurity Assessment Tool (Assessment), on behalf of its members, to help institutions identify their risks and determine their cybersecurity maturity.;858573892697;us-east-1;2026-09-19 09:30:34.148196;d2-is-is-b-1;Information security threats are gathered and shared with applicable internal employees.;Threat Intelligence and Collaboration (Domain 2);Information Sharing (IS);;aws;;FAIL;GuardDuty is not enabled.;arn:aws:guardduty:us-east-1:858573892697:detector/unknown;guardduty_is_enabled;False;detector/unknown;FFIEC;FFIEC Cybersecurity Assessment Tool framework;
aws;In light of the increasing volume and sophistication of cyber threats, the Federal Financial Institutions Examination Council (FFIEC) developed the Cybersecurity Assessment Tool (Assessment), on behalf of its members, to help institutions identify their risks and determine their cybersecurity maturity.;858573892697;us-east-1;2026-09-19 09:30:34.148196;d2-ti-ti-b-1;The institution belongs or subscribes to a threat and vulnerability information-sharing source(s) that provides information on threats (e.g., FS-ISAC, US- CERT).;Threat Intelligence and Collaboration (Domain 2);Threat Intelligence (TI);;aws;;FAIL;GuardDuty is not enabled.;arn:aws:guardduty:us-east-1:858573892697:detector/unknown;guardduty_is_enabled;False;detector/unknown;FFIEC;FFIEC Cybersecurity Assessment Tool framework;
aws;In light of the increasing volume and sophistication of cyber threats, the Federal Financial Institutions Examination Council (FFIEC) developed the Cybersecurity Assessment Tool (Assessment), on behalf of its members, to help institutions identify their risks and determine their cybersecurity maturity.;858573892697;us-east-1;2026-09-19 09:30:34.148196;d2-ti-ti-b-2;Threat information is used to monitor threats and vulnerabilities.;Threat Intelligence and Collaboration (Domain 2);Threat Intelligence (TI);;aws;;FAIL;GuardDuty is not enabled.;arn:aws:guardduty:us-east-1:858573892697:detector/unknown;guardduty_is_enabled;False;detector/unknown;FFIEC;FFIEC Cybersecurity Assessment Tool framework;
aws;In light of the increasing volume and sophistication of cyber threats, the Federal Financial Institutions Examination Council (FFIEC) developed the Cybersecurity Assessment Tool (Assessment), on behalf of its members, to help institutions identify their risks and determine their cybersecurity maturity.;858573892697;us-east-1;2026-09-19 09:30:34.148196;d2-ti-ti-b-3;Threat information is used to enhance internal risk management and controls.;Threat Intelligence and Collaboration (Domain 2);Threat Intelligence (TI);;aws;;FAIL;GuardDuty is not enabled.;arn:aws:guardduty:us-east-1:858573892697:detector/unknown;guardduty_is_enabled;False;detector/unknown;FFIEC;FFIEC Cybersecurity Assessment Tool framework;
aws;In light of the increasing volume and sophistication of cyber threats, the Federal Financial Institutions Examination Council (FFIEC) developed the Cybersecurity Assessment Tool (Assessment), on behalf of its members, to help institutions identify their risks and determine their cybersecurity maturity.;858573892697;us-east-1;2026-09-19 09:30:34.148196;d3-dc-an-b-1;The institution is able to detect anomalous activities through monitoring across the environment.;Cybersecurity Controls (Domain 3);Detective Controls (DC);;aws;;FAIL;GuardDuty is not enabled.;arn:aws:guardduty:us-east-1:858573892697:detector/unknown;guardduty_is_enabled;False;detector/unknown;FFIEC;FFIEC Cybersecurity Assessment Tool framework;
aws;In light of the increasing volume and sophistication of cyber threats, the Federal Financial Institutions Examination Council (FFIEC) developed the Cybersecurity Assessment Tool (Assessment), on behalf of its members, to help institutions identify their risks and determine their cybersecurity maturity.;858573892697;us-east-1;2026-09-19 09:30:34.148196;d3-dc-an-b-2;Customer transactions generating anomalous activity alerts are monitored and reviewed.;Cybersecurity Controls (Domain 3);Detective Controls (DC);;aws;;FAIL;GuardDuty is not enabled.;arn:aws:guardduty:us-east-1:858573892697:detector/unknown;guardduty_is_enabled;False;detector/unknown;FFIEC;FFIEC Cybersecurity Assessment Tool framework;
aws;In light of the increasing volume and sophistication of cyber threats, the Federal Financial Institutions Examination Council (FFIEC) developed the Cybersecurity Assessment Tool (Assessment), on behalf of its members, to help institutions identify their risks and determine their cybersecurity maturity.;858573892697;us-east-1;2026-09-19 09:30:34.148196;d3-dc-ev-b-2;Mechanisms (e.g., antivirus alerts, log event alerts) are in place to alert management to potential attacks.;Cybersecurity Controls (Domain 3);Detective Controls (DC);;aws;;FAIL;GuardDuty is not enabled.;arn:aws:guardduty:us-east-1:858573892697:detector/unknown;guardduty_is_enabled;False;detector/unknown;FFIEC;FFIEC Cybersecurity Assessment Tool framework;
aws;In light of the increasing volume and sophistication of cyber threats, the Federal Financial Institutions Examination Council (FFIEC) developed the Cybersecurity Assessment Tool (Assessment), on behalf of its members, to help institutions identify their risks and determine their cybersecurity maturity.;858573892697;us-east-1;2026-09-19 09:30:34.148196;d3-dc-ev-b-3;Processes are in place to monitor for the presence of unauthorized users, devices, connections, and software.;Cybersecurity Controls (Domain 3);Detective Controls (DC);;aws;;FAIL;GuardDuty is not enabled.;arn:aws:guardduty:us-east-1:858573892697:detector/unknown;guardduty_is_enabled;False;detector/unknown;FFIEC;FFIEC Cybersecurity Assessment Tool framework;
aws;In light of the increasing volume and sophistication of cyber threats, the Federal Financial Institutions Examination Council (FFIEC) developed the Cybersecurity Assessment Tool (Assessment), on behalf of its members, to help institutions identify their risks and determine their cybersecurity maturity.;858573892697;us-east-1;2026-09-19 09:30:34.148196;d3-dc-th-b-1;Independent testing (including penetration testing and vulnerability scanning) is conducted according to the risk assessment for external-facing systems and the internal network.;Cybersecurity Controls (Domain 3);Detective Controls (DC);;aws;;FAIL;GuardDuty is not enabled.;arn:aws:guardduty:us-east-1:858573892697:detector/unknown;guardduty_is_enabled;False;detector/unknown;FFIEC;FFIEC Cybersecurity Assessment Tool framework;
aws;In light of the increasing volume and sophistication of cyber threats, the Federal Financial Institutions Examination Council (FFIEC) developed the Cybersecurity Assessment Tool (Assessment), on behalf of its members, to help institutions identify their risks and determine their cybersecurity maturity.;858573892697;us-east-1;2026-09-19 09:30:34.148196;d5-dr-de-b-1;Alert parameters are set for detecting information security incidents that prompt mitigating actions.;Cyber Incident Management and Resilience (Domain 5);Detection, Response, & Mitigation (DR);;aws;;FAIL;GuardDuty is not enabled.;arn:aws:guardduty:us-east-1:858573892697:detector/unknown;guardduty_is_enabled;False;detector/unknown;FFIEC;FFIEC Cybersecurity Assessment Tool framework;
aws;In light of the increasing volume and sophistication of cyber threats, the Federal Financial Institutions Examination Council (FFIEC) developed the Cybersecurity Assessment Tool (Assessment), on behalf of its members, to help institutions identify their risks and determine their cybersecurity maturity.;858573892697;us-east-1;2026-09-19 09:30:34.148196;d5-dr-de-b-3;Tools and processes are in place to detect, alert, and trigger the incident response program.;Cyber Incident Management and Resilience (Domain 5);Detection, Response, & Mitigation (DR);;aws;;FAIL;GuardDuty is not enabled.;arn:aws:guardduty:us-east-1:858573892697:detector/unknown;guardduty_is_enabled;False;detector/unknown;FFIEC;FFIEC Cybersecurity Assessment Tool framework;
aws;In light of the increasing volume and sophistication of cyber threats, the Federal Financial Institutions Examination Council (FFIEC) developed the Cybersecurity Assessment Tool (Assessment), on behalf of its members, to help institutions identify their risks and determine their cybersecurity maturity.;858573892697;us-east-2;2026-09-19 09:30:34.148196;d1-rm-ra-b-2;The risk assessment identifies Internet- based systems and high-risk transactions that warrant additional authentication controls.;Cyber Risk Management and Oversight (Domain 1);Risk Management (RM);;aws;;FAIL;GuardDuty is not enabled.;arn:aws:guardduty:us-east-2:858573892697:detector/unknown;guardduty_is_enabled;False;detector/unknown;FFIEC;FFIEC Cybersecurity Assessment Tool framework;
aws;In light of the increasing volume and sophistication of cyber threats, the Federal Financial Institutions Examination Council (FFIEC) developed the Cybersecurity Assessment Tool (Assessment), on behalf of its members, to help institutions identify their risks and determine their cybersecurity maturity.;858573892697;us-east-2;2026-09-19 09:30:34.148196;d2-is-is-b-1;Information security threats are gathered and shared with applicable internal employees.;Threat Intelligence and Collaboration (Domain 2);Information Sharing (IS);;aws;;FAIL;GuardDuty is not enabled.;arn:aws:guardduty:us-east-2:858573892697:detector/unknown;guardduty_is_enabled;False;detector/unknown;FFIEC;FFIEC Cybersecurity Assessment Tool framework;
aws;In light of the increasing volume and sophistication of cyber threats, the Federal Financial Institutions Examination Council (FFIEC) developed the Cybersecurity Assessment Tool (Assessment), on behalf of its members, to help institutions identify their risks and determine their cybersecurity maturity.;858573892697;us-east-2;2026-09-19 09:30:34.148196;d2-ti-ti-b-1;The institution belongs or subscribes to a threat and vulnerability information-sharing source(s) that provides information on threats (e.g., FS-ISAC, US- CERT).;Threat Intelligence and Collaboration (Domain 2);Threat Intelligence (TI);;aws;;FAIL;GuardDuty is not enabled.;arn:aws:guardduty:us-east-2:858573892697:detector/unknown;guardduty_is_enabled;False;detector/unknown;FFIEC;FFIEC Cybersecurity Assessment Tool framework;
aws;In light of the increasing volume and sophistication of cyber threats, the Federal Financial Institutions Examination Council (FFIEC) developed the Cybersecurity Assessment Tool (Assessment), on behalf of its members, to help institutions identify their risks and determine their cybersecurity maturity.;858573892697;us-east-2;2026-09-19 09:30:34.148196;d2-ti-ti-b-2;Threat information is used to monitor threats and vulnerabilities.;Threat Intelligence and Collaboration (Domain 2);Threat Intelligence (TI);;aws;;FAIL;GuardDuty is not enabled.;arn:aws:guardduty:us-east-2:858573892697:detector/unknown;guardduty_is_enabled;False;detector/unknown;FFIEC;FFIEC Cybersecurity Assessment Tool framework;
aws;In light of the increasing volume and sophistication of cyber threats, the Federal Financial Institutions Examination Council (FFIEC) developed the Cybersecurity Assessment Tool (Assessment), on behalf of its members, to help institutions identify their risks and determine their cybersecurity maturity.;858573892697;us-east-2;2026-09-19 09:30:34.148196;d2-ti-ti-b-3;Threat information is used to enhance internal risk management and controls.;Threat Intelligence and Collaboration (Domain 2);Threat Intelligence (TI);;aws;;FAIL;GuardDuty is not enabled.;arn:aws:guardduty:us-east-2:858573892697:detector/unknown;guardduty_is_enabled;False;detector/unknown;FFIEC;FFIEC Cybersecurity Assessment Tool framework;
aws;In light of the increasing volume and sophistication of cyber threats, the Federal Financial Institutions Examination Council (FFIEC) developed the Cybersecurity Assessment Tool (Assessment), on behalf of its members, to help institutions identify their risks and determine their cybersecurity maturity.;858573892697;us-east-2;2026-09-19 09:30:34.148196;d3-dc-an-b-1;The institution is able to detect anomalous activities through monitoring across the environment.;Cybersecurity Controls (Domain 3);Detective Controls (DC);;aws;;FAIL;GuardDuty is not enabled.;arn:aws:guardduty:us-east-2:858573892697:detector/unknown;guardduty_is_enabled;False;detector/unknown;FFIEC;FFIEC Cybersecurity Assessment Tool framework;
aws;In light of the increasing volume and sophistication of cyber threats, the Federal Financial Institutions Examination Council (FFIEC) developed the Cybersecurity Assessment Tool (Assessment), on behalf of its members, to help institutions identify their risks and determine their cybersecurity maturity.;858573892697;us-east-2;2026-09-19 09:30:34.148196;d3-dc-an-b-2;Customer transactions generating anomalous activity alerts are monitored and reviewed.;Cybersecurity Controls (Domain 3);Detective Controls (DC);;aws;;FAIL;GuardDuty is not enabled.;arn:aws:guardduty:us-east-2:858573892697:detector/unknown;guardduty_is_enabled;False;detector/unknown;FFIEC;FFIEC Cybersecurity Assessment Tool framework;
aws;In light of the increasing volume and sophistication of cyber threats, the Federal Financial Institutions Examination Council (FFIEC) developed the Cybersecurity Assessment Tool (Assessment), on behalf of its members, to help institutions identify their risks and determine their cybersecurity maturity.;858573892697;us-east-2;2026-09-19 09:30:34.148196;d3-dc-ev-b-2;Mechanisms (e.g., antivirus alerts, log event alerts) are in place to alert management to potential attacks.;Cybersecurity Controls (Domain 3);Detective Controls (DC);;aws;;FAIL;GuardDuty is not enabled.;arn:aws:guardduty:us-east-2:858573892697:detector/unknown;guardduty_is_enabled;False;detector/unknown;FFIEC;FFIEC Cybersecurity Assessment Tool framework;
aws;In light of the increasing volume and sophistication of cyber threats, the Federal Financial Institutions Examination Council (FFIEC) developed the Cybersecurity Assessment Tool (Assessment), on behalf of its members, to help institutions identify their risks and determine their cybersecurity maturity.;858573892697;us-east-2;2026-09-19 09:30:34.148196;d3-dc-ev-b-3;Processes are in place to monitor for the presence of unauthorized users, devices, connections, and software.;Cybersecurity Controls (Domain 3);Detective Controls (DC);;aws;;FAIL;GuardDuty is not enabled.;arn:aws:guardduty:us-east-2:858573892697:detector/unknown;guardduty_is_enabled;False;detector/unknown;FFIEC;FFIEC Cybersecurity Assessment Tool framework;
aws;In light of the increasing volume and sophistication of cyber threats, the Federal Financial Institutions Examination Council (FFIEC) developed the Cybersecurity Assessment Tool (Assessment), on behalf of its members, to help institutions identify their risks and determine their cybersecurity maturity.;858573892697;us-east-2;2026-09-19 09:30:34.148196;d3-dc-th-b-1;Independent testing (including penetration testing and vulnerability scanning) is conducted according to the risk assessment for external-facing systems and the internal network.;Cybersecurity Controls (Domain 3);Detective Controls (DC);;aws;;FAIL;GuardDuty is not enabled.;arn:aws:guardduty:us-east-2:858573892697:detector/unknown;guardduty_is_enabled;False;detector/unknown;FFIEC;FFIEC Cybersecurity Assessment Tool framework;
aws;In light of the increasing volume and sophistication of cyber threats, the Federal Financial Institutions Examination Council (FFIEC) developed the Cybersecurity Assessment Tool (Assessment), on behalf of its members, to help institutions identify their risks and determine their cybersecurity maturity.;858573892697;us-east-2;2026-09-19 09:30:34.148196;d5-dr-de-b-1;Alert parameters are set for detecting information security incidents that prompt mitigating actions.;Cyber Incident Management and Resilience (Domain 5);Detection, Response, & Mitigation (DR);;aws;;FAIL;GuardDuty is not enabled.;arn:aws:guardduty:us-east-2:858573892697:detector/unknown;guardduty_is_enabled;False;detector/unknown;FFIEC;FFIEC Cybersecurity Assessment Tool framework;
aws;In light of the increasing volume and sophistication of cyber threats, the Federal Financial Institutions Examination Council (FFIEC) developed the Cybersecurity Assessment Tool (Assessment), on behalf of its members, to help institutions identify their risks and determine their cybersecurity maturity.;858573892697;us-east-2;2026-09-19 09:30:34.148196;d5-dr-de-b-3;Tools and processes are in place to detect, alert, and trigger the incident response program.;Cyber Incident Management and Resilience (Domain 5);Detection, Response, & Mitigation (DR);;aws;;FAIL;GuardDuty is not enabled.;arn:aws:guardduty:us-east-2:858573892697:detector/unknown;guardduty_is_enabled;False;detector/unknown;FFIEC;FFIEC Cybersecurity Assessment Tool framework;
aws;In light of the increasing volume and sophistication of cyber threats, the Federal Financial Institutions Examination Council (FFIEC) developed the Cybersecurity Assessment Tool (Assessment), on behalf of its members, to help institutions identify their risks and determine their cybersecurity maturity.;858573892697;us-west-1;2026-09-19 09:30:34.148196;d1-rm-ra-b-2;The risk assessment identifies Internet- based systems and high-risk transactions that warrant additional authentication controls.;Cyber Risk Management and Oversight (Domain 1);Risk Management (RM);;aws;;FAIL;GuardDuty is not enabled.;arn:aws:guardduty:us-west-1:858573892697:detector/unknown;guardduty_is_enabled;False;detector/unknown;FFIEC;FFIEC Cybersecurity Assessment Tool framework;
aws;In light of the increasing volume and sophistication of cyber threats, the Federal Financial Institutions Examination Council (FFIEC) developed the Cybersecurity Assessment Tool (Assessment), on behalf of its members, to help institutions identify their risks and determine their cybersecurity maturity.;858573892697;us-west-1;2026-09-19 09:30:34.148196;d2-is-is-b-1;Information security threats are gathered and shared with applicable internal employees.;Threat Intelligence and Collaboration (Domain 2);Information Sharing (IS);;aws;;FAIL;GuardDuty is not enabled.;arn:aws:guardduty:us-west-1:858573892697:detector/unknown;guardduty_is_enabled;False;detector/unknown;FFIEC;FFIEC Cybersecurity Assessment Tool framework;
aws;In light of the increasing volume and sophistication of cyber threats, the Federal Financial Institutions Examination Council (FFIEC) developed the Cybersecurity Assessment Tool (Assessment), on behalf of its members, to help institutions identify their risks and determine their cybersecurity maturity.;858573892697;us-west-1;2026-09-19 09:30:34.148196;d2-ti-ti-b-1;The institution belongs or subscribes to a threat and vulnerability information-sharing source(s) that provides information on threats (e.g., FS-ISAC, US- CERT).;Threat Intelligence and Collaboration (Domain 2);Threat Intelligence (TI);;aws;;FAIL;GuardDuty is not enabled.;arn:aws:guardduty:us-west-1:858573892697:detector/unknown;guardduty_is_enabled;False;detector/unknown;FFIEC;FFIEC Cybersecurity Assessment Tool framework;
aws;In light of the increasing volume and sophistication of cyber threats, the Federal Financial Institutions Examination Council (FFIEC) developed the Cybersecurity Assessment Tool (Assessment), on behalf of its members, to help institutions identify their risks and determine their cybersecurity maturity.;858573892697;us-west-1;2026-09-19 09:30:34.148196;d2-ti-ti-b-2;Threat information is used to monitor threats and vulnerabilities.;Threat Intelligence and Collaboration (Domain 2);Threat Intelligence (TI);;aws;;FAIL;GuardDuty is not enabled.;arn:aws:guardduty:us-west-1:858573892697:detector/unknown;guardduty_is_enabled;False;detector/unknown;FFIEC;FFIEC Cybersecurity Assessment Tool framework;
aws;In light of the increasing volume and sophistication of cyber threats, the Federal Financial Institutions Examination Council (FFIEC) developed the Cybersecurity Assessment Tool (Assessment), on behalf of its members, to help institutions identify their risks and determine their cybersecurity maturity.;858573892697;us-west-1;2026-09-19 09:30:34.148196;d2-ti-ti-b-3;Threat information is used to enhance internal risk management and controls.;Threat Intelligence and Collaboration (Domain 2);Threat Intelligence (TI);;aws;;FAIL;GuardDuty is not enabled.;arn:aws:guardduty:us-west-1:858573892697:detector/unknown;guardduty_is_enabled;False;detector/unknown;FFIEC;FFIEC Cybersecurity Assessment Tool framework;
aws;In light of the increasing volume and sophistication of cyber threats, the Federal Financial Institutions Examination Council (FFIEC) developed the Cybersecurity Assessment Tool (Assessment), on behalf of its members, to help institutions identify their risks and determine their cybersecurity maturity.;858573892697;us-west-1;2026-09-19 09:30:34.148196;d3-dc-an-b-1;The institution is able to detect anomalous activities through monitoring across the environment.;Cybersecurity Controls (Domain 3);Detective Controls (DC);;aws;;FAIL;GuardDuty is not enabled.;arn:aws:guardduty:us-west-1:858573892697:detector/unknown;guardduty_is_enabled;False;detector/unknown;FFIEC;FFIEC Cybersecurity Assessment Tool framework;
aws;In light of the increasing volume and sophistication of cyber threats, the Federal Financial Institutions Examination Council (FFIEC) developed the Cybersecurity Assessment Tool (Assessment), on behalf of its members, to help institutions identify their risks and determine their cybersecurity maturity.;858573892697;us-west-1;2026-09-19 09:30:34.148196;d3-dc-an-b-2;Customer transactions generating anomalous activity alerts are monitored and reviewed.;Cybersecurity Controls (Domain 3);Detective Controls (DC);;aws;;FAIL;GuardDuty is not enabled.;arn:aws:guardduty:us-west-1:858573892697:detector/unknown;guardduty_is_enabled;False;detector/unknown;FFIEC;FFIEC Cybersecurity Assessment Tool framework;
aws;In light of the increasing volume and sophistication of cyber threats, the Federal Financial Institutions Examination Council (FFIEC) developed the Cybersecurity Assessment Tool (Assessment), on behalf of its members, to help institutions identify their risks and determine their cybersecurity maturity.;858573892697;us-west-1;2026-09-19 09:30:34.148196;d3-dc-ev-b-2;Mechanisms (e.g., antivirus alerts, log event alerts) are in place to alert management to potential attacks.;Cybersecurity Controls (Domain 3);Detective Controls (DC);;aws;;FAIL;GuardDuty is not enabled.;arn:aws:guardduty:us-west-1:858573892697:detector/unknown;guardduty_is_enabled;False;detector/unknown;FFIEC;FFIEC Cybersecurity Assessment Tool framework;
aws;In light of the increasing volume and sophistication of cyber threats, the Federal Financial Institutions Examination Council (FFIEC) developed the Cybersecurity Assessment Tool (Assessment), on behalf of its members, to help institutions identify their risks and determine their cybersecurity maturity.;858573892697;us-west-1;2026-09-19 09:30:34.148196;d3-dc-ev-b-3;Processes are in place to monitor for the presence of unauthorized users, devices, connections, and software.;Cybersecurity Controls (Domain 3);Detective Controls (DC);;aws;;FAIL;GuardDuty is not enabled.;arn:aws:guardduty:us-west-1:858573892697:detector/unknown;guardduty_is_enabled;False;detector/unknown;FFIEC;FFIEC Cybersecurity Assessment Tool framework;
aws;In light of the increasing volume and sophistication of cyber threats, the Federal Financial Institutions Examination Council (FFIEC) developed the Cybersecurity Assessment Tool (Assessment), on behalf of its members, to help institutions identify their risks and determine their cybersecurity maturity.;858573892697;us-west-1;2026-09-19 09:30:34.148196;d3-dc-th-b-1;Independent testing (including penetration testing and vulnerability scanning) is conducted according to the risk assessment for external-facing systems and the internal network.;Cybersecurity Controls (Domain 3);Detective Controls (DC);;aws;;FAIL;GuardDuty is not enabled.;arn:aws:guardduty:us-west-1:858573892697:detector/unknown;guardduty_is_enabled;False;detector/unknown;FFIEC;FFIEC Cybersecurity Assessment Tool framework;
aws;In light of the increasing volume and sophistication of cyber threats, the Federal Financial Institutions Examination Council (FFIEC) developed the Cybersecurity Assessment Tool (Assessment), on behalf of its members, to help institutions identify their risks and determine their cybersecurity maturity.;858573892697;us-west-1;2026-09-19 09:30:34.148196;d5-dr-de-b-1;Alert parameters are set for detecting information security incidents that prompt mitigating actions.;Cyber Incident Management and Resilience (Domain 5);Detection, Response, & Mitigation (DR);;aws;;FAIL;GuardDuty is not enabled.;arn:aws:guardduty:us-west-1:858573892697:detector/unknown;guardduty_is_enabled;False;detector/unknown;FFIEC;FFIEC Cybersecurity Assessment Tool framework;
aws;In light of the increasing volume and sophistication of cyber threats, the Federal Financial Institutions Examination Council (FFIEC) developed the Cybersecurity Assessment Tool (Assessment), on behalf of its members, to help institutions identify their risks and determine their cybersecurity maturity.;858573892697;us-west-1;2026-09-19 09:30:34.148196;d5-dr-de-b-3;Tools and processes are in place to detect, alert, and trigger the incident response program.;Cyber Incident Management and Resilience (Domain 5);Detection, Response, & Mitigation (DR);;aws;;FAIL;GuardDuty is not enabled.;arn:aws:guardduty:us-west-1:858573892697:detector/unknown;guardduty_is_enabled;False;detector/unknown;FFIEC;FFIEC Cybersecurity Assessment Tool framework;
aws;In light of the increasing volume and sophistication of cyber threats, the Federal Financial Institutions Examination Council (FFIEC) developed the Cybersecurity Assessment Tool (Assessment), on behalf of its members, to help institutions identify their risks and determine their cybersecurity maturity.;858573892697;us-west-2;2026-09-19 09:30:34.148196;d1-rm-ra-b-2;The risk assessment identifies Internet- based systems and high-risk transactions that warrant additional authentication controls.;Cyber Risk Management and Oversight (Domain 1);Risk Management (RM);;aws;;FAIL;GuardDuty is not enabled.;arn:aws:guardduty:us-west-2:858573892697:detector/unknown;guardduty_is_enabled;False;detector/unknown;FFIEC;FFIEC Cybersecurity Assessment Tool framework;
aws;In light of the increasing volume and sophistication of cyber threats, the Federal Financial Institutions Examination Council (FFIEC) developed the Cybersecurity Assessment Tool (Assessment), on behalf of its members, to help institutions identify their risks and determine their cybersecurity maturity.;858573892697;us-west-2;2026-09-19 09:30:34.148196;d2-is-is-b-1;Information security threats are gathered and shared with applicable internal employees.;Threat Intelligence and Collaboration (Domain 2);Information Sharing (IS);;aws;;FAIL;GuardDuty is not enabled.;arn:aws:guardduty:us-west-2:858573892697:detector/unknown;guardduty_is_enabled;False;detector/unknown;FFIEC;FFIEC Cybersecurity Assessment Tool framework;
aws;In light of the increasing volume and sophistication of cyber threats, the Federal Financial Institutions Examination Council (FFIEC) developed the Cybersecurity Assessment Tool (Assessment), on behalf of its members, to help institutions identify their risks and determine their cybersecurity maturity.;858573892697;us-west-2;2026-09-19 09:30:34.148196;d2-ti-ti-b-1;The institution belongs or subscribes to a threat and vulnerability information-sharing source(s) that provides information on threats (e.g., FS-ISAC, US- CERT).;Threat Intelligence and Collaboration (Domain 2);Threat Intelligence (TI);;aws;;FAIL;GuardDuty is not enabled.;arn:aws:guardduty:us-west-2:858573892697:detector/unknown;guardduty_is_enabled;False;detector/unknown;FFIEC;FFIEC Cybersecurity Assessment Tool framework;
aws;In light of the increasing volume and sophistication of cyber threats, the Federal Financial Institutions Examination Council (FFIEC) developed the Cybersecurity Assessment Tool (Assessment), on behalf of its members, to help institutions identify their risks and determine their cybersecurity maturity.;858573892697;us-west-2;2026-09-19 09:30:34.148196;d2-ti-ti-b-2;Threat information is used to monitor threats and vulnerabilities.;Threat Intelligence and Collaboration (Domain 2);Threat Intelligence (TI);;aws;;FAIL;GuardDuty is not enabled.;arn:aws:guardduty:us-west-2:858573892697:detector/unknown;guardduty_is_enabled;False;detector/unknown;FFIEC;FFIEC Cybersecurity Assessment Tool framework;
aws;In light of the increasing volume and sophistication of cyber threats, the Federal Financial Institutions Examination Council (FFIEC) developed the Cybersecurity Assessment Tool (Assessment), on behalf of its members, to help institutions identify their risks and determine their cybersecurity maturity.;858573892697;us-west-2;2026-09-19 09:30:34.148196;d2-ti-ti-b-3;Threat information is used to enhance internal risk management and controls.;Threat Intelligence and Collaboration (Domain 2);Threat Intelligence (TI);;aws;;FAIL;GuardDuty is not enabled.;arn:aws:guardduty:us-west-2:858573892697:detector/unknown;guardduty_is_enabled;False;detector/unknown;FFIEC;FFIEC Cybersecurity Assessment Tool framework;
aws;In light of the increasing volume and sophistication of cyber threats, the Federal Financial Institutions Examination Council (FFIEC) developed the Cybersecurity Assessment Tool (Assessment), on behalf of its members, to help institutions identify their risks and determine their cybersecurity maturity.;858573892697;us-west-2;2026-09-19 09:30:34.148196;d3-dc-an-b-1;The institution is able to detect anomalous activities through monitoring across the environment.;Cybersecurity Controls (Domain 3);Detective Controls (DC);;aws;;FAIL;GuardDuty is not enabled.;arn:aws:guardduty:us-west-2:858573892697:detector/unknown;guardduty_is_enabled;False;detector/unknown;FFIEC;FFIEC Cybersecurity Assessment Tool framework;
aws;In light of the increasing volume and sophistication of cyber threats, the Federal Financial Institutions Examination Council (FFIEC) developed the Cybersecurity Assessment Tool (Assessment), on behalf of its members, to help institutions identify their risks and determine their cybersecurity maturity.;858573892697;us-west-2;2026-09-19 09:30:34.148196;d3-dc-an-b-2;Customer transactions generating anomalous activity alerts are monitored and reviewed.;Cybersecurity Controls (Domain 3);Detective Controls (DC);;aws;;FAIL;GuardDuty is not enabled.;arn:aws:guardduty:us-west-2:858573892697:detector/unknown;guardduty_is_enabled;False;detector/unknown;FFIEC;FFIEC Cybersecurity Assessment Tool framework;
aws;In light of the increasing volume and sophistication of cyber threats, the Federal Financial Institutions Examination Council (FFIEC) developed the Cybersecurity Assessment Tool (Assessment), on behalf of its members, to help institutions identify their risks and determine their cybersecurity maturity.;858573892697;us-west-2;2026-09-19 09:30:34.148196;d3-dc-ev-b-2;Mechanisms (e.g., antivirus alerts, log event alerts) are in place to alert management to potential attacks.;Cybersecurity Controls (Domain 3);Detective Controls (DC);;aws;;FAIL;GuardDuty is not enabled.;arn:aws:guardduty:us-west-2:858573892697:detector/unknown;guardduty_is_enabled;False;detector/unknown;FFIEC;FFIEC Cybersecurity Assessment Tool framework;
aws;In light of the increasing volume and sophistication of cyber threats, the Federal Financial Institutions Examination Council (FFIEC) developed the Cybersecurity Assessment Tool (Assessment), on behalf of its members, to help institutions identify their risks and determine their cybersecurity maturity.;858573892697;us-west-2;2026-09-19 09:30:34.148196;d3-dc-ev-b-3;Processes are in place to monitor for the presence of unauthorized users, devices, connections, and software.;Cybersecurity Controls (Domain 3);Detective Controls (DC);;aws;;FAIL;GuardDuty is not enabled.;arn:aws:guardduty:us-west-2:858573892697:detector/unknown;guardduty_is_enabled;False;detector/unknown;FFIEC;FFIEC Cybersecurity Assessment Tool framework;
aws;In light of the increasing volume and sophistication of cyber threats, the Federal Financial Institutions Examination Council (FFIEC) developed the Cybersecurity Assessment Tool (Assessment), on behalf of its members, to help institutions identify their risks and determine their cybersecurity maturity.;858573892697;us-west-2;2026-09-19 09:30:34.148196;d3-dc-th-b-1;Independent testing (including penetration testing and vulnerability scanning) is conducted according to the risk assessment for external-facing systems and the internal network.;Cybersecurity Controls (Domain 3);Detective Controls (DC);;aws;;FAIL;GuardDuty is not enabled.;arn:aws:guardduty:us-west-2:858573892697:detector/unknown;guardduty_is_enabled;False;detector/unknown;FFIEC;FFIEC Cybersecurity Assessment Tool framework;
aws;In light of the increasing volume and sophistication of cyber threats, the Federal Financial Institutions Examination Council (FFIEC) developed the Cybersecurity Assessment Tool (Assessment), on behalf of its members, to help institutions identify their risks and determine their cybersecurity maturity.;858573892697;us-west-2;2026-09-19 09:30:34.148196;d5-dr-de-b-1;Alert parameters are set for detecting information security incidents that prompt mitigating actions.;Cyber Incident Management and Resilience (Domain 5);Detection, Response, & Mitigation (DR);;aws;;FAIL;GuardDuty is not enabled.;arn:aws:guardduty:us-west-2:858573892697:detector/unknown;guardduty_is_enabled;False;detector/unknown;FFIEC;FFIEC Cybersecurity Assessment Tool framework;
aws;In light of the increasing volume and sophistication of cyber threats, the Federal Financial Institutions Examination Council (FFIEC) developed the Cybersecurity Assessment Tool (Assessment), on behalf of its members, to help institutions identify their risks and determine their cybersecurity maturity.;858573892697;us-west-2;2026-09-19 09:30:34.148196;d5-dr-de-b-3;Tools and processes are in place to detect, alert, and trigger the incident response program.;Cyber Incident Management and Resilience (Domain 5);Detection, Response, & Mitigation (DR);;aws;;FAIL;GuardDuty is not enabled.;arn:aws:guardduty:us-west-2:858573892697:detector/unknown;guardduty_is_enabled;False;detector/unknown;FFIEC;FFIEC Cybersecurity Assessment Tool framework;
aws;In light of the increasing volume and sophistication of cyber threats, the Federal Financial Institutions Examination Council (FFIEC) developed the Cybersecurity Assessment Tool (Assessment), on behalf of its members, to help institutions identify their risks and determine their cybersecurity maturity.;858573892697;us-east-1;2026-09-19 09:30:34.148196;d3-pc-am-b-1;Employee access is granted to systems and confidential data based on job responsibilities and the principles of least privilege.;Cybersecurity Controls (Domain 3);Preventative Controls (PC);;aws;;PASS;AWS policy SystemAdministrator is attached but does not allow '*:*' administrative privileges.;arn:aws:iam::aws:policy/job-function/SystemAdministrator;iam_aws_attached_policy_no_administrative_privileges;False;SystemAdministrator;FFIEC;FFIEC Cybersecurity Assessment Tool framework;
aws;In light of the increasing volume and sophistication of cyber threats, the Federal Financial Institutions Examination Council (FFIEC) developed the Cybersecurity Assessment Tool (Assessment), on behalf of its members, to help institutions identify their risks and determine their cybersecurity maturity.;858573892697;us-east-1;2026-09-19 09:30:34.148196;d3-pc-am-b-16;Administrative, physical, or technical controls are in place to prevent users without administrative responsibilities from installing unauthorized software.;Cybersecurity Controls (Domain 3);Preventative Controls (PC);;aws;;PASS;AWS policy SystemAdministrator is attached but does not allow '*:*' administrative privileges.;arn:aws:iam::aws:policy/job-function/SystemAdministrator;iam_aws_attached_policy_no_administrative_privileges;False;SystemAdministrator;FFIEC;FFIEC Cybersecurity Assessment Tool framework;
aws;In light of the increasing volume and sophistication of cyber threats, the Federal Financial Institutions Examination Council (FFIEC) developed the Cybersecurity Assessment Tool (Assessment), on behalf of its members, to help institutions identify their risks and determine their cybersecurity maturity.;858573892697;us-east-1;2026-09-19 09:30:34.148196;d3-pc-am-b-2;Employee access to systems and confidential data provides for separation of duties.;Cybersecurity Controls (Domain 3);Preventative Controls (PC);;aws;;PASS;AWS policy SystemAdministrator is attached but does not allow '*:*' administrative privileges.;arn:aws:iam::aws:policy/job-function/SystemAdministrator;iam_aws_attached_policy_no_administrative_privileges;False;SystemAdministrator;FFIEC;FFIEC Cybersecurity Assessment Tool framework;
aws;In light of the increasing volume and sophistication of cyber threats, the Federal Financial Institutions Examination Council (FFIEC) developed the Cybersecurity Assessment Tool (Assessment), on behalf of its members, to help institutions identify their risks and determine their cybersecurity maturity.;858573892697;us-east-1;2026-09-19 09:30:34.148196;d3-pc-am-b-3;Elevated privileges (e.g., administrator privileges) are limited and tightly controlled (e.g., assigned to individuals, not shared, and require stronger password controls;Cybersecurity Controls (Domain 3);Preventative Controls (PC);;aws;;PASS;AWS policy SystemAdministrator is attached but does not allow '*:*' administrative privileges.;arn:aws:iam::aws:policy/job-function/SystemAdministrator;iam_aws_attached_policy_no_administrative_privileges;False;SystemAdministrator;FFIEC;FFIEC Cybersecurity Assessment Tool framework;
aws;In light of the increasing volume and sophistication of cyber threats, the Federal Financial Institutions Examination Council (FFIEC) developed the Cybersecurity Assessment Tool (Assessment), on behalf of its members, to help institutions identify their risks and determine their cybersecurity maturity.;858573892697;us-east-1;2026-09-19 09:30:34.148196;d3-pc-am-b-6;Identification and authentication are required and managed for access to systems, applications, and hardware.;Cybersecurity Controls (Domain 3);Preventative Controls (PC);;aws;;PASS;AWS policy SystemAdministrator is attached but does not allow '*:*' administrative privileges.;arn:aws:iam::aws:policy/job-function/SystemAdministrator;iam_aws_attached_policy_no_administrative_privileges;False;SystemAdministrator;FFIEC;FFIEC Cybersecurity Assessment Tool framework;
aws;In light of the increasing volume and sophistication of cyber threats, the Federal Financial Institutions Examination Council (FFIEC) developed the Cybersecurity Assessment Tool (Assessment), on behalf of its members, to help institutions identify their risks and determine their cybersecurity maturity.;858573892697;us-east-1;2026-09-19 09:30:34.148196;d3-pc-im-b-7;Access to make changes to systems configurations (including virtual machines and hypervisors) is controlled and monitored.;Cybersecurity Controls (Domain 3);Preventative Controls (PC);;aws;;PASS;AWS policy SystemAdministrator is attached but does not allow '*:*' administrative privileges.;arn:aws:iam::aws:policy/job-function/SystemAdministrator;iam_aws_attached_policy_no_administrative_privileges;False;SystemAdministrator;FFIEC;FFIEC Cybersecurity Assessment Tool framework;
aws;In light of the increasing volume and sophistication of cyber threats, the Federal Financial Institutions Examination Council (FFIEC) developed the Cybersecurity Assessment Tool (Assessment), on behalf of its members, to help institutions identify their risks and determine their cybersecurity maturity.;858573892697;us-east-1;2026-09-19 09:30:34.148196;d3-pc-am-b-1;Employee access is granted to systems and confidential data based on job responsibilities and the principles of least privilege.;Cybersecurity Controls (Domain 3);Preventative Controls (PC);;aws;;PASS;AWS policy AmazonAPIGatewayAdministrator is attached but does not allow '*:*' administrative privileges.;arn:aws:iam::aws:policy/AmazonAPIGatewayAdministrator;iam_aws_attached_policy_no_administrative_privileges;False;AmazonAPIGatewayAdministrator;FFIEC;FFIEC Cybersecurity Assessment Tool framework;
aws;In light of the increasing volume and sophistication of cyber threats, the Federal Financial Institutions Examination Council (FFIEC) developed the Cybersecurity Assessment Tool (Assessment), on behalf of its members, to help institutions identify their risks and determine their cybersecurity maturity.;858573892697;us-east-1;2026-09-19 09:30:34.148196;d3-pc-am-b-16;Administrative, physical, or technical controls are in place to prevent users without administrative responsibilities from installing unauthorized software.;Cybersecurity Controls (Domain 3);Preventative Controls (PC);;aws;;PASS;AWS policy AmazonAPIGatewayAdministrator is attached but does not allow '*:*' administrative privileges.;arn:aws:iam::aws:policy/AmazonAPIGatewayAdministrator;iam_aws_attached_policy_no_administrative_privileges;False;AmazonAPIGatewayAdministrator;FFIEC;FFIEC Cybersecurity Assessment Tool framework;
aws;In light of the increasing volume and sophistication of cyber threats, the Federal Financial Institutions Examination Council (FFIEC) developed the Cybersecurity Assessment Tool (Assessment), on behalf of its members, to help institutions identify their risks and determine their cybersecurity maturity.;858573892697;us-east-1;2026-09-19 09:30:34.148196;d3-pc-am-b-2;Employee access to systems and confidential data provides for separation of duties.;Cybersecurity Controls (Domain 3);Preventative Controls (PC);;aws;;PASS;AWS policy AmazonAPIGatewayAdministrator is attached but does not allow '*:*' administrative privileges.;arn:aws:iam::aws:policy/AmazonAPIGatewayAdministrator;iam_aws_attached_policy_no_administrative_privileges;False;AmazonAPIGatewayAdministrator;FFIEC;FFIEC Cybersecurity Assessment Tool framework;
aws;In light of the increasing volume and sophistication of cyber threats, the Federal Financial Institutions Examination Council (FFIEC) developed the Cybersecurity Assessment Tool (Assessment), on behalf of its members, to help institutions identify their risks and determine their cybersecurity maturity.;858573892697;us-east-1;2026-09-19 09:30:34.148196;d3-pc-am-b-3;Elevated privileges (e.g., administrator privileges) are limited and tightly controlled (e.g., assigned to individuals, not shared, and require stronger password controls;Cybersecurity Controls (Domain 3);Preventative Controls (PC);;aws;;PASS;AWS policy AmazonAPIGatewayAdministrator is attached but does not allow '*:*' administrative privileges.;arn:aws:iam::aws:policy/AmazonAPIGatewayAdministrator;iam_aws_attached_policy_no_administrative_privileges;False;AmazonAPIGatewayAdministrator;FFIEC;FFIEC Cybersecurity Assessment Tool framework;
aws;In light of the increasing volume and sophistication of cyber threats, the Federal Financial Institutions Examination Council (FFIEC) developed the Cybersecurity Assessment Tool (Assessment), on behalf of its members, to help institutions identify their risks and determine their cybersecurity maturity.;858573892697;us-east-1;2026-09-19 09:30:34.148196;d3-pc-am-b-6;Identification and authentication are required and managed for access to systems, applications, and hardware.;Cybersecurity Controls (Domain 3);Preventative Controls (PC);;aws;;PASS;AWS policy AmazonAPIGatewayAdministrator is attached but does not allow '*:*' administrative privileges.;arn:aws:iam::aws:policy/AmazonAPIGatewayAdministrator;iam_aws_attached_policy_no_administrative_privileges;False;AmazonAPIGatewayAdministrator;FFIEC;FFIEC Cybersecurity Assessment Tool framework;
aws;In light of the increasing volume and sophistication of cyber threats, the Federal Financial Institutions Examination Council (FFIEC) developed the Cybersecurity Assessment Tool (Assessment), on behalf of its members, to help institutions identify their risks and determine their cybersecurity maturity.;858573892697;us-east-1;2026-09-19 09:30:34.148196;d3-pc-im-b-7;Access to make changes to systems configurations (including virtual machines and hypervisors) is controlled and monitored.;Cybersecurity Controls (Domain 3);Preventative Controls (PC);;aws;;PASS;AWS policy AmazonAPIGatewayAdministrator is attached but does not allow '*:*' administrative privileges.;arn:aws:iam::aws:policy/AmazonAPIGatewayAdministrator;iam_aws_attached_policy_no_administrative_privileges;False;AmazonAPIGatewayAdministrator;FFIEC;FFIEC Cybersecurity Assessment Tool framework;
aws;In light of the increasing volume and sophistication of cyber threats, the Federal Financial Institutions Examination Council (FFIEC) developed the Cybersecurity Assessment Tool (Assessment), on behalf of its members, to help institutions identify their risks and determine their cybersecurity maturity.;858573892697;us-east-1;2026-09-19 09:30:34.148196;d3-pc-am-b-1;Employee access is granted to systems and confidential data based on job responsibilities and the principles of least privilege.;Cybersecurity Controls (Domain 3);Preventative Controls (PC);;aws;;PASS;AWS policy CloudWatchAgentServerPolicy is attached but does not allow '*:*' administrative privileges.;arn:aws:iam::aws:policy/CloudWatchAgentServerPolicy;iam_aws_attached_policy_no_administrative_privileges;False;CloudWatchAgentServerPolicy;FFIEC;FFIEC Cybersecurity Assessment Tool framework;
aws;In light of the increasing volume and sophistication of cyber threats, the Federal Financial Institutions Examination Council (FFIEC) developed the Cybersecurity Assessment Tool (Assessment), on behalf of its members, to help institutions identify their risks and determine their cybersecurity maturity.;858573892697;us-east-1;2026-09-19 09:30:34.148196;d3-pc-am-b-16;Administrative, physical, or technical controls are in place to prevent users without administrative responsibilities from installing unauthorized software.;Cybersecurity Controls (Domain 3);Preventative Controls (PC);;aws;;PASS;AWS policy CloudWatchAgentServerPolicy is attached but does not allow '*:*' administrative privileges.;arn:aws:iam::aws:policy/CloudWatchAgentServerPolicy;iam_aws_attached_policy_no_administrative_privileges;False;CloudWatchAgentServerPolicy;FFIEC;FFIEC Cybersecurity Assessment Tool framework;
aws;In light of the increasing volume and sophistication of cyber threats, the Federal Financial Institutions Examination Council (FFIEC) developed the Cybersecurity Assessment Tool (Assessment), on behalf of its members, to help institutions identify their risks and determine their cybersecurity maturity.;858573892697;us-east-1;2026-09-19 09:30:34.148196;d3-pc-am-b-2;Employee access to systems and confidential data provides for separation of duties.;Cybersecurity Controls (Domain 3);Preventative Controls (PC);;aws;;PASS;AWS policy CloudWatchAgentServerPolicy is attached but does not allow '*:*' administrative privileges.;arn:aws:iam::aws:policy/CloudWatchAgentServerPolicy;iam_aws_attached_policy_no_administrative_privileges;False;CloudWatchAgentServerPolicy;FFIEC;FFIEC Cybersecurity Assessment Tool framework;
aws;In light of the increasing volume and sophistication of cyber threats, the Federal Financial Institutions Examination Council (FFIEC) developed the Cybersecurity Assessment Tool (Assessment), on behalf of its members, to help institutions identify their risks and determine their cybersecurity maturity.;858573892697;us-east-1;2026-09-19 09:30:34.148196;d3-pc-am-b-3;Elevated privileges (e.g., administrator privileges) are limited and tightly controlled (e.g., assigned to individuals, not shared, and require stronger password controls;Cybersecurity Controls (Domain 3);Preventative Controls (PC);;aws;;PASS;AWS policy CloudWatchAgentServerPolicy is attached but does not allow '*:*' administrative privileges.;arn:aws:iam::aws:policy/CloudWatchAgentServerPolicy;iam_aws_attached_policy_no_administrative_privileges;False;CloudWatchAgentServerPolicy;FFIEC;FFIEC Cybersecurity Assessment Tool framework;
aws;In light of the increasing volume and sophistication of cyber threats, the Federal Financial Institutions Examination Council (FFIEC) developed the Cybersecurity Assessment Tool (Assessment), on behalf of its members, to help institutions identify their risks and determine their cybersecurity maturity.;858573892697;us-east-1;2026-09-19 09:30:34.148196;d3-pc-am-b-6;Identification and authentication are required and managed for access to systems, applications, and hardware.;Cybersecurity Controls (Domain 3);Preventative Controls (PC);;aws;;PASS;AWS policy CloudWatchAgentServerPolicy is attached but does not allow '*:*' administrative privileges.;arn:aws:iam::aws:policy/CloudWatchAgentServerPolicy;iam_aws_attached_policy_no_administrative_privileges;False;CloudWatchAgentServerPolicy;FFIEC;FFIEC Cybersecurity Assessment Tool framework;
aws;In light of the increasing volume and sophistication of cyber threats, the Federal Financial Institutions Examination Council (FFIEC) developed the Cybersecurity Assessment Tool (Assessment), on behalf of its members, to help institutions identify their risks and determine their cybersecurity maturity.;858573892697;us-east-1;2026-09-19 09:30:34.148196;d3-pc-im-b-7;Access to make changes to systems configurations (including virtual machines and hypervisors) is controlled and monitored.;Cybersecurity Controls (Domain 3);Preventative Controls (PC);;aws;;PASS;AWS policy CloudWatchAgentServerPolicy is attached but does not allow '*:*' administrative privileges.;arn:aws:iam::aws:policy/CloudWatchAgentServerPolicy;iam_aws_attached_policy_no_administrative_privileges;False;CloudWatchAgentServerPolicy;FFIEC;FFIEC Cybersecurity Assessment Tool framework;
aws;In light of the increasing volume and sophistication of cyber threats, the Federal Financial Institutions Examination Council (FFIEC) developed the Cybersecurity Assessment Tool (Assessment), on behalf of its members, to help institutions identify their risks and determine their cybersecurity maturity.;858573892697;us-east-1;2026-09-19 09:30:34.148196;d3-pc-am-b-1;Employee access is granted to systems and confidential data based on job responsibilities and the principles of least privilege.;Cybersecurity Controls (Domain 3);Preventative Controls (PC);;aws;;PASS;AWS policy AWSCloud9ServiceRolePolicy is attached but does not allow '*:*' administrative privileges.;arn:aws:iam::aws:policy/aws-service-role/AWSCloud9ServiceRolePolicy;iam_aws_attached_policy_no_administrative_privileges;False;AWSCloud9ServiceRolePolicy;FFIEC;FFIEC Cybersecurity Assessment Tool framework;
aws;In light of the increasing volume and sophistication of cyber threats, the Federal Financial Institutions Examination Council (FFIEC) developed the Cybersecurity Assessment Tool (Assessment), on behalf of its members, to help institutions identify their risks and determine their cybersecurity maturity.;858573892697;us-east-1;2026-09-19 09:30:34.148196;d3-pc-am-b-16;Administrative, physical, or technical controls are in place to prevent users without administrative responsibilities from installing unauthorized software.;Cybersecurity Controls (Domain 3);Preventative Controls (PC);;aws;;PASS;AWS policy AWSCloud9ServiceRolePolicy is attached but does not allow '*:*' administrative privileges.;arn:aws:iam::aws:policy/aws-service-role/AWSCloud9ServiceRolePolicy;iam_aws_attached_policy_no_administrative_privileges;False;AWSCloud9ServiceRolePolicy;FFIEC;FFIEC Cybersecurity Assessment Tool framework;
aws;In light of the increasing volume and sophistication of cyber threats, the Federal Financial Institutions Examination Council (FFIEC) developed the Cybersecurity Assessment Tool (Assessment), on behalf of its members, to help institutions identify their risks and determine their cybersecurity maturity.;858573892697;us-east-1;2026-09-19 09:30:34.148196;d3-pc-am-b-2;Employee access to systems and confidential data provides for separation of duties.;Cybersecurity Controls (Domain 3);Preventative Controls (PC);;aws;;PASS;AWS policy AWSCloud9ServiceRolePolicy is attached but does not allow '*:*' administrative privileges.;arn:aws:iam::aws:policy/aws-service-role/AWSCloud9ServiceRolePolicy;iam_aws_attached_policy_no_administrative_privileges;False;AWSCloud9ServiceRolePolicy;FFIEC;FFIEC Cybersecurity Assessment Tool framework;
aws;In light of the increasing volume and sophistication of cyber threats, the Federal Financial Institutions Examination Council (FFIEC) developed the Cybersecurity Assessment Tool (Assessment), on behalf of its members, to help institutions identify their risks and determine their cybersecurity maturity.;858573892697;us-east-1;2026-09-19 09:30:34.148196;d3-pc-am-b-3;Elevated privileges (e.g., administrator privileges) are limited and tightly controlled (e.g., assigned to individuals, not shared, and require stronger password controls;Cybersecurity Controls (Domain 3);Preventative Controls (PC);;aws;;PASS;AWS policy AWSCloud9ServiceRolePolicy is attached but does not allow '*:*' administrative privileges.;arn:aws:iam::aws:policy/aws-service-role/AWSCloud9ServiceRolePolicy;iam_aws_attached_policy_no_administrative_privileges;False;AWSCloud9ServiceRolePolicy;FFIEC;FFIEC Cybersecurity Assessment Tool framework;
aws;In light of the increasing volume and sophistication of cyber threats, the Federal Financial Institutions Examination Council (FFIEC) developed the Cybersecurity Assessment Tool (Assessment), on behalf of its members, to help institutions identify their risks and determine their cybersecurity maturity.;858573892697;us-east-1;2026-09-19 09:30:34.148196;d3-pc-am-b-6;Identification and authentication are required and managed for access to systems, applications, and hardware.;Cybersecurity Controls (Domain 3);Preventative Controls (PC);;aws;;PASS;AWS policy AWSCloud9ServiceRolePolicy is attached but does not allow '*:*' administrative privileges.;arn:aws:iam::aws:policy/aws-service-role/AWSCloud9ServiceRolePolicy;iam_aws_attached_policy_no_administrative_privileges;False;AWSCloud9ServiceRolePolicy;FFIEC;FFIEC Cybersecurity Assessment Tool framework;
aws;In light of the increasing volume and sophistication of cyber threats, the Federal Financial Institutions Examination Council (FFIEC) developed the Cybersecurity Assessment Tool (Assessment), on behalf of its members, to help institutions identify their risks and determine their cybersecurity maturity.;858573892697;us-east-1;2026-09-19 09:30:34.148196;d3-pc-im-b-7;Access to make changes to systems configurations (including virtual machines and hypervisors) is controlled and monitored.;Cybersecurity Controls (Domain 3);Preventative Controls (PC);;aws;;PASS;AWS policy AWSCloud9ServiceRolePolicy is attached but does not allow '*:*' administrative privileges.;arn:aws:iam::aws:policy/aws-service-role/AWSCloud9ServiceRolePolicy;iam_aws_attached_policy_no_administrative_privileges;False;AWSCloud9ServiceRolePolicy;FFIEC;FFIEC Cybersecurity Assessment Tool framework;
aws;In light of the increasing volume and sophistication of cyber threats, the Federal Financial Institutions Examination Council (FFIEC) developed the Cybersecurity Assessment Tool (Assessment), on behalf of its members, to help institutions identify their risks and determine their cybersecurity maturity.;858573892697;us-east-1;2026-09-19 09:30:34.148196;d3-pc-am-b-1;Employee access is granted to systems and confidential data based on job responsibilities and the principles of least privilege.;Cybersecurity Controls (Domain 3);Preventative Controls (PC);;aws;;PASS;AWS policy AmazonSSMServiceRolePolicy is attached but does not allow '*:*' administrative privileges.;arn:aws:iam::aws:policy/aws-service-role/AmazonSSMServiceRolePolicy;iam_aws_attached_policy_no_administrative_privileges;False;AmazonSSMServiceRolePolicy;FFIEC;FFIEC Cybersecurity Assessment Tool framework;
aws;In light of the increasing volume and sophistication of cyber threats, the Federal Financial Institutions Examination Council (FFIEC) developed the Cybersecurity Assessment Tool (Assessment), on behalf of its members, to help institutions identify their risks and determine their cybersecurity maturity.;858573892697;us-east-1;2026-09-19 09:30:34.148196;d3-pc-am-b-16;Administrative, physical, or technical controls are in place to prevent users without administrative responsibilities from installing unauthorized software.;Cybersecurity Controls (Domain 3);Preventative Controls (PC);;aws;;PASS;AWS policy AmazonSSMServiceRolePolicy is attached but does not allow '*:*' administrative privileges.;arn:aws:iam::aws:policy/aws-service-role/AmazonSSMServiceRolePolicy;iam_aws_attached_policy_no_administrative_privileges;False;AmazonSSMServiceRolePolicy;FFIEC;FFIEC Cybersecurity Assessment Tool framework;
aws;In light of the increasing volume and sophistication of cyber threats, the Federal Financial Institutions Examination Council (FFIEC) developed the Cybersecurity Assessment Tool (Assessment), on behalf of its members, to help institutions identify their risks and determine their cybersecurity maturity.;858573892697;us-east-1;2026-09-19 09:30:34.148196;d3-pc-am-b-2;Employee access to systems and confidential data provides for separation of duties.;Cybersecurity Controls (Domain 3);Preventative Controls (PC);;aws;;PASS;AWS policy AmazonSSMServiceRolePolicy is attached but does not allow '*:*' administrative privileges.;arn:aws:iam::aws:policy/aws-service-role/AmazonSSMServiceRolePolicy;iam_aws_attached_policy_no_administrative_privileges;False;AmazonSSMServiceRolePolicy;FFIEC;FFIEC Cybersecurity Assessment Tool framework;
aws;In light of the increasing volume and sophistication of cyber threats, the Federal Financial Institutions Examination Council (FFIEC) developed the Cybersecurity Assessment Tool (Assessment), on behalf of its members, to help institutions identify their risks and determine their cybersecurity maturity.;858573892697;us-east-1;2026-09-19 09:30:34.148196;d3-pc-am-b-3;Elevated privileges (e.g., administrator privileges) are limited and tightly controlled (e.g., assigned to individuals, not shared, and require stronger password controls;Cybersecurity Controls (Domain 3);Preventative Controls (PC);;aws;;PASS;AWS policy AmazonSSMServiceRolePolicy is attached but does not allow '*:*' administrative privileges.;arn:aws:iam::aws:policy/aws-service-role/AmazonSSMServiceRolePolicy;iam_aws_attached_policy_no_administrative_privileges;False;AmazonSSMServiceRolePolicy;FFIEC;FFIEC Cybersecurity Assessment Tool framework;
aws;In light of the increasing volume and sophistication of cyber threats, the Federal Financial Institutions Examination Council (FFIEC) developed the Cybersecurity Assessment Tool (Assessment), on behalf of its members, to help institutions identify their risks and determine their cybersecurity maturity.;858573892697;us-east-1;2026-09-19 09:30:34.148196;d3-pc-am-b-6;Identification and authentication are required and managed for access to systems, applications, and hardware.;Cybersecurity Controls (Domain 3);Preventative Controls (PC);;aws;;PASS;AWS policy AmazonSSMServiceRolePolicy is attached but does not allow '*:*' administrative privileges.;arn:aws:iam::aws:policy/aws-service-role/AmazonSSMServiceRolePolicy;iam_aws_attached_policy_no_administrative_privileges;False;AmazonSSMServiceRolePolicy;FFIEC;FFIEC Cybersecurity Assessment Tool framework;
aws;In light of the increasing volume and sophistication of cyber threats, the Federal Financial Institutions Examination Council (FFIEC) developed the Cybersecurity Assessment Tool (Assessment), on behalf of its members, to help institutions identify their risks and determine their cybersecurity maturity.;858573892697;us-east-1;2026-09-19 09:30:34.148196;d3-pc-im-b-7;Access to make changes to systems configurations (including virtual machines and hypervisors) is controlled and monitored.;Cybersecurity Controls (Domain 3);Preventative Controls (PC);;aws;;PASS;AWS policy AmazonSSMServiceRolePolicy is attached but does not allow '*:*' administrative privileges.;arn:aws:iam::aws:policy/aws-service-role/AmazonSSMServiceRolePolicy;iam_aws_attached_policy_no_administrative_privileges;False;AmazonSSMServiceRolePolicy;FFIEC;FFIEC Cybersecurity Assessment Tool framework;
aws;In light of the increasing volume and sophistication of cyber threats, the Federal Financial Institutions Examination Council (FFIEC) developed the Cybersecurity Assessment Tool (Assessment), on behalf of its members, to help institutions identify their risks and determine their cybersecurity maturity.;858573892697;us-east-1;2026-09-19 09:30:34.148196;d3-pc-am-b-1;Employee access is granted to systems and confidential data based on job responsibilities and the principles of least privilege.;Cybersecurity Controls (Domain 3);Preventative Controls (PC);;aws;;PASS;AWS policy AmazonSSMManagedInstanceCore is attached but does not allow '*:*' administrative privileges.;arn:aws:iam::aws:policy/AmazonSSMManagedInstanceCore;iam_aws_attached_policy_no_administrative_privileges;False;AmazonSSMManagedInstanceCore;FFIEC;FFIEC Cybersecurity Assessment Tool framework;
aws;In light of the increasing volume and sophistication of cyber threats, the Federal Financial Institutions Examination Council (FFIEC) developed the Cybersecurity Assessment Tool (Assessment), on behalf of its members, to help institutions identify their risks and determine their cybersecurity maturity.;858573892697;us-east-1;2026-09-19 09:30:34.148196;d3-pc-am-b-16;Administrative, physical, or technical controls are in place to prevent users without administrative responsibilities from installing unauthorized software.;Cybersecurity Controls (Domain 3);Preventative Controls (PC);;aws;;PASS;AWS policy AmazonSSMManagedInstanceCore is attached but does not allow '*:*' administrative privileges.;arn:aws:iam::aws:policy/AmazonSSMManagedInstanceCore;iam_aws_attached_policy_no_administrative_privileges;False;AmazonSSMManagedInstanceCore;FFIEC;FFIEC Cybersecurity Assessment Tool framework;
aws;In light of the increasing volume and sophistication of cyber threats, the Federal Financial Institutions Examination Council (FFIEC) developed the Cybersecurity Assessment Tool (Assessment), on behalf of its members, to help institutions identify their risks and determine their cybersecurity maturity.;858573892697;us-east-1;2026-09-19 09:30:34.148196;d3-pc-am-b-2;Employee access to systems and confidential data provides for separation of duties.;Cybersecurity Controls (Domain 3);Preventative Controls (PC);;aws;;PASS;AWS policy AmazonSSMManagedInstanceCore is attached but does not allow '*:*' administrative privileges.;arn:aws:iam::aws:policy/AmazonSSMManagedInstanceCore;iam_aws_attached_policy_no_administrative_privileges;False;AmazonSSMManagedInstanceCore;FFIEC;FFIEC Cybersecurity Assessment Tool framework;
aws;In light of the increasing volume and sophistication of cyber threats, the Federal Financial Institutions Examination Council (FFIEC) developed the Cybersecurity Assessment Tool (Assessment), on behalf of its members, to help institutions identify their risks and determine their cybersecurity maturity.;858573892697;us-east-1;2026-09-19 09:30:34.148196;d3-pc-am-b-3;Elevated privileges (e.g., administrator privileges) are limited and tightly controlled (e.g., assigned to individuals, not shared, and require stronger password controls;Cybersecurity Controls (Domain 3);Preventative Controls (PC);;aws;;PASS;AWS policy AmazonSSMManagedInstanceCore is attached but does not allow '*:*' administrative privileges.;arn:aws:iam::aws:policy/AmazonSSMManagedInstanceCore;iam_aws_attached_policy_no_administrative_privileges;False;AmazonSSMManagedInstanceCore;FFIEC;FFIEC Cybersecurity Assessment Tool framework;
aws;In light of the increasing volume and sophistication of cyber threats, the Federal Financial Institutions Examination Council (FFIEC) developed the Cybersecurity Assessment Tool (Assessment), on behalf of its members, to help institutions identify their risks and determine their cybersecurity maturity.;858573892697;us-east-1;2026-09-19 09:30:34.148196;d3-pc-am-b-6;Identification and authentication are required and managed for access to systems, applications, and hardware.;Cybersecurity Controls (Domain 3);Preventative Controls (PC);;aws;;PASS;AWS policy AmazonSSMManagedInstanceCore is attached but does not allow '*:*' administrative privileges.;arn:aws:iam::aws:policy/AmazonSSMManagedInstanceCore;iam_aws_attached_policy_no_administrative_privileges;False;AmazonSSMManagedInstanceCore;FFIEC;FFIEC Cybersecurity Assessment Tool framework;
aws;In light of the increasing volume and sophistication of cyber threats, the Federal Financial Institutions Examination Council (FFIEC) developed the Cybersecurity Assessment Tool (Assessment), on behalf of its members, to help institutions identify their risks and determine their cybersecurity maturity.;858573892697;us-east-1;2026-09-19 09:30:34.148196;d3-pc-im-b-7;Access to make changes to systems configurations (including virtual machines and hypervisors) is controlled and monitored.;Cybersecurity Controls (Domain 3);Preventative Controls (PC);;aws;;PASS;AWS policy AmazonSSMManagedInstanceCore is attached but does not allow '*:*' administrative privileges.;arn:aws:iam::aws:policy/AmazonSSMManagedInstanceCore;iam_aws_attached_policy_no_administrative_privileges;False;AmazonSSMManagedInstanceCore;FFIEC;FFIEC Cybersecurity Assessment Tool framework;
aws;In light of the increasing volume and sophistication of cyber threats, the Federal Financial Institutions Examination Council (FFIEC) developed the Cybersecurity Assessment Tool (Assessment), on behalf of its members, to help institutions identify their risks and determine their cybersecurity maturity.;858573892697;us-east-1;2026-09-19 09:30:34.148196;d3-pc-am-b-1;Employee access is granted to systems and confidential data based on job responsibilities and the principles of least privilege.;Cybersecurity Controls (Domain 3);Preventative Controls (PC);;aws;;PASS;AWS policy AmazonRDSServiceRolePolicy is attached but does not allow '*:*' administrative privileges.;arn:aws:iam::aws:policy/aws-service-role/AmazonRDSServiceRolePolicy;iam_aws_attached_policy_no_administrative_privileges;False;AmazonRDSServiceRolePolicy;FFIEC;FFIEC Cybersecurity Assessment Tool framework;
aws;In light of the increasing volume and sophistication of cyber threats, the Federal Financial Institutions Examination Council (FFIEC) developed the Cybersecurity Assessment Tool (Assessment), on behalf of its members, to help institutions identify their risks and determine their cybersecurity maturity.;858573892697;us-east-1;2026-09-19 09:30:34.148196;d3-pc-am-b-16;Administrative, physical, or technical controls are in place to prevent users without administrative responsibilities from installing unauthorized software.;Cybersecurity Controls (Domain 3);Preventative Controls (PC);;aws;;PASS;AWS policy AmazonRDSServiceRolePolicy is attached but does not allow '*:*' administrative privileges.;arn:aws:iam::aws:policy/aws-service-role/AmazonRDSServiceRolePolicy;iam_aws_attached_policy_no_administrative_privileges;False;AmazonRDSServiceRolePolicy;FFIEC;FFIEC Cybersecurity Assessment Tool framework;
aws;In light of the increasing volume and sophistication of cyber threats, the Federal Financial Institutions Examination Council (FFIEC) developed the Cybersecurity Assessment Tool (Assessment), on behalf of its members, to help institutions identify their risks and determine their cybersecurity maturity.;858573892697;us-east-1;2026-09-19 09:30:34.148196;d3-pc-am-b-2;Employee access to systems and confidential data provides for separation of duties.;Cybersecurity Controls (Domain 3);Preventative Controls (PC);;aws;;PASS;AWS policy AmazonRDSServiceRolePolicy is attached but does not allow '*:*' administrative privileges.;arn:aws:iam::aws:policy/aws-service-role/AmazonRDSServiceRolePolicy;iam_aws_attached_policy_no_administrative_privileges;False;AmazonRDSServiceRolePolicy;FFIEC;FFIEC Cybersecurity Assessment Tool framework;
aws;In light of the increasing volume and sophistication of cyber threats, the Federal Financial Institutions Examination Council (FFIEC) developed the Cybersecurity Assessment Tool (Assessment), on behalf of its members, to help institutions identify their risks and determine their cybersecurity maturity.;858573892697;us-east-1;2026-09-19 09:30:34.148196;d3-pc-am-b-3;Elevated privileges (e.g., administrator privileges) are limited and tightly controlled (e.g., assigned to individuals, not shared, and require stronger password controls;Cybersecurity Controls (Domain 3);Preventative Controls (PC);;aws;;PASS;AWS policy AmazonRDSServiceRolePolicy is attached but does not allow '*:*' administrative privileges.;arn:aws:iam::aws:policy/aws-service-role/AmazonRDSServiceRolePolicy;iam_aws_attached_policy_no_administrative_privileges;False;AmazonRDSServiceRolePolicy;FFIEC;FFIEC Cybersecurity Assessment Tool framework;
aws;In light of the increasing volume and sophistication of cyber threats, the Federal Financial Institutions Examination Council (FFIEC) developed the Cybersecurity Assessment Tool (Assessment), on behalf of its members, to help institutions identify their risks and determine their cybersecurity maturity.;858573892697;us-east-1;2026-09-19 09:30:34.148196;d3-pc-am-b-6;Identification and authentication are required and managed for access to systems, applications, and hardware.;Cybersecurity Controls (Domain 3);Preventative Controls (PC);;aws;;PASS;AWS policy AmazonRDSServiceRolePolicy is attached but does not allow '*:*' administrative privileges.;arn:aws:iam::aws:policy/aws-service-role/AmazonRDSServiceRolePolicy;iam_aws_attached_policy_no_administrative_privileges;False;AmazonRDSServiceRolePolicy;FFIEC;FFIEC Cybersecurity Assessment Tool framework;
aws;In light of the increasing volume and sophistication of cyber threats, the Federal Financial Institutions Examination Council (FFIEC) developed the Cybersecurity Assessment Tool (Assessment), on behalf of its members, to help institutions identify their risks and determine their cybersecurity maturity.;858573892697;us-east-1;2026-09-19 09:30:34.148196;d3-pc-im-b-7;Access to make changes to systems configurations (including virtual machines and hypervisors) is controlled and monitored.;Cybersecurity Controls (Domain 3);Preventative Controls (PC);;aws;;PASS;AWS policy AmazonRDSServiceRolePolicy is attached but does not allow '*:*' administrative privileges.;arn:aws:iam::aws:policy/aws-service-role/AmazonRDSServiceRolePolicy;iam_aws_attached_policy_no_administrative_privileges;False;AmazonRDSServiceRolePolicy;FFIEC;FFIEC Cybersecurity Assessment Tool framework;
aws;In light of the increasing volume and sophistication of cyber threats, the Federal Financial Institutions Examination Council (FFIEC) developed the Cybersecurity Assessment Tool (Assessment), on behalf of its members, to help institutions identify their risks and determine their cybersecurity maturity.;858573892697;us-east-1;2026-09-19 09:30:34.148196;d3-pc-am-b-1;Employee access is granted to systems and confidential data based on job responsibilities and the principles of least privilege.;Cybersecurity Controls (Domain 3);Preventative Controls (PC);;aws;;PASS;AWS policy AWSTrustedAdvisorServiceRolePolicy is attached but does not allow '*:*' administrative privileges.;arn:aws:iam::aws:policy/aws-service-role/AWSTrustedAdvisorServiceRolePolicy;iam_aws_attached_policy_no_administrative_privileges;False;AWSTrustedAdvisorServiceRolePolicy;FFIEC;FFIEC Cybersecurity Assessment Tool framework;
aws;In light of the increasing volume and sophistication of cyber threats, the Federal Financial Institutions Examination Council (FFIEC) developed the Cybersecurity Assessment Tool (Assessment), on behalf of its members, to help institutions identify their risks and determine their cybersecurity maturity.;858573892697;us-east-1;2026-09-19 09:30:34.148196;d3-pc-am-b-16;Administrative, physical, or technical controls are in place to prevent users without administrative responsibilities from installing unauthorized software.;Cybersecurity Controls (Domain 3);Preventative Controls (PC);;aws;;PASS;AWS policy AWSTrustedAdvisorServiceRolePolicy is attached but does not allow '*:*' administrative privileges.;arn:aws:iam::aws:policy/aws-service-role/AWSTrustedAdvisorServiceRolePolicy;iam_aws_attached_policy_no_administrative_privileges;False;AWSTrustedAdvisorServiceRolePolicy;FFIEC;FFIEC Cybersecurity Assessment Tool framework;
aws;In light of the increasing volume and sophistication of cyber threats, the Federal Financial Institutions Examination Council (FFIEC) developed the Cybersecurity Assessment Tool (Assessment), on behalf of its members, to help institutions identify their risks and determine their cybersecurity maturity.;858573892697;us-east-1;2026-09-19 09:30:34.148196;d3-pc-am-b-2;Employee access to systems and confidential data provides for separation of duties.;Cybersecurity Controls (Domain 3);Preventative Controls (PC);;aws;;PASS;AWS policy AWSTrustedAdvisorServiceRolePolicy is attached but does not allow '*:*' administrative privileges.;arn:aws:iam::aws:policy/aws-service-role/AWSTrustedAdvisorServiceRolePolicy;iam_aws_attached_policy_no_administrative_privileges;False;AWSTrustedAdvisorServiceRolePolicy;FFIEC;FFIEC Cybersecurity Assessment Tool framework;
aws;In light of the increasing volume and sophistication of cyber threats, the Federal Financial Institutions Examination Council (FFIEC) developed the Cybersecurity Assessment Tool (Assessment), on behalf of its members, to help institutions identify their risks and determine their cybersecurity maturity.;858573892697;us-east-1;2026-09-19 09:30:34.148196;d3-pc-am-b-3;Elevated privileges (e.g., administrator privileges) are limited and tightly controlled (e.g., assigned to individuals, not shared, and require stronger password controls;Cybersecurity Controls (Domain 3);Preventative Controls (PC);;aws;;PASS;AWS policy AWSTrustedAdvisorServiceRolePolicy is attached but does not allow '*:*' administrative privileges.;arn:aws:iam::aws:policy/aws-service-role/AWSTrustedAdvisorServiceRolePolicy;iam_aws_attached_policy_no_administrative_privileges;False;AWSTrustedAdvisorServiceRolePolicy;FFIEC;FFIEC Cybersecurity Assessment Tool framework;
aws;In light of the increasing volume and sophistication of cyber threats, the Federal Financial Institutions Examination Council (FFIEC) developed the Cybersecurity Assessment Tool (Assessment), on behalf of its members, to help institutions identify their risks and determine their cybersecurity maturity.;858573892697;us-east-1;2026-09-19 09:30:34.148196;d3-pc-am-b-6;Identification and authentication are required and managed for access to systems, applications, and hardware.;Cybersecurity Controls (Domain 3);Preventative Controls (PC);;aws;;PASS;AWS policy AWSTrustedAdvisorServiceRolePolicy is attached but does not allow '*:*' administrative privileges.;arn:aws:iam::aws:policy/aws-service-role/AWSTrustedAdvisorServiceRolePolicy;iam_aws_attached_policy_no_administrative_privileges;False;AWSTrustedAdvisorServiceRolePolicy;FFIEC;FFIEC Cybersecurity Assessment Tool framework;
aws;In light of the increasing volume and sophistication of cyber threats, the Federal Financial Institutions Examination Council (FFIEC) developed the Cybersecurity Assessment Tool (Assessment), on behalf of its members, to help institutions identify their risks and determine their cybersecurity maturity.;858573892697;us-east-1;2026-09-19 09:30:34.148196;d3-pc-im-b-7;Access to make changes to systems configurations (including virtual machines and hypervisors) is controlled and monitored.;Cybersecurity Controls (Domain 3);Preventative Controls (PC);;aws;;PASS;AWS policy AWSTrustedAdvisorServiceRolePolicy is attached but does not allow '*:*' administrative privileges.;arn:aws:iam::aws:policy/aws-service-role/AWSTrustedAdvisorServiceRolePolicy;iam_aws_attached_policy_no_administrative_privileges;False;AWSTrustedAdvisorServiceRolePolicy;FFIEC;FFIEC Cybersecurity Assessment Tool framework;
aws;In light of the increasing volume and sophistication of cyber threats, the Federal Financial Institutions Examination Council (FFIEC) developed the Cybersecurity Assessment Tool (Assessment), on behalf of its members, to help institutions identify their risks and determine their cybersecurity maturity.;858573892697;us-east-1;2026-09-19 09:30:34.148196;d3-pc-am-b-1;Employee access is granted to systems and confidential data based on job responsibilities and the principles of least privilege.;Cybersecurity Controls (Domain 3);Preventative Controls (PC);;aws;;PASS;AWS policy IAMUserSSHKeys is attached but does not allow '*:*' administrative privileges.;arn:aws:iam::aws:policy/IAMUserSSHKeys;iam_aws_attached_policy_no_administrative_privileges;False;IAMUserSSHKeys;FFIEC;FFIEC Cybersecurity Assessment Tool framework;
aws;In light of the increasing volume and sophistication of cyber threats, the Federal Financial Institutions Examination Council (FFIEC) developed the Cybersecurity Assessment Tool (Assessment), on behalf of its members, to help institutions identify their risks and determine their cybersecurity maturity.;858573892697;us-east-1;2026-09-19 09:30:34.148196;d3-pc-am-b-16;Administrative, physical, or technical controls are in place to prevent users without administrative responsibilities from installing unauthorized software.;Cybersecurity Controls (Domain 3);Preventative Controls (PC);;aws;;PASS;AWS policy IAMUserSSHKeys is attached but does not allow '*:*' administrative privileges.;arn:aws:iam::aws:policy/IAMUserSSHKeys;iam_aws_attached_policy_no_administrative_privileges;False;IAMUserSSHKeys;FFIEC;FFIEC Cybersecurity Assessment Tool framework;
aws;In light of the increasing volume and sophistication of cyber threats, the Federal Financial Institutions Examination Council (FFIEC) developed the Cybersecurity Assessment Tool (Assessment), on behalf of its members, to help institutions identify their risks and determine their cybersecurity maturity.;858573892697;us-east-1;2026-09-19 09:30:34.148196;d3-pc-am-b-2;Employee access to systems and confidential data provides for separation of duties.;Cybersecurity Controls (Domain 3);Preventative Controls (PC);;aws;;PASS;AWS policy IAMUserSSHKeys is attached but does not allow '*:*' administrative privileges.;arn:aws:iam::aws:policy/IAMUserSSHKeys;iam_aws_attached_policy_no_administrative_privileges;False;IAMUserSSHKeys;FFIEC;FFIEC Cybersecurity Assessment Tool framework;
aws;In light of the increasing volume and sophistication of cyber threats, the Federal Financial Institutions Examination Council (FFIEC) developed the Cybersecurity Assessment Tool (Assessment), on behalf of its members, to help institutions identify their risks and determine their cybersecurity maturity.;858573892697;us-east-1;2026-09-19 09:30:34.148196;d3-pc-am-b-3;Elevated privileges (e.g., administrator privileges) are limited and tightly controlled (e.g., assigned to individuals, not shared, and require stronger password controls;Cybersecurity Controls (Domain 3);Preventative Controls (PC);;aws;;PASS;AWS policy IAMUserSSHKeys is attached but does not allow '*:*' administrative privileges.;arn:aws:iam::aws:policy/IAMUserSSHKeys;iam_aws_attached_policy_no_administrative_privileges;False;IAMUserSSHKeys;FFIEC;FFIEC Cybersecurity Assessment Tool framework;
aws;In light of the increasing volume and sophistication of cyber threats, the Federal Financial Institutions Examination Council (FFIEC) developed the Cybersecurity Assessment Tool (Assessment), on behalf of its members, to help institutions identify their risks and determine their cybersecurity maturity.;858573892697;us-east-1;2026-09-19 09:30:34.148196;d3-pc-am-b-6;Identification and authentication are required and managed for access to systems, applications, and hardware.;Cybersecurity Controls (Domain 3);Preventative Controls (PC);;aws;;PASS;AWS policy IAMUserSSHKeys is attached but does not allow '*:*' administrative privileges.;arn:aws:iam::aws:policy/IAMUserSSHKeys;iam_aws_attached_policy_no_administrative_privileges;False;IAMUserSSHKeys;FFIEC;FFIEC Cybersecurity Assessment Tool framework;
aws;In light of the increasing volume and sophistication of cyber threats, the Federal Financial Institutions Examination Council (FFIEC) developed the Cybersecurity Assessment Tool (Assessment), on behalf of its members, to help institutions identify their risks and determine their cybersecurity maturity.;858573892697;us-east-1;2026-09-19 09:30:34.148196;d3-pc-im-b-7;Access to make changes to systems configurations (including virtual machines and hypervisors) is controlled and monitored.;Cybersecurity Controls (Domain 3);Preventative Controls (PC);;aws;;PASS;AWS policy IAMUserSSHKeys is attached but does not allow '*:*' administrative privileges.;arn:aws:iam::aws:policy/IAMUserSSHKeys;iam_aws_attached_policy_no_administrative_privileges;False;IAMUserSSHKeys;FFIEC;FFIEC Cybersecurity Assessment Tool framework;
aws;In light of the increasing volume and sophistication of cyber threats, the Federal Financial Institutions Examination Council (FFIEC) developed the Cybersecurity Assessment Tool (Assessment), on behalf of its members, to help institutions identify their risks and determine their cybersecurity maturity.;858573892697;us-east-1;2026-09-19 09:30:34.148196;d3-pc-am-b-1;Employee access is granted to systems and confidential data based on job responsibilities and the principles of least privilege.;Cybersecurity Controls (Domain 3);Preventative Controls (PC);;aws;;FAIL;AWS policy AdministratorAccess is attached and allows '*:*' administrative privileges.;arn:aws:iam::aws:policy/AdministratorAccess;iam_aws_attached_policy_no_administrative_privileges;False;AdministratorAccess;FFIEC;FFIEC Cybersecurity Assessment Tool framework;
aws;In light of the increasing volume and sophistication of cyber threats, the Federal Financial Institutions Examination Council (FFIEC) developed the Cybersecurity Assessment Tool (Assessment), on behalf of its members, to help institutions identify their risks and determine their cybersecurity maturity.;858573892697;us-east-1;2026-09-19 09:30:34.148196;d3-pc-am-b-16;Administrative, physical, or technical controls are in place to prevent users without administrative responsibilities from installing unauthorized software.;Cybersecurity Controls (Domain 3);Preventative Controls (PC);;aws;;FAIL;AWS policy AdministratorAccess is attached and allows '*:*' administrative privileges.;arn:aws:iam::aws:policy/AdministratorAccess;iam_aws_attached_policy_no_administrative_privileges;False;AdministratorAccess;FFIEC;FFIEC Cybersecurity Assessment Tool framework;
aws;In light of the increasing volume and sophistication of cyber threats, the Federal Financial Institutions Examination Council (FFIEC) developed the Cybersecurity Assessment Tool (Assessment), on behalf of its members, to help institutions identify their risks and determine their cybersecurity maturity.;858573892697;us-east-1;2026-09-19 09:30:34.148196;d3-pc-am-b-2;Employee access to systems and confidential data provides for separation of duties.;Cybersecurity Controls (Domain 3);Preventative Controls (PC);;aws;;FAIL;AWS policy AdministratorAccess is attached and allows '*:*' administrative privileges.;arn:aws:iam::aws:policy/AdministratorAccess;iam_aws_attached_policy_no_administrative_privileges;False;AdministratorAccess;FFIEC;FFIEC Cybersecurity Assessment Tool framework;
aws;In light of the increasing volume and sophistication of cyber threats, the Federal Financial Institutions Examination Council (FFIEC) developed the Cybersecurity Assessment Tool (Assessment), on behalf of its members, to help institutions identify their risks and determine their cybersecurity maturity.;858573892697;us-east-1;2026-09-19 09:30:34.148196;d3-pc-am-b-3;Elevated privileges (e.g., administrator privileges) are limited and tightly controlled (e.g., assigned to individuals, not shared, and require stronger password controls;Cybersecurity Controls (Domain 3);Preventative Controls (PC);;aws;;FAIL;AWS policy AdministratorAccess is attached and allows '*:*' administrative privileges.;arn:aws:iam::aws:policy/AdministratorAccess;iam_aws_attached_policy_no_administrative_privileges;False;AdministratorAccess;FFIEC;FFIEC Cybersecurity Assessment Tool framework;
aws;In light of the increasing volume and sophistication of cyber threats, the Federal Financial Institutions Examination Council (FFIEC) developed the Cybersecurity Assessment Tool (Assessment), on behalf of its members, to help institutions identify their risks and determine their cybersecurity maturity.;858573892697;us-east-1;2026-09-19 09:30:34.148196;d3-pc-am-b-6;Identification and authentication are required and managed for access to systems, applications, and hardware.;Cybersecurity Controls (Domain 3);Preventative Controls (PC);;aws;;FAIL;AWS policy AdministratorAccess is attached and allows '*:*' administrative privileges.;arn:aws:iam::aws:policy/AdministratorAccess;iam_aws_attached_policy_no_administrative_privileges;False;AdministratorAccess;FFIEC;FFIEC Cybersecurity Assessment Tool framework;
aws;In light of the increasing volume and sophistication of cyber threats, the Federal Financial Institutions Examination Council (FFIEC) developed the Cybersecurity Assessment Tool (Assessment), on behalf of its members, to help institutions identify their risks and determine their cybersecurity maturity.;858573892697;us-east-1;2026-09-19 09:30:34.148196;d3-pc-im-b-7;Access to make changes to systems configurations (including virtual machines and hypervisors) is controlled and monitored.;Cybersecurity Controls (Domain 3);Preventative Controls (PC);;aws;;FAIL;AWS policy AdministratorAccess is attached and allows '*:*' administrative privileges.;arn:aws:iam::aws:policy/AdministratorAccess;iam_aws_attached_policy_no_administrative_privileges;False;AdministratorAccess;FFIEC;FFIEC Cybersecurity Assessment Tool framework;
aws;In light of the increasing volume and sophistication of cyber threats, the Federal Financial Institutions Examination Council (FFIEC) developed the Cybersecurity Assessment Tool (Assessment), on behalf of its members, to help institutions identify their risks and determine their cybersecurity maturity.;858573892697;us-east-1;2026-09-19 09:30:34.148196;d3-pc-am-b-1;Employee access is granted to systems and confidential data based on job responsibilities and the principles of least privilege.;Cybersecurity Controls (Domain 3);Preventative Controls (PC);;aws;;PASS;AWS policy AWSSupportServiceRolePolicy is attached but does not allow '*:*' administrative privileges.;arn:aws:iam::aws:policy/aws-service-role/AWSSupportServiceRolePolicy;iam_aws_attached_policy_no_administrative_privileges;False;AWSSupportServiceRolePolicy;FFIEC;FFIEC Cybersecurity Assessment Tool framework;
aws;In light of the increasing volume and sophistication of cyber threats, the Federal Financial Institutions Examination Council (FFIEC) developed the Cybersecurity Assessment Tool (Assessment), on behalf of its members, to help institutions identify their risks and determine their cybersecurity maturity.;858573892697;us-east-1;2026-09-19 09:30:34.148196;d3-pc-am-b-16;Administrative, physical, or technical controls are in place to prevent users without administrative responsibilities from installing unauthorized software.;Cybersecurity Controls (Domain 3);Preventative Controls (PC);;aws;;PASS;AWS policy AWSSupportServiceRolePolicy is attached but does not allow '*:*' administrative privileges.;arn:aws:iam::aws:policy/aws-service-role/AWSSupportServiceRolePolicy;iam_aws_attached_policy_no_administrative_privileges;False;AWSSupportServiceRolePolicy;FFIEC;FFIEC Cybersecurity Assessment Tool framework;
aws;In light of the increasing volume and sophistication of cyber threats, the Federal Financial Institutions Examination Council (FFIEC) developed the Cybersecurity Assessment Tool (Assessment), on behalf of its members, to help institutions identify their risks and determine their cybersecurity maturity.;858573892697;us-east-1;2026-09-19 09:30:34.148196;d3-pc-am-b-2;Employee access to systems and confidential data provides for separation of duties.;Cybersecurity Controls (Domain 3);Preventative Controls (PC);;aws;;PASS;AWS policy AWSSupportServiceRolePolicy is attached but does not allow '*:*' administrative privileges.;arn:aws:iam::aws:policy/aws-service-role/AWSSupportServiceRolePolicy;iam_aws_attached_policy_no_administrative_privileges;False;AWSSupportServiceRolePolicy;FFIEC;FFIEC Cybersecurity Assessment Tool framework;
aws;In light of the increasing volume and sophistication of cyber threats, the Federal Financial Institutions Examination Council (FFIEC) developed the Cybersecurity Assessment Tool (Assessment), on behalf of its members, to help institutions identify their risks and determine their cybersecurity maturity.;858573892697;us-east-1;2026-09-19 09:30:34.148196;d3-pc-am-b-3;Elevated privileges (e.g., administrator privileges) are limited and tightly controlled (e.g., assigned to individuals, not shared, and require stronger password controls;Cybersecurity Controls (Domain 3);Preventative Controls (PC);;aws;;PASS;AWS policy AWSSupportServiceRolePolicy is attached but does not allow '*:*' administrative privileges.;arn:aws:iam::aws:policy/aws-service-role/AWSSupportServiceRolePolicy;iam_aws_attached_policy_no_administrative_privileges;False;AWSSupportServiceRolePolicy;FFIEC;FFIEC Cybersecurity Assessment Tool framework;
aws;In light of the increasing volume and sophistication of cyber threats, the Federal Financial Institutions Examination Council (FFIEC) developed the Cybersecurity Assessment Tool (Assessment), on behalf of its members, to help institutions identify their risks and determine their cybersecurity maturity.;858573892697;us-east-1;2026-09-19 09:30:34.148196;d3-pc-am-b-6;Identification and authentication are required and managed for access to systems, applications, and hardware.;Cybersecurity Controls (Domain 3);Preventative Controls (PC);;aws;;PASS;AWS policy AWSSupportServiceRolePolicy is attached but does not allow '*:*' administrative privileges.;arn:aws:iam::aws:policy/aws-service-role/AWSSupportServiceRolePolicy;iam_aws_attached_policy_no_administrative_privileges;False;AWSSupportServiceRolePolicy;FFIEC;FFIEC Cybersecurity Assessment Tool framework;
aws;In light of the increasing volume and sophistication of cyber threats, the Federal Financial Institutions Examination Council (FFIEC) developed the Cybersecurity Assessment Tool (Assessment), on behalf of its members, to help institutions identify their risks and determine their cybersecurity maturity.;858573892697;us-east-1;2026-09-19 09:30:34.148196;d3-pc-im-b-7;Access to make changes to systems configurations (including virtual machines and hypervisors) is controlled and monitored.;Cybersecurity Controls (Domain 3);Preventative Controls (PC);;aws;;PASS;AWS policy AWSSupportServiceRolePolicy is attached but does not allow '*:*' administrative privileges.;arn:aws:iam::aws:policy/aws-service-role/AWSSupportServiceRolePolicy;iam_aws_attached_policy_no_administrative_privileges;False;AWSSupportServiceRolePolicy;FFIEC;FFIEC Cybersecurity Assessment Tool framework;
aws;In light of the increasing volume and sophistication of cyber threats, the Federal Financial Institutions Examination Council (FFIEC) developed the Cybersecurity Assessment Tool (Assessment), on behalf of its members, to help institutions identify their risks and determine their cybersecurity maturity.;858573892697;us-east-1;2026-09-19 09:30:34.148196;d3-pc-am-b-1;Employee access is granted to systems and confidential data based on job responsibilities and the principles of least privilege.;Cybersecurity Controls (Domain 3);Preventative Controls (PC);;aws;;PASS;AWS policy DatabaseAdministrator is attached but does not allow '*:*' administrative privileges.;arn:aws:iam::aws:policy/job-function/DatabaseAdministrator;iam_aws_attached_policy_no_administrative_privileges;False;DatabaseAdministrator;FFIEC;FFIEC Cybersecurity Assessment Tool framework;
aws;In light of the increasing volume and sophistication of cyber threats, the Federal Financial Institutions Examination Council (FFIEC) developed the Cybersecurity Assessment Tool (Assessment), on behalf of its members, to help institutions identify their risks and determine their cybersecurity maturity.;858573892697;us-east-1;2026-09-19 09:30:34.148196;d3-pc-am-b-16;Administrative, physical, or technical controls are in place to prevent users without administrative responsibilities from installing unauthorized software.;Cybersecurity Controls (Domain 3);Preventative Controls (PC);;aws;;PASS;AWS policy DatabaseAdministrator is attached but does not allow '*:*' administrative privileges.;arn:aws:iam::aws:policy/job-function/DatabaseAdministrator;iam_aws_attached_policy_no_administrative_privileges;False;DatabaseAdministrator;FFIEC;FFIEC Cybersecurity Assessment Tool framework;
aws;In light of the increasing volume and sophistication of cyber threats, the Federal Financial Institutions Examination Council (FFIEC) developed the Cybersecurity Assessment Tool (Assessment), on behalf of its members, to help institutions identify their risks and determine their cybersecurity maturity.;858573892697;us-east-1;2026-09-19 09:30:34.148196;d3-pc-am-b-2;Employee access to systems and confidential data provides for separation of duties.;Cybersecurity Controls (Domain 3);Preventative Controls (PC);;aws;;PASS;AWS policy DatabaseAdministrator is attached but does not allow '*:*' administrative privileges.;arn:aws:iam::aws:policy/job-function/DatabaseAdministrator;iam_aws_attached_policy_no_administrative_privileges;False;DatabaseAdministrator;FFIEC;FFIEC Cybersecurity Assessment Tool framework;
aws;In light of the increasing volume and sophistication of cyber threats, the Federal Financial Institutions Examination Council (FFIEC) developed the Cybersecurity Assessment Tool (Assessment), on behalf of its members, to help institutions identify their risks and determine their cybersecurity maturity.;858573892697;us-east-1;2026-09-19 09:30:34.148196;d3-pc-am-b-3;Elevated privileges (e.g., administrator privileges) are limited and tightly controlled (e.g., assigned to individuals, not shared, and require stronger password controls;Cybersecurity Controls (Domain 3);Preventative Controls (PC);;aws;;PASS;AWS policy DatabaseAdministrator is attached but does not allow '*:*' administrative privileges.;arn:aws:iam::aws:policy/job-function/DatabaseAdministrator;iam_aws_attached_policy_no_administrative_privileges;False;DatabaseAdministrator;FFIEC;FFIEC Cybersecurity Assessment Tool framework;
aws;In light of the increasing volume and sophistication of cyber threats, the Federal Financial Institutions Examination Council (FFIEC) developed the Cybersecurity Assessment Tool (Assessment), on behalf of its members, to help institutions identify their risks and determine their cybersecurity maturity.;858573892697;us-east-1;2026-09-19 09:30:34.148196;d3-pc-am-b-6;Identification and authentication are required and managed for access to systems, applications, and hardware.;Cybersecurity Controls (Domain 3);Preventative Controls (PC);;aws;;PASS;AWS policy DatabaseAdministrator is attached but does not allow '*:*' administrative privileges.;arn:aws:iam::aws:policy/job-function/DatabaseAdministrator;iam_aws_attached_policy_no_administrative_privileges;False;DatabaseAdministrator;FFIEC;FFIEC Cybersecurity Assessment Tool framework;
aws;In light of the increasing volume and sophistication of cyber threats, the Federal Financial Institutions Examination Council (FFIEC) developed the Cybersecurity Assessment Tool (Assessment), on behalf of its members, to help institutions identify their risks and determine their cybersecurity maturity.;858573892697;us-east-1;2026-09-19 09:30:34.148196;d3-pc-im-b-7;Access to make changes to systems configurations (including virtual machines and hypervisors) is controlled and monitored.;Cybersecurity Controls (Domain 3);Preventative Controls (PC);;aws;;PASS;AWS policy DatabaseAdministrator is attached but does not allow '*:*' administrative privileges.;arn:aws:iam::aws:policy/job-function/DatabaseAdministrator;iam_aws_attached_policy_no_administrative_privileges;False;DatabaseAdministrator;FFIEC;FFIEC Cybersecurity Assessment Tool framework;
aws;In light of the increasing volume and sophistication of cyber threats, the Federal Financial Institutions Examination Council (FFIEC) developed the Cybersecurity Assessment Tool (Assessment), on behalf of its members, to help institutions identify their risks and determine their cybersecurity maturity.;858573892697;us-east-1;2026-09-19 09:30:34.148196;d3-pc-am-b-1;Employee access is granted to systems and confidential data based on job responsibilities and the principles of least privilege.;Cybersecurity Controls (Domain 3);Preventative Controls (PC);;aws;;PASS;AWS policy AWSConfigServiceRolePolicy is attached but does not allow '*:*' administrative privileges.;arn:aws:iam::aws:policy/aws-service-role/AWSConfigServiceRolePolicy;iam_aws_attached_policy_no_administrative_privileges;False;AWSConfigServiceRolePolicy;FFIEC;FFIEC Cybersecurity Assessment Tool framework;
aws;In light of the increasing volume and sophistication of cyber threats, the Federal Financial Institutions Examination Council (FFIEC) developed the Cybersecurity Assessment Tool (Assessment), on behalf of its members, to help institutions identify their risks and determine their cybersecurity maturity.;858573892697;us-east-1;2026-09-19 09:30:34.148196;d3-pc-am-b-16;Administrative, physical, or technical controls are in place to prevent users without administrative responsibilities from installing unauthorized software.;Cybersecurity Controls (Domain 3);Preventative Controls (PC);;aws;;PASS;AWS policy AWSConfigServiceRolePolicy is attached but does not allow '*:*' administrative privileges.;arn:aws:iam::aws:policy/aws-service-role/AWSConfigServiceRolePolicy;iam_aws_attached_policy_no_administrative_privileges;False;AWSConfigServiceRolePolicy;FFIEC;FFIEC Cybersecurity Assessment Tool framework;
aws;In light of the increasing volume and sophistication of cyber threats, the Federal Financial Institutions Examination Council (FFIEC) developed the Cybersecurity Assessment Tool (Assessment), on behalf of its members, to help institutions identify their risks and determine their cybersecurity maturity.;858573892697;us-east-1;2026-09-19 09:30:34.148196;d3-pc-am-b-2;Employee access to systems and confidential data provides for separation of duties.;Cybersecurity Controls (Domain 3);Preventative Controls (PC);;aws;;PASS;AWS policy AWSConfigServiceRolePolicy is attached but does not allow '*:*' administrative privileges.;arn:aws:iam::aws:policy/aws-service-role/AWSConfigServiceRolePolicy;iam_aws_attached_policy_no_administrative_privileges;False;AWSConfigServiceRolePolicy;FFIEC;FFIEC Cybersecurity Assessment Tool framework;
aws;In light of the increasing volume and sophistication of cyber threats, the Federal Financial Institutions Examination Council (FFIEC) developed the Cybersecurity Assessment Tool (Assessment), on behalf of its members, to help institutions identify their risks and determine their cybersecurity maturity.;858573892697;us-east-1;2026-09-19 09:30:34.148196;d3-pc-am-b-3;Elevated privileges (e.g., administrator privileges) are limited and tightly controlled (e.g., assigned to individuals, not shared, and require stronger password controls;Cybersecurity Controls (Domain 3);Preventative Controls (PC);;aws;;PASS;AWS policy AWSConfigServiceRolePolicy is attached but does not allow '*:*' administrative privileges.;arn:aws:iam::aws:policy/aws-service-role/AWSConfigServiceRolePolicy;iam_aws_attached_policy_no_administrative_privileges;False;AWSConfigServiceRolePolicy;FFIEC;FFIEC Cybersecurity Assessment Tool framework;
aws;In light of the increasing volume and sophistication of cyber threats, the Federal Financial Institutions Examination Council (FFIEC) developed the Cybersecurity Assessment Tool (Assessment), on behalf of its members, to help institutions identify their risks and determine their cybersecurity maturity.;858573892697;us-east-1;2026-09-19 09:30:34.148196;d3-pc-am-b-6;Identification and authentication are required and managed for access to systems, applications, and hardware.;Cybersecurity Controls (Domain 3);Preventative Controls (PC);;aws;;PASS;AWS policy AWSConfigServiceRolePolicy is attached but does not allow '*:*' administrative privileges.;arn:aws:iam::aws:policy/aws-service-role/AWSConfigServiceRolePolicy;iam_aws_attached_policy_no_administrative_privileges;False;AWSConfigServiceRolePolicy;FFIEC;FFIEC Cybersecurity Assessment Tool framework;
aws;In light of the increasing volume and sophistication of cyber threats, the Federal Financial Institutions Examination Council (FFIEC) developed the Cybersecurity Assessment Tool (Assessment), on behalf of its members, to help institutions identify their risks and determine their cybersecurity maturity.;858573892697;us-east-1;2026-09-19 09:30:34.148196;d3-pc-im-b-7;Access to make changes to systems configurations (including virtual machines and hypervisors) is controlled and monitored.;Cybersecurity Controls (Domain 3);Preventative Controls (PC);;aws;;PASS;AWS policy AWSConfigServiceRolePolicy is attached but does not allow '*:*' administrative privileges.;arn:aws:iam::aws:policy/aws-service-role/AWSConfigServiceRolePolicy;iam_aws_attached_policy_no_administrative_privileges;False;AWSConfigServiceRolePolicy;FFIEC;FFIEC Cybersecurity Assessment Tool framework;
aws;In light of the increasing volume and sophistication of cyber threats, the Federal Financial Institutions Examination Council (FFIEC) developed the Cybersecurity Assessment Tool (Assessment), on behalf of its members, to help institutions identify their risks and determine their cybersecurity maturity.;858573892697;us-east-1;2026-09-19 09:30:34.148196;d3-pc-am-b-1;Employee access is granted to systems and confidential data based on job responsibilities and the principles of least privilege.;Cybersecurity Controls (Domain 3);Preventative Controls (PC);;aws;;PASS;AWS policy IAMUserChangePassword is attached but does not allow '*:*' administrative privileges.;arn:aws:iam::aws:policy/IAMUserChangePassword;iam_aws_attached_policy_no_administrative_privileges;False;IAMUserChangePassword;FFIEC;FFIEC Cybersecurity Assessment Tool framework;
aws;In light of the increasing volume and sophistication of cyber threats, the Federal Financial Institutions Examination Council (FFIEC) developed the Cybersecurity Assessment Tool (Assessment), on behalf of its members, to help institutions identify their risks and determine their cybersecurity maturity.;858573892697;us-east-1;2026-09-19 09:30:34.148196;d3-pc-am-b-16;Administrative, physical, or technical controls are in place to prevent users without administrative responsibilities from installing unauthorized software.;Cybersecurity Controls (Domain 3);Preventative Controls (PC);;aws;;PASS;AWS policy IAMUserChangePassword is attached but does not allow '*:*' administrative privileges.;arn:aws:iam::aws:policy/IAMUserChangePassword;iam_aws_attached_policy_no_administrative_privileges;False;IAMUserChangePassword;FFIEC;FFIEC Cybersecurity Assessment Tool framework;
aws;In light of the increasing volume and sophistication of cyber threats, the Federal Financial Institutions Examination Council (FFIEC) developed the Cybersecurity Assessment Tool (Assessment), on behalf of its members, to help institutions identify their risks and determine their cybersecurity maturity.;858573892697;us-east-1;2026-09-19 09:30:34.148196;d3-pc-am-b-2;Employee access to systems and confidential data provides for separation of duties.;Cybersecurity Controls (Domain 3);Preventative Controls (PC);;aws;;PASS;AWS policy IAMUserChangePassword is attached but does not allow '*:*' administrative privileges.;arn:aws:iam::aws:policy/IAMUserChangePassword;iam_aws_attached_policy_no_administrative_privileges;False;IAMUserChangePassword;FFIEC;FFIEC Cybersecurity Assessment Tool framework;
aws;In light of the increasing volume and sophistication of cyber threats, the Federal Financial Institutions Examination Council (FFIEC) developed the Cybersecurity Assessment Tool (Assessment), on behalf of its members, to help institutions identify their risks and determine their cybersecurity maturity.;858573892697;us-east-1;2026-09-19 09:30:34.148196;d3-pc-am-b-3;Elevated privileges (e.g., administrator privileges) are limited and tightly controlled (e.g., assigned to individuals, not shared, and require stronger password controls;Cybersecurity Controls (Domain 3);Preventative Controls (PC);;aws;;PASS;AWS policy IAMUserChangePassword is attached but does not allow '*:*' administrative privileges.;arn:aws:iam::aws:policy/IAMUserChangePassword;iam_aws_attached_policy_no_administrative_privileges;False;IAMUserChangePassword;FFIEC;FFIEC Cybersecurity Assessment Tool framework;
aws;In light of the increasing volume and sophistication of cyber threats, the Federal Financial Institutions Examination Council (FFIEC) developed the Cybersecurity Assessment Tool (Assessment), on behalf of its members, to help institutions identify their risks and determine their cybersecurity maturity.;858573892697;us-east-1;2026-09-19 09:30:34.148196;d3-pc-am-b-6;Identification and authentication are required and managed for access to systems, applications, and hardware.;Cybersecurity Controls (Domain 3);Preventative Controls (PC);;aws;;PASS;AWS policy IAMUserChangePassword is attached but does not allow '*:*' administrative privileges.;arn:aws:iam::aws:policy/IAMUserChangePassword;iam_aws_attached_policy_no_administrative_privileges;False;IAMUserChangePassword;FFIEC;FFIEC Cybersecurity Assessment Tool framework;
aws;In light of the increasing volume and sophistication of cyber threats, the Federal Financial Institutions Examination Council (FFIEC) developed the Cybersecurity Assessment Tool (Assessment), on behalf of its members, to help institutions identify their risks and determine their cybersecurity maturity.;858573892697;us-east-1;2026-09-19 09:30:34.148196;d3-pc-im-b-7;Access to make changes to systems configurations (including virtual machines and hypervisors) is controlled and monitored.;Cybersecurity Controls (Domain 3);Preventative Controls (PC);;aws;;PASS;AWS policy IAMUserChangePassword is attached but does not allow '*:*' administrative privileges.;arn:aws:iam::aws:policy/IAMUserChangePassword;iam_aws_attached_policy_no_administrative_privileges;False;IAMUserChangePassword;FFIEC;FFIEC Cybersecurity Assessment Tool framework;
aws;In light of the increasing volume and sophistication of cyber threats, the Federal Financial Institutions Examination Council (FFIEC) developed the Cybersecurity Assessment Tool (Assessment), on behalf of its members, to help institutions identify their risks and determine their cybersecurity maturity.;858573892697;us-east-1;2026-09-19 09:30:34.148196;d3-pc-am-b-1;Employee access is granted to systems and confidential data based on job responsibilities and the principles of least privilege.;Cybersecurity Controls (Domain 3);Preventative Controls (PC);;aws;;PASS;AWS policy NetworkAdministrator is attached but does not allow '*:*' administrative privileges.;arn:aws:iam::aws:policy/job-function/NetworkAdministrator;iam_aws_attached_policy_no_administrative_privileges;False;NetworkAdministrator;FFIEC;FFIEC Cybersecurity Assessment Tool framework;
aws;In light of the increasing volume and sophistication of cyber threats, the Federal Financial Institutions Examination Council (FFIEC) developed the Cybersecurity Assessment Tool (Assessment), on behalf of its members, to help institutions identify their risks and determine their cybersecurity maturity.;858573892697;us-east-1;2026-09-19 09:30:34.148196;d3-pc-am-b-16;Administrative, physical, or technical controls are in place to prevent users without administrative responsibilities from installing unauthorized software.;Cybersecurity Controls (Domain 3);Preventative Controls (PC);;aws;;PASS;AWS policy NetworkAdministrator is attached but does not allow '*:*' administrative privileges.;arn:aws:iam::aws:policy/job-function/NetworkAdministrator;iam_aws_attached_policy_no_administrative_privileges;False;NetworkAdministrator;FFIEC;FFIEC Cybersecurity Assessment Tool framework;
aws;In light of the increasing volume and sophistication of cyber threats, the Federal Financial Institutions Examination Council (FFIEC) developed the Cybersecurity Assessment Tool (Assessment), on behalf of its members, to help institutions identify their risks and determine their cybersecurity maturity.;858573892697;us-east-1;2026-09-19 09:30:34.148196;d3-pc-am-b-2;Employee access to systems and confidential data provides for separation of duties.;Cybersecurity Controls (Domain 3);Preventative Controls (PC);;aws;;PASS;AWS policy NetworkAdministrator is attached but does not allow '*:*' administrative privileges.;arn:aws:iam::aws:policy/job-function/NetworkAdministrator;iam_aws_attached_policy_no_administrative_privileges;False;NetworkAdministrator;FFIEC;FFIEC Cybersecurity Assessment Tool framework;
aws;In light of the increasing volume and sophistication of cyber threats, the Federal Financial Institutions Examination Council (FFIEC) developed the Cybersecurity Assessment Tool (Assessment), on behalf of its members, to help institutions identify their risks and determine their cybersecurity maturity.;858573892697;us-east-1;2026-09-19 09:30:34.148196;d3-pc-am-b-3;Elevated privileges (e.g., administrator privileges) are limited and tightly controlled (e.g., assigned to individuals, not shared, and require stronger password controls;Cybersecurity Controls (Domain 3);Preventative Controls (PC);;aws;;PASS;AWS policy NetworkAdministrator is attached but does not allow '*:*' administrative privileges.;arn:aws:iam::aws:policy/job-function/NetworkAdministrator;iam_aws_attached_policy_no_administrative_privileges;False;NetworkAdministrator;FFIEC;FFIEC Cybersecurity Assessment Tool framework;
aws;In light of the increasing volume and sophistication of cyber threats, the Federal Financial Institutions Examination Council (FFIEC) developed the Cybersecurity Assessment Tool (Assessment), on behalf of its members, to help institutions identify their risks and determine their cybersecurity maturity.;858573892697;us-east-1;2026-09-19 09:30:34.148196;d3-pc-am-b-6;Identification and authentication are required and managed for access to systems, applications, and hardware.;Cybersecurity Controls (Domain 3);Preventative Controls (PC);;aws;;PASS;AWS policy NetworkAdministrator is attached but does not allow '*:*' administrative privileges.;arn:aws:iam::aws:policy/job-function/NetworkAdministrator;iam_aws_attached_policy_no_administrative_privileges;False;NetworkAdministrator;FFIEC;FFIEC Cybersecurity Assessment Tool framework;
aws;In light of the increasing volume and sophistication of cyber threats, the Federal Financial Institutions Examination Council (FFIEC) developed the Cybersecurity Assessment Tool (Assessment), on behalf of its members, to help institutions identify their risks and determine their cybersecurity maturity.;858573892697;us-east-1;2026-09-19 09:30:34.148196;d3-pc-im-b-7;Access to make changes to systems configurations (including virtual machines and hypervisors) is controlled and monitored.;Cybersecurity Controls (Domain 3);Preventative Controls (PC);;aws;;PASS;AWS policy NetworkAdministrator is attached but does not allow '*:*' administrative privileges.;arn:aws:iam::aws:policy/job-function/NetworkAdministrator;iam_aws_attached_policy_no_administrative_privileges;False;NetworkAdministrator;FFIEC;FFIEC Cybersecurity Assessment Tool framework;
aws;In light of the increasing volume and sophistication of cyber threats, the Federal Financial Institutions Examination Council (FFIEC) developed the Cybersecurity Assessment Tool (Assessment), on behalf of its members, to help institutions identify their risks and determine their cybersecurity maturity.;858573892697;us-east-1;2026-09-19 09:30:34.148196;d3-pc-am-b-1;Employee access is granted to systems and confidential data based on job responsibilities and the principles of least privilege.;Cybersecurity Controls (Domain 3);Preventative Controls (PC);;aws;;PASS;AWS policy AmazonS3FullAccess is attached but does not allow '*:*' administrative privileges.;arn:aws:iam::aws:policy/AmazonS3FullAccess;iam_aws_attached_policy_no_administrative_privileges;False;AmazonS3FullAccess;FFIEC;FFIEC Cybersecurity Assessment Tool framework;
aws;In light of the increasing volume and sophistication of cyber threats, the Federal Financial Institutions Examination Council (FFIEC) developed the Cybersecurity Assessment Tool (Assessment), on behalf of its members, to help institutions identify their risks and determine their cybersecurity maturity.;858573892697;us-east-1;2026-09-19 09:30:34.148196;d3-pc-am-b-16;Administrative, physical, or technical controls are in place to prevent users without administrative responsibilities from installing unauthorized software.;Cybersecurity Controls (Domain 3);Preventative Controls (PC);;aws;;PASS;AWS policy AmazonS3FullAccess is attached but does not allow '*:*' administrative privileges.;arn:aws:iam::aws:policy/AmazonS3FullAccess;iam_aws_attached_policy_no_administrative_privileges;False;AmazonS3FullAccess;FFIEC;FFIEC Cybersecurity Assessment Tool framework;
aws;In light of the increasing volume and sophistication of cyber threats, the Federal Financial Institutions Examination Council (FFIEC) developed the Cybersecurity Assessment Tool (Assessment), on behalf of its members, to help institutions identify their risks and determine their cybersecurity maturity.;858573892697;us-east-1;2026-09-19 09:30:34.148196;d3-pc-am-b-2;Employee access to systems and confidential data provides for separation of duties.;Cybersecurity Controls (Domain 3);Preventative Controls (PC);;aws;;PASS;AWS policy AmazonS3FullAccess is attached but does not allow '*:*' administrative privileges.;arn:aws:iam::aws:policy/AmazonS3FullAccess;iam_aws_attached_policy_no_administrative_privileges;False;AmazonS3FullAccess;FFIEC;FFIEC Cybersecurity Assessment Tool framework;
aws;In light of the increasing volume and sophistication of cyber threats, the Federal Financial Institutions Examination Council (FFIEC) developed the Cybersecurity Assessment Tool (Assessment), on behalf of its members, to help institutions identify their risks and determine their cybersecurity maturity.;858573892697;us-east-1;2026-09-19 09:30:34.148196;d3-pc-am-b-3;Elevated privileges (e.g., administrator privileges) are limited and tightly controlled (e.g., assigned to individuals, not shared, and require stronger password controls;Cybersecurity Controls (Domain 3);Preventative Controls (PC);;aws;;PASS;AWS policy AmazonS3FullAccess is attached but does not allow '*:*' administrative privileges.;arn:aws:iam::aws:policy/AmazonS3FullAccess;iam_aws_attached_policy_no_administrative_privileges;False;AmazonS3FullAccess;FFIEC;FFIEC Cybersecurity Assessment Tool framework;
aws;In light of the increasing volume and sophistication of cyber threats, the Federal Financial Institutions Examination Council (FFIEC) developed the Cybersecurity Assessment Tool (Assessment), on behalf of its members, to help institutions identify their risks and determine their cybersecurity maturity.;858573892697;us-east-1;2026-09-19 09:30:34.148196;d3-pc-am-b-6;Identification and authentication are required and managed for access to systems, applications, and hardware.;Cybersecurity Controls (Domain 3);Preventative Controls (PC);;aws;;PASS;AWS policy AmazonS3FullAccess is attached but does not allow '*:*' administrative privileges.;arn:aws:iam::aws:policy/AmazonS3FullAccess;iam_aws_attached_policy_no_administrative_privileges;False;AmazonS3FullAccess;FFIEC;FFIEC Cybersecurity Assessment Tool framework;
aws;In light of the increasing volume and sophistication of cyber threats, the Federal Financial Institutions Examination Council (FFIEC) developed the Cybersecurity Assessment Tool (Assessment), on behalf of its members, to help institutions identify their risks and determine their cybersecurity maturity.;858573892697;us-east-1;2026-09-19 09:30:34.148196;d3-pc-im-b-7;Access to make changes to systems configurations (including virtual machines and hypervisors) is controlled and monitored.;Cybersecurity Controls (Domain 3);Preventative Controls (PC);;aws;;PASS;AWS policy AmazonS3FullAccess is attached but does not allow '*:*' administrative privileges.;arn:aws:iam::aws:policy/AmazonS3FullAccess;iam_aws_attached_policy_no_administrative_privileges;False;AmazonS3FullAccess;FFIEC;FFIEC Cybersecurity Assessment Tool framework;
aws;In light of the increasing volume and sophistication of cyber threats, the Federal Financial Institutions Examination Council (FFIEC) developed the Cybersecurity Assessment Tool (Assessment), on behalf of its members, to help institutions identify their risks and determine their cybersecurity maturity.;858573892697;us-east-1;2026-09-19 09:30:34.148196;d3-pc-am-b-1;Employee access is granted to systems and confidential data based on job responsibilities and the principles of least privilege.;Cybersecurity Controls (Domain 3);Preventative Controls (PC);;aws;;PASS;AWS policy EC2InstanceConnect is attached but does not allow '*:*' administrative privileges.;arn:aws:iam::aws:policy/EC2InstanceConnect;iam_aws_attached_policy_no_administrative_privileges;False;EC2InstanceConnect;FFIEC;FFIEC Cybersecurity Assessment Tool framework;
aws;In light of the increasing volume and sophistication of cyber threats, the Federal Financial Institutions Examination Council (FFIEC) developed the Cybersecurity Assessment Tool (Assessment), on behalf of its members, to help institutions identify their risks and determine their cybersecurity maturity.;858573892697;us-east-1;2026-09-19 09:30:34.148196;d3-pc-am-b-16;Administrative, physical, or technical controls are in place to prevent users without administrative responsibilities from installing unauthorized software.;Cybersecurity Controls (Domain 3);Preventative Controls (PC);;aws;;PASS;AWS policy EC2InstanceConnect is attached but does not allow '*:*' administrative privileges.;arn:aws:iam::aws:policy/EC2InstanceConnect;iam_aws_attached_policy_no_administrative_privileges;False;EC2InstanceConnect;FFIEC;FFIEC Cybersecurity Assessment Tool framework;
aws;In light of the increasing volume and sophistication of cyber threats, the Federal Financial Institutions Examination Council (FFIEC) developed the Cybersecurity Assessment Tool (Assessment), on behalf of its members, to help institutions identify their risks and determine their cybersecurity maturity.;858573892697;us-east-1;2026-09-19 09:30:34.148196;d3-pc-am-b-2;Employee access to systems and confidential data provides for separation of duties.;Cybersecurity Controls (Domain 3);Preventative Controls (PC);;aws;;PASS;AWS policy EC2InstanceConnect is attached but does not allow '*:*' administrative privileges.;arn:aws:iam::aws:policy/EC2InstanceConnect;iam_aws_attached_policy_no_administrative_privileges;False;EC2InstanceConnect;FFIEC;FFIEC Cybersecurity Assessment Tool framework;
aws;In light of the increasing volume and sophistication of cyber threats, the Federal Financial Institutions Examination Council (FFIEC) developed the Cybersecurity Assessment Tool (Assessment), on behalf of its members, to help institutions identify their risks and determine their cybersecurity maturity.;858573892697;us-east-1;2026-09-19 09:30:34.148196;d3-pc-am-b-3;Elevated privileges (e.g., administrator privileges) are limited and tightly controlled (e.g., assigned to individuals, not shared, and require stronger password controls;Cybersecurity Controls (Domain 3);Preventative Controls (PC);;aws;;PASS;AWS policy EC2InstanceConnect is attached but does not allow '*:*' administrative privileges.;arn:aws:iam::aws:policy/EC2InstanceConnect;iam_aws_attached_policy_no_administrative_privileges;False;EC2InstanceConnect;FFIEC;FFIEC Cybersecurity Assessment Tool framework;
aws;In light of the increasing volume and sophistication of cyber threats, the Federal Financial Institutions Examination Council (FFIEC) developed the Cybersecurity Assessment Tool (Assessment), on behalf of its members, to help institutions identify their risks and determine their cybersecurity maturity.;858573892697;us-east-1;2026-09-19 09:30:34.148196;d3-pc-am-b-6;Identification and authentication are required and managed for access to systems, applications, and hardware.;Cybersecurity Controls (Domain 3);Preventative Controls (PC);;aws;;PASS;AWS policy EC2InstanceConnect is attached but does not allow '*:*' administrative privileges.;arn:aws:iam::aws:policy/EC2InstanceConnect;iam_aws_attached_policy_no_administrative_privileges;False;EC2InstanceConnect;FFIEC;FFIEC Cybersecurity Assessment Tool framework;
aws;In light of the increasing volume and sophistication of cyber threats, the Federal Financial Institutions Examination Council (FFIEC) developed the Cybersecurity Assessment Tool (Assessment), on behalf of its members, to help institutions identify their risks and determine their cybersecurity maturity.;858573892697;us-east-1;2026-09-19 09:30:34.148196;d3-pc-im-b-7;Access to make changes to systems configurations (including virtual machines and hypervisors) is controlled and monitored.;Cybersecurity Controls (Domain 3);Preventative Controls (PC);;aws;;PASS;AWS policy EC2InstanceConnect is attached but does not allow '*:*' administrative privileges.;arn:aws:iam::aws:policy/EC2InstanceConnect;iam_aws_attached_policy_no_administrative_privileges;False;EC2InstanceConnect;FFIEC;FFIEC Cybersecurity Assessment Tool framework;
aws;In light of the increasing volume and sophistication of cyber threats, the Federal Financial Institutions Examination Council (FFIEC) developed the Cybersecurity Assessment Tool (Assessment), on behalf of its members, to help institutions identify their risks and determine their cybersecurity maturity.;858573892697;us-east-1;2026-09-19 09:30:34.148196;d3-pc-am-b-1;Employee access is granted to systems and confidential data based on job responsibilities and the principles of least privilege.;Cybersecurity Controls (Domain 3);Preventative Controls (PC);;aws;;PASS;AWS policy AdministratorAccess-AWSElasticBeanstalk is attached but does not allow '*:*' administrative privileges.;arn:aws:iam::aws:policy/AdministratorAccess-AWSElasticBeanstalk;iam_aws_attached_policy_no_administrative_privileges;False;AdministratorAccess-AWSElasticBeanstalk;FFIEC;FFIEC Cybersecurity Assessment Tool framework;
aws;In light of the increasing volume and sophistication of cyber threats, the Federal Financial Institutions Examination Council (FFIEC) developed the Cybersecurity Assessment Tool (Assessment), on behalf of its members, to help institutions identify their risks and determine their cybersecurity maturity.;858573892697;us-east-1;2026-09-19 09:30:34.148196;d3-pc-am-b-16;Administrative, physical, or technical controls are in place to prevent users without administrative responsibilities from installing unauthorized software.;Cybersecurity Controls (Domain 3);Preventative Controls (PC);;aws;;PASS;AWS policy AdministratorAccess-AWSElasticBeanstalk is attached but does not allow '*:*' administrative privileges.;arn:aws:iam::aws:policy/AdministratorAccess-AWSElasticBeanstalk;iam_aws_attached_policy_no_administrative_privileges;False;AdministratorAccess-AWSElasticBeanstalk;FFIEC;FFIEC Cybersecurity Assessment Tool framework;
aws;In light of the increasing volume and sophistication of cyber threats, the Federal Financial Institutions Examination Council (FFIEC) developed the Cybersecurity Assessment Tool (Assessment), on behalf of its members, to help institutions identify their risks and determine their cybersecurity maturity.;858573892697;us-east-1;2026-09-19 09:30:34.148196;d3-pc-am-b-2;Employee access to systems and confidential data provides for separation of duties.;Cybersecurity Controls (Domain 3);Preventative Controls (PC);;aws;;PASS;AWS policy AdministratorAccess-AWSElasticBeanstalk is attached but does not allow '*:*' administrative privileges.;arn:aws:iam::aws:policy/AdministratorAccess-AWSElasticBeanstalk;iam_aws_attached_policy_no_administrative_privileges;False;AdministratorAccess-AWSElasticBeanstalk;FFIEC;FFIEC Cybersecurity Assessment Tool framework;
aws;In light of the increasing volume and sophistication of cyber threats, the Federal Financial Institutions Examination Council (FFIEC) developed the Cybersecurity Assessment Tool (Assessment), on behalf of its members, to help institutions identify their risks and determine their cybersecurity maturity.;858573892697;us-east-1;2026-09-19 09:30:34.148196;d3-pc-am-b-3;Elevated privileges (e.g., administrator privileges) are limited and tightly controlled (e.g., assigned to individuals, not shared, and require stronger password controls;Cybersecurity Controls (Domain 3);Preventative Controls (PC);;aws;;PASS;AWS policy AdministratorAccess-AWSElasticBeanstalk is attached but does not allow '*:*' administrative privileges.;arn:aws:iam::aws:policy/AdministratorAccess-AWSElasticBeanstalk;iam_aws_attached_policy_no_administrative_privileges;False;AdministratorAccess-AWSElasticBeanstalk;FFIEC;FFIEC Cybersecurity Assessment Tool framework;
aws;In light of the increasing volume and sophistication of cyber threats, the Federal Financial Institutions Examination Council (FFIEC) developed the Cybersecurity Assessment Tool (Assessment), on behalf of its members, to help institutions identify their risks and determine their cybersecurity maturity.;858573892697;us-east-1;2026-09-19 09:30:34.148196;d3-pc-am-b-6;Identification and authentication are required and managed for access to systems, applications, and hardware.;Cybersecurity Controls (Domain 3);Preventative Controls (PC);;aws;;PASS;AWS policy AdministratorAccess-AWSElasticBeanstalk is attached but does not allow '*:*' administrative privileges.;arn:aws:iam::aws:policy/AdministratorAccess-AWSElasticBeanstalk;iam_aws_attached_policy_no_administrative_privileges;False;AdministratorAccess-AWSElasticBeanstalk;FFIEC;FFIEC Cybersecurity Assessment Tool framework;
aws;In light of the increasing volume and sophistication of cyber threats, the Federal Financial Institutions Examination Council (FFIEC) developed the Cybersecurity Assessment Tool (Assessment), on behalf of its members, to help institutions identify their risks and determine their cybersecurity maturity.;858573892697;us-east-1;2026-09-19 09:30:34.148196;d3-pc-im-b-7;Access to make changes to systems configurations (including virtual machines and hypervisors) is controlled and monitored.;Cybersecurity Controls (Domain 3);Preventative Controls (PC);;aws;;PASS;AWS policy AdministratorAccess-AWSElasticBeanstalk is attached but does not allow '*:*' administrative privileges.;arn:aws:iam::aws:policy/AdministratorAccess-AWSElasticBeanstalk;iam_aws_attached_policy_no_administrative_privileges;False;AdministratorAccess-AWSElasticBeanstalk;FFIEC;FFIEC Cybersecurity Assessment Tool framework;
aws;In light of the increasing volume and sophistication of cyber threats, the Federal Financial Institutions Examination Council (FFIEC) developed the Cybersecurity Assessment Tool (Assessment), on behalf of its members, to help institutions identify their risks and determine their cybersecurity maturity.;858573892697;us-east-1;2026-09-19 09:30:34.148196;d3-pc-am-b-1;Employee access is granted to systems and confidential data based on job responsibilities and the principles of least privilege.;Cybersecurity Controls (Domain 3);Preventative Controls (PC);;aws;;PASS;AWS policy AWSQuickSetupSSMManageResourcesExecutionPolicy is attached but does not allow '*:*' administrative privileges.;arn:aws:iam::aws:policy/AWSQuickSetupSSMManageResourcesExecutionPolicy;iam_aws_attached_policy_no_administrative_privileges;False;AWSQuickSetupSSMManageResourcesExecutionPolicy;FFIEC;FFIEC Cybersecurity Assessment Tool framework;
aws;In light of the increasing volume and sophistication of cyber threats, the Federal Financial Institutions Examination Council (FFIEC) developed the Cybersecurity Assessment Tool (Assessment), on behalf of its members, to help institutions identify their risks and determine their cybersecurity maturity.;858573892697;us-east-1;2026-09-19 09:30:34.148196;d3-pc-am-b-16;Administrative, physical, or technical controls are in place to prevent users without administrative responsibilities from installing unauthorized software.;Cybersecurity Controls (Domain 3);Preventative Controls (PC);;aws;;PASS;AWS policy AWSQuickSetupSSMManageResourcesExecutionPolicy is attached but does not allow '*:*' administrative privileges.;arn:aws:iam::aws:policy/AWSQuickSetupSSMManageResourcesExecutionPolicy;iam_aws_attached_policy_no_administrative_privileges;False;AWSQuickSetupSSMManageResourcesExecutionPolicy;FFIEC;FFIEC Cybersecurity Assessment Tool framework;
aws;In light of the increasing volume and sophistication of cyber threats, the Federal Financial Institutions Examination Council (FFIEC) developed the Cybersecurity Assessment Tool (Assessment), on behalf of its members, to help institutions identify their risks and determine their cybersecurity maturity.;858573892697;us-east-1;2026-09-19 09:30:34.148196;d3-pc-am-b-2;Employee access to systems and confidential data provides for separation of duties.;Cybersecurity Controls (Domain 3);Preventative Controls (PC);;aws;;PASS;AWS policy AWSQuickSetupSSMManageResourcesExecutionPolicy is attached but does not allow '*:*' administrative privileges.;arn:aws:iam::aws:policy/AWSQuickSetupSSMManageResourcesExecutionPolicy;iam_aws_attached_policy_no_administrative_privileges;False;AWSQuickSetupSSMManageResourcesExecutionPolicy;FFIEC;FFIEC Cybersecurity Assessment Tool framework;
aws;In light of the increasing volume and sophistication of cyber threats, the Federal Financial Institutions Examination Council (FFIEC) developed the Cybersecurity Assessment Tool (Assessment), on behalf of its members, to help institutions identify their risks and determine their cybersecurity maturity.;858573892697;us-east-1;2026-09-19 09:30:34.148196;d3-pc-am-b-3;Elevated privileges (e.g., administrator privileges) are limited and tightly controlled (e.g., assigned to individuals, not shared, and require stronger password controls;Cybersecurity Controls (Domain 3);Preventative Controls (PC);;aws;;PASS;AWS policy AWSQuickSetupSSMManageResourcesExecutionPolicy is attached but does not allow '*:*' administrative privileges.;arn:aws:iam::aws:policy/AWSQuickSetupSSMManageResourcesExecutionPolicy;iam_aws_attached_policy_no_administrative_privileges;False;AWSQuickSetupSSMManageResourcesExecutionPolicy;FFIEC;FFIEC Cybersecurity Assessment Tool framework;
aws;In light of the increasing volume and sophistication of cyber threats, the Federal Financial Institutions Examination Council (FFIEC) developed the Cybersecurity Assessment Tool (Assessment), on behalf of its members, to help institutions identify their risks and determine their cybersecurity maturity.;858573892697;us-east-1;2026-09-19 09:30:34.148196;d3-pc-am-b-6;Identification and authentication are required and managed for access to systems, applications, and hardware.;Cybersecurity Controls (Domain 3);Preventative Controls (PC);;aws;;PASS;AWS policy AWSQuickSetupSSMManageResourcesExecutionPolicy is attached but does not allow '*:*' administrative privileges.;arn:aws:iam::aws:policy/AWSQuickSetupSSMManageResourcesExecutionPolicy;iam_aws_attached_policy_no_administrative_privileges;False;AWSQuickSetupSSMManageResourcesExecutionPolicy;FFIEC;FFIEC Cybersecurity Assessment Tool framework;
aws;In light of the increasing volume and sophistication of cyber threats, the Federal Financial Institutions Examination Council (FFIEC) developed the Cybersecurity Assessment Tool (Assessment), on behalf of its members, to help institutions identify their risks and determine their cybersecurity maturity.;858573892697;us-east-1;2026-09-19 09:30:34.148196;d3-pc-im-b-7;Access to make changes to systems configurations (including virtual machines and hypervisors) is controlled and monitored.;Cybersecurity Controls (Domain 3);Preventative Controls (PC);;aws;;PASS;AWS policy AWSQuickSetupSSMManageResourcesExecutionPolicy is attached but does not allow '*:*' administrative privileges.;arn:aws:iam::aws:policy/AWSQuickSetupSSMManageResourcesExecutionPolicy;iam_aws_attached_policy_no_administrative_privileges;False;AWSQuickSetupSSMManageResourcesExecutionPolicy;FFIEC;FFIEC Cybersecurity Assessment Tool framework;
aws;In light of the increasing volume and sophistication of cyber threats, the Federal Financial Institutions Examination Council (FFIEC) developed the Cybersecurity Assessment Tool (Assessment), on behalf of its members, to help institutions identify their risks and determine their cybersecurity maturity.;858573892697;us-east-1;2026-09-19 09:30:34.148196;d3-pc-am-b-1;Employee access is granted to systems and confidential data based on job responsibilities and the principles of least privilege.;Cybersecurity Controls (Domain 3);Preventative Controls (PC);;aws;;PASS;AWS policy AWS-SSM-Automation-DiagnosisBucketPolicy is attached but does not allow '*:*' administrative privileges.;arn:aws:iam::aws:policy/AWS-SSM-Automation-DiagnosisBucketPolicy;iam_aws_attached_policy_no_administrative_privileges;False;AWS-SSM-Automation-DiagnosisBucketPolicy;FFIEC;FFIEC Cybersecurity Assessment Tool framework;
aws;In light of the increasing volume and sophistication of cyber threats, the Federal Financial Institutions Examination Council (FFIEC) developed the Cybersecurity Assessment Tool (Assessment), on behalf of its members, to help institutions identify their risks and determine their cybersecurity maturity.;858573892697;us-east-1;2026-09-19 09:30:34.148196;d3-pc-am-b-16;Administrative, physical, or technical controls are in place to prevent users without administrative responsibilities from installing unauthorized software.;Cybersecurity Controls (Domain 3);Preventative Controls (PC);;aws;;PASS;AWS policy AWS-SSM-Automation-DiagnosisBucketPolicy is attached but does not allow '*:*' administrative privileges.;arn:aws:iam::aws:policy/AWS-SSM-Automation-DiagnosisBucketPolicy;iam_aws_attached_policy_no_administrative_privileges;False;AWS-SSM-Automation-DiagnosisBucketPolicy;FFIEC;FFIEC Cybersecurity Assessment Tool framework;
aws;In light of the increasing volume and sophistication of cyber threats, the Federal Financial Institutions Examination Council (FFIEC) developed the Cybersecurity Assessment Tool (Assessment), on behalf of its members, to help institutions identify their risks and determine their cybersecurity maturity.;858573892697;us-east-1;2026-09-19 09:30:34.148196;d3-pc-am-b-2;Employee access to systems and confidential data provides for separation of duties.;Cybersecurity Controls (Domain 3);Preventative Controls (PC);;aws;;PASS;AWS policy AWS-SSM-Automation-DiagnosisBucketPolicy is attached but does not allow '*:*' administrative privileges.;arn:aws:iam::aws:policy/AWS-SSM-Automation-DiagnosisBucketPolicy;iam_aws_attached_policy_no_administrative_privileges;False;AWS-SSM-Automation-DiagnosisBucketPolicy;FFIEC;FFIEC Cybersecurity Assessment Tool framework;
aws;In light of the increasing volume and sophistication of cyber threats, the Federal Financial Institutions Examination Council (FFIEC) developed the Cybersecurity Assessment Tool (Assessment), on behalf of its members, to help institutions identify their risks and determine their cybersecurity maturity.;858573892697;us-east-1;2026-09-19 09:30:34.148196;d3-pc-am-b-3;Elevated privileges (e.g., administrator privileges) are limited and tightly controlled (e.g., assigned to individuals, not shared, and require stronger password controls;Cybersecurity Controls (Domain 3);Preventative Controls (PC);;aws;;PASS;AWS policy AWS-SSM-Automation-DiagnosisBucketPolicy is attached but does not allow '*:*' administrative privileges.;arn:aws:iam::aws:policy/AWS-SSM-Automation-DiagnosisBucketPolicy;iam_aws_attached_policy_no_administrative_privileges;False;AWS-SSM-Automation-DiagnosisBucketPolicy;FFIEC;FFIEC Cybersecurity Assessment Tool framework;
aws;In light of the increasing volume and sophistication of cyber threats, the Federal Financial Institutions Examination Council (FFIEC) developed the Cybersecurity Assessment Tool (Assessment), on behalf of its members, to help institutions identify their risks and determine their cybersecurity maturity.;858573892697;us-east-1;2026-09-19 09:30:34.148196;d3-pc-am-b-6;Identification and authentication are required and managed for access to systems, applications, and hardware.;Cybersecurity Controls (Domain 3);Preventative Controls (PC);;aws;;PASS;AWS policy AWS-SSM-Automation-DiagnosisBucketPolicy is attached but does not allow '*:*' administrative privileges.;arn:aws:iam::aws:policy/AWS-SSM-Automation-DiagnosisBucketPolicy;iam_aws_attached_policy_no_administrative_privileges;False;AWS-SSM-Automation-DiagnosisBucketPolicy;FFIEC;FFIEC Cybersecurity Assessment Tool framework;
aws;In light of the increasing volume and sophistication of cyber threats, the Federal Financial Institutions Examination Council (FFIEC) developed the Cybersecurity Assessment Tool (Assessment), on behalf of its members, to help institutions identify their risks and determine their cybersecurity maturity.;858573892697;us-east-1;2026-09-19 09:30:34.148196;d3-pc-im-b-7;Access to make changes to systems configurations (including virtual machines and hypervisors) is controlled and monitored.;Cybersecurity Controls (Domain 3);Preventative Controls (PC);;aws;;PASS;AWS policy AWS-SSM-Automation-DiagnosisBucketPolicy is attached but does not allow '*:*' administrative privileges.;arn:aws:iam::aws:policy/AWS-SSM-Automation-DiagnosisBucketPolicy;iam_aws_attached_policy_no_administrative_privileges;False;AWS-SSM-Automation-DiagnosisBucketPolicy;FFIEC;FFIEC Cybersecurity Assessment Tool framework;
aws;In light of the increasing volume and sophistication of cyber threats, the Federal Financial Institutions Examination Council (FFIEC) developed the Cybersecurity Assessment Tool (Assessment), on behalf of its members, to help institutions identify their risks and determine their cybersecurity maturity.;858573892697;us-east-1;2026-09-19 09:30:34.148196;d3-pc-am-b-1;Employee access is granted to systems and confidential data based on job responsibilities and the principles of least privilege.;Cybersecurity Controls (Domain 3);Preventative Controls (PC);;aws;;PASS;AWS policy AWS-SSM-DiagnosisAutomation-AdministrationRolePolicy is attached but does not allow '*:*' administrative privileges.;arn:aws:iam::aws:policy/AWS-SSM-DiagnosisAutomation-AdministrationRolePolicy;iam_aws_attached_policy_no_administrative_privileges;False;AWS-SSM-DiagnosisAutomation-AdministrationRolePolicy;FFIEC;FFIEC Cybersecurity Assessment Tool framework;
aws;In light of the increasing volume and sophistication of cyber threats, the Federal Financial Institutions Examination Council (FFIEC) developed the Cybersecurity Assessment Tool (Assessment), on behalf of its members, to help institutions identify their risks and determine their cybersecurity maturity.;858573892697;us-east-1;2026-09-19 09:30:34.148196;d3-pc-am-b-16;Administrative, physical, or technical controls are in place to prevent users without administrative responsibilities from installing unauthorized software.;Cybersecurity Controls (Domain 3);Preventative Controls (PC);;aws;;PASS;AWS policy AWS-SSM-DiagnosisAutomation-AdministrationRolePolicy is attached but does not allow '*:*' administrative privileges.;arn:aws:iam::aws:policy/AWS-SSM-DiagnosisAutomation-AdministrationRolePolicy;iam_aws_attached_policy_no_administrative_privileges;False;AWS-SSM-DiagnosisAutomation-AdministrationRolePolicy;FFIEC;FFIEC Cybersecurity Assessment Tool framework;
aws;In light of the increasing volume and sophistication of cyber threats, the Federal Financial Institutions Examination Council (FFIEC) developed the Cybersecurity Assessment Tool (Assessment), on behalf of its members, to help institutions identify their risks and determine their cybersecurity maturity.;858573892697;us-east-1;2026-09-19 09:30:34.148196;d3-pc-am-b-2;Employee access to systems and confidential data provides for separation of duties.;Cybersecurity Controls (Domain 3);Preventative Controls (PC);;aws;;PASS;AWS policy AWS-SSM-DiagnosisAutomation-AdministrationRolePolicy is attached but does not allow '*:*' administrative privileges.;arn:aws:iam::aws:policy/AWS-SSM-DiagnosisAutomation-AdministrationRolePolicy;iam_aws_attached_policy_no_administrative_privileges;False;AWS-SSM-DiagnosisAutomation-AdministrationRolePolicy;FFIEC;FFIEC Cybersecurity Assessment Tool framework;
aws;In light of the increasing volume and sophistication of cyber threats, the Federal Financial Institutions Examination Council (FFIEC) developed the Cybersecurity Assessment Tool (Assessment), on behalf of its members, to help institutions identify their risks and determine their cybersecurity maturity.;858573892697;us-east-1;2026-09-19 09:30:34.148196;d3-pc-am-b-3;Elevated privileges (e.g., administrator privileges) are limited and tightly controlled (e.g., assigned to individuals, not shared, and require stronger password controls;Cybersecurity Controls (Domain 3);Preventative Controls (PC);;aws;;PASS;AWS policy AWS-SSM-DiagnosisAutomation-AdministrationRolePolicy is attached but does not allow '*:*' administrative privileges.;arn:aws:iam::aws:policy/AWS-SSM-DiagnosisAutomation-AdministrationRolePolicy;iam_aws_attached_policy_no_administrative_privileges;False;AWS-SSM-DiagnosisAutomation-AdministrationRolePolicy;FFIEC;FFIEC Cybersecurity Assessment Tool framework;
aws;In light of the increasing volume and sophistication of cyber threats, the Federal Financial Institutions Examination Council (FFIEC) developed the Cybersecurity Assessment Tool (Assessment), on behalf of its members, to help institutions identify their risks and determine their cybersecurity maturity.;858573892697;us-east-1;2026-09-19 09:30:34.148196;d3-pc-am-b-6;Identification and authentication are required and managed for access to systems, applications, and hardware.;Cybersecurity Controls (Domain 3);Preventative Controls (PC);;aws;;PASS;AWS policy AWS-SSM-DiagnosisAutomation-AdministrationRolePolicy is attached but does not allow '*:*' administrative privileges.;arn:aws:iam::aws:policy/AWS-SSM-DiagnosisAutomation-AdministrationRolePolicy;iam_aws_attached_policy_no_administrative_privileges;False;AWS-SSM-DiagnosisAutomation-AdministrationRolePolicy;FFIEC;FFIEC Cybersecurity Assessment Tool framework;
aws;In light of the increasing volume and sophistication of cyber threats, the Federal Financial Institutions Examination Council (FFIEC) developed the Cybersecurity Assessment Tool (Assessment), on behalf of its members, to help institutions identify their risks and determine their cybersecurity maturity.;858573892697;us-east-1;2026-09-19 09:30:34.148196;d3-pc-im-b-7;Access to make changes to systems configurations (including virtual machines and hypervisors) is controlled and monitored.;Cybersecurity Controls (Domain 3);Preventative Controls (PC);;aws;;PASS;AWS policy AWS-SSM-DiagnosisAutomation-AdministrationRolePolicy is attached but does not allow '*:*' administrative privileges.;arn:aws:iam::aws:policy/AWS-SSM-DiagnosisAutomation-AdministrationRolePolicy;iam_aws_attached_policy_no_administrative_privileges;False;AWS-SSM-DiagnosisAutomation-AdministrationRolePolicy;FFIEC;FFIEC Cybersecurity Assessment Tool framework;
aws;In light of the increasing volume and sophistication of cyber threats, the Federal Financial Institutions Examination Council (FFIEC) developed the Cybersecurity Assessment Tool (Assessment), on behalf of its members, to help institutions identify their risks and determine their cybersecurity maturity.;858573892697;us-east-1;2026-09-19 09:30:34.148196;d3-pc-am-b-1;Employee access is granted to systems and confidential data based on job responsibilities and the principles of least privilege.;Cybersecurity Controls (Domain 3);Preventative Controls (PC);;aws;;PASS;AWS policy AmazonSSMManagedEC2InstanceDefaultPolicy is attached but does not allow '*:*' administrative privileges.;arn:aws:iam::aws:policy/AmazonSSMManagedEC2InstanceDefaultPolicy;iam_aws_attached_policy_no_administrative_privileges;False;AmazonSSMManagedEC2InstanceDefaultPolicy;FFIEC;FFIEC Cybersecurity Assessment Tool framework;
aws;In light of the increasing volume and sophistication of cyber threats, the Federal Financial Institutions Examination Council (FFIEC) developed the Cybersecurity Assessment Tool (Assessment), on behalf of its members, to help institutions identify their risks and determine their cybersecurity maturity.;858573892697;us-east-1;2026-09-19 09:30:34.148196;d3-pc-am-b-16;Administrative, physical, or technical controls are in place to prevent users without administrative responsibilities from installing unauthorized software.;Cybersecurity Controls (Domain 3);Preventative Controls (PC);;aws;;PASS;AWS policy AmazonSSMManagedEC2InstanceDefaultPolicy is attached but does not allow '*:*' administrative privileges.;arn:aws:iam::aws:policy/AmazonSSMManagedEC2InstanceDefaultPolicy;iam_aws_attached_policy_no_administrative_privileges;False;AmazonSSMManagedEC2InstanceDefaultPolicy;FFIEC;FFIEC Cybersecurity Assessment Tool framework;
aws;In light of the increasing volume and sophistication of cyber threats, the Federal Financial Institutions Examination Council (FFIEC) developed the Cybersecurity Assessment Tool (Assessment), on behalf of its members, to help institutions identify their risks and determine their cybersecurity maturity.;858573892697;us-east-1;2026-09-19 09:30:34.148196;d3-pc-am-b-2;Employee access to systems and confidential data provides for separation of duties.;Cybersecurity Controls (Domain 3);Preventative Controls (PC);;aws;;PASS;AWS policy AmazonSSMManagedEC2InstanceDefaultPolicy is attached but does not allow '*:*' administrative privileges.;arn:aws:iam::aws:policy/AmazonSSMManagedEC2InstanceDefaultPolicy;iam_aws_attached_policy_no_administrative_privileges;False;AmazonSSMManagedEC2InstanceDefaultPolicy;FFIEC;FFIEC Cybersecurity Assessment Tool framework;
aws;In light of the increasing volume and sophistication of cyber threats, the Federal Financial Institutions Examination Council (FFIEC) developed the Cybersecurity Assessment Tool (Assessment), on behalf of its members, to help institutions identify their risks and determine their cybersecurity maturity.;858573892697;us-east-1;2026-09-19 09:30:34.148196;d3-pc-am-b-3;Elevated privileges (e.g., administrator privileges) are limited and tightly controlled (e.g., assigned to individuals, not shared, and require stronger password controls;Cybersecurity Controls (Domain 3);Preventative Controls (PC);;aws;;PASS;AWS policy AmazonSSMManagedEC2InstanceDefaultPolicy is attached but does not allow '*:*' administrative privileges.;arn:aws:iam::aws:policy/AmazonSSMManagedEC2InstanceDefaultPolicy;iam_aws_attached_policy_no_administrative_privileges;False;AmazonSSMManagedEC2InstanceDefaultPolicy;FFIEC;FFIEC Cybersecurity Assessment Tool framework;
aws;In light of the increasing volume and sophistication of cyber threats, the Federal Financial Institutions Examination Council (FFIEC) developed the Cybersecurity Assessment Tool (Assessment), on behalf of its members, to help institutions identify their risks and determine their cybersecurity maturity.;858573892697;us-east-1;2026-09-19 09:30:34.148196;d3-pc-am-b-6;Identification and authentication are required and managed for access to systems, applications, and hardware.;Cybersecurity Controls (Domain 3);Preventative Controls (PC);;aws;;PASS;AWS policy AmazonSSMManagedEC2InstanceDefaultPolicy is attached but does not allow '*:*' administrative privileges.;arn:aws:iam::aws:policy/AmazonSSMManagedEC2InstanceDefaultPolicy;iam_aws_attached_policy_no_administrative_privileges;False;AmazonSSMManagedEC2InstanceDefaultPolicy;FFIEC;FFIEC Cybersecurity Assessment Tool framework;
aws;In light of the increasing volume and sophistication of cyber threats, the Federal Financial Institutions Examination Council (FFIEC) developed the Cybersecurity Assessment Tool (Assessment), on behalf of its members, to help institutions identify their risks and determine their cybersecurity maturity.;858573892697;us-east-1;2026-09-19 09:30:34.148196;d3-pc-im-b-7;Access to make changes to systems configurations (including virtual machines and hypervisors) is controlled and monitored.;Cybersecurity Controls (Domain 3);Preventative Controls (PC);;aws;;PASS;AWS policy AmazonSSMManagedEC2InstanceDefaultPolicy is attached but does not allow '*:*' administrative privileges.;arn:aws:iam::aws:policy/AmazonSSMManagedEC2InstanceDefaultPolicy;iam_aws_attached_policy_no_administrative_privileges;False;AmazonSSMManagedEC2InstanceDefaultPolicy;FFIEC;FFIEC Cybersecurity Assessment Tool framework;
aws;In light of the increasing volume and sophistication of cyber threats, the Federal Financial Institutions Examination Council (FFIEC) developed the Cybersecurity Assessment Tool (Assessment), on behalf of its members, to help institutions identify their risks and determine their cybersecurity maturity.;858573892697;us-east-1;2026-09-19 09:30:34.148196;d3-pc-am-b-1;Employee access is granted to systems and confidential data based on job responsibilities and the principles of least privilege.;Cybersecurity Controls (Domain 3);Preventative Controls (PC);;aws;;PASS;AWS policy AWSQuickSetupEnableDHMCExecutionPolicy is attached but does not allow '*:*' administrative privileges.;arn:aws:iam::aws:policy/AWSQuickSetupEnableDHMCExecutionPolicy;iam_aws_attached_policy_no_administrative_privileges;False;AWSQuickSetupEnableDHMCExecutionPolicy;FFIEC;FFIEC Cybersecurity Assessment Tool framework;
aws;In light of the increasing volume and sophistication of cyber threats, the Federal Financial Institutions Examination Council (FFIEC) developed the Cybersecurity Assessment Tool (Assessment), on behalf of its members, to help institutions identify their risks and determine their cybersecurity maturity.;858573892697;us-east-1;2026-09-19 09:30:34.148196;d3-pc-am-b-16;Administrative, physical, or technical controls are in place to prevent users without administrative responsibilities from installing unauthorized software.;Cybersecurity Controls (Domain 3);Preventative Controls (PC);;aws;;PASS;AWS policy AWSQuickSetupEnableDHMCExecutionPolicy is attached but does not allow '*:*' administrative privileges.;arn:aws:iam::aws:policy/AWSQuickSetupEnableDHMCExecutionPolicy;iam_aws_attached_policy_no_administrative_privileges;False;AWSQuickSetupEnableDHMCExecutionPolicy;FFIEC;FFIEC Cybersecurity Assessment Tool framework;
aws;In light of the increasing volume and sophistication of cyber threats, the Federal Financial Institutions Examination Council (FFIEC) developed the Cybersecurity Assessment Tool (Assessment), on behalf of its members, to help institutions identify their risks and determine their cybersecurity maturity.;858573892697;us-east-1;2026-09-19 09:30:34.148196;d3-pc-am-b-2;Employee access to systems and confidential data provides for separation of duties.;Cybersecurity Controls (Domain 3);Preventative Controls (PC);;aws;;PASS;AWS policy AWSQuickSetupEnableDHMCExecutionPolicy is attached but does not allow '*:*' administrative privileges.;arn:aws:iam::aws:policy/AWSQuickSetupEnableDHMCExecutionPolicy;iam_aws_attached_policy_no_administrative_privileges;False;AWSQuickSetupEnableDHMCExecutionPolicy;FFIEC;FFIEC Cybersecurity Assessment Tool framework;
aws;In light of the increasing volume and sophistication of cyber threats, the Federal Financial Institutions Examination Council (FFIEC) developed the Cybersecurity Assessment Tool (Assessment), on behalf of its members, to help institutions identify their risks and determine their cybersecurity maturity.;858573892697;us-east-1;2026-09-19 09:30:34.148196;d3-pc-am-b-3;Elevated privileges (e.g., administrator privileges) are limited and tightly controlled (e.g., assigned to individuals, not shared, and require stronger password controls;Cybersecurity Controls (Domain 3);Preventative Controls (PC);;aws;;PASS;AWS policy AWSQuickSetupEnableDHMCExecutionPolicy is attached but does not allow '*:*' administrative privileges.;arn:aws:iam::aws:policy/AWSQuickSetupEnableDHMCExecutionPolicy;iam_aws_attached_policy_no_administrative_privileges;False;AWSQuickSetupEnableDHMCExecutionPolicy;FFIEC;FFIEC Cybersecurity Assessment Tool framework;
aws;In light of the increasing volume and sophistication of cyber threats, the Federal Financial Institutions Examination Council (FFIEC) developed the Cybersecurity Assessment Tool (Assessment), on behalf of its members, to help institutions identify their risks and determine their cybersecurity maturity.;858573892697;us-east-1;2026-09-19 09:30:34.148196;d3-pc-am-b-6;Identification and authentication are required and managed for access to systems, applications, and hardware.;Cybersecurity Controls (Domain 3);Preventative Controls (PC);;aws;;PASS;AWS policy AWSQuickSetupEnableDHMCExecutionPolicy is attached but does not allow '*:*' administrative privileges.;arn:aws:iam::aws:policy/AWSQuickSetupEnableDHMCExecutionPolicy;iam_aws_attached_policy_no_administrative_privileges;False;AWSQuickSetupEnableDHMCExecutionPolicy;FFIEC;FFIEC Cybersecurity Assessment Tool framework;
aws;In light of the increasing volume and sophistication of cyber threats, the Federal Financial Institutions Examination Council (FFIEC) developed the Cybersecurity Assessment Tool (Assessment), on behalf of its members, to help institutions identify their risks and determine their cybersecurity maturity.;858573892697;us-east-1;2026-09-19 09:30:34.148196;d3-pc-im-b-7;Access to make changes to systems configurations (including virtual machines and hypervisors) is controlled and monitored.;Cybersecurity Controls (Domain 3);Preventative Controls (PC);;aws;;PASS;AWS policy AWSQuickSetupEnableDHMCExecutionPolicy is attached but does not allow '*:*' administrative privileges.;arn:aws:iam::aws:policy/AWSQuickSetupEnableDHMCExecutionPolicy;iam_aws_attached_policy_no_administrative_privileges;False;AWSQuickSetupEnableDHMCExecutionPolicy;FFIEC;FFIEC Cybersecurity Assessment Tool framework;
aws;In light of the increasing volume and sophistication of cyber threats, the Federal Financial Institutions Examination Council (FFIEC) developed the Cybersecurity Assessment Tool (Assessment), on behalf of its members, to help institutions identify their risks and determine their cybersecurity maturity.;858573892697;us-east-1;2026-09-19 09:30:34.148196;d3-pc-am-b-1;Employee access is granted to systems and confidential data based on job responsibilities and the principles of least privilege.;Cybersecurity Controls (Domain 3);Preventative Controls (PC);;aws;;PASS;AWS policy AWSQuickSetupEnableAREXExecutionPolicy is attached but does not allow '*:*' administrative privileges.;arn:aws:iam::aws:policy/AWSQuickSetupEnableAREXExecutionPolicy;iam_aws_attached_policy_no_administrative_privileges;False;AWSQuickSetupEnableAREXExecutionPolicy;FFIEC;FFIEC Cybersecurity Assessment Tool framework;
aws;In light of the increasing volume and sophistication of cyber threats, the Federal Financial Institutions Examination Council (FFIEC) developed the Cybersecurity Assessment Tool (Assessment), on behalf of its members, to help institutions identify their risks and determine their cybersecurity maturity.;858573892697;us-east-1;2026-09-19 09:30:34.148196;d3-pc-am-b-16;Administrative, physical, or technical controls are in place to prevent users without administrative responsibilities from installing unauthorized software.;Cybersecurity Controls (Domain 3);Preventative Controls (PC);;aws;;PASS;AWS policy AWSQuickSetupEnableAREXExecutionPolicy is attached but does not allow '*:*' administrative privileges.;arn:aws:iam::aws:policy/AWSQuickSetupEnableAREXExecutionPolicy;iam_aws_attached_policy_no_administrative_privileges;False;AWSQuickSetupEnableAREXExecutionPolicy;FFIEC;FFIEC Cybersecurity Assessment Tool framework;
aws;In light of the increasing volume and sophistication of cyber threats, the Federal Financial Institutions Examination Council (FFIEC) developed the Cybersecurity Assessment Tool (Assessment), on behalf of its members, to help institutions identify their risks and determine their cybersecurity maturity.;858573892697;us-east-1;2026-09-19 09:30:34.148196;d3-pc-am-b-2;Employee access to systems and confidential data provides for separation of duties.;Cybersecurity Controls (Domain 3);Preventative Controls (PC);;aws;;PASS;AWS policy AWSQuickSetupEnableAREXExecutionPolicy is attached but does not allow '*:*' administrative privileges.;arn:aws:iam::aws:policy/AWSQuickSetupEnableAREXExecutionPolicy;iam_aws_attached_policy_no_administrative_privileges;False;AWSQuickSetupEnableAREXExecutionPolicy;FFIEC;FFIEC Cybersecurity Assessment Tool framework;
aws;In light of the increasing volume and sophistication of cyber threats, the Federal Financial Institutions Examination Council (FFIEC) developed the Cybersecurity Assessment Tool (Assessment), on behalf of its members, to help institutions identify their risks and determine their cybersecurity maturity.;858573892697;us-east-1;2026-09-19 09:30:34.148196;d3-pc-am-b-3;Elevated privileges (e.g., administrator privileges) are limited and tightly controlled (e.g., assigned to individuals, not shared, and require stronger password controls;Cybersecurity Controls (Domain 3);Preventative Controls (PC);;aws;;PASS;AWS policy AWSQuickSetupEnableAREXExecutionPolicy is attached but does not allow '*:*' administrative privileges.;arn:aws:iam::aws:policy/AWSQuickSetupEnableAREXExecutionPolicy;iam_aws_attached_policy_no_administrative_privileges;False;AWSQuickSetupEnableAREXExecutionPolicy;FFIEC;FFIEC Cybersecurity Assessment Tool framework;
aws;In light of the increasing volume and sophistication of cyber threats, the Federal Financial Institutions Examination Council (FFIEC) developed the Cybersecurity Assessment Tool (Assessment), on behalf of its members, to help institutions identify their risks and determine their cybersecurity maturity.;858573892697;us-east-1;2026-09-19 09:30:34.148196;d3-pc-am-b-6;Identification and authentication are required and managed for access to systems, applications, and hardware.;Cybersecurity Controls (Domain 3);Preventative Controls (PC);;aws;;PASS;AWS policy AWSQuickSetupEnableAREXExecutionPolicy is attached but does not allow '*:*' administrative privileges.;arn:aws:iam::aws:policy/AWSQuickSetupEnableAREXExecutionPolicy;iam_aws_attached_policy_no_administrative_privileges;False;AWSQuickSetupEnableAREXExecutionPolicy;FFIEC;FFIEC Cybersecurity Assessment Tool framework;
aws;In light of the increasing volume and sophistication of cyber threats, the Federal Financial Institutions Examination Council (FFIEC) developed the Cybersecurity Assessment Tool (Assessment), on behalf of its members, to help institutions identify their risks and determine their cybersecurity maturity.;858573892697;us-east-1;2026-09-19 09:30:34.148196;d3-pc-im-b-7;Access to make changes to systems configurations (including virtual machines and hypervisors) is controlled and monitored.;Cybersecurity Controls (Domain 3);Preventative Controls (PC);;aws;;PASS;AWS policy AWSQuickSetupEnableAREXExecutionPolicy is attached but does not allow '*:*' administrative privileges.;arn:aws:iam::aws:policy/AWSQuickSetupEnableAREXExecutionPolicy;iam_aws_attached_policy_no_administrative_privileges;False;AWSQuickSetupEnableAREXExecutionPolicy;FFIEC;FFIEC Cybersecurity Assessment Tool framework;
aws;In light of the increasing volume and sophistication of cyber threats, the Federal Financial Institutions Examination Council (FFIEC) developed the Cybersecurity Assessment Tool (Assessment), on behalf of its members, to help institutions identify their risks and determine their cybersecurity maturity.;858573892697;us-east-1;2026-09-19 09:30:34.148196;d3-pc-am-b-1;Employee access is granted to systems and confidential data based on job responsibilities and the principles of least privilege.;Cybersecurity Controls (Domain 3);Preventative Controls (PC);;aws;;PASS;AWS policy AWSQuickSetupSSMDeploymentS3BucketRolePolicy is attached but does not allow '*:*' administrative privileges.;arn:aws:iam::aws:policy/AWSQuickSetupSSMDeploymentS3BucketRolePolicy;iam_aws_attached_policy_no_administrative_privileges;False;AWSQuickSetupSSMDeploymentS3BucketRolePolicy;FFIEC;FFIEC Cybersecurity Assessment Tool framework;
aws;In light of the increasing volume and sophistication of cyber threats, the Federal Financial Institutions Examination Council (FFIEC) developed the Cybersecurity Assessment Tool (Assessment), on behalf of its members, to help institutions identify their risks and determine their cybersecurity maturity.;858573892697;us-east-1;2026-09-19 09:30:34.148196;d3-pc-am-b-16;Administrative, physical, or technical controls are in place to prevent users without administrative responsibilities from installing unauthorized software.;Cybersecurity Controls (Domain 3);Preventative Controls (PC);;aws;;PASS;AWS policy AWSQuickSetupSSMDeploymentS3BucketRolePolicy is attached but does not allow '*:*' administrative privileges.;arn:aws:iam::aws:policy/AWSQuickSetupSSMDeploymentS3BucketRolePolicy;iam_aws_attached_policy_no_administrative_privileges;False;AWSQuickSetupSSMDeploymentS3BucketRolePolicy;FFIEC;FFIEC Cybersecurity Assessment Tool framework;
aws;In light of the increasing volume and sophistication of cyber threats, the Federal Financial Institutions Examination Council (FFIEC) developed the Cybersecurity Assessment Tool (Assessment), on behalf of its members, to help institutions identify their risks and determine their cybersecurity maturity.;858573892697;us-east-1;2026-09-19 09:30:34.148196;d3-pc-am-b-2;Employee access to systems and confidential data provides for separation of duties.;Cybersecurity Controls (Domain 3);Preventative Controls (PC);;aws;;PASS;AWS policy AWSQuickSetupSSMDeploymentS3BucketRolePolicy is attached but does not allow '*:*' administrative privileges.;arn:aws:iam::aws:policy/AWSQuickSetupSSMDeploymentS3BucketRolePolicy;iam_aws_attached_policy_no_administrative_privileges;False;AWSQuickSetupSSMDeploymentS3BucketRolePolicy;FFIEC;FFIEC Cybersecurity Assessment Tool framework;
aws;In light of the increasing volume and sophistication of cyber threats, the Federal Financial Institutions Examination Council (FFIEC) developed the Cybersecurity Assessment Tool (Assessment), on behalf of its members, to help institutions identify their risks and determine their cybersecurity maturity.;858573892697;us-east-1;2026-09-19 09:30:34.148196;d3-pc-am-b-3;Elevated privileges (e.g., administrator privileges) are limited and tightly controlled (e.g., assigned to individuals, not shared, and require stronger password controls;Cybersecurity Controls (Domain 3);Preventative Controls (PC);;aws;;PASS;AWS policy AWSQuickSetupSSMDeploymentS3BucketRolePolicy is attached but does not allow '*:*' administrative privileges.;arn:aws:iam::aws:policy/AWSQuickSetupSSMDeploymentS3BucketRolePolicy;iam_aws_attached_policy_no_administrative_privileges;False;AWSQuickSetupSSMDeploymentS3BucketRolePolicy;FFIEC;FFIEC Cybersecurity Assessment Tool framework;
aws;In light of the increasing volume and sophistication of cyber threats, the Federal Financial Institutions Examination Council (FFIEC) developed the Cybersecurity Assessment Tool (Assessment), on behalf of its members, to help institutions identify their risks and determine their cybersecurity maturity.;858573892697;us-east-1;2026-09-19 09:30:34.148196;d3-pc-am-b-6;Identification and authentication are required and managed for access to systems, applications, and hardware.;Cybersecurity Controls (Domain 3);Preventative Controls (PC);;aws;;PASS;AWS policy AWSQuickSetupSSMDeploymentS3BucketRolePolicy is attached but does not allow '*:*' administrative privileges.;arn:aws:iam::aws:policy/AWSQuickSetupSSMDeploymentS3BucketRolePolicy;iam_aws_attached_policy_no_administrative_privileges;False;AWSQuickSetupSSMDeploymentS3BucketRolePolicy;FFIEC;FFIEC Cybersecurity Assessment Tool framework;
aws;In light of the increasing volume and sophistication of cyber threats, the Federal Financial Institutions Examination Council (FFIEC) developed the Cybersecurity Assessment Tool (Assessment), on behalf of its members, to help institutions identify their risks and determine their cybersecurity maturity.;858573892697;us-east-1;2026-09-19 09:30:34.148196;d3-pc-im-b-7;Access to make changes to systems configurations (including virtual machines and hypervisors) is controlled and monitored.;Cybersecurity Controls (Domain 3);Preventative Controls (PC);;aws;;PASS;AWS policy AWSQuickSetupSSMDeploymentS3BucketRolePolicy is attached but does not allow '*:*' administrative privileges.;arn:aws:iam::aws:policy/AWSQuickSetupSSMDeploymentS3BucketRolePolicy;iam_aws_attached_policy_no_administrative_privileges;False;AWSQuickSetupSSMDeploymentS3BucketRolePolicy;FFIEC;FFIEC Cybersecurity Assessment Tool framework;
aws;In light of the increasing volume and sophistication of cyber threats, the Federal Financial Institutions Examination Council (FFIEC) developed the Cybersecurity Assessment Tool (Assessment), on behalf of its members, to help institutions identify their risks and determine their cybersecurity maturity.;858573892697;us-east-1;2026-09-19 09:30:34.148196;d3-pc-am-b-1;Employee access is granted to systems and confidential data based on job responsibilities and the principles of least privilege.;Cybersecurity Controls (Domain 3);Preventative Controls (PC);;aws;;PASS;AWS policy AWSResourceExplorerServiceRolePolicy is attached but does not allow '*:*' administrative privileges.;arn:aws:iam::aws:policy/aws-service-role/AWSResourceExplorerServiceRolePolicy;iam_aws_attached_policy_no_administrative_privileges;False;AWSResourceExplorerServiceRolePolicy;FFIEC;FFIEC Cybersecurity Assessment Tool framework;
aws;In light of the increasing volume and sophistication of cyber threats, the Federal Financial Institutions Examination Council (FFIEC) developed the Cybersecurity Assessment Tool (Assessment), on behalf of its members, to help institutions identify their risks and determine their cybersecurity maturity.;858573892697;us-east-1;2026-09-19 09:30:34.148196;d3-pc-am-b-16;Administrative, physical, or technical controls are in place to prevent users without administrative responsibilities from installing unauthorized software.;Cybersecurity Controls (Domain 3);Preventative Controls (PC);;aws;;PASS;AWS policy AWSResourceExplorerServiceRolePolicy is attached but does not allow '*:*' administrative privileges.;arn:aws:iam::aws:policy/aws-service-role/AWSResourceExplorerServiceRolePolicy;iam_aws_attached_policy_no_administrative_privileges;False;AWSResourceExplorerServiceRolePolicy;FFIEC;FFIEC Cybersecurity Assessment Tool framework;
aws;In light of the increasing volume and sophistication of cyber threats, the Federal Financial Institutions Examination Council (FFIEC) developed the Cybersecurity Assessment Tool (Assessment), on behalf of its members, to help institutions identify their risks and determine their cybersecurity maturity.;858573892697;us-east-1;2026-09-19 09:30:34.148196;d3-pc-am-b-2;Employee access to systems and confidential data provides for separation of duties.;Cybersecurity Controls (Domain 3);Preventative Controls (PC);;aws;;PASS;AWS policy AWSResourceExplorerServiceRolePolicy is attached but does not allow '*:*' administrative privileges.;arn:aws:iam::aws:policy/aws-service-role/AWSResourceExplorerServiceRolePolicy;iam_aws_attached_policy_no_administrative_privileges;False;AWSResourceExplorerServiceRolePolicy;FFIEC;FFIEC Cybersecurity Assessment Tool framework;
aws;In light of the increasing volume and sophistication of cyber threats, the Federal Financial Institutions Examination Council (FFIEC) developed the Cybersecurity Assessment Tool (Assessment), on behalf of its members, to help institutions identify their risks and determine their cybersecurity maturity.;858573892697;us-east-1;2026-09-19 09:30:34.148196;d3-pc-am-b-3;Elevated privileges (e.g., administrator privileges) are limited and tightly controlled (e.g., assigned to individuals, not shared, and require stronger password controls;Cybersecurity Controls (Domain 3);Preventative Controls (PC);;aws;;PASS;AWS policy AWSResourceExplorerServiceRolePolicy is attached but does not allow '*:*' administrative privileges.;arn:aws:iam::aws:policy/aws-service-role/AWSResourceExplorerServiceRolePolicy;iam_aws_attached_policy_no_administrative_privileges;False;AWSResourceExplorerServiceRolePolicy;FFIEC;FFIEC Cybersecurity Assessment Tool framework;
aws;In light of the increasing volume and sophistication of cyber threats, the Federal Financial Institutions Examination Council (FFIEC) developed the Cybersecurity Assessment Tool (Assessment), on behalf of its members, to help institutions identify their risks and determine their cybersecurity maturity.;858573892697;us-east-1;2026-09-19 09:30:34.148196;d3-pc-am-b-6;Identification and authentication are required and managed for access to systems, applications, and hardware.;Cybersecurity Controls (Domain 3);Preventative Controls (PC);;aws;;PASS;AWS policy AWSResourceExplorerServiceRolePolicy is attached but does not allow '*:*' administrative privileges.;arn:aws:iam::aws:policy/aws-service-role/AWSResourceExplorerServiceRolePolicy;iam_aws_attached_policy_no_administrative_privileges;False;AWSResourceExplorerServiceRolePolicy;FFIEC;FFIEC Cybersecurity Assessment Tool framework;
aws;In light of the increasing volume and sophistication of cyber threats, the Federal Financial Institutions Examination Council (FFIEC) developed the Cybersecurity Assessment Tool (Assessment), on behalf of its members, to help institutions identify their risks and determine their cybersecurity maturity.;858573892697;us-east-1;2026-09-19 09:30:34.148196;d3-pc-im-b-7;Access to make changes to systems configurations (including virtual machines and hypervisors) is controlled and monitored.;Cybersecurity Controls (Domain 3);Preventative Controls (PC);;aws;;PASS;AWS policy AWSResourceExplorerServiceRolePolicy is attached but does not allow '*:*' administrative privileges.;arn:aws:iam::aws:policy/aws-service-role/AWSResourceExplorerServiceRolePolicy;iam_aws_attached_policy_no_administrative_privileges;False;AWSResourceExplorerServiceRolePolicy;FFIEC;FFIEC Cybersecurity Assessment Tool framework;
aws;In light of the increasing volume and sophistication of cyber threats, the Federal Financial Institutions Examination Council (FFIEC) developed the Cybersecurity Assessment Tool (Assessment), on behalf of its members, to help institutions identify their risks and determine their cybersecurity maturity.;858573892697;us-east-1;2026-09-19 09:30:34.148196;d3-pc-am-b-1;Employee access is granted to systems and confidential data based on job responsibilities and the principles of least privilege.;Cybersecurity Controls (Domain 3);Preventative Controls (PC);;aws;;PASS;AWS policy AWS-SSM-RemediationAutomation-AdministrationRolePolicy is attached but does not allow '*:*' administrative privileges.;arn:aws:iam::aws:policy/AWS-SSM-RemediationAutomation-AdministrationRolePolicy;iam_aws_attached_policy_no_administrative_privileges;False;AWS-SSM-RemediationAutomation-AdministrationRolePolicy;FFIEC;FFIEC Cybersecurity Assessment Tool framework;
aws;In light of the increasing volume and sophistication of cyber threats, the Federal Financial Institutions Examination Council (FFIEC) developed the Cybersecurity Assessment Tool (Assessment), on behalf of its members, to help institutions identify their risks and determine their cybersecurity maturity.;858573892697;us-east-1;2026-09-19 09:30:34.148196;d3-pc-am-b-16;Administrative, physical, or technical controls are in place to prevent users without administrative responsibilities from installing unauthorized software.;Cybersecurity Controls (Domain 3);Preventative Controls (PC);;aws;;PASS;AWS policy AWS-SSM-RemediationAutomation-AdministrationRolePolicy is attached but does not allow '*:*' administrative privileges.;arn:aws:iam::aws:policy/AWS-SSM-RemediationAutomation-AdministrationRolePolicy;iam_aws_attached_policy_no_administrative_privileges;False;AWS-SSM-RemediationAutomation-AdministrationRolePolicy;FFIEC;FFIEC Cybersecurity Assessment Tool framework;
aws;In light of the increasing volume and sophistication of cyber threats, the Federal Financial Institutions Examination Council (FFIEC) developed the Cybersecurity Assessment Tool (Assessment), on behalf of its members, to help institutions identify their risks and determine their cybersecurity maturity.;858573892697;us-east-1;2026-09-19 09:30:34.148196;d3-pc-am-b-2;Employee access to systems and confidential data provides for separation of duties.;Cybersecurity Controls (Domain 3);Preventative Controls (PC);;aws;;PASS;AWS policy AWS-SSM-RemediationAutomation-AdministrationRolePolicy is attached but does not allow '*:*' administrative privileges.;arn:aws:iam::aws:policy/AWS-SSM-RemediationAutomation-AdministrationRolePolicy;iam_aws_attached_policy_no_administrative_privileges;False;AWS-SSM-RemediationAutomation-AdministrationRolePolicy;FFIEC;FFIEC Cybersecurity Assessment Tool framework;
aws;In light of the increasing volume and sophistication of cyber threats, the Federal Financial Institutions Examination Council (FFIEC) developed the Cybersecurity Assessment Tool (Assessment), on behalf of its members, to help institutions identify their risks and determine their cybersecurity maturity.;858573892697;us-east-1;2026-09-19 09:30:34.148196;d3-pc-am-b-3;Elevated privileges (e.g., administrator privileges) are limited and tightly controlled (e.g., assigned to individuals, not shared, and require stronger password controls;Cybersecurity Controls (Domain 3);Preventative Controls (PC);;aws;;PASS;AWS policy AWS-SSM-RemediationAutomation-AdministrationRolePolicy is attached but does not allow '*:*' administrative privileges.;arn:aws:iam::aws:policy/AWS-SSM-RemediationAutomation-AdministrationRolePolicy;iam_aws_attached_policy_no_administrative_privileges;False;AWS-SSM-RemediationAutomation-AdministrationRolePolicy;FFIEC;FFIEC Cybersecurity Assessment Tool framework;
aws;In light of the increasing volume and sophistication of cyber threats, the Federal Financial Institutions Examination Council (FFIEC) developed the Cybersecurity Assessment Tool (Assessment), on behalf of its members, to help institutions identify their risks and determine their cybersecurity maturity.;858573892697;us-east-1;2026-09-19 09:30:34.148196;d3-pc-am-b-6;Identification and authentication are required and managed for access to systems, applications, and hardware.;Cybersecurity Controls (Domain 3);Preventative Controls (PC);;aws;;PASS;AWS policy AWS-SSM-RemediationAutomation-AdministrationRolePolicy is attached but does not allow '*:*' administrative privileges.;arn:aws:iam::aws:policy/AWS-SSM-RemediationAutomation-AdministrationRolePolicy;iam_aws_attached_policy_no_administrative_privileges;False;AWS-SSM-RemediationAutomation-AdministrationRolePolicy;FFIEC;FFIEC Cybersecurity Assessment Tool framework;
aws;In light of the increasing volume and sophistication of cyber threats, the Federal Financial Institutions Examination Council (FFIEC) developed the Cybersecurity Assessment Tool (Assessment), on behalf of its members, to help institutions identify their risks and determine their cybersecurity maturity.;858573892697;us-east-1;2026-09-19 09:30:34.148196;d3-pc-im-b-7;Access to make changes to systems configurations (including virtual machines and hypervisors) is controlled and monitored.;Cybersecurity Controls (Domain 3);Preventative Controls (PC);;aws;;PASS;AWS policy AWS-SSM-RemediationAutomation-AdministrationRolePolicy is attached but does not allow '*:*' administrative privileges.;arn:aws:iam::aws:policy/AWS-SSM-RemediationAutomation-AdministrationRolePolicy;iam_aws_attached_policy_no_administrative_privileges;False;AWS-SSM-RemediationAutomation-AdministrationRolePolicy;FFIEC;FFIEC Cybersecurity Assessment Tool framework;
aws;In light of the increasing volume and sophistication of cyber threats, the Federal Financial Institutions Examination Council (FFIEC) developed the Cybersecurity Assessment Tool (Assessment), on behalf of its members, to help institutions identify their risks and determine their cybersecurity maturity.;858573892697;us-east-1;2026-09-19 09:30:34.148196;d3-pc-am-b-1;Employee access is granted to systems and confidential data based on job responsibilities and the principles of least privilege.;Cybersecurity Controls (Domain 3);Preventative Controls (PC);;aws;;PASS;AWS policy AWS-SSM-RemediationAutomation-ExecutionRolePolicy is attached but does not allow '*:*' administrative privileges.;arn:aws:iam::aws:policy/AWS-SSM-RemediationAutomation-ExecutionRolePolicy;iam_aws_attached_policy_no_administrative_privileges;False;AWS-SSM-RemediationAutomation-ExecutionRolePolicy;FFIEC;FFIEC Cybersecurity Assessment Tool framework;
aws;In light of the increasing volume and sophistication of cyber threats, the Federal Financial Institutions Examination Council (FFIEC) developed the Cybersecurity Assessment Tool (Assessment), on behalf of its members, to help institutions identify their risks and determine their cybersecurity maturity.;858573892697;us-east-1;2026-09-19 09:30:34.148196;d3-pc-am-b-16;Administrative, physical, or technical controls are in place to prevent users without administrative responsibilities from installing unauthorized software.;Cybersecurity Controls (Domain 3);Preventative Controls (PC);;aws;;PASS;AWS policy AWS-SSM-RemediationAutomation-ExecutionRolePolicy is attached but does not allow '*:*' administrative privileges.;arn:aws:iam::aws:policy/AWS-SSM-RemediationAutomation-ExecutionRolePolicy;iam_aws_attached_policy_no_administrative_privileges;False;AWS-SSM-RemediationAutomation-ExecutionRolePolicy;FFIEC;FFIEC Cybersecurity Assessment Tool framework;
aws;In light of the increasing volume and sophistication of cyber threats, the Federal Financial Institutions Examination Council (FFIEC) developed the Cybersecurity Assessment Tool (Assessment), on behalf of its members, to help institutions identify their risks and determine their cybersecurity maturity.;858573892697;us-east-1;2026-09-19 09:30:34.148196;d3-pc-am-b-2;Employee access to systems and confidential data provides for separation of duties.;Cybersecurity Controls (Domain 3);Preventative Controls (PC);;aws;;PASS;AWS policy AWS-SSM-RemediationAutomation-ExecutionRolePolicy is attached but does not allow '*:*' administrative privileges.;arn:aws:iam::aws:policy/AWS-SSM-RemediationAutomation-ExecutionRolePolicy;iam_aws_attached_policy_no_administrative_privileges;False;AWS-SSM-RemediationAutomation-ExecutionRolePolicy;FFIEC;FFIEC Cybersecurity Assessment Tool framework;
aws;In light of the increasing volume and sophistication of cyber threats, the Federal Financial Institutions Examination Council (FFIEC) developed the Cybersecurity Assessment Tool (Assessment), on behalf of its members, to help institutions identify their risks and determine their cybersecurity maturity.;858573892697;us-east-1;2026-09-19 09:30:34.148196;d3-pc-am-b-3;Elevated privileges (e.g., administrator privileges) are limited and tightly controlled (e.g., assigned to individuals, not shared, and require stronger password controls;Cybersecurity Controls (Domain 3);Preventative Controls (PC);;aws;;PASS;AWS policy AWS-SSM-RemediationAutomation-ExecutionRolePolicy is attached but does not allow '*:*' administrative privileges.;arn:aws:iam::aws:policy/AWS-SSM-RemediationAutomation-ExecutionRolePolicy;iam_aws_attached_policy_no_administrative_privileges;False;AWS-SSM-RemediationAutomation-ExecutionRolePolicy;FFIEC;FFIEC Cybersecurity Assessment Tool framework;
aws;In light of the increasing volume and sophistication of cyber threats, the Federal Financial Institutions Examination Council (FFIEC) developed the Cybersecurity Assessment Tool (Assessment), on behalf of its members, to help institutions identify their risks and determine their cybersecurity maturity.;858573892697;us-east-1;2026-09-19 09:30:34.148196;d3-pc-am-b-6;Identification and authentication are required and managed for access to systems, applications, and hardware.;Cybersecurity Controls (Domain 3);Preventative Controls (PC);;aws;;PASS;AWS policy AWS-SSM-RemediationAutomation-ExecutionRolePolicy is attached but does not allow '*:*' administrative privileges.;arn:aws:iam::aws:policy/AWS-SSM-RemediationAutomation-ExecutionRolePolicy;iam_aws_attached_policy_no_administrative_privileges;False;AWS-SSM-RemediationAutomation-ExecutionRolePolicy;FFIEC;FFIEC Cybersecurity Assessment Tool framework;
aws;In light of the increasing volume and sophistication of cyber threats, the Federal Financial Institutions Examination Council (FFIEC) developed the Cybersecurity Assessment Tool (Assessment), on behalf of its members, to help institutions identify their risks and determine their cybersecurity maturity.;858573892697;us-east-1;2026-09-19 09:30:34.148196;d3-pc-im-b-7;Access to make changes to systems configurations (including virtual machines and hypervisors) is controlled and monitored.;Cybersecurity Controls (Domain 3);Preventative Controls (PC);;aws;;PASS;AWS policy AWS-SSM-RemediationAutomation-ExecutionRolePolicy is attached but does not allow '*:*' administrative privileges.;arn:aws:iam::aws:policy/AWS-SSM-RemediationAutomation-ExecutionRolePolicy;iam_aws_attached_policy_no_administrative_privileges;False;AWS-SSM-RemediationAutomation-ExecutionRolePolicy;FFIEC;FFIEC Cybersecurity Assessment Tool framework;
aws;In light of the increasing volume and sophistication of cyber threats, the Federal Financial Institutions Examination Council (FFIEC) developed the Cybersecurity Assessment Tool (Assessment), on behalf of its members, to help institutions identify their risks and determine their cybersecurity maturity.;858573892697;us-east-1;2026-09-19 09:30:34.148196;d3-pc-am-b-1;Employee access is granted to systems and confidential data based on job responsibilities and the principles of least privilege.;Cybersecurity Controls (Domain 3);Preventative Controls (PC);;aws;;PASS;AWS policy AWS-SSM-DiagnosisAutomation-ExecutionRolePolicy is attached but does not allow '*:*' administrative privileges.;arn:aws:iam::aws:policy/AWS-SSM-DiagnosisAutomation-ExecutionRolePolicy;iam_aws_attached_policy_no_administrative_privileges;False;AWS-SSM-DiagnosisAutomation-ExecutionRolePolicy;FFIEC;FFIEC Cybersecurity Assessment Tool framework;
aws;In light of the increasing volume and sophistication of cyber threats, the Federal Financial Institutions Examination Council (FFIEC) developed the Cybersecurity Assessment Tool (Assessment), on behalf of its members, to help institutions identify their risks and determine their cybersecurity maturity.;858573892697;us-east-1;2026-09-19 09:30:34.148196;d3-pc-am-b-16;Administrative, physical, or technical controls are in place to prevent users without administrative responsibilities from installing unauthorized software.;Cybersecurity Controls (Domain 3);Preventative Controls (PC);;aws;;PASS;AWS policy AWS-SSM-DiagnosisAutomation-ExecutionRolePolicy is attached but does not allow '*:*' administrative privileges.;arn:aws:iam::aws:policy/AWS-SSM-DiagnosisAutomation-ExecutionRolePolicy;iam_aws_attached_policy_no_administrative_privileges;False;AWS-SSM-DiagnosisAutomation-ExecutionRolePolicy;FFIEC;FFIEC Cybersecurity Assessment Tool framework;
aws;In light of the increasing volume and sophistication of cyber threats, the Federal Financial Institutions Examination Council (FFIEC) developed the Cybersecurity Assessment Tool (Assessment), on behalf of its members, to help institutions identify their risks and determine their cybersecurity maturity.;858573892697;us-east-1;2026-09-19 09:30:34.148196;d3-pc-am-b-2;Employee access to systems and confidential data provides for separation of duties.;Cybersecurity Controls (Domain 3);Preventative Controls (PC);;aws;;PASS;AWS policy AWS-SSM-DiagnosisAutomation-ExecutionRolePolicy is attached but does not allow '*:*' administrative privileges.;arn:aws:iam::aws:policy/AWS-SSM-DiagnosisAutomation-ExecutionRolePolicy;iam_aws_attached_policy_no_administrative_privileges;False;AWS-SSM-DiagnosisAutomation-ExecutionRolePolicy;FFIEC;FFIEC Cybersecurity Assessment Tool framework;
aws;In light of the increasing volume and sophistication of cyber threats, the Federal Financial Institutions Examination Council (FFIEC) developed the Cybersecurity Assessment Tool (Assessment), on behalf of its members, to help institutions identify their risks and determine their cybersecurity maturity.;858573892697;us-east-1;2026-09-19 09:30:34.148196;d3-pc-am-b-3;Elevated privileges (e.g., administrator privileges) are limited and tightly controlled (e.g., assigned to individuals, not shared, and require stronger password controls;Cybersecurity Controls (Domain 3);Preventative Controls (PC);;aws;;PASS;AWS policy AWS-SSM-DiagnosisAutomation-ExecutionRolePolicy is attached but does not allow '*:*' administrative privileges.;arn:aws:iam::aws:policy/AWS-SSM-DiagnosisAutomation-ExecutionRolePolicy;iam_aws_attached_policy_no_administrative_privileges;False;AWS-SSM-DiagnosisAutomation-ExecutionRolePolicy;FFIEC;FFIEC Cybersecurity Assessment Tool framework;
aws;In light of the increasing volume and sophistication of cyber threats, the Federal Financial Institutions Examination Council (FFIEC) developed the Cybersecurity Assessment Tool (Assessment), on behalf of its members, to help institutions identify their risks and determine their cybersecurity maturity.;858573892697;us-east-1;2026-09-19 09:30:34.148196;d3-pc-am-b-6;Identification and authentication are required and managed for access to systems, applications, and hardware.;Cybersecurity Controls (Domain 3);Preventative Controls (PC);;aws;;PASS;AWS policy AWS-SSM-DiagnosisAutomation-ExecutionRolePolicy is attached but does not allow '*:*' administrative privileges.;arn:aws:iam::aws:policy/AWS-SSM-DiagnosisAutomation-ExecutionRolePolicy;iam_aws_attached_policy_no_administrative_privileges;False;AWS-SSM-DiagnosisAutomation-ExecutionRolePolicy;FFIEC;FFIEC Cybersecurity Assessment Tool framework;
aws;In light of the increasing volume and sophistication of cyber threats, the Federal Financial Institutions Examination Council (FFIEC) developed the Cybersecurity Assessment Tool (Assessment), on behalf of its members, to help institutions identify their risks and determine their cybersecurity maturity.;858573892697;us-east-1;2026-09-19 09:30:34.148196;d3-pc-im-b-7;Access to make changes to systems configurations (including virtual machines and hypervisors) is controlled and monitored.;Cybersecurity Controls (Domain 3);Preventative Controls (PC);;aws;;PASS;AWS policy AWS-SSM-DiagnosisAutomation-ExecutionRolePolicy is attached but does not allow '*:*' administrative privileges.;arn:aws:iam::aws:policy/AWS-SSM-DiagnosisAutomation-ExecutionRolePolicy;iam_aws_attached_policy_no_administrative_privileges;False;AWS-SSM-DiagnosisAutomation-ExecutionRolePolicy;FFIEC;FFIEC Cybersecurity Assessment Tool framework;
aws;In light of the increasing volume and sophistication of cyber threats, the Federal Financial Institutions Examination Council (FFIEC) developed the Cybersecurity Assessment Tool (Assessment), on behalf of its members, to help institutions identify their risks and determine their cybersecurity maturity.;858573892697;us-east-1;2026-09-19 09:30:34.148196;d3-pc-am-b-1;Employee access is granted to systems and confidential data based on job responsibilities and the principles of least privilege.;Cybersecurity Controls (Domain 3);Preventative Controls (PC);;aws;;PASS;AWS policy AWSSystemsManagerEnableExplorerExecutionPolicy is attached but does not allow '*:*' administrative privileges.;arn:aws:iam::aws:policy/AWSSystemsManagerEnableExplorerExecutionPolicy;iam_aws_attached_policy_no_administrative_privileges;False;AWSSystemsManagerEnableExplorerExecutionPolicy;FFIEC;FFIEC Cybersecurity Assessment Tool framework;
aws;In light of the increasing volume and sophistication of cyber threats, the Federal Financial Institutions Examination Council (FFIEC) developed the Cybersecurity Assessment Tool (Assessment), on behalf of its members, to help institutions identify their risks and determine their cybersecurity maturity.;858573892697;us-east-1;2026-09-19 09:30:34.148196;d3-pc-am-b-16;Administrative, physical, or technical controls are in place to prevent users without administrative responsibilities from installing unauthorized software.;Cybersecurity Controls (Domain 3);Preventative Controls (PC);;aws;;PASS;AWS policy AWSSystemsManagerEnableExplorerExecutionPolicy is attached but does not allow '*:*' administrative privileges.;arn:aws:iam::aws:policy/AWSSystemsManagerEnableExplorerExecutionPolicy;iam_aws_attached_policy_no_administrative_privileges;False;AWSSystemsManagerEnableExplorerExecutionPolicy;FFIEC;FFIEC Cybersecurity Assessment Tool framework;
aws;In light of the increasing volume and sophistication of cyber threats, the Federal Financial Institutions Examination Council (FFIEC) developed the Cybersecurity Assessment Tool (Assessment), on behalf of its members, to help institutions identify their risks and determine their cybersecurity maturity.;858573892697;us-east-1;2026-09-19 09:30:34.148196;d3-pc-am-b-2;Employee access to systems and confidential data provides for separation of duties.;Cybersecurity Controls (Domain 3);Preventative Controls (PC);;aws;;PASS;AWS policy AWSSystemsManagerEnableExplorerExecutionPolicy is attached but does not allow '*:*' administrative privileges.;arn:aws:iam::aws:policy/AWSSystemsManagerEnableExplorerExecutionPolicy;iam_aws_attached_policy_no_administrative_privileges;False;AWSSystemsManagerEnableExplorerExecutionPolicy;FFIEC;FFIEC Cybersecurity Assessment Tool framework;
aws;In light of the increasing volume and sophistication of cyber threats, the Federal Financial Institutions Examination Council (FFIEC) developed the Cybersecurity Assessment Tool (Assessment), on behalf of its members, to help institutions identify their risks and determine their cybersecurity maturity.;858573892697;us-east-1;2026-09-19 09:30:34.148196;d3-pc-am-b-3;Elevated privileges (e.g., administrator privileges) are limited and tightly controlled (e.g., assigned to individuals, not shared, and require stronger password controls;Cybersecurity Controls (Domain 3);Preventative Controls (PC);;aws;;PASS;AWS policy AWSSystemsManagerEnableExplorerExecutionPolicy is attached but does not allow '*:*' administrative privileges.;arn:aws:iam::aws:policy/AWSSystemsManagerEnableExplorerExecutionPolicy;iam_aws_attached_policy_no_administrative_privileges;False;AWSSystemsManagerEnableExplorerExecutionPolicy;FFIEC;FFIEC Cybersecurity Assessment Tool framework;
aws;In light of the increasing volume and sophistication of cyber threats, the Federal Financial Institutions Examination Council (FFIEC) developed the Cybersecurity Assessment Tool (Assessment), on behalf of its members, to help institutions identify their risks and determine their cybersecurity maturity.;858573892697;us-east-1;2026-09-19 09:30:34.148196;d3-pc-am-b-6;Identification and authentication are required and managed for access to systems, applications, and hardware.;Cybersecurity Controls (Domain 3);Preventative Controls (PC);;aws;;PASS;AWS policy AWSSystemsManagerEnableExplorerExecutionPolicy is attached but does not allow '*:*' administrative privileges.;arn:aws:iam::aws:policy/AWSSystemsManagerEnableExplorerExecutionPolicy;iam_aws_attached_policy_no_administrative_privileges;False;AWSSystemsManagerEnableExplorerExecutionPolicy;FFIEC;FFIEC Cybersecurity Assessment Tool framework;
aws;In light of the increasing volume and sophistication of cyber threats, the Federal Financial Institutions Examination Council (FFIEC) developed the Cybersecurity Assessment Tool (Assessment), on behalf of its members, to help institutions identify their risks and determine their cybersecurity maturity.;858573892697;us-east-1;2026-09-19 09:30:34.148196;d3-pc-im-b-7;Access to make changes to systems configurations (including virtual machines and hypervisors) is controlled and monitored.;Cybersecurity Controls (Domain 3);Preventative Controls (PC);;aws;;PASS;AWS policy AWSSystemsManagerEnableExplorerExecutionPolicy is attached but does not allow '*:*' administrative privileges.;arn:aws:iam::aws:policy/AWSSystemsManagerEnableExplorerExecutionPolicy;iam_aws_attached_policy_no_administrative_privileges;False;AWSSystemsManagerEnableExplorerExecutionPolicy;FFIEC;FFIEC Cybersecurity Assessment Tool framework;
aws;In light of the increasing volume and sophistication of cyber threats, the Federal Financial Institutions Examination Council (FFIEC) developed the Cybersecurity Assessment Tool (Assessment), on behalf of its members, to help institutions identify their risks and determine their cybersecurity maturity.;858573892697;us-east-1;2026-09-19 09:30:34.148196;d3-pc-am-b-1;Employee access is granted to systems and confidential data based on job responsibilities and the principles of least privilege.;Cybersecurity Controls (Domain 3);Preventative Controls (PC);;aws;;PASS;AWS policy AWSServiceRoleForAIDevOpsPolicy is attached but does not allow '*:*' administrative privileges.;arn:aws:iam::aws:policy/aws-service-role/AWSServiceRoleForAIDevOpsPolicy;iam_aws_attached_policy_no_administrative_privileges;False;AWSServiceRoleForAIDevOpsPolicy;FFIEC;FFIEC Cybersecurity Assessment Tool framework;
aws;In light of the increasing volume and sophistication of cyber threats, the Federal Financial Institutions Examination Council (FFIEC) developed the Cybersecurity Assessment Tool (Assessment), on behalf of its members, to help institutions identify their risks and determine their cybersecurity maturity.;858573892697;us-east-1;2026-09-19 09:30:34.148196;d3-pc-am-b-16;Administrative, physical, or technical controls are in place to prevent users without administrative responsibilities from installing unauthorized software.;Cybersecurity Controls (Domain 3);Preventative Controls (PC);;aws;;PASS;AWS policy AWSServiceRoleForAIDevOpsPolicy is attached but does not allow '*:*' administrative privileges.;arn:aws:iam::aws:policy/aws-service-role/AWSServiceRoleForAIDevOpsPolicy;iam_aws_attached_policy_no_administrative_privileges;False;AWSServiceRoleForAIDevOpsPolicy;FFIEC;FFIEC Cybersecurity Assessment Tool framework;
aws;In light of the increasing volume and sophistication of cyber threats, the Federal Financial Institutions Examination Council (FFIEC) developed the Cybersecurity Assessment Tool (Assessment), on behalf of its members, to help institutions identify their risks and determine their cybersecurity maturity.;858573892697;us-east-1;2026-09-19 09:30:34.148196;d3-pc-am-b-2;Employee access to systems and confidential data provides for separation of duties.;Cybersecurity Controls (Domain 3);Preventative Controls (PC);;aws;;PASS;AWS policy AWSServiceRoleForAIDevOpsPolicy is attached but does not allow '*:*' administrative privileges.;arn:aws:iam::aws:policy/aws-service-role/AWSServiceRoleForAIDevOpsPolicy;iam_aws_attached_policy_no_administrative_privileges;False;AWSServiceRoleForAIDevOpsPolicy;FFIEC;FFIEC Cybersecurity Assessment Tool framework;
aws;In light of the increasing volume and sophistication of cyber threats, the Federal Financial Institutions Examination Council (FFIEC) developed the Cybersecurity Assessment Tool (Assessment), on behalf of its members, to help institutions identify their risks and determine their cybersecurity maturity.;858573892697;us-east-1;2026-09-19 09:30:34.148196;d3-pc-am-b-3;Elevated privileges (e.g., administrator privileges) are limited and tightly controlled (e.g., assigned to individuals, not shared, and require stronger password controls;Cybersecurity Controls (Domain 3);Preventative Controls (PC);;aws;;PASS;AWS policy AWSServiceRoleForAIDevOpsPolicy is attached but does not allow '*:*' administrative privileges.;arn:aws:iam::aws:policy/aws-service-role/AWSServiceRoleForAIDevOpsPolicy;iam_aws_attached_policy_no_administrative_privileges;False;AWSServiceRoleForAIDevOpsPolicy;FFIEC;FFIEC Cybersecurity Assessment Tool framework;
aws;In light of the increasing volume and sophistication of cyber threats, the Federal Financial Institutions Examination Council (FFIEC) developed the Cybersecurity Assessment Tool (Assessment), on behalf of its members, to help institutions identify their risks and determine their cybersecurity maturity.;858573892697;us-east-1;2026-09-19 09:30:34.148196;d3-pc-am-b-6;Identification and authentication are required and managed for access to systems, applications, and hardware.;Cybersecurity Controls (Domain 3);Preventative Controls (PC);;aws;;PASS;AWS policy AWSServiceRoleForAIDevOpsPolicy is attached but does not allow '*:*' administrative privileges.;arn:aws:iam::aws:policy/aws-service-role/AWSServiceRoleForAIDevOpsPolicy;iam_aws_attached_policy_no_administrative_privileges;False;AWSServiceRoleForAIDevOpsPolicy;FFIEC;FFIEC Cybersecurity Assessment Tool framework;
aws;In light of the increasing volume and sophistication of cyber threats, the Federal Financial Institutions Examination Council (FFIEC) developed the Cybersecurity Assessment Tool (Assessment), on behalf of its members, to help institutions identify their risks and determine their cybersecurity maturity.;858573892697;us-east-1;2026-09-19 09:30:34.148196;d3-pc-im-b-7;Access to make changes to systems configurations (including virtual machines and hypervisors) is controlled and monitored.;Cybersecurity Controls (Domain 3);Preventative Controls (PC);;aws;;PASS;AWS policy AWSServiceRoleForAIDevOpsPolicy is attached but does not allow '*:*' administrative privileges.;arn:aws:iam::aws:policy/aws-service-role/AWSServiceRoleForAIDevOpsPolicy;iam_aws_attached_policy_no_administrative_privileges;False;AWSServiceRoleForAIDevOpsPolicy;FFIEC;FFIEC Cybersecurity Assessment Tool framework;
aws;In light of the increasing volume and sophistication of cyber threats, the Federal Financial Institutions Examination Council (FFIEC) developed the Cybersecurity Assessment Tool (Assessment), on behalf of its members, to help institutions identify their risks and determine their cybersecurity maturity.;858573892697;us-east-1;2026-09-19 09:30:34.148196;d3-pc-am-b-1;Employee access is granted to systems and confidential data based on job responsibilities and the principles of least privilege.;Cybersecurity Controls (Domain 3);Preventative Controls (PC);;aws;;PASS;AWS policy AdministratorAccess-Amplify is attached but does not allow '*:*' administrative privileges.;arn:aws:iam::aws:policy/AdministratorAccess-Amplify;iam_aws_attached_policy_no_administrative_privileges;False;AdministratorAccess-Amplify;FFIEC;FFIEC Cybersecurity Assessment Tool framework;
aws;In light of the increasing volume and sophistication of cyber threats, the Federal Financial Institutions Examination Council (FFIEC) developed the Cybersecurity Assessment Tool (Assessment), on behalf of its members, to help institutions identify their risks and determine their cybersecurity maturity.;858573892697;us-east-1;2026-09-19 09:30:34.148196;d3-pc-am-b-16;Administrative, physical, or technical controls are in place to prevent users without administrative responsibilities from installing unauthorized software.;Cybersecurity Controls (Domain 3);Preventative Controls (PC);;aws;;PASS;AWS policy AdministratorAccess-Amplify is attached but does not allow '*:*' administrative privileges.;arn:aws:iam::aws:policy/AdministratorAccess-Amplify;iam_aws_attached_policy_no_administrative_privileges;False;AdministratorAccess-Amplify;FFIEC;FFIEC Cybersecurity Assessment Tool framework;
aws;In light of the increasing volume and sophistication of cyber threats, the Federal Financial Institutions Examination Council (FFIEC) developed the Cybersecurity Assessment Tool (Assessment), on behalf of its members, to help institutions identify their risks and determine their cybersecurity maturity.;858573892697;us-east-1;2026-09-19 09:30:34.148196;d3-pc-am-b-2;Employee access to systems and confidential data provides for separation of duties.;Cybersecurity Controls (Domain 3);Preventative Controls (PC);;aws;;PASS;AWS policy AdministratorAccess-Amplify is attached but does not allow '*:*' administrative privileges.;arn:aws:iam::aws:policy/AdministratorAccess-Amplify;iam_aws_attached_policy_no_administrative_privileges;False;AdministratorAccess-Amplify;FFIEC;FFIEC Cybersecurity Assessment Tool framework;
aws;In light of the increasing volume and sophistication of cyber threats, the Federal Financial Institutions Examination Council (FFIEC) developed the Cybersecurity Assessment Tool (Assessment), on behalf of its members, to help institutions identify their risks and determine their cybersecurity maturity.;858573892697;us-east-1;2026-09-19 09:30:34.148196;d3-pc-am-b-3;Elevated privileges (e.g., administrator privileges) are limited and tightly controlled (e.g., assigned to individuals, not shared, and require stronger password controls;Cybersecurity Controls (Domain 3);Preventative Controls (PC);;aws;;PASS;AWS policy AdministratorAccess-Amplify is attached but does not allow '*:*' administrative privileges.;arn:aws:iam::aws:policy/AdministratorAccess-Amplify;iam_aws_attached_policy_no_administrative_privileges;False;AdministratorAccess-Amplify;FFIEC;FFIEC Cybersecurity Assessment Tool framework;
aws;In light of the increasing volume and sophistication of cyber threats, the Federal Financial Institutions Examination Council (FFIEC) developed the Cybersecurity Assessment Tool (Assessment), on behalf of its members, to help institutions identify their risks and determine their cybersecurity maturity.;858573892697;us-east-1;2026-09-19 09:30:34.148196;d3-pc-am-b-6;Identification and authentication are required and managed for access to systems, applications, and hardware.;Cybersecurity Controls (Domain 3);Preventative Controls (PC);;aws;;PASS;AWS policy AdministratorAccess-Amplify is attached but does not allow '*:*' administrative privileges.;arn:aws:iam::aws:policy/AdministratorAccess-Amplify;iam_aws_attached_policy_no_administrative_privileges;False;AdministratorAccess-Amplify;FFIEC;FFIEC Cybersecurity Assessment Tool framework;
aws;In light of the increasing volume and sophistication of cyber threats, the Federal Financial Institutions Examination Council (FFIEC) developed the Cybersecurity Assessment Tool (Assessment), on behalf of its members, to help institutions identify their risks and determine their cybersecurity maturity.;858573892697;us-east-1;2026-09-19 09:30:34.148196;d3-pc-im-b-7;Access to make changes to systems configurations (including virtual machines and hypervisors) is controlled and monitored.;Cybersecurity Controls (Domain 3);Preventative Controls (PC);;aws;;PASS;AWS policy AdministratorAccess-Amplify is attached but does not allow '*:*' administrative privileges.;arn:aws:iam::aws:policy/AdministratorAccess-Amplify;iam_aws_attached_policy_no_administrative_privileges;False;AdministratorAccess-Amplify;FFIEC;FFIEC Cybersecurity Assessment Tool framework;
aws;In light of the increasing volume and sophistication of cyber threats, the Federal Financial Institutions Examination Council (FFIEC) developed the Cybersecurity Assessment Tool (Assessment), on behalf of its members, to help institutions identify their risks and determine their cybersecurity maturity.;858573892697;us-east-1;2026-09-19 09:30:34.148196;d3-pc-am-b-1;Employee access is granted to systems and confidential data based on job responsibilities and the principles of least privilege.;Cybersecurity Controls (Domain 3);Preventative Controls (PC);;aws;;PASS;AWS policy AIDevOpsAgentAccessPolicy is attached but does not allow '*:*' administrative privileges.;arn:aws:iam::aws:policy/AIDevOpsAgentAccessPolicy;iam_aws_attached_policy_no_administrative_privileges;False;AIDevOpsAgentAccessPolicy;FFIEC;FFIEC Cybersecurity Assessment Tool framework;
aws;In light of the increasing volume and sophistication of cyber threats, the Federal Financial Institutions Examination Council (FFIEC) developed the Cybersecurity Assessment Tool (Assessment), on behalf of its members, to help institutions identify their risks and determine their cybersecurity maturity.;858573892697;us-east-1;2026-09-19 09:30:34.148196;d3-pc-am-b-16;Administrative, physical, or technical controls are in place to prevent users without administrative responsibilities from installing unauthorized software.;Cybersecurity Controls (Domain 3);Preventative Controls (PC);;aws;;PASS;AWS policy AIDevOpsAgentAccessPolicy is attached but does not allow '*:*' administrative privileges.;arn:aws:iam::aws:policy/AIDevOpsAgentAccessPolicy;iam_aws_attached_policy_no_administrative_privileges;False;AIDevOpsAgentAccessPolicy;FFIEC;FFIEC Cybersecurity Assessment Tool framework;
aws;In light of the increasing volume and sophistication of cyber threats, the Federal Financial Institutions Examination Council (FFIEC) developed the Cybersecurity Assessment Tool (Assessment), on behalf of its members, to help institutions identify their risks and determine their cybersecurity maturity.;858573892697;us-east-1;2026-09-19 09:30:34.148196;d3-pc-am-b-2;Employee access to systems and confidential data provides for separation of duties.;Cybersecurity Controls (Domain 3);Preventative Controls (PC);;aws;;PASS;AWS policy AIDevOpsAgentAccessPolicy is attached but does not allow '*:*' administrative privileges.;arn:aws:iam::aws:policy/AIDevOpsAgentAccessPolicy;iam_aws_attached_policy_no_administrative_privileges;False;AIDevOpsAgentAccessPolicy;FFIEC;FFIEC Cybersecurity Assessment Tool framework;
aws;In light of the increasing volume and sophistication of cyber threats, the Federal Financial Institutions Examination Council (FFIEC) developed the Cybersecurity Assessment Tool (Assessment), on behalf of its members, to help institutions identify their risks and determine their cybersecurity maturity.;858573892697;us-east-1;2026-09-19 09:30:34.148196;d3-pc-am-b-3;Elevated privileges (e.g., administrator privileges) are limited and tightly controlled (e.g., assigned to individuals, not shared, and require stronger password controls;Cybersecurity Controls (Domain 3);Preventative Controls (PC);;aws;;PASS;AWS policy AIDevOpsAgentAccessPolicy is attached but does not allow '*:*' administrative privileges.;arn:aws:iam::aws:policy/AIDevOpsAgentAccessPolicy;iam_aws_attached_policy_no_administrative_privileges;False;AIDevOpsAgentAccessPolicy;FFIEC;FFIEC Cybersecurity Assessment Tool framework;
aws;In light of the increasing volume and sophistication of cyber threats, the Federal Financial Institutions Examination Council (FFIEC) developed the Cybersecurity Assessment Tool (Assessment), on behalf of its members, to help institutions identify their risks and determine their cybersecurity maturity.;858573892697;us-east-1;2026-09-19 09:30:34.148196;d3-pc-am-b-6;Identification and authentication are required and managed for access to systems, applications, and hardware.;Cybersecurity Controls (Domain 3);Preventative Controls (PC);;aws;;PASS;AWS policy AIDevOpsAgentAccessPolicy is attached but does not allow '*:*' administrative privileges.;arn:aws:iam::aws:policy/AIDevOpsAgentAccessPolicy;iam_aws_attached_policy_no_administrative_privileges;False;AIDevOpsAgentAccessPolicy;FFIEC;FFIEC Cybersecurity Assessment Tool framework;
aws;In light of the increasing volume and sophistication of cyber threats, the Federal Financial Institutions Examination Council (FFIEC) developed the Cybersecurity Assessment Tool (Assessment), on behalf of its members, to help institutions identify their risks and determine their cybersecurity maturity.;858573892697;us-east-1;2026-09-19 09:30:34.148196;d3-pc-im-b-7;Access to make changes to systems configurations (including virtual machines and hypervisors) is controlled and monitored.;Cybersecurity Controls (Domain 3);Preventative Controls (PC);;aws;;PASS;AWS policy AIDevOpsAgentAccessPolicy is attached but does not allow '*:*' administrative privileges.;arn:aws:iam::aws:policy/AIDevOpsAgentAccessPolicy;iam_aws_attached_policy_no_administrative_privileges;False;AIDevOpsAgentAccessPolicy;FFIEC;FFIEC Cybersecurity Assessment Tool framework;
aws;In light of the increasing volume and sophistication of cyber threats, the Federal Financial Institutions Examination Council (FFIEC) developed the Cybersecurity Assessment Tool (Assessment), on behalf of its members, to help institutions identify their risks and determine their cybersecurity maturity.;858573892697;us-east-1;2026-09-19 09:30:34.148196;d3-pc-am-b-1;Employee access is granted to systems and confidential data based on job responsibilities and the principles of least privilege.;Cybersecurity Controls (Domain 3);Preventative Controls (PC);;aws;;PASS;AWS policy CostOptimizationHubServiceRolePolicy is attached but does not allow '*:*' administrative privileges.;arn:aws:iam::aws:policy/aws-service-role/CostOptimizationHubServiceRolePolicy;iam_aws_attached_policy_no_administrative_privileges;False;CostOptimizationHubServiceRolePolicy;FFIEC;FFIEC Cybersecurity Assessment Tool framework;
aws;In light of the increasing volume and sophistication of cyber threats, the Federal Financial Institutions Examination Council (FFIEC) developed the Cybersecurity Assessment Tool (Assessment), on behalf of its members, to help institutions identify their risks and determine their cybersecurity maturity.;858573892697;us-east-1;2026-09-19 09:30:34.148196;d3-pc-am-b-16;Administrative, physical, or technical controls are in place to prevent users without administrative responsibilities from installing unauthorized software.;Cybersecurity Controls (Domain 3);Preventative Controls (PC);;aws;;PASS;AWS policy CostOptimizationHubServiceRolePolicy is attached but does not allow '*:*' administrative privileges.;arn:aws:iam::aws:policy/aws-service-role/CostOptimizationHubServiceRolePolicy;iam_aws_attached_policy_no_administrative_privileges;False;CostOptimizationHubServiceRolePolicy;FFIEC;FFIEC Cybersecurity Assessment Tool framework;
aws;In light of the increasing volume and sophistication of cyber threats, the Federal Financial Institutions Examination Council (FFIEC) developed the Cybersecurity Assessment Tool (Assessment), on behalf of its members, to help institutions identify their risks and determine their cybersecurity maturity.;858573892697;us-east-1;2026-09-19 09:30:34.148196;d3-pc-am-b-2;Employee access to systems and confidential data provides for separation of duties.;Cybersecurity Controls (Domain 3);Preventative Controls (PC);;aws;;PASS;AWS policy CostOptimizationHubServiceRolePolicy is attached but does not allow '*:*' administrative privileges.;arn:aws:iam::aws:policy/aws-service-role/CostOptimizationHubServiceRolePolicy;iam_aws_attached_policy_no_administrative_privileges;False;CostOptimizationHubServiceRolePolicy;FFIEC;FFIEC Cybersecurity Assessment Tool framework;
aws;In light of the increasing volume and sophistication of cyber threats, the Federal Financial Institutions Examination Council (FFIEC) developed the Cybersecurity Assessment Tool (Assessment), on behalf of its members, to help institutions identify their risks and determine their cybersecurity maturity.;858573892697;us-east-1;2026-09-19 09:30:34.148196;d3-pc-am-b-3;Elevated privileges (e.g., administrator privileges) are limited and tightly controlled (e.g., assigned to individuals, not shared, and require stronger password controls;Cybersecurity Controls (Domain 3);Preventative Controls (PC);;aws;;PASS;AWS policy CostOptimizationHubServiceRolePolicy is attached but does not allow '*:*' administrative privileges.;arn:aws:iam::aws:policy/aws-service-role/CostOptimizationHubServiceRolePolicy;iam_aws_attached_policy_no_administrative_privileges;False;CostOptimizationHubServiceRolePolicy;FFIEC;FFIEC Cybersecurity Assessment Tool framework;
aws;In light of the increasing volume and sophistication of cyber threats, the Federal Financial Institutions Examination Council (FFIEC) developed the Cybersecurity Assessment Tool (Assessment), on behalf of its members, to help institutions identify their risks and determine their cybersecurity maturity.;858573892697;us-east-1;2026-09-19 09:30:34.148196;d3-pc-am-b-6;Identification and authentication are required and managed for access to systems, applications, and hardware.;Cybersecurity Controls (Domain 3);Preventative Controls (PC);;aws;;PASS;AWS policy CostOptimizationHubServiceRolePolicy is attached but does not allow '*:*' administrative privileges.;arn:aws:iam::aws:policy/aws-service-role/CostOptimizationHubServiceRolePolicy;iam_aws_attached_policy_no_administrative_privileges;False;CostOptimizationHubServiceRolePolicy;FFIEC;FFIEC Cybersecurity Assessment Tool framework;
aws;In light of the increasing volume and sophistication of cyber threats, the Federal Financial Institutions Examination Council (FFIEC) developed the Cybersecurity Assessment Tool (Assessment), on behalf of its members, to help institutions identify their risks and determine their cybersecurity maturity.;858573892697;us-east-1;2026-09-19 09:30:34.148196;d3-pc-im-b-7;Access to make changes to systems configurations (including virtual machines and hypervisors) is controlled and monitored.;Cybersecurity Controls (Domain 3);Preventative Controls (PC);;aws;;PASS;AWS policy CostOptimizationHubServiceRolePolicy is attached but does not allow '*:*' administrative privileges.;arn:aws:iam::aws:policy/aws-service-role/CostOptimizationHubServiceRolePolicy;iam_aws_attached_policy_no_administrative_privileges;False;CostOptimizationHubServiceRolePolicy;FFIEC;FFIEC Cybersecurity Assessment Tool framework;
aws;In light of the increasing volume and sophistication of cyber threats, the Federal Financial Institutions Examination Council (FFIEC) developed the Cybersecurity Assessment Tool (Assessment), on behalf of its members, to help institutions identify their risks and determine their cybersecurity maturity.;858573892697;us-east-1;2026-09-19 09:30:34.148196;d3-pc-am-b-1;Employee access is granted to systems and confidential data based on job responsibilities and the principles of least privilege.;Cybersecurity Controls (Domain 3);Preventative Controls (PC);;aws;;PASS;AWS policy SSMQuickSetupRolePolicy is attached but does not allow '*:*' administrative privileges.;arn:aws:iam::aws:policy/aws-service-role/SSMQuickSetupRolePolicy;iam_aws_attached_policy_no_administrative_privileges;False;SSMQuickSetupRolePolicy;FFIEC;FFIEC Cybersecurity Assessment Tool framework;
aws;In light of the increasing volume and sophistication of cyber threats, the Federal Financial Institutions Examination Council (FFIEC) developed the Cybersecurity Assessment Tool (Assessment), on behalf of its members, to help institutions identify their risks and determine their cybersecurity maturity.;858573892697;us-east-1;2026-09-19 09:30:34.148196;d3-pc-am-b-16;Administrative, physical, or technical controls are in place to prevent users without administrative responsibilities from installing unauthorized software.;Cybersecurity Controls (Domain 3);Preventative Controls (PC);;aws;;PASS;AWS policy SSMQuickSetupRolePolicy is attached but does not allow '*:*' administrative privileges.;arn:aws:iam::aws:policy/aws-service-role/SSMQuickSetupRolePolicy;iam_aws_attached_policy_no_administrative_privileges;False;SSMQuickSetupRolePolicy;FFIEC;FFIEC Cybersecurity Assessment Tool framework;
aws;In light of the increasing volume and sophistication of cyber threats, the Federal Financial Institutions Examination Council (FFIEC) developed the Cybersecurity Assessment Tool (Assessment), on behalf of its members, to help institutions identify their risks and determine their cybersecurity maturity.;858573892697;us-east-1;2026-09-19 09:30:34.148196;d3-pc-am-b-2;Employee access to systems and confidential data provides for separation of duties.;Cybersecurity Controls (Domain 3);Preventative Controls (PC);;aws;;PASS;AWS policy SSMQuickSetupRolePolicy is attached but does not allow '*:*' administrative privileges.;arn:aws:iam::aws:policy/aws-service-role/SSMQuickSetupRolePolicy;iam_aws_attached_policy_no_administrative_privileges;False;SSMQuickSetupRolePolicy;FFIEC;FFIEC Cybersecurity Assessment Tool framework;
aws;In light of the increasing volume and sophistication of cyber threats, the Federal Financial Institutions Examination Council (FFIEC) developed the Cybersecurity Assessment Tool (Assessment), on behalf of its members, to help institutions identify their risks and determine their cybersecurity maturity.;858573892697;us-east-1;2026-09-19 09:30:34.148196;d3-pc-am-b-3;Elevated privileges (e.g., administrator privileges) are limited and tightly controlled (e.g., assigned to individuals, not shared, and require stronger password controls;Cybersecurity Controls (Domain 3);Preventative Controls (PC);;aws;;PASS;AWS policy SSMQuickSetupRolePolicy is attached but does not allow '*:*' administrative privileges.;arn:aws:iam::aws:policy/aws-service-role/SSMQuickSetupRolePolicy;iam_aws_attached_policy_no_administrative_privileges;False;SSMQuickSetupRolePolicy;FFIEC;FFIEC Cybersecurity Assessment Tool framework;
aws;In light of the increasing volume and sophistication of cyber threats, the Federal Financial Institutions Examination Council (FFIEC) developed the Cybersecurity Assessment Tool (Assessment), on behalf of its members, to help institutions identify their risks and determine their cybersecurity maturity.;858573892697;us-east-1;2026-09-19 09:30:34.148196;d3-pc-am-b-6;Identification and authentication are required and managed for access to systems, applications, and hardware.;Cybersecurity Controls (Domain 3);Preventative Controls (PC);;aws;;PASS;AWS policy SSMQuickSetupRolePolicy is attached but does not allow '*:*' administrative privileges.;arn:aws:iam::aws:policy/aws-service-role/SSMQuickSetupRolePolicy;iam_aws_attached_policy_no_administrative_privileges;False;SSMQuickSetupRolePolicy;FFIEC;FFIEC Cybersecurity Assessment Tool framework;
aws;In light of the increasing volume and sophistication of cyber threats, the Federal Financial Institutions Examination Council (FFIEC) developed the Cybersecurity Assessment Tool (Assessment), on behalf of its members, to help institutions identify their risks and determine their cybersecurity maturity.;858573892697;us-east-1;2026-09-19 09:30:34.148196;d3-pc-im-b-7;Access to make changes to systems configurations (including virtual machines and hypervisors) is controlled and monitored.;Cybersecurity Controls (Domain 3);Preventative Controls (PC);;aws;;PASS;AWS policy SSMQuickSetupRolePolicy is attached but does not allow '*:*' administrative privileges.;arn:aws:iam::aws:policy/aws-service-role/SSMQuickSetupRolePolicy;iam_aws_attached_policy_no_administrative_privileges;False;SSMQuickSetupRolePolicy;FFIEC;FFIEC Cybersecurity Assessment Tool framework;
aws;In light of the increasing volume and sophistication of cyber threats, the Federal Financial Institutions Examination Council (FFIEC) developed the Cybersecurity Assessment Tool (Assessment), on behalf of its members, to help institutions identify their risks and determine their cybersecurity maturity.;858573892697;us-east-1;2026-09-19 09:30:34.148196;d3-pc-am-b-1;Employee access is granted to systems and confidential data based on job responsibilities and the principles of least privilege.;Cybersecurity Controls (Domain 3);Preventative Controls (PC);;aws;;PASS;AWS policy AWSQuickSetupSSMDeploymentRolePolicy is attached but does not allow '*:*' administrative privileges.;arn:aws:iam::aws:policy/AWSQuickSetupSSMDeploymentRolePolicy;iam_aws_attached_policy_no_administrative_privileges;False;AWSQuickSetupSSMDeploymentRolePolicy;FFIEC;FFIEC Cybersecurity Assessment Tool framework;
aws;In light of the increasing volume and sophistication of cyber threats, the Federal Financial Institutions Examination Council (FFIEC) developed the Cybersecurity Assessment Tool (Assessment), on behalf of its members, to help institutions identify their risks and determine their cybersecurity maturity.;858573892697;us-east-1;2026-09-19 09:30:34.148196;d3-pc-am-b-16;Administrative, physical, or technical controls are in place to prevent users without administrative responsibilities from installing unauthorized software.;Cybersecurity Controls (Domain 3);Preventative Controls (PC);;aws;;PASS;AWS policy AWSQuickSetupSSMDeploymentRolePolicy is attached but does not allow '*:*' administrative privileges.;arn:aws:iam::aws:policy/AWSQuickSetupSSMDeploymentRolePolicy;iam_aws_attached_policy_no_administrative_privileges;False;AWSQuickSetupSSMDeploymentRolePolicy;FFIEC;FFIEC Cybersecurity Assessment Tool framework;
aws;In light of the increasing volume and sophistication of cyber threats, the Federal Financial Institutions Examination Council (FFIEC) developed the Cybersecurity Assessment Tool (Assessment), on behalf of its members, to help institutions identify their risks and determine their cybersecurity maturity.;858573892697;us-east-1;2026-09-19 09:30:34.148196;d3-pc-am-b-2;Employee access to systems and confidential data provides for separation of duties.;Cybersecurity Controls (Domain 3);Preventative Controls (PC);;aws;;PASS;AWS policy AWSQuickSetupSSMDeploymentRolePolicy is attached but does not allow '*:*' administrative privileges.;arn:aws:iam::aws:policy/AWSQuickSetupSSMDeploymentRolePolicy;iam_aws_attached_policy_no_administrative_privileges;False;AWSQuickSetupSSMDeploymentRolePolicy;FFIEC;FFIEC Cybersecurity Assessment Tool framework;
aws;In light of the increasing volume and sophistication of cyber threats, the Federal Financial Institutions Examination Council (FFIEC) developed the Cybersecurity Assessment Tool (Assessment), on behalf of its members, to help institutions identify their risks and determine their cybersecurity maturity.;858573892697;us-east-1;2026-09-19 09:30:34.148196;d3-pc-am-b-3;Elevated privileges (e.g., administrator privileges) are limited and tightly controlled (e.g., assigned to individuals, not shared, and require stronger password controls;Cybersecurity Controls (Domain 3);Preventative Controls (PC);;aws;;PASS;AWS policy AWSQuickSetupSSMDeploymentRolePolicy is attached but does not allow '*:*' administrative privileges.;arn:aws:iam::aws:policy/AWSQuickSetupSSMDeploymentRolePolicy;iam_aws_attached_policy_no_administrative_privileges;False;AWSQuickSetupSSMDeploymentRolePolicy;FFIEC;FFIEC Cybersecurity Assessment Tool framework;
aws;In light of the increasing volume and sophistication of cyber threats, the Federal Financial Institutions Examination Council (FFIEC) developed the Cybersecurity Assessment Tool (Assessment), on behalf of its members, to help institutions identify their risks and determine their cybersecurity maturity.;858573892697;us-east-1;2026-09-19 09:30:34.148196;d3-pc-am-b-6;Identification and authentication are required and managed for access to systems, applications, and hardware.;Cybersecurity Controls (Domain 3);Preventative Controls (PC);;aws;;PASS;AWS policy AWSQuickSetupSSMDeploymentRolePolicy is attached but does not allow '*:*' administrative privileges.;arn:aws:iam::aws:policy/AWSQuickSetupSSMDeploymentRolePolicy;iam_aws_attached_policy_no_administrative_privileges;False;AWSQuickSetupSSMDeploymentRolePolicy;FFIEC;FFIEC Cybersecurity Assessment Tool framework;
aws;In light of the increasing volume and sophistication of cyber threats, the Federal Financial Institutions Examination Council (FFIEC) developed the Cybersecurity Assessment Tool (Assessment), on behalf of its members, to help institutions identify their risks and determine their cybersecurity maturity.;858573892697;us-east-1;2026-09-19 09:30:34.148196;d3-pc-im-b-7;Access to make changes to systems configurations (including virtual machines and hypervisors) is controlled and monitored.;Cybersecurity Controls (Domain 3);Preventative Controls (PC);;aws;;PASS;AWS policy AWSQuickSetupSSMDeploymentRolePolicy is attached but does not allow '*:*' administrative privileges.;arn:aws:iam::aws:policy/AWSQuickSetupSSMDeploymentRolePolicy;iam_aws_attached_policy_no_administrative_privileges;False;AWSQuickSetupSSMDeploymentRolePolicy;FFIEC;FFIEC Cybersecurity Assessment Tool framework;
aws;In light of the increasing volume and sophistication of cyber threats, the Federal Financial Institutions Examination Council (FFIEC) developed the Cybersecurity Assessment Tool (Assessment), on behalf of its members, to help institutions identify their risks and determine their cybersecurity maturity.;858573892697;us-east-1;2026-09-19 09:30:34.148196;d3-pc-am-b-1;Employee access is granted to systems and confidential data based on job responsibilities and the principles of least privilege.;Cybersecurity Controls (Domain 3);Preventative Controls (PC);;aws;;PASS;AWS policy AccessAnalyzerServiceRolePolicy is attached but does not allow '*:*' administrative privileges.;arn:aws:iam::aws:policy/aws-service-role/AccessAnalyzerServiceRolePolicy;iam_aws_attached_policy_no_administrative_privileges;False;AccessAnalyzerServiceRolePolicy;FFIEC;FFIEC Cybersecurity Assessment Tool framework;
aws;In light of the increasing volume and sophistication of cyber threats, the Federal Financial Institutions Examination Council (FFIEC) developed the Cybersecurity Assessment Tool (Assessment), on behalf of its members, to help institutions identify their risks and determine their cybersecurity maturity.;858573892697;us-east-1;2026-09-19 09:30:34.148196;d3-pc-am-b-16;Administrative, physical, or technical controls are in place to prevent users without administrative responsibilities from installing unauthorized software.;Cybersecurity Controls (Domain 3);Preventative Controls (PC);;aws;;PASS;AWS policy AccessAnalyzerServiceRolePolicy is attached but does not allow '*:*' administrative privileges.;arn:aws:iam::aws:policy/aws-service-role/AccessAnalyzerServiceRolePolicy;iam_aws_attached_policy_no_administrative_privileges;False;AccessAnalyzerServiceRolePolicy;FFIEC;FFIEC Cybersecurity Assessment Tool framework;
aws;In light of the increasing volume and sophistication of cyber threats, the Federal Financial Institutions Examination Council (FFIEC) developed the Cybersecurity Assessment Tool (Assessment), on behalf of its members, to help institutions identify their risks and determine their cybersecurity maturity.;858573892697;us-east-1;2026-09-19 09:30:34.148196;d3-pc-am-b-2;Employee access to systems and confidential data provides for separation of duties.;Cybersecurity Controls (Domain 3);Preventative Controls (PC);;aws;;PASS;AWS policy AccessAnalyzerServiceRolePolicy is attached but does not allow '*:*' administrative privileges.;arn:aws:iam::aws:policy/aws-service-role/AccessAnalyzerServiceRolePolicy;iam_aws_attached_policy_no_administrative_privileges;False;AccessAnalyzerServiceRolePolicy;FFIEC;FFIEC Cybersecurity Assessment Tool framework;
aws;In light of the increasing volume and sophistication of cyber threats, the Federal Financial Institutions Examination Council (FFIEC) developed the Cybersecurity Assessment Tool (Assessment), on behalf of its members, to help institutions identify their risks and determine their cybersecurity maturity.;858573892697;us-east-1;2026-09-19 09:30:34.148196;d3-pc-am-b-3;Elevated privileges (e.g., administrator privileges) are limited and tightly controlled (e.g., assigned to individuals, not shared, and require stronger password controls;Cybersecurity Controls (Domain 3);Preventative Controls (PC);;aws;;PASS;AWS policy AccessAnalyzerServiceRolePolicy is attached but does not allow '*:*' administrative privileges.;arn:aws:iam::aws:policy/aws-service-role/AccessAnalyzerServiceRolePolicy;iam_aws_attached_policy_no_administrative_privileges;False;AccessAnalyzerServiceRolePolicy;FFIEC;FFIEC Cybersecurity Assessment Tool framework;
aws;In light of the increasing volume and sophistication of cyber threats, the Federal Financial Institutions Examination Council (FFIEC) developed the Cybersecurity Assessment Tool (Assessment), on behalf of its members, to help institutions identify their risks and determine their cybersecurity maturity.;858573892697;us-east-1;2026-09-19 09:30:34.148196;d3-pc-am-b-6;Identification and authentication are required and managed for access to systems, applications, and hardware.;Cybersecurity Controls (Domain 3);Preventative Controls (PC);;aws;;PASS;AWS policy AccessAnalyzerServiceRolePolicy is attached but does not allow '*:*' administrative privileges.;arn:aws:iam::aws:policy/aws-service-role/AccessAnalyzerServiceRolePolicy;iam_aws_attached_policy_no_administrative_privileges;False;AccessAnalyzerServiceRolePolicy;FFIEC;FFIEC Cybersecurity Assessment Tool framework;
aws;In light of the increasing volume and sophistication of cyber threats, the Federal Financial Institutions Examination Council (FFIEC) developed the Cybersecurity Assessment Tool (Assessment), on behalf of its members, to help institutions identify their risks and determine their cybersecurity maturity.;858573892697;us-east-1;2026-09-19 09:30:34.148196;d3-pc-im-b-7;Access to make changes to systems configurations (including virtual machines and hypervisors) is controlled and monitored.;Cybersecurity Controls (Domain 3);Preventative Controls (PC);;aws;;PASS;AWS policy AccessAnalyzerServiceRolePolicy is attached but does not allow '*:*' administrative privileges.;arn:aws:iam::aws:policy/aws-service-role/AccessAnalyzerServiceRolePolicy;iam_aws_attached_policy_no_administrative_privileges;False;AccessAnalyzerServiceRolePolicy;FFIEC;FFIEC Cybersecurity Assessment Tool framework;
aws;In light of the increasing volume and sophistication of cyber threats, the Federal Financial Institutions Examination Council (FFIEC) developed the Cybersecurity Assessment Tool (Assessment), on behalf of its members, to help institutions identify their risks and determine their cybersecurity maturity.;858573892697;us-east-1;2026-09-19 09:30:34.148196;d3-pc-am-b-1;Employee access is granted to systems and confidential data based on job responsibilities and the principles of least privilege.;Cybersecurity Controls (Domain 3);Preventative Controls (PC);;aws;;PASS;AWS policy AWSAuditManagerAdministratorAccess is attached but does not allow '*:*' administrative privileges.;arn:aws:iam::aws:policy/AWSAuditManagerAdministratorAccess;iam_aws_attached_policy_no_administrative_privileges;False;AWSAuditManagerAdministratorAccess;FFIEC;FFIEC Cybersecurity Assessment Tool framework;
aws;In light of the increasing volume and sophistication of cyber threats, the Federal Financial Institutions Examination Council (FFIEC) developed the Cybersecurity Assessment Tool (Assessment), on behalf of its members, to help institutions identify their risks and determine their cybersecurity maturity.;858573892697;us-east-1;2026-09-19 09:30:34.148196;d3-pc-am-b-16;Administrative, physical, or technical controls are in place to prevent users without administrative responsibilities from installing unauthorized software.;Cybersecurity Controls (Domain 3);Preventative Controls (PC);;aws;;PASS;AWS policy AWSAuditManagerAdministratorAccess is attached but does not allow '*:*' administrative privileges.;arn:aws:iam::aws:policy/AWSAuditManagerAdministratorAccess;iam_aws_attached_policy_no_administrative_privileges;False;AWSAuditManagerAdministratorAccess;FFIEC;FFIEC Cybersecurity Assessment Tool framework;
aws;In light of the increasing volume and sophistication of cyber threats, the Federal Financial Institutions Examination Council (FFIEC) developed the Cybersecurity Assessment Tool (Assessment), on behalf of its members, to help institutions identify their risks and determine their cybersecurity maturity.;858573892697;us-east-1;2026-09-19 09:30:34.148196;d3-pc-am-b-2;Employee access to systems and confidential data provides for separation of duties.;Cybersecurity Controls (Domain 3);Preventative Controls (PC);;aws;;PASS;AWS policy AWSAuditManagerAdministratorAccess is attached but does not allow '*:*' administrative privileges.;arn:aws:iam::aws:policy/AWSAuditManagerAdministratorAccess;iam_aws_attached_policy_no_administrative_privileges;False;AWSAuditManagerAdministratorAccess;FFIEC;FFIEC Cybersecurity Assessment Tool framework;
aws;In light of the increasing volume and sophistication of cyber threats, the Federal Financial Institutions Examination Council (FFIEC) developed the Cybersecurity Assessment Tool (Assessment), on behalf of its members, to help institutions identify their risks and determine their cybersecurity maturity.;858573892697;us-east-1;2026-09-19 09:30:34.148196;d3-pc-am-b-3;Elevated privileges (e.g., administrator privileges) are limited and tightly controlled (e.g., assigned to individuals, not shared, and require stronger password controls;Cybersecurity Controls (Domain 3);Preventative Controls (PC);;aws;;PASS;AWS policy AWSAuditManagerAdministratorAccess is attached but does not allow '*:*' administrative privileges.;arn:aws:iam::aws:policy/AWSAuditManagerAdministratorAccess;iam_aws_attached_policy_no_administrative_privileges;False;AWSAuditManagerAdministratorAccess;FFIEC;FFIEC Cybersecurity Assessment Tool framework;
aws;In light of the increasing volume and sophistication of cyber threats, the Federal Financial Institutions Examination Council (FFIEC) developed the Cybersecurity Assessment Tool (Assessment), on behalf of its members, to help institutions identify their risks and determine their cybersecurity maturity.;858573892697;us-east-1;2026-09-19 09:30:34.148196;d3-pc-am-b-6;Identification and authentication are required and managed for access to systems, applications, and hardware.;Cybersecurity Controls (Domain 3);Preventative Controls (PC);;aws;;PASS;AWS policy AWSAuditManagerAdministratorAccess is attached but does not allow '*:*' administrative privileges.;arn:aws:iam::aws:policy/AWSAuditManagerAdministratorAccess;iam_aws_attached_policy_no_administrative_privileges;False;AWSAuditManagerAdministratorAccess;FFIEC;FFIEC Cybersecurity Assessment Tool framework;
aws;In light of the increasing volume and sophistication of cyber threats, the Federal Financial Institutions Examination Council (FFIEC) developed the Cybersecurity Assessment Tool (Assessment), on behalf of its members, to help institutions identify their risks and determine their cybersecurity maturity.;858573892697;us-east-1;2026-09-19 09:30:34.148196;d3-pc-im-b-7;Access to make changes to systems configurations (including virtual machines and hypervisors) is controlled and monitored.;Cybersecurity Controls (Domain 3);Preventative Controls (PC);;aws;;PASS;AWS policy AWSAuditManagerAdministratorAccess is attached but does not allow '*:*' administrative privileges.;arn:aws:iam::aws:policy/AWSAuditManagerAdministratorAccess;iam_aws_attached_policy_no_administrative_privileges;False;AWSAuditManagerAdministratorAccess;FFIEC;FFIEC Cybersecurity Assessment Tool framework;
aws;In light of the increasing volume and sophistication of cyber threats, the Federal Financial Institutions Examination Council (FFIEC) developed the Cybersecurity Assessment Tool (Assessment), on behalf of its members, to help institutions identify their risks and determine their cybersecurity maturity.;858573892697;us-east-1;2026-09-19 09:30:34.148196;d3-pc-am-b-1;Employee access is granted to systems and confidential data based on job responsibilities and the principles of least privilege.;Cybersecurity Controls (Domain 3);Preventative Controls (PC);;aws;;PASS;Custom policy Amazon_EventBridge_Invoke_Lambda_1306283406 is attached but does not allow '*:*' administrative privileges.;arn:aws:iam::858573892697:policy/service-role/Amazon_EventBridge_Invoke_Lambda_1306283406;iam_customer_attached_policy_no_administrative_privileges;False;Amazon_EventBridge_Invoke_Lambda_1306283406;FFIEC;FFIEC Cybersecurity Assessment Tool framework;
aws;In light of the increasing volume and sophistication of cyber threats, the Federal Financial Institutions Examination Council (FFIEC) developed the Cybersecurity Assessment Tool (Assessment), on behalf of its members, to help institutions identify their risks and determine their cybersecurity maturity.;858573892697;us-east-1;2026-09-19 09:30:34.148196;d3-pc-am-b-16;Administrative, physical, or technical controls are in place to prevent users without administrative responsibilities from installing unauthorized software.;Cybersecurity Controls (Domain 3);Preventative Controls (PC);;aws;;PASS;Custom policy Amazon_EventBridge_Invoke_Lambda_1306283406 is attached but does not allow '*:*' administrative privileges.;arn:aws:iam::858573892697:policy/service-role/Amazon_EventBridge_Invoke_Lambda_1306283406;iam_customer_attached_policy_no_administrative_privileges;False;Amazon_EventBridge_Invoke_Lambda_1306283406;FFIEC;FFIEC Cybersecurity Assessment Tool framework;
aws;In light of the increasing volume and sophistication of cyber threats, the Federal Financial Institutions Examination Council (FFIEC) developed the Cybersecurity Assessment Tool (Assessment), on behalf of its members, to help institutions identify their risks and determine their cybersecurity maturity.;858573892697;us-east-1;2026-09-19 09:30:34.148196;d3-pc-am-b-2;Employee access to systems and confidential data provides for separation of duties.;Cybersecurity Controls (Domain 3);Preventative Controls (PC);;aws;;PASS;Custom policy Amazon_EventBridge_Invoke_Lambda_1306283406 is attached but does not allow '*:*' administrative privileges.;arn:aws:iam::858573892697:policy/service-role/Amazon_EventBridge_Invoke_Lambda_1306283406;iam_customer_attached_policy_no_administrative_privileges;False;Amazon_EventBridge_Invoke_Lambda_1306283406;FFIEC;FFIEC Cybersecurity Assessment Tool framework;
aws;In light of the increasing volume and sophistication of cyber threats, the Federal Financial Institutions Examination Council (FFIEC) developed the Cybersecurity Assessment Tool (Assessment), on behalf of its members, to help institutions identify their risks and determine their cybersecurity maturity.;858573892697;us-east-1;2026-09-19 09:30:34.148196;d3-pc-am-b-3;Elevated privileges (e.g., administrator privileges) are limited and tightly controlled (e.g., assigned to individuals, not shared, and require stronger password controls;Cybersecurity Controls (Domain 3);Preventative Controls (PC);;aws;;PASS;Custom policy Amazon_EventBridge_Invoke_Lambda_1306283406 is attached but does not allow '*:*' administrative privileges.;arn:aws:iam::858573892697:policy/service-role/Amazon_EventBridge_Invoke_Lambda_1306283406;iam_customer_attached_policy_no_administrative_privileges;False;Amazon_EventBridge_Invoke_Lambda_1306283406;FFIEC;FFIEC Cybersecurity Assessment Tool framework;
aws;In light of the increasing volume and sophistication of cyber threats, the Federal Financial Institutions Examination Council (FFIEC) developed the Cybersecurity Assessment Tool (Assessment), on behalf of its members, to help institutions identify their risks and determine their cybersecurity maturity.;858573892697;us-east-1;2026-09-19 09:30:34.148196;d3-pc-am-b-6;Identification and authentication are required and managed for access to systems, applications, and hardware.;Cybersecurity Controls (Domain 3);Preventative Controls (PC);;aws;;PASS;Custom policy Amazon_EventBridge_Invoke_Lambda_1306283406 is attached but does not allow '*:*' administrative privileges.;arn:aws:iam::858573892697:policy/service-role/Amazon_EventBridge_Invoke_Lambda_1306283406;iam_customer_attached_policy_no_administrative_privileges;False;Amazon_EventBridge_Invoke_Lambda_1306283406;FFIEC;FFIEC Cybersecurity Assessment Tool framework;
aws;In light of the increasing volume and sophistication of cyber threats, the Federal Financial Institutions Examination Council (FFIEC) developed the Cybersecurity Assessment Tool (Assessment), on behalf of its members, to help institutions identify their risks and determine their cybersecurity maturity.;858573892697;us-east-1;2026-09-19 09:30:34.148196;d3-pc-im-b-7;Access to make changes to systems configurations (including virtual machines and hypervisors) is controlled and monitored.;Cybersecurity Controls (Domain 3);Preventative Controls (PC);;aws;;PASS;Custom policy Amazon_EventBridge_Invoke_Lambda_1306283406 is attached but does not allow '*:*' administrative privileges.;arn:aws:iam::858573892697:policy/service-role/Amazon_EventBridge_Invoke_Lambda_1306283406;iam_customer_attached_policy_no_administrative_privileges;False;Amazon_EventBridge_Invoke_Lambda_1306283406;FFIEC;FFIEC Cybersecurity Assessment Tool framework;
aws;In light of the increasing volume and sophistication of cyber threats, the Federal Financial Institutions Examination Council (FFIEC) developed the Cybersecurity Assessment Tool (Assessment), on behalf of its members, to help institutions identify their risks and determine their cybersecurity maturity.;858573892697;us-east-1;2026-09-19 09:30:34.148196;d3-pc-am-b-1;Employee access is granted to systems and confidential data based on job responsibilities and the principles of least privilege.;Cybersecurity Controls (Domain 3);Preventative Controls (PC);;aws;;PASS;Custom policy AWSLambdaBasicExecutionRole-ee2eebaa-4751-45f4-9bbc-d53f9f672931 is attached but does not allow '*:*' administrative privileges.;arn:aws:iam::858573892697:policy/service-role/AWSLambdaBasicExecutionRole-ee2eebaa-4751-45f4-9bbc-d53f9f672931;iam_customer_attached_policy_no_administrative_privileges;False;AWSLambdaBasicExecutionRole-ee2eebaa-4751-45f4-9bbc-d53f9f672931;FFIEC;FFIEC Cybersecurity Assessment Tool framework;
aws;In light of the increasing volume and sophistication of cyber threats, the Federal Financial Institutions Examination Council (FFIEC) developed the Cybersecurity Assessment Tool (Assessment), on behalf of its members, to help institutions identify their risks and determine their cybersecurity maturity.;858573892697;us-east-1;2026-09-19 09:30:34.148196;d3-pc-am-b-16;Administrative, physical, or technical controls are in place to prevent users without administrative responsibilities from installing unauthorized software.;Cybersecurity Controls (Domain 3);Preventative Controls (PC);;aws;;PASS;Custom policy AWSLambdaBasicExecutionRole-ee2eebaa-4751-45f4-9bbc-d53f9f672931 is attached but does not allow '*:*' administrative privileges.;arn:aws:iam::858573892697:policy/service-role/AWSLambdaBasicExecutionRole-ee2eebaa-4751-45f4-9bbc-d53f9f672931;iam_customer_attached_policy_no_administrative_privileges;False;AWSLambdaBasicExecutionRole-ee2eebaa-4751-45f4-9bbc-d53f9f672931;FFIEC;FFIEC Cybersecurity Assessment Tool framework;
aws;In light of the increasing volume and sophistication of cyber threats, the Federal Financial Institutions Examination Council (FFIEC) developed the Cybersecurity Assessment Tool (Assessment), on behalf of its members, to help institutions identify their risks and determine their cybersecurity maturity.;858573892697;us-east-1;2026-09-19 09:30:34.148196;d3-pc-am-b-2;Employee access to systems and confidential data provides for separation of duties.;Cybersecurity Controls (Domain 3);Preventative Controls (PC);;aws;;PASS;Custom policy AWSLambdaBasicExecutionRole-ee2eebaa-4751-45f4-9bbc-d53f9f672931 is attached but does not allow '*:*' administrative privileges.;arn:aws:iam::858573892697:policy/service-role/AWSLambdaBasicExecutionRole-ee2eebaa-4751-45f4-9bbc-d53f9f672931;iam_customer_attached_policy_no_administrative_privileges;False;AWSLambdaBasicExecutionRole-ee2eebaa-4751-45f4-9bbc-d53f9f672931;FFIEC;FFIEC Cybersecurity Assessment Tool framework;
aws;In light of the increasing volume and sophistication of cyber threats, the Federal Financial Institutions Examination Council (FFIEC) developed the Cybersecurity Assessment Tool (Assessment), on behalf of its members, to help institutions identify their risks and determine their cybersecurity maturity.;858573892697;us-east-1;2026-09-19 09:30:34.148196;d3-pc-am-b-3;Elevated privileges (e.g., administrator privileges) are limited and tightly controlled (e.g., assigned to individuals, not shared, and require stronger password controls;Cybersecurity Controls (Domain 3);Preventative Controls (PC);;aws;;PASS;Custom policy AWSLambdaBasicExecutionRole-ee2eebaa-4751-45f4-9bbc-d53f9f672931 is attached but does not allow '*:*' administrative privileges.;arn:aws:iam::858573892697:policy/service-role/AWSLambdaBasicExecutionRole-ee2eebaa-4751-45f4-9bbc-d53f9f672931;iam_customer_attached_policy_no_administrative_privileges;False;AWSLambdaBasicExecutionRole-ee2eebaa-4751-45f4-9bbc-d53f9f672931;FFIEC;FFIEC Cybersecurity Assessment Tool framework;
aws;In light of the increasing volume and sophistication of cyber threats, the Federal Financial Institutions Examination Council (FFIEC) developed the Cybersecurity Assessment Tool (Assessment), on behalf of its members, to help institutions identify their risks and determine their cybersecurity maturity.;858573892697;us-east-1;2026-09-19 09:30:34.148196;d3-pc-am-b-6;Identification and authentication are required and managed for access to systems, applications, and hardware.;Cybersecurity Controls (Domain 3);Preventative Controls (PC);;aws;;PASS;Custom policy AWSLambdaBasicExecutionRole-ee2eebaa-4751-45f4-9bbc-d53f9f672931 is attached but does not allow '*:*' administrative privileges.;arn:aws:iam::858573892697:policy/service-role/AWSLambdaBasicExecutionRole-ee2eebaa-4751-45f4-9bbc-d53f9f672931;iam_customer_attached_policy_no_administrative_privileges;False;AWSLambdaBasicExecutionRole-ee2eebaa-4751-45f4-9bbc-d53f9f672931;FFIEC;FFIEC Cybersecurity Assessment Tool framework;
aws;In light of the increasing volume and sophistication of cyber threats, the Federal Financial Institutions Examination Council (FFIEC) developed the Cybersecurity Assessment Tool (Assessment), on behalf of its members, to help institutions identify their risks and determine their cybersecurity maturity.;858573892697;us-east-1;2026-09-19 09:30:34.148196;d3-pc-im-b-7;Access to make changes to systems configurations (including virtual machines and hypervisors) is controlled and monitored.;Cybersecurity Controls (Domain 3);Preventative Controls (PC);;aws;;PASS;Custom policy AWSLambdaBasicExecutionRole-ee2eebaa-4751-45f4-9bbc-d53f9f672931 is attached but does not allow '*:*' administrative privileges.;arn:aws:iam::858573892697:policy/service-role/AWSLambdaBasicExecutionRole-ee2eebaa-4751-45f4-9bbc-d53f9f672931;iam_customer_attached_policy_no_administrative_privileges;False;AWSLambdaBasicExecutionRole-ee2eebaa-4751-45f4-9bbc-d53f9f672931;FFIEC;FFIEC Cybersecurity Assessment Tool framework;
aws;In light of the increasing volume and sophistication of cyber threats, the Federal Financial Institutions Examination Council (FFIEC) developed the Cybersecurity Assessment Tool (Assessment), on behalf of its members, to help institutions identify their risks and determine their cybersecurity maturity.;858573892697;us-east-1;2026-09-19 09:30:34.148196;d3-pc-am-b-1;Employee access is granted to systems and confidential data based on job responsibilities and the principles of least privilege.;Cybersecurity Controls (Domain 3);Preventative Controls (PC);;aws;;PASS;Custom policy AWSLambdaBasicExecutionRole-7d74575a-cae7-422c-8d71-058f2d4beb2c is attached but does not allow '*:*' administrative privileges.;arn:aws:iam::858573892697:policy/service-role/AWSLambdaBasicExecutionRole-7d74575a-cae7-422c-8d71-058f2d4beb2c;iam_customer_attached_policy_no_administrative_privileges;False;AWSLambdaBasicExecutionRole-7d74575a-cae7-422c-8d71-058f2d4beb2c;FFIEC;FFIEC Cybersecurity Assessment Tool framework;
aws;In light of the increasing volume and sophistication of cyber threats, the Federal Financial Institutions Examination Council (FFIEC) developed the Cybersecurity Assessment Tool (Assessment), on behalf of its members, to help institutions identify their risks and determine their cybersecurity maturity.;858573892697;us-east-1;2026-09-19 09:30:34.148196;d3-pc-am-b-16;Administrative, physical, or technical controls are in place to prevent users without administrative responsibilities from installing unauthorized software.;Cybersecurity Controls (Domain 3);Preventative Controls (PC);;aws;;PASS;Custom policy AWSLambdaBasicExecutionRole-7d74575a-cae7-422c-8d71-058f2d4beb2c is attached but does not allow '*:*' administrative privileges.;arn:aws:iam::858573892697:policy/service-role/AWSLambdaBasicExecutionRole-7d74575a-cae7-422c-8d71-058f2d4beb2c;iam_customer_attached_policy_no_administrative_privileges;False;AWSLambdaBasicExecutionRole-7d74575a-cae7-422c-8d71-058f2d4beb2c;FFIEC;FFIEC Cybersecurity Assessment Tool framework;
aws;In light of the increasing volume and sophistication of cyber threats, the Federal Financial Institutions Examination Council (FFIEC) developed the Cybersecurity Assessment Tool (Assessment), on behalf of its members, to help institutions identify their risks and determine their cybersecurity maturity.;858573892697;us-east-1;2026-09-19 09:30:34.148196;d3-pc-am-b-2;Employee access to systems and confidential data provides for separation of duties.;Cybersecurity Controls (Domain 3);Preventative Controls (PC);;aws;;PASS;Custom policy AWSLambdaBasicExecutionRole-7d74575a-cae7-422c-8d71-058f2d4beb2c is attached but does not allow '*:*' administrative privileges.;arn:aws:iam::858573892697:policy/service-role/AWSLambdaBasicExecutionRole-7d74575a-cae7-422c-8d71-058f2d4beb2c;iam_customer_attached_policy_no_administrative_privileges;False;AWSLambdaBasicExecutionRole-7d74575a-cae7-422c-8d71-058f2d4beb2c;FFIEC;FFIEC Cybersecurity Assessment Tool framework;
aws;In light of the increasing volume and sophistication of cyber threats, the Federal Financial Institutions Examination Council (FFIEC) developed the Cybersecurity Assessment Tool (Assessment), on behalf of its members, to help institutions identify their risks and determine their cybersecurity maturity.;858573892697;us-east-1;2026-09-19 09:30:34.148196;d3-pc-am-b-3;Elevated privileges (e.g., administrator privileges) are limited and tightly controlled (e.g., assigned to individuals, not shared, and require stronger password controls;Cybersecurity Controls (Domain 3);Preventative Controls (PC);;aws;;PASS;Custom policy AWSLambdaBasicExecutionRole-7d74575a-cae7-422c-8d71-058f2d4beb2c is attached but does not allow '*:*' administrative privileges.;arn:aws:iam::858573892697:policy/service-role/AWSLambdaBasicExecutionRole-7d74575a-cae7-422c-8d71-058f2d4beb2c;iam_customer_attached_policy_no_administrative_privileges;False;AWSLambdaBasicExecutionRole-7d74575a-cae7-422c-8d71-058f2d4beb2c;FFIEC;FFIEC Cybersecurity Assessment Tool framework;
aws;In light of the increasing volume and sophistication of cyber threats, the Federal Financial Institutions Examination Council (FFIEC) developed the Cybersecurity Assessment Tool (Assessment), on behalf of its members, to help institutions identify their risks and determine their cybersecurity maturity.;858573892697;us-east-1;2026-09-19 09:30:34.148196;d3-pc-am-b-6;Identification and authentication are required and managed for access to systems, applications, and hardware.;Cybersecurity Controls (Domain 3);Preventative Controls (PC);;aws;;PASS;Custom policy AWSLambdaBasicExecutionRole-7d74575a-cae7-422c-8d71-058f2d4beb2c is attached but does not allow '*:*' administrative privileges.;arn:aws:iam::858573892697:policy/service-role/AWSLambdaBasicExecutionRole-7d74575a-cae7-422c-8d71-058f2d4beb2c;iam_customer_attached_policy_no_administrative_privileges;False;AWSLambdaBasicExecutionRole-7d74575a-cae7-422c-8d71-058f2d4beb2c;FFIEC;FFIEC Cybersecurity Assessment Tool framework;
aws;In light of the increasing volume and sophistication of cyber threats, the Federal Financial Institutions Examination Council (FFIEC) developed the Cybersecurity Assessment Tool (Assessment), on behalf of its members, to help institutions identify their risks and determine their cybersecurity maturity.;858573892697;us-east-1;2026-09-19 09:30:34.148196;d3-pc-im-b-7;Access to make changes to systems configurations (including virtual machines and hypervisors) is controlled and monitored.;Cybersecurity Controls (Domain 3);Preventative Controls (PC);;aws;;PASS;Custom policy AWSLambdaBasicExecutionRole-7d74575a-cae7-422c-8d71-058f2d4beb2c is attached but does not allow '*:*' administrative privileges.;arn:aws:iam::858573892697:policy/service-role/AWSLambdaBasicExecutionRole-7d74575a-cae7-422c-8d71-058f2d4beb2c;iam_customer_attached_policy_no_administrative_privileges;False;AWSLambdaBasicExecutionRole-7d74575a-cae7-422c-8d71-058f2d4beb2c;FFIEC;FFIEC Cybersecurity Assessment Tool framework;
aws;In light of the increasing volume and sophistication of cyber threats, the Federal Financial Institutions Examination Council (FFIEC) developed the Cybersecurity Assessment Tool (Assessment), on behalf of its members, to help institutions identify their risks and determine their cybersecurity maturity.;858573892697;us-east-1;2026-09-19 09:30:34.148196;d3-pc-am-b-1;Employee access is granted to systems and confidential data based on job responsibilities and the principles of least privilege.;Cybersecurity Controls (Domain 3);Preventative Controls (PC);;aws;;PASS;Custom policy vaultcloud-app-permissions is attached but does not allow '*:*' administrative privileges.;arn:aws:iam::858573892697:policy/vaultcloud-app-permissions;iam_customer_attached_policy_no_administrative_privileges;False;vaultcloud-app-permissions;FFIEC;FFIEC Cybersecurity Assessment Tool framework;
aws;In light of the increasing volume and sophistication of cyber threats, the Federal Financial Institutions Examination Council (FFIEC) developed the Cybersecurity Assessment Tool (Assessment), on behalf of its members, to help institutions identify their risks and determine their cybersecurity maturity.;858573892697;us-east-1;2026-09-19 09:30:34.148196;d3-pc-am-b-16;Administrative, physical, or technical controls are in place to prevent users without administrative responsibilities from installing unauthorized software.;Cybersecurity Controls (Domain 3);Preventative Controls (PC);;aws;;PASS;Custom policy vaultcloud-app-permissions is attached but does not allow '*:*' administrative privileges.;arn:aws:iam::858573892697:policy/vaultcloud-app-permissions;iam_customer_attached_policy_no_administrative_privileges;False;vaultcloud-app-permissions;FFIEC;FFIEC Cybersecurity Assessment Tool framework;
aws;In light of the increasing volume and sophistication of cyber threats, the Federal Financial Institutions Examination Council (FFIEC) developed the Cybersecurity Assessment Tool (Assessment), on behalf of its members, to help institutions identify their risks and determine their cybersecurity maturity.;858573892697;us-east-1;2026-09-19 09:30:34.148196;d3-pc-am-b-2;Employee access to systems and confidential data provides for separation of duties.;Cybersecurity Controls (Domain 3);Preventative Controls (PC);;aws;;PASS;Custom policy vaultcloud-app-permissions is attached but does not allow '*:*' administrative privileges.;arn:aws:iam::858573892697:policy/vaultcloud-app-permissions;iam_customer_attached_policy_no_administrative_privileges;False;vaultcloud-app-permissions;FFIEC;FFIEC Cybersecurity Assessment Tool framework;
aws;In light of the increasing volume and sophistication of cyber threats, the Federal Financial Institutions Examination Council (FFIEC) developed the Cybersecurity Assessment Tool (Assessment), on behalf of its members, to help institutions identify their risks and determine their cybersecurity maturity.;858573892697;us-east-1;2026-09-19 09:30:34.148196;d3-pc-am-b-3;Elevated privileges (e.g., administrator privileges) are limited and tightly controlled (e.g., assigned to individuals, not shared, and require stronger password controls;Cybersecurity Controls (Domain 3);Preventative Controls (PC);;aws;;PASS;Custom policy vaultcloud-app-permissions is attached but does not allow '*:*' administrative privileges.;arn:aws:iam::858573892697:policy/vaultcloud-app-permissions;iam_customer_attached_policy_no_administrative_privileges;False;vaultcloud-app-permissions;FFIEC;FFIEC Cybersecurity Assessment Tool framework;
aws;In light of the increasing volume and sophistication of cyber threats, the Federal Financial Institutions Examination Council (FFIEC) developed the Cybersecurity Assessment Tool (Assessment), on behalf of its members, to help institutions identify their risks and determine their cybersecurity maturity.;858573892697;us-east-1;2026-09-19 09:30:34.148196;d3-pc-am-b-6;Identification and authentication are required and managed for access to systems, applications, and hardware.;Cybersecurity Controls (Domain 3);Preventative Controls (PC);;aws;;PASS;Custom policy vaultcloud-app-permissions is attached but does not allow '*:*' administrative privileges.;arn:aws:iam::858573892697:policy/vaultcloud-app-permissions;iam_customer_attached_policy_no_administrative_privileges;False;vaultcloud-app-permissions;FFIEC;FFIEC Cybersecurity Assessment Tool framework;
aws;In light of the increasing volume and sophistication of cyber threats, the Federal Financial Institutions Examination Council (FFIEC) developed the Cybersecurity Assessment Tool (Assessment), on behalf of its members, to help institutions identify their risks and determine their cybersecurity maturity.;858573892697;us-east-1;2026-09-19 09:30:34.148196;d3-pc-im-b-7;Access to make changes to systems configurations (including virtual machines and hypervisors) is controlled and monitored.;Cybersecurity Controls (Domain 3);Preventative Controls (PC);;aws;;PASS;Custom policy vaultcloud-app-permissions is attached but does not allow '*:*' administrative privileges.;arn:aws:iam::858573892697:policy/vaultcloud-app-permissions;iam_customer_attached_policy_no_administrative_privileges;False;vaultcloud-app-permissions;FFIEC;FFIEC Cybersecurity Assessment Tool framework;
aws;In light of the increasing volume and sophistication of cyber threats, the Federal Financial Institutions Examination Council (FFIEC) developed the Cybersecurity Assessment Tool (Assessment), on behalf of its members, to help institutions identify their risks and determine their cybersecurity maturity.;858573892697;us-east-1;2026-09-19 09:30:34.148196;d3-pc-am-b-1;Employee access is granted to systems and confidential data based on job responsibilities and the principles of least privilege.;Cybersecurity Controls (Domain 3);Preventative Controls (PC);;aws;;PASS;Custom policy Amazon_EventBridge_Invoke_Lambda_898108175 is attached but does not allow '*:*' administrative privileges.;arn:aws:iam::858573892697:policy/service-role/Amazon_EventBridge_Invoke_Lambda_898108175;iam_customer_attached_policy_no_administrative_privileges;False;Amazon_EventBridge_Invoke_Lambda_898108175;FFIEC;FFIEC Cybersecurity Assessment Tool framework;
aws;In light of the increasing volume and sophistication of cyber threats, the Federal Financial Institutions Examination Council (FFIEC) developed the Cybersecurity Assessment Tool (Assessment), on behalf of its members, to help institutions identify their risks and determine their cybersecurity maturity.;858573892697;us-east-1;2026-09-19 09:30:34.148196;d3-pc-am-b-16;Administrative, physical, or technical controls are in place to prevent users without administrative responsibilities from installing unauthorized software.;Cybersecurity Controls (Domain 3);Preventative Controls (PC);;aws;;PASS;Custom policy Amazon_EventBridge_Invoke_Lambda_898108175 is attached but does not allow '*:*' administrative privileges.;arn:aws:iam::858573892697:policy/service-role/Amazon_EventBridge_Invoke_Lambda_898108175;iam_customer_attached_policy_no_administrative_privileges;False;Amazon_EventBridge_Invoke_Lambda_898108175;FFIEC;FFIEC Cybersecurity Assessment Tool framework;
aws;In light of the increasing volume and sophistication of cyber threats, the Federal Financial Institutions Examination Council (FFIEC) developed the Cybersecurity Assessment Tool (Assessment), on behalf of its members, to help institutions identify their risks and determine their cybersecurity maturity.;858573892697;us-east-1;2026-09-19 09:30:34.148196;d3-pc-am-b-2;Employee access to systems and confidential data provides for separation of duties.;Cybersecurity Controls (Domain 3);Preventative Controls (PC);;aws;;PASS;Custom policy Amazon_EventBridge_Invoke_Lambda_898108175 is attached but does not allow '*:*' administrative privileges.;arn:aws:iam::858573892697:policy/service-role/Amazon_EventBridge_Invoke_Lambda_898108175;iam_customer_attached_policy_no_administrative_privileges;False;Amazon_EventBridge_Invoke_Lambda_898108175;FFIEC;FFIEC Cybersecurity Assessment Tool framework;
aws;In light of the increasing volume and sophistication of cyber threats, the Federal Financial Institutions Examination Council (FFIEC) developed the Cybersecurity Assessment Tool (Assessment), on behalf of its members, to help institutions identify their risks and determine their cybersecurity maturity.;858573892697;us-east-1;2026-09-19 09:30:34.148196;d3-pc-am-b-3;Elevated privileges (e.g., administrator privileges) are limited and tightly controlled (e.g., assigned to individuals, not shared, and require stronger password controls;Cybersecurity Controls (Domain 3);Preventative Controls (PC);;aws;;PASS;Custom policy Amazon_EventBridge_Invoke_Lambda_898108175 is attached but does not allow '*:*' administrative privileges.;arn:aws:iam::858573892697:policy/service-role/Amazon_EventBridge_Invoke_Lambda_898108175;iam_customer_attached_policy_no_administrative_privileges;False;Amazon_EventBridge_Invoke_Lambda_898108175;FFIEC;FFIEC Cybersecurity Assessment Tool framework;
aws;In light of the increasing volume and sophistication of cyber threats, the Federal Financial Institutions Examination Council (FFIEC) developed the Cybersecurity Assessment Tool (Assessment), on behalf of its members, to help institutions identify their risks and determine their cybersecurity maturity.;858573892697;us-east-1;2026-09-19 09:30:34.148196;d3-pc-am-b-6;Identification and authentication are required and managed for access to systems, applications, and hardware.;Cybersecurity Controls (Domain 3);Preventative Controls (PC);;aws;;PASS;Custom policy Amazon_EventBridge_Invoke_Lambda_898108175 is attached but does not allow '*:*' administrative privileges.;arn:aws:iam::858573892697:policy/service-role/Amazon_EventBridge_Invoke_Lambda_898108175;iam_customer_attached_policy_no_administrative_privileges;False;Amazon_EventBridge_Invoke_Lambda_898108175;FFIEC;FFIEC Cybersecurity Assessment Tool framework;
aws;In light of the increasing volume and sophistication of cyber threats, the Federal Financial Institutions Examination Council (FFIEC) developed the Cybersecurity Assessment Tool (Assessment), on behalf of its members, to help institutions identify their risks and determine their cybersecurity maturity.;858573892697;us-east-1;2026-09-19 09:30:34.148196;d3-pc-im-b-7;Access to make changes to systems configurations (including virtual machines and hypervisors) is controlled and monitored.;Cybersecurity Controls (Domain 3);Preventative Controls (PC);;aws;;PASS;Custom policy Amazon_EventBridge_Invoke_Lambda_898108175 is attached but does not allow '*:*' administrative privileges.;arn:aws:iam::858573892697:policy/service-role/Amazon_EventBridge_Invoke_Lambda_898108175;iam_customer_attached_policy_no_administrative_privileges;False;Amazon_EventBridge_Invoke_Lambda_898108175;FFIEC;FFIEC Cybersecurity Assessment Tool framework;
aws;In light of the increasing volume and sophistication of cyber threats, the Federal Financial Institutions Examination Council (FFIEC) developed the Cybersecurity Assessment Tool (Assessment), on behalf of its members, to help institutions identify their risks and determine their cybersecurity maturity.;858573892697;us-east-1;2026-09-19 09:30:34.148196;d3-pc-am-b-1;Employee access is granted to systems and confidential data based on job responsibilities and the principles of least privilege.;Cybersecurity Controls (Domain 3);Preventative Controls (PC);;aws;;PASS;Custom policy AWSLambdaBasicExecutionRole-6fb6d332-adaa-4573-995c-3e7219d176fa is attached but does not allow '*:*' administrative privileges.;arn:aws:iam::858573892697:policy/service-role/AWSLambdaBasicExecutionRole-6fb6d332-adaa-4573-995c-3e7219d176fa;iam_customer_attached_policy_no_administrative_privileges;False;AWSLambdaBasicExecutionRole-6fb6d332-adaa-4573-995c-3e7219d176fa;FFIEC;FFIEC Cybersecurity Assessment Tool framework;
aws;In light of the increasing volume and sophistication of cyber threats, the Federal Financial Institutions Examination Council (FFIEC) developed the Cybersecurity Assessment Tool (Assessment), on behalf of its members, to help institutions identify their risks and determine their cybersecurity maturity.;858573892697;us-east-1;2026-09-19 09:30:34.148196;d3-pc-am-b-16;Administrative, physical, or technical controls are in place to prevent users without administrative responsibilities from installing unauthorized software.;Cybersecurity Controls (Domain 3);Preventative Controls (PC);;aws;;PASS;Custom policy AWSLambdaBasicExecutionRole-6fb6d332-adaa-4573-995c-3e7219d176fa is attached but does not allow '*:*' administrative privileges.;arn:aws:iam::858573892697:policy/service-role/AWSLambdaBasicExecutionRole-6fb6d332-adaa-4573-995c-3e7219d176fa;iam_customer_attached_policy_no_administrative_privileges;False;AWSLambdaBasicExecutionRole-6fb6d332-adaa-4573-995c-3e7219d176fa;FFIEC;FFIEC Cybersecurity Assessment Tool framework;
aws;In light of the increasing volume and sophistication of cyber threats, the Federal Financial Institutions Examination Council (FFIEC) developed the Cybersecurity Assessment Tool (Assessment), on behalf of its members, to help institutions identify their risks and determine their cybersecurity maturity.;858573892697;us-east-1;2026-09-19 09:30:34.148196;d3-pc-am-b-2;Employee access to systems and confidential data provides for separation of duties.;Cybersecurity Controls (Domain 3);Preventative Controls (PC);;aws;;PASS;Custom policy AWSLambdaBasicExecutionRole-6fb6d332-adaa-4573-995c-3e7219d176fa is attached but does not allow '*:*' administrative privileges.;arn:aws:iam::858573892697:policy/service-role/AWSLambdaBasicExecutionRole-6fb6d332-adaa-4573-995c-3e7219d176fa;iam_customer_attached_policy_no_administrative_privileges;False;AWSLambdaBasicExecutionRole-6fb6d332-adaa-4573-995c-3e7219d176fa;FFIEC;FFIEC Cybersecurity Assessment Tool framework;
aws;In light of the increasing volume and sophistication of cyber threats, the Federal Financial Institutions Examination Council (FFIEC) developed the Cybersecurity Assessment Tool (Assessment), on behalf of its members, to help institutions identify their risks and determine their cybersecurity maturity.;858573892697;us-east-1;2026-09-19 09:30:34.148196;d3-pc-am-b-3;Elevated privileges (e.g., administrator privileges) are limited and tightly controlled (e.g., assigned to individuals, not shared, and require stronger password controls;Cybersecurity Controls (Domain 3);Preventative Controls (PC);;aws;;PASS;Custom policy AWSLambdaBasicExecutionRole-6fb6d332-adaa-4573-995c-3e7219d176fa is attached but does not allow '*:*' administrative privileges.;arn:aws:iam::858573892697:policy/service-role/AWSLambdaBasicExecutionRole-6fb6d332-adaa-4573-995c-3e7219d176fa;iam_customer_attached_policy_no_administrative_privileges;False;AWSLambdaBasicExecutionRole-6fb6d332-adaa-4573-995c-3e7219d176fa;FFIEC;FFIEC Cybersecurity Assessment Tool framework;
aws;In light of the increasing volume and sophistication of cyber threats, the Federal Financial Institutions Examination Council (FFIEC) developed the Cybersecurity Assessment Tool (Assessment), on behalf of its members, to help institutions identify their risks and determine their cybersecurity maturity.;858573892697;us-east-1;2026-09-19 09:30:34.148196;d3-pc-am-b-6;Identification and authentication are required and managed for access to systems, applications, and hardware.;Cybersecurity Controls (Domain 3);Preventative Controls (PC);;aws;;PASS;Custom policy AWSLambdaBasicExecutionRole-6fb6d332-adaa-4573-995c-3e7219d176fa is attached but does not allow '*:*' administrative privileges.;arn:aws:iam::858573892697:policy/service-role/AWSLambdaBasicExecutionRole-6fb6d332-adaa-4573-995c-3e7219d176fa;iam_customer_attached_policy_no_administrative_privileges;False;AWSLambdaBasicExecutionRole-6fb6d332-adaa-4573-995c-3e7219d176fa;FFIEC;FFIEC Cybersecurity Assessment Tool framework;
aws;In light of the increasing volume and sophistication of cyber threats, the Federal Financial Institutions Examination Council (FFIEC) developed the Cybersecurity Assessment Tool (Assessment), on behalf of its members, to help institutions identify their risks and determine their cybersecurity maturity.;858573892697;us-east-1;2026-09-19 09:30:34.148196;d3-pc-im-b-7;Access to make changes to systems configurations (including virtual machines and hypervisors) is controlled and monitored.;Cybersecurity Controls (Domain 3);Preventative Controls (PC);;aws;;PASS;Custom policy AWSLambdaBasicExecutionRole-6fb6d332-adaa-4573-995c-3e7219d176fa is attached but does not allow '*:*' administrative privileges.;arn:aws:iam::858573892697:policy/service-role/AWSLambdaBasicExecutionRole-6fb6d332-adaa-4573-995c-3e7219d176fa;iam_customer_attached_policy_no_administrative_privileges;False;AWSLambdaBasicExecutionRole-6fb6d332-adaa-4573-995c-3e7219d176fa;FFIEC;FFIEC Cybersecurity Assessment Tool framework;
aws;In light of the increasing volume and sophistication of cyber threats, the Federal Financial Institutions Examination Council (FFIEC) developed the Cybersecurity Assessment Tool (Assessment), on behalf of its members, to help institutions identify their risks and determine their cybersecurity maturity.;858573892697;us-east-1;2026-09-19 09:30:34.148196;d3-pc-am-b-1;Employee access is granted to systems and confidential data based on job responsibilities and the principles of least privilege.;Cybersecurity Controls (Domain 3);Preventative Controls (PC);;aws;;PASS;Custom policy AWSLambdaBasicExecutionRole-20cb299b-56e3-4e01-8dfa-5272cf36e044 is attached but does not allow '*:*' administrative privileges.;arn:aws:iam::858573892697:policy/service-role/AWSLambdaBasicExecutionRole-20cb299b-56e3-4e01-8dfa-5272cf36e044;iam_customer_attached_policy_no_administrative_privileges;False;AWSLambdaBasicExecutionRole-20cb299b-56e3-4e01-8dfa-5272cf36e044;FFIEC;FFIEC Cybersecurity Assessment Tool framework;
aws;In light of the increasing volume and sophistication of cyber threats, the Federal Financial Institutions Examination Council (FFIEC) developed the Cybersecurity Assessment Tool (Assessment), on behalf of its members, to help institutions identify their risks and determine their cybersecurity maturity.;858573892697;us-east-1;2026-09-19 09:30:34.148196;d3-pc-am-b-16;Administrative, physical, or technical controls are in place to prevent users without administrative responsibilities from installing unauthorized software.;Cybersecurity Controls (Domain 3);Preventative Controls (PC);;aws;;PASS;Custom policy AWSLambdaBasicExecutionRole-20cb299b-56e3-4e01-8dfa-5272cf36e044 is attached but does not allow '*:*' administrative privileges.;arn:aws:iam::858573892697:policy/service-role/AWSLambdaBasicExecutionRole-20cb299b-56e3-4e01-8dfa-5272cf36e044;iam_customer_attached_policy_no_administrative_privileges;False;AWSLambdaBasicExecutionRole-20cb299b-56e3-4e01-8dfa-5272cf36e044;FFIEC;FFIEC Cybersecurity Assessment Tool framework;
aws;In light of the increasing volume and sophistication of cyber threats, the Federal Financial Institutions Examination Council (FFIEC) developed the Cybersecurity Assessment Tool (Assessment), on behalf of its members, to help institutions identify their risks and determine their cybersecurity maturity.;858573892697;us-east-1;2026-09-19 09:30:34.148196;d3-pc-am-b-2;Employee access to systems and confidential data provides for separation of duties.;Cybersecurity Controls (Domain 3);Preventative Controls (PC);;aws;;PASS;Custom policy AWSLambdaBasicExecutionRole-20cb299b-56e3-4e01-8dfa-5272cf36e044 is attached but does not allow '*:*' administrative privileges.;arn:aws:iam::858573892697:policy/service-role/AWSLambdaBasicExecutionRole-20cb299b-56e3-4e01-8dfa-5272cf36e044;iam_customer_attached_policy_no_administrative_privileges;False;AWSLambdaBasicExecutionRole-20cb299b-56e3-4e01-8dfa-5272cf36e044;FFIEC;FFIEC Cybersecurity Assessment Tool framework;
aws;In light of the increasing volume and sophistication of cyber threats, the Federal Financial Institutions Examination Council (FFIEC) developed the Cybersecurity Assessment Tool (Assessment), on behalf of its members, to help institutions identify their risks and determine their cybersecurity maturity.;858573892697;us-east-1;2026-09-19 09:30:34.148196;d3-pc-am-b-3;Elevated privileges (e.g., administrator privileges) are limited and tightly controlled (e.g., assigned to individuals, not shared, and require stronger password controls;Cybersecurity Controls (Domain 3);Preventative Controls (PC);;aws;;PASS;Custom policy AWSLambdaBasicExecutionRole-20cb299b-56e3-4e01-8dfa-5272cf36e044 is attached but does not allow '*:*' administrative privileges.;arn:aws:iam::858573892697:policy/service-role/AWSLambdaBasicExecutionRole-20cb299b-56e3-4e01-8dfa-5272cf36e044;iam_customer_attached_policy_no_administrative_privileges;False;AWSLambdaBasicExecutionRole-20cb299b-56e3-4e01-8dfa-5272cf36e044;FFIEC;FFIEC Cybersecurity Assessment Tool framework;
aws;In light of the increasing volume and sophistication of cyber threats, the Federal Financial Institutions Examination Council (FFIEC) developed the Cybersecurity Assessment Tool (Assessment), on behalf of its members, to help institutions identify their risks and determine their cybersecurity maturity.;858573892697;us-east-1;2026-09-19 09:30:34.148196;d3-pc-am-b-6;Identification and authentication are required and managed for access to systems, applications, and hardware.;Cybersecurity Controls (Domain 3);Preventative Controls (PC);;aws;;PASS;Custom policy AWSLambdaBasicExecutionRole-20cb299b-56e3-4e01-8dfa-5272cf36e044 is attached but does not allow '*:*' administrative privileges.;arn:aws:iam::858573892697:policy/service-role/AWSLambdaBasicExecutionRole-20cb299b-56e3-4e01-8dfa-5272cf36e044;iam_customer_attached_policy_no_administrative_privileges;False;AWSLambdaBasicExecutionRole-20cb299b-56e3-4e01-8dfa-5272cf36e044;FFIEC;FFIEC Cybersecurity Assessment Tool framework;
aws;In light of the increasing volume and sophistication of cyber threats, the Federal Financial Institutions Examination Council (FFIEC) developed the Cybersecurity Assessment Tool (Assessment), on behalf of its members, to help institutions identify their risks and determine their cybersecurity maturity.;858573892697;us-east-1;2026-09-19 09:30:34.148196;d3-pc-im-b-7;Access to make changes to systems configurations (including virtual machines and hypervisors) is controlled and monitored.;Cybersecurity Controls (Domain 3);Preventative Controls (PC);;aws;;PASS;Custom policy AWSLambdaBasicExecutionRole-20cb299b-56e3-4e01-8dfa-5272cf36e044 is attached but does not allow '*:*' administrative privileges.;arn:aws:iam::858573892697:policy/service-role/AWSLambdaBasicExecutionRole-20cb299b-56e3-4e01-8dfa-5272cf36e044;iam_customer_attached_policy_no_administrative_privileges;False;AWSLambdaBasicExecutionRole-20cb299b-56e3-4e01-8dfa-5272cf36e044;FFIEC;FFIEC Cybersecurity Assessment Tool framework;
aws;In light of the increasing volume and sophistication of cyber threats, the Federal Financial Institutions Examination Council (FFIEC) developed the Cybersecurity Assessment Tool (Assessment), on behalf of its members, to help institutions identify their risks and determine their cybersecurity maturity.;858573892697;us-east-1;2026-09-19 09:30:34.148196;d3-pc-am-b-1;Employee access is granted to systems and confidential data based on job responsibilities and the principles of least privilege.;Cybersecurity Controls (Domain 3);Preventative Controls (PC);;aws;;PASS;Custom policy AWSLambdaBasicExecutionRole-59081244-3520-408e-ae00-4303bff1f475 is attached but does not allow '*:*' administrative privileges.;arn:aws:iam::858573892697:policy/service-role/AWSLambdaBasicExecutionRole-59081244-3520-408e-ae00-4303bff1f475;iam_customer_attached_policy_no_administrative_privileges;False;AWSLambdaBasicExecutionRole-59081244-3520-408e-ae00-4303bff1f475;FFIEC;FFIEC Cybersecurity Assessment Tool framework;
aws;In light of the increasing volume and sophistication of cyber threats, the Federal Financial Institutions Examination Council (FFIEC) developed the Cybersecurity Assessment Tool (Assessment), on behalf of its members, to help institutions identify their risks and determine their cybersecurity maturity.;858573892697;us-east-1;2026-09-19 09:30:34.148196;d3-pc-am-b-16;Administrative, physical, or technical controls are in place to prevent users without administrative responsibilities from installing unauthorized software.;Cybersecurity Controls (Domain 3);Preventative Controls (PC);;aws;;PASS;Custom policy AWSLambdaBasicExecutionRole-59081244-3520-408e-ae00-4303bff1f475 is attached but does not allow '*:*' administrative privileges.;arn:aws:iam::858573892697:policy/service-role/AWSLambdaBasicExecutionRole-59081244-3520-408e-ae00-4303bff1f475;iam_customer_attached_policy_no_administrative_privileges;False;AWSLambdaBasicExecutionRole-59081244-3520-408e-ae00-4303bff1f475;FFIEC;FFIEC Cybersecurity Assessment Tool framework;
aws;In light of the increasing volume and sophistication of cyber threats, the Federal Financial Institutions Examination Council (FFIEC) developed the Cybersecurity Assessment Tool (Assessment), on behalf of its members, to help institutions identify their risks and determine their cybersecurity maturity.;858573892697;us-east-1;2026-09-19 09:30:34.148196;d3-pc-am-b-2;Employee access to systems and confidential data provides for separation of duties.;Cybersecurity Controls (Domain 3);Preventative Controls (PC);;aws;;PASS;Custom policy AWSLambdaBasicExecutionRole-59081244-3520-408e-ae00-4303bff1f475 is attached but does not allow '*:*' administrative privileges.;arn:aws:iam::858573892697:policy/service-role/AWSLambdaBasicExecutionRole-59081244-3520-408e-ae00-4303bff1f475;iam_customer_attached_policy_no_administrative_privileges;False;AWSLambdaBasicExecutionRole-59081244-3520-408e-ae00-4303bff1f475;FFIEC;FFIEC Cybersecurity Assessment Tool framework;
aws;In light of the increasing volume and sophistication of cyber threats, the Federal Financial Institutions Examination Council (FFIEC) developed the Cybersecurity Assessment Tool (Assessment), on behalf of its members, to help institutions identify their risks and determine their cybersecurity maturity.;858573892697;us-east-1;2026-09-19 09:30:34.148196;d3-pc-am-b-3;Elevated privileges (e.g., administrator privileges) are limited and tightly controlled (e.g., assigned to individuals, not shared, and require stronger password controls;Cybersecurity Controls (Domain 3);Preventative Controls (PC);;aws;;PASS;Custom policy AWSLambdaBasicExecutionRole-59081244-3520-408e-ae00-4303bff1f475 is attached but does not allow '*:*' administrative privileges.;arn:aws:iam::858573892697:policy/service-role/AWSLambdaBasicExecutionRole-59081244-3520-408e-ae00-4303bff1f475;iam_customer_attached_policy_no_administrative_privileges;False;AWSLambdaBasicExecutionRole-59081244-3520-408e-ae00-4303bff1f475;FFIEC;FFIEC Cybersecurity Assessment Tool framework;
aws;In light of the increasing volume and sophistication of cyber threats, the Federal Financial Institutions Examination Council (FFIEC) developed the Cybersecurity Assessment Tool (Assessment), on behalf of its members, to help institutions identify their risks and determine their cybersecurity maturity.;858573892697;us-east-1;2026-09-19 09:30:34.148196;d3-pc-am-b-6;Identification and authentication are required and managed for access to systems, applications, and hardware.;Cybersecurity Controls (Domain 3);Preventative Controls (PC);;aws;;PASS;Custom policy AWSLambdaBasicExecutionRole-59081244-3520-408e-ae00-4303bff1f475 is attached but does not allow '*:*' administrative privileges.;arn:aws:iam::858573892697:policy/service-role/AWSLambdaBasicExecutionRole-59081244-3520-408e-ae00-4303bff1f475;iam_customer_attached_policy_no_administrative_privileges;False;AWSLambdaBasicExecutionRole-59081244-3520-408e-ae00-4303bff1f475;FFIEC;FFIEC Cybersecurity Assessment Tool framework;
aws;In light of the increasing volume and sophistication of cyber threats, the Federal Financial Institutions Examination Council (FFIEC) developed the Cybersecurity Assessment Tool (Assessment), on behalf of its members, to help institutions identify their risks and determine their cybersecurity maturity.;858573892697;us-east-1;2026-09-19 09:30:34.148196;d3-pc-im-b-7;Access to make changes to systems configurations (including virtual machines and hypervisors) is controlled and monitored.;Cybersecurity Controls (Domain 3);Preventative Controls (PC);;aws;;PASS;Custom policy AWSLambdaBasicExecutionRole-59081244-3520-408e-ae00-4303bff1f475 is attached but does not allow '*:*' administrative privileges.;arn:aws:iam::858573892697:policy/service-role/AWSLambdaBasicExecutionRole-59081244-3520-408e-ae00-4303bff1f475;iam_customer_attached_policy_no_administrative_privileges;False;AWSLambdaBasicExecutionRole-59081244-3520-408e-ae00-4303bff1f475;FFIEC;FFIEC Cybersecurity Assessment Tool framework;
aws;In light of the increasing volume and sophistication of cyber threats, the Federal Financial Institutions Examination Council (FFIEC) developed the Cybersecurity Assessment Tool (Assessment), on behalf of its members, to help institutions identify their risks and determine their cybersecurity maturity.;858573892697;us-east-1;2026-09-19 09:30:34.148196;d3-pc-am-b-1;Employee access is granted to systems and confidential data based on job responsibilities and the principles of least privilege.;Cybersecurity Controls (Domain 3);Preventative Controls (PC);;aws;;PASS;Custom policy Amazon_EventBridge_Invoke_Lambda_1966832455 is attached but does not allow '*:*' administrative privileges.;arn:aws:iam::858573892697:policy/service-role/Amazon_EventBridge_Invoke_Lambda_1966832455;iam_customer_attached_policy_no_administrative_privileges;False;Amazon_EventBridge_Invoke_Lambda_1966832455;FFIEC;FFIEC Cybersecurity Assessment Tool framework;
aws;In light of the increasing volume and sophistication of cyber threats, the Federal Financial Institutions Examination Council (FFIEC) developed the Cybersecurity Assessment Tool (Assessment), on behalf of its members, to help institutions identify their risks and determine their cybersecurity maturity.;858573892697;us-east-1;2026-09-19 09:30:34.148196;d3-pc-am-b-16;Administrative, physical, or technical controls are in place to prevent users without administrative responsibilities from installing unauthorized software.;Cybersecurity Controls (Domain 3);Preventative Controls (PC);;aws;;PASS;Custom policy Amazon_EventBridge_Invoke_Lambda_1966832455 is attached but does not allow '*:*' administrative privileges.;arn:aws:iam::858573892697:policy/service-role/Amazon_EventBridge_Invoke_Lambda_1966832455;iam_customer_attached_policy_no_administrative_privileges;False;Amazon_EventBridge_Invoke_Lambda_1966832455;FFIEC;FFIEC Cybersecurity Assessment Tool framework;
aws;In light of the increasing volume and sophistication of cyber threats, the Federal Financial Institutions Examination Council (FFIEC) developed the Cybersecurity Assessment Tool (Assessment), on behalf of its members, to help institutions identify their risks and determine their cybersecurity maturity.;858573892697;us-east-1;2026-09-19 09:30:34.148196;d3-pc-am-b-2;Employee access to systems and confidential data provides for separation of duties.;Cybersecurity Controls (Domain 3);Preventative Controls (PC);;aws;;PASS;Custom policy Amazon_EventBridge_Invoke_Lambda_1966832455 is attached but does not allow '*:*' administrative privileges.;arn:aws:iam::858573892697:policy/service-role/Amazon_EventBridge_Invoke_Lambda_1966832455;iam_customer_attached_policy_no_administrative_privileges;False;Amazon_EventBridge_Invoke_Lambda_1966832455;FFIEC;FFIEC Cybersecurity Assessment Tool framework;
aws;In light of the increasing volume and sophistication of cyber threats, the Federal Financial Institutions Examination Council (FFIEC) developed the Cybersecurity Assessment Tool (Assessment), on behalf of its members, to help institutions identify their risks and determine their cybersecurity maturity.;858573892697;us-east-1;2026-09-19 09:30:34.148196;d3-pc-am-b-3;Elevated privileges (e.g., administrator privileges) are limited and tightly controlled (e.g., assigned to individuals, not shared, and require stronger password controls;Cybersecurity Controls (Domain 3);Preventative Controls (PC);;aws;;PASS;Custom policy Amazon_EventBridge_Invoke_Lambda_1966832455 is attached but does not allow '*:*' administrative privileges.;arn:aws:iam::858573892697:policy/service-role/Amazon_EventBridge_Invoke_Lambda_1966832455;iam_customer_attached_policy_no_administrative_privileges;False;Amazon_EventBridge_Invoke_Lambda_1966832455;FFIEC;FFIEC Cybersecurity Assessment Tool framework;
aws;In light of the increasing volume and sophistication of cyber threats, the Federal Financial Institutions Examination Council (FFIEC) developed the Cybersecurity Assessment Tool (Assessment), on behalf of its members, to help institutions identify their risks and determine their cybersecurity maturity.;858573892697;us-east-1;2026-09-19 09:30:34.148196;d3-pc-am-b-6;Identification and authentication are required and managed for access to systems, applications, and hardware.;Cybersecurity Controls (Domain 3);Preventative Controls (PC);;aws;;PASS;Custom policy Amazon_EventBridge_Invoke_Lambda_1966832455 is attached but does not allow '*:*' administrative privileges.;arn:aws:iam::858573892697:policy/service-role/Amazon_EventBridge_Invoke_Lambda_1966832455;iam_customer_attached_policy_no_administrative_privileges;False;Amazon_EventBridge_Invoke_Lambda_1966832455;FFIEC;FFIEC Cybersecurity Assessment Tool framework;
aws;In light of the increasing volume and sophistication of cyber threats, the Federal Financial Institutions Examination Council (FFIEC) developed the Cybersecurity Assessment Tool (Assessment), on behalf of its members, to help institutions identify their risks and determine their cybersecurity maturity.;858573892697;us-east-1;2026-09-19 09:30:34.148196;d3-pc-im-b-7;Access to make changes to systems configurations (including virtual machines and hypervisors) is controlled and monitored.;Cybersecurity Controls (Domain 3);Preventative Controls (PC);;aws;;PASS;Custom policy Amazon_EventBridge_Invoke_Lambda_1966832455 is attached but does not allow '*:*' administrative privileges.;arn:aws:iam::858573892697:policy/service-role/Amazon_EventBridge_Invoke_Lambda_1966832455;iam_customer_attached_policy_no_administrative_privileges;False;Amazon_EventBridge_Invoke_Lambda_1966832455;FFIEC;FFIEC Cybersecurity Assessment Tool framework;
aws;In light of the increasing volume and sophistication of cyber threats, the Federal Financial Institutions Examination Council (FFIEC) developed the Cybersecurity Assessment Tool (Assessment), on behalf of its members, to help institutions identify their risks and determine their cybersecurity maturity.;858573892697;us-east-1;2026-09-19 09:30:34.148196;d3-pc-am-b-1;Employee access is granted to systems and confidential data based on job responsibilities and the principles of least privilege.;Cybersecurity Controls (Domain 3);Preventative Controls (PC);;aws;;PASS;Custom policy Amazon_EventBridge_Invoke_Lambda_864756260 is attached but does not allow '*:*' administrative privileges.;arn:aws:iam::858573892697:policy/service-role/Amazon_EventBridge_Invoke_Lambda_864756260;iam_customer_attached_policy_no_administrative_privileges;False;Amazon_EventBridge_Invoke_Lambda_864756260;FFIEC;FFIEC Cybersecurity Assessment Tool framework;
aws;In light of the increasing volume and sophistication of cyber threats, the Federal Financial Institutions Examination Council (FFIEC) developed the Cybersecurity Assessment Tool (Assessment), on behalf of its members, to help institutions identify their risks and determine their cybersecurity maturity.;858573892697;us-east-1;2026-09-19 09:30:34.148196;d3-pc-am-b-16;Administrative, physical, or technical controls are in place to prevent users without administrative responsibilities from installing unauthorized software.;Cybersecurity Controls (Domain 3);Preventative Controls (PC);;aws;;PASS;Custom policy Amazon_EventBridge_Invoke_Lambda_864756260 is attached but does not allow '*:*' administrative privileges.;arn:aws:iam::858573892697:policy/service-role/Amazon_EventBridge_Invoke_Lambda_864756260;iam_customer_attached_policy_no_administrative_privileges;False;Amazon_EventBridge_Invoke_Lambda_864756260;FFIEC;FFIEC Cybersecurity Assessment Tool framework;
aws;In light of the increasing volume and sophistication of cyber threats, the Federal Financial Institutions Examination Council (FFIEC) developed the Cybersecurity Assessment Tool (Assessment), on behalf of its members, to help institutions identify their risks and determine their cybersecurity maturity.;858573892697;us-east-1;2026-09-19 09:30:34.148196;d3-pc-am-b-2;Employee access to systems and confidential data provides for separation of duties.;Cybersecurity Controls (Domain 3);Preventative Controls (PC);;aws;;PASS;Custom policy Amazon_EventBridge_Invoke_Lambda_864756260 is attached but does not allow '*:*' administrative privileges.;arn:aws:iam::858573892697:policy/service-role/Amazon_EventBridge_Invoke_Lambda_864756260;iam_customer_attached_policy_no_administrative_privileges;False;Amazon_EventBridge_Invoke_Lambda_864756260;FFIEC;FFIEC Cybersecurity Assessment Tool framework;
aws;In light of the increasing volume and sophistication of cyber threats, the Federal Financial Institutions Examination Council (FFIEC) developed the Cybersecurity Assessment Tool (Assessment), on behalf of its members, to help institutions identify their risks and determine their cybersecurity maturity.;858573892697;us-east-1;2026-09-19 09:30:34.148196;d3-pc-am-b-3;Elevated privileges (e.g., administrator privileges) are limited and tightly controlled (e.g., assigned to individuals, not shared, and require stronger password controls;Cybersecurity Controls (Domain 3);Preventative Controls (PC);;aws;;PASS;Custom policy Amazon_EventBridge_Invoke_Lambda_864756260 is attached but does not allow '*:*' administrative privileges.;arn:aws:iam::858573892697:policy/service-role/Amazon_EventBridge_Invoke_Lambda_864756260;iam_customer_attached_policy_no_administrative_privileges;False;Amazon_EventBridge_Invoke_Lambda_864756260;FFIEC;FFIEC Cybersecurity Assessment Tool framework;
aws;In light of the increasing volume and sophistication of cyber threats, the Federal Financial Institutions Examination Council (FFIEC) developed the Cybersecurity Assessment Tool (Assessment), on behalf of its members, to help institutions identify their risks and determine their cybersecurity maturity.;858573892697;us-east-1;2026-09-19 09:30:34.148196;d3-pc-am-b-6;Identification and authentication are required and managed for access to systems, applications, and hardware.;Cybersecurity Controls (Domain 3);Preventative Controls (PC);;aws;;PASS;Custom policy Amazon_EventBridge_Invoke_Lambda_864756260 is attached but does not allow '*:*' administrative privileges.;arn:aws:iam::858573892697:policy/service-role/Amazon_EventBridge_Invoke_Lambda_864756260;iam_customer_attached_policy_no_administrative_privileges;False;Amazon_EventBridge_Invoke_Lambda_864756260;FFIEC;FFIEC Cybersecurity Assessment Tool framework;
aws;In light of the increasing volume and sophistication of cyber threats, the Federal Financial Institutions Examination Council (FFIEC) developed the Cybersecurity Assessment Tool (Assessment), on behalf of its members, to help institutions identify their risks and determine their cybersecurity maturity.;858573892697;us-east-1;2026-09-19 09:30:34.148196;d3-pc-im-b-7;Access to make changes to systems configurations (including virtual machines and hypervisors) is controlled and monitored.;Cybersecurity Controls (Domain 3);Preventative Controls (PC);;aws;;PASS;Custom policy Amazon_EventBridge_Invoke_Lambda_864756260 is attached but does not allow '*:*' administrative privileges.;arn:aws:iam::858573892697:policy/service-role/Amazon_EventBridge_Invoke_Lambda_864756260;iam_customer_attached_policy_no_administrative_privileges;False;Amazon_EventBridge_Invoke_Lambda_864756260;FFIEC;FFIEC Cybersecurity Assessment Tool framework;
aws;In light of the increasing volume and sophistication of cyber threats, the Federal Financial Institutions Examination Council (FFIEC) developed the Cybersecurity Assessment Tool (Assessment), on behalf of its members, to help institutions identify their risks and determine their cybersecurity maturity.;858573892697;us-east-1;2026-09-19 09:30:34.148196;d3-pc-am-b-1;Employee access is granted to systems and confidential data based on job responsibilities and the principles of least privilege.;Cybersecurity Controls (Domain 3);Preventative Controls (PC);;aws;;PASS;Custom policy Cloudtrail-CW-access-policy-vaultcloud-trail-1ba6a52c-f889-4356-9afa-d3d1989f71bd is attached but does not allow '*:*' administrative privileges.;arn:aws:iam::858573892697:policy/service-role/Cloudtrail-CW-access-policy-vaultcloud-trail-1ba6a52c-f889-4356-9afa-d3d1989f71bd;iam_customer_attached_policy_no_administrative_privileges;False;Cloudtrail-CW-access-policy-vaultcloud-trail-1ba6a52c-f889-4356-9afa-d3d1989f71bd;FFIEC;FFIEC Cybersecurity Assessment Tool framework;
aws;In light of the increasing volume and sophistication of cyber threats, the Federal Financial Institutions Examination Council (FFIEC) developed the Cybersecurity Assessment Tool (Assessment), on behalf of its members, to help institutions identify their risks and determine their cybersecurity maturity.;858573892697;us-east-1;2026-09-19 09:30:34.148196;d3-pc-am-b-16;Administrative, physical, or technical controls are in place to prevent users without administrative responsibilities from installing unauthorized software.;Cybersecurity Controls (Domain 3);Preventative Controls (PC);;aws;;PASS;Custom policy Cloudtrail-CW-access-policy-vaultcloud-trail-1ba6a52c-f889-4356-9afa-d3d1989f71bd is attached but does not allow '*:*' administrative privileges.;arn:aws:iam::858573892697:policy/service-role/Cloudtrail-CW-access-policy-vaultcloud-trail-1ba6a52c-f889-4356-9afa-d3d1989f71bd;iam_customer_attached_policy_no_administrative_privileges;False;Cloudtrail-CW-access-policy-vaultcloud-trail-1ba6a52c-f889-4356-9afa-d3d1989f71bd;FFIEC;FFIEC Cybersecurity Assessment Tool framework;
aws;In light of the increasing volume and sophistication of cyber threats, the Federal Financial Institutions Examination Council (FFIEC) developed the Cybersecurity Assessment Tool (Assessment), on behalf of its members, to help institutions identify their risks and determine their cybersecurity maturity.;858573892697;us-east-1;2026-09-19 09:30:34.148196;d3-pc-am-b-2;Employee access to systems and confidential data provides for separation of duties.;Cybersecurity Controls (Domain 3);Preventative Controls (PC);;aws;;PASS;Custom policy Cloudtrail-CW-access-policy-vaultcloud-trail-1ba6a52c-f889-4356-9afa-d3d1989f71bd is attached but does not allow '*:*' administrative privileges.;arn:aws:iam::858573892697:policy/service-role/Cloudtrail-CW-access-policy-vaultcloud-trail-1ba6a52c-f889-4356-9afa-d3d1989f71bd;iam_customer_attached_policy_no_administrative_privileges;False;Cloudtrail-CW-access-policy-vaultcloud-trail-1ba6a52c-f889-4356-9afa-d3d1989f71bd;FFIEC;FFIEC Cybersecurity Assessment Tool framework;
aws;In light of the increasing volume and sophistication of cyber threats, the Federal Financial Institutions Examination Council (FFIEC) developed the Cybersecurity Assessment Tool (Assessment), on behalf of its members, to help institutions identify their risks and determine their cybersecurity maturity.;858573892697;us-east-1;2026-09-19 09:30:34.148196;d3-pc-am-b-3;Elevated privileges (e.g., administrator privileges) are limited and tightly controlled (e.g., assigned to individuals, not shared, and require stronger password controls;Cybersecurity Controls (Domain 3);Preventative Controls (PC);;aws;;PASS;Custom policy Cloudtrail-CW-access-policy-vaultcloud-trail-1ba6a52c-f889-4356-9afa-d3d1989f71bd is attached but does not allow '*:*' administrative privileges.;arn:aws:iam::858573892697:policy/service-role/Cloudtrail-CW-access-policy-vaultcloud-trail-1ba6a52c-f889-4356-9afa-d3d1989f71bd;iam_customer_attached_policy_no_administrative_privileges;False;Cloudtrail-CW-access-policy-vaultcloud-trail-1ba6a52c-f889-4356-9afa-d3d1989f71bd;FFIEC;FFIEC Cybersecurity Assessment Tool framework;
aws;In light of the increasing volume and sophistication of cyber threats, the Federal Financial Institutions Examination Council (FFIEC) developed the Cybersecurity Assessment Tool (Assessment), on behalf of its members, to help institutions identify their risks and determine their cybersecurity maturity.;858573892697;us-east-1;2026-09-19 09:30:34.148196;d3-pc-am-b-6;Identification and authentication are required and managed for access to systems, applications, and hardware.;Cybersecurity Controls (Domain 3);Preventative Controls (PC);;aws;;PASS;Custom policy Cloudtrail-CW-access-policy-vaultcloud-trail-1ba6a52c-f889-4356-9afa-d3d1989f71bd is attached but does not allow '*:*' administrative privileges.;arn:aws:iam::858573892697:policy/service-role/Cloudtrail-CW-access-policy-vaultcloud-trail-1ba6a52c-f889-4356-9afa-d3d1989f71bd;iam_customer_attached_policy_no_administrative_privileges;False;Cloudtrail-CW-access-policy-vaultcloud-trail-1ba6a52c-f889-4356-9afa-d3d1989f71bd;FFIEC;FFIEC Cybersecurity Assessment Tool framework;
aws;In light of the increasing volume and sophistication of cyber threats, the Federal Financial Institutions Examination Council (FFIEC) developed the Cybersecurity Assessment Tool (Assessment), on behalf of its members, to help institutions identify their risks and determine their cybersecurity maturity.;858573892697;us-east-1;2026-09-19 09:30:34.148196;d3-pc-im-b-7;Access to make changes to systems configurations (including virtual machines and hypervisors) is controlled and monitored.;Cybersecurity Controls (Domain 3);Preventative Controls (PC);;aws;;PASS;Custom policy Cloudtrail-CW-access-policy-vaultcloud-trail-1ba6a52c-f889-4356-9afa-d3d1989f71bd is attached but does not allow '*:*' administrative privileges.;arn:aws:iam::858573892697:policy/service-role/Cloudtrail-CW-access-policy-vaultcloud-trail-1ba6a52c-f889-4356-9afa-d3d1989f71bd;iam_customer_attached_policy_no_administrative_privileges;False;Cloudtrail-CW-access-policy-vaultcloud-trail-1ba6a52c-f889-4356-9afa-d3d1989f71bd;FFIEC;FFIEC Cybersecurity Assessment Tool framework;
aws;In light of the increasing volume and sophistication of cyber threats, the Federal Financial Institutions Examination Council (FFIEC) developed the Cybersecurity Assessment Tool (Assessment), on behalf of its members, to help institutions identify their risks and determine their cybersecurity maturity.;858573892697;us-east-1;2026-09-19 09:30:34.148196;d3-pc-am-b-1;Employee access is granted to systems and confidential data based on job responsibilities and the principles of least privilege.;Cybersecurity Controls (Domain 3);Preventative Controls (PC);;aws;;PASS;Custom policy Amazon_EventBridge_Invoke_Lambda_1070163897 is attached but does not allow '*:*' administrative privileges.;arn:aws:iam::858573892697:policy/service-role/Amazon_EventBridge_Invoke_Lambda_1070163897;iam_customer_attached_policy_no_administrative_privileges;False;Amazon_EventBridge_Invoke_Lambda_1070163897;FFIEC;FFIEC Cybersecurity Assessment Tool framework;
aws;In light of the increasing volume and sophistication of cyber threats, the Federal Financial Institutions Examination Council (FFIEC) developed the Cybersecurity Assessment Tool (Assessment), on behalf of its members, to help institutions identify their risks and determine their cybersecurity maturity.;858573892697;us-east-1;2026-09-19 09:30:34.148196;d3-pc-am-b-16;Administrative, physical, or technical controls are in place to prevent users without administrative responsibilities from installing unauthorized software.;Cybersecurity Controls (Domain 3);Preventative Controls (PC);;aws;;PASS;Custom policy Amazon_EventBridge_Invoke_Lambda_1070163897 is attached but does not allow '*:*' administrative privileges.;arn:aws:iam::858573892697:policy/service-role/Amazon_EventBridge_Invoke_Lambda_1070163897;iam_customer_attached_policy_no_administrative_privileges;False;Amazon_EventBridge_Invoke_Lambda_1070163897;FFIEC;FFIEC Cybersecurity Assessment Tool framework;
aws;In light of the increasing volume and sophistication of cyber threats, the Federal Financial Institutions Examination Council (FFIEC) developed the Cybersecurity Assessment Tool (Assessment), on behalf of its members, to help institutions identify their risks and determine their cybersecurity maturity.;858573892697;us-east-1;2026-09-19 09:30:34.148196;d3-pc-am-b-2;Employee access to systems and confidential data provides for separation of duties.;Cybersecurity Controls (Domain 3);Preventative Controls (PC);;aws;;PASS;Custom policy Amazon_EventBridge_Invoke_Lambda_1070163897 is attached but does not allow '*:*' administrative privileges.;arn:aws:iam::858573892697:policy/service-role/Amazon_EventBridge_Invoke_Lambda_1070163897;iam_customer_attached_policy_no_administrative_privileges;False;Amazon_EventBridge_Invoke_Lambda_1070163897;FFIEC;FFIEC Cybersecurity Assessment Tool framework;
aws;In light of the increasing volume and sophistication of cyber threats, the Federal Financial Institutions Examination Council (FFIEC) developed the Cybersecurity Assessment Tool (Assessment), on behalf of its members, to help institutions identify their risks and determine their cybersecurity maturity.;858573892697;us-east-1;2026-09-19 09:30:34.148196;d3-pc-am-b-3;Elevated privileges (e.g., administrator privileges) are limited and tightly controlled (e.g., assigned to individuals, not shared, and require stronger password controls;Cybersecurity Controls (Domain 3);Preventative Controls (PC);;aws;;PASS;Custom policy Amazon_EventBridge_Invoke_Lambda_1070163897 is attached but does not allow '*:*' administrative privileges.;arn:aws:iam::858573892697:policy/service-role/Amazon_EventBridge_Invoke_Lambda_1070163897;iam_customer_attached_policy_no_administrative_privileges;False;Amazon_EventBridge_Invoke_Lambda_1070163897;FFIEC;FFIEC Cybersecurity Assessment Tool framework;
aws;In light of the increasing volume and sophistication of cyber threats, the Federal Financial Institutions Examination Council (FFIEC) developed the Cybersecurity Assessment Tool (Assessment), on behalf of its members, to help institutions identify their risks and determine their cybersecurity maturity.;858573892697;us-east-1;2026-09-19 09:30:34.148196;d3-pc-am-b-6;Identification and authentication are required and managed for access to systems, applications, and hardware.;Cybersecurity Controls (Domain 3);Preventative Controls (PC);;aws;;PASS;Custom policy Amazon_EventBridge_Invoke_Lambda_1070163897 is attached but does not allow '*:*' administrative privileges.;arn:aws:iam::858573892697:policy/service-role/Amazon_EventBridge_Invoke_Lambda_1070163897;iam_customer_attached_policy_no_administrative_privileges;False;Amazon_EventBridge_Invoke_Lambda_1070163897;FFIEC;FFIEC Cybersecurity Assessment Tool framework;
aws;In light of the increasing volume and sophistication of cyber threats, the Federal Financial Institutions Examination Council (FFIEC) developed the Cybersecurity Assessment Tool (Assessment), on behalf of its members, to help institutions identify their risks and determine their cybersecurity maturity.;858573892697;us-east-1;2026-09-19 09:30:34.148196;d3-pc-im-b-7;Access to make changes to systems configurations (including virtual machines and hypervisors) is controlled and monitored.;Cybersecurity Controls (Domain 3);Preventative Controls (PC);;aws;;PASS;Custom policy Amazon_EventBridge_Invoke_Lambda_1070163897 is attached but does not allow '*:*' administrative privileges.;arn:aws:iam::858573892697:policy/service-role/Amazon_EventBridge_Invoke_Lambda_1070163897;iam_customer_attached_policy_no_administrative_privileges;False;Amazon_EventBridge_Invoke_Lambda_1070163897;FFIEC;FFIEC Cybersecurity Assessment Tool framework;
aws;In light of the increasing volume and sophistication of cyber threats, the Federal Financial Institutions Examination Council (FFIEC) developed the Cybersecurity Assessment Tool (Assessment), on behalf of its members, to help institutions identify their risks and determine their cybersecurity maturity.;858573892697;us-east-1;2026-09-19 09:30:34.148196;d3-pc-am-b-1;Employee access is granted to systems and confidential data based on job responsibilities and the principles of least privilege.;Cybersecurity Controls (Domain 3);Preventative Controls (PC);;aws;;PASS;Inline policy AssumeExecutionRolePermissions attached to role AWS-QuickSetup-SSM-LocalAdministrationRole does not allow '*:*' administrative privileges.;arn:aws:iam::858573892697:role/AWS-QuickSetup-SSM-LocalAdministrationRole;iam_inline_policy_no_administrative_privileges;False;AWS-QuickSetup-SSM-LocalAdministrationRole/AssumeExecutionRolePermissions;FFIEC;FFIEC Cybersecurity Assessment Tool framework;
aws;In light of the increasing volume and sophistication of cyber threats, the Federal Financial Institutions Examination Council (FFIEC) developed the Cybersecurity Assessment Tool (Assessment), on behalf of its members, to help institutions identify their risks and determine their cybersecurity maturity.;858573892697;us-east-1;2026-09-19 09:30:34.148196;d3-pc-am-b-16;Administrative, physical, or technical controls are in place to prevent users without administrative responsibilities from installing unauthorized software.;Cybersecurity Controls (Domain 3);Preventative Controls (PC);;aws;;PASS;Inline policy AssumeExecutionRolePermissions attached to role AWS-QuickSetup-SSM-LocalAdministrationRole does not allow '*:*' administrative privileges.;arn:aws:iam::858573892697:role/AWS-QuickSetup-SSM-LocalAdministrationRole;iam_inline_policy_no_administrative_privileges;False;AWS-QuickSetup-SSM-LocalAdministrationRole/AssumeExecutionRolePermissions;FFIEC;FFIEC Cybersecurity Assessment Tool framework;
aws;In light of the increasing volume and sophistication of cyber threats, the Federal Financial Institutions Examination Council (FFIEC) developed the Cybersecurity Assessment Tool (Assessment), on behalf of its members, to help institutions identify their risks and determine their cybersecurity maturity.;858573892697;us-east-1;2026-09-19 09:30:34.148196;d3-pc-am-b-2;Employee access to systems and confidential data provides for separation of duties.;Cybersecurity Controls (Domain 3);Preventative Controls (PC);;aws;;PASS;Inline policy AssumeExecutionRolePermissions attached to role AWS-QuickSetup-SSM-LocalAdministrationRole does not allow '*:*' administrative privileges.;arn:aws:iam::858573892697:role/AWS-QuickSetup-SSM-LocalAdministrationRole;iam_inline_policy_no_administrative_privileges;False;AWS-QuickSetup-SSM-LocalAdministrationRole/AssumeExecutionRolePermissions;FFIEC;FFIEC Cybersecurity Assessment Tool framework;
aws;In light of the increasing volume and sophistication of cyber threats, the Federal Financial Institutions Examination Council (FFIEC) developed the Cybersecurity Assessment Tool (Assessment), on behalf of its members, to help institutions identify their risks and determine their cybersecurity maturity.;858573892697;us-east-1;2026-09-19 09:30:34.148196;d3-pc-am-b-3;Elevated privileges (e.g., administrator privileges) are limited and tightly controlled (e.g., assigned to individuals, not shared, and require stronger password controls;Cybersecurity Controls (Domain 3);Preventative Controls (PC);;aws;;PASS;Inline policy AssumeExecutionRolePermissions attached to role AWS-QuickSetup-SSM-LocalAdministrationRole does not allow '*:*' administrative privileges.;arn:aws:iam::858573892697:role/AWS-QuickSetup-SSM-LocalAdministrationRole;iam_inline_policy_no_administrative_privileges;False;AWS-QuickSetup-SSM-LocalAdministrationRole/AssumeExecutionRolePermissions;FFIEC;FFIEC Cybersecurity Assessment Tool framework;
aws;In light of the increasing volume and sophistication of cyber threats, the Federal Financial Institutions Examination Council (FFIEC) developed the Cybersecurity Assessment Tool (Assessment), on behalf of its members, to help institutions identify their risks and determine their cybersecurity maturity.;858573892697;us-east-1;2026-09-19 09:30:34.148196;d3-pc-am-b-6;Identification and authentication are required and managed for access to systems, applications, and hardware.;Cybersecurity Controls (Domain 3);Preventative Controls (PC);;aws;;PASS;Inline policy AssumeExecutionRolePermissions attached to role AWS-QuickSetup-SSM-LocalAdministrationRole does not allow '*:*' administrative privileges.;arn:aws:iam::858573892697:role/AWS-QuickSetup-SSM-LocalAdministrationRole;iam_inline_policy_no_administrative_privileges;False;AWS-QuickSetup-SSM-LocalAdministrationRole/AssumeExecutionRolePermissions;FFIEC;FFIEC Cybersecurity Assessment Tool framework;
aws;In light of the increasing volume and sophistication of cyber threats, the Federal Financial Institutions Examination Council (FFIEC) developed the Cybersecurity Assessment Tool (Assessment), on behalf of its members, to help institutions identify their risks and determine their cybersecurity maturity.;858573892697;us-east-1;2026-09-19 09:30:34.148196;d3-pc-im-b-7;Access to make changes to systems configurations (including virtual machines and hypervisors) is controlled and monitored.;Cybersecurity Controls (Domain 3);Preventative Controls (PC);;aws;;PASS;Inline policy AssumeExecutionRolePermissions attached to role AWS-QuickSetup-SSM-LocalAdministrationRole does not allow '*:*' administrative privileges.;arn:aws:iam::858573892697:role/AWS-QuickSetup-SSM-LocalAdministrationRole;iam_inline_policy_no_administrative_privileges;False;AWS-QuickSetup-SSM-LocalAdministrationRole/AssumeExecutionRolePermissions;FFIEC;FFIEC Cybersecurity Assessment Tool framework;
aws;In light of the increasing volume and sophistication of cyber threats, the Federal Financial Institutions Examination Council (FFIEC) developed the Cybersecurity Assessment Tool (Assessment), on behalf of its members, to help institutions identify their risks and determine their cybersecurity maturity.;858573892697;us-east-1;2026-09-19 09:30:34.148196;d3-pc-am-b-1;Employee access is granted to systems and confidential data based on job responsibilities and the principles of least privilege.;Cybersecurity Controls (Domain 3);Preventative Controls (PC);;aws;;PASS;Inline policy S3PublicAccessRemediationPolicy attached to role security-remediation-s3-public-role-2v0hi21k does not allow '*:*' administrative privileges.;arn:aws:iam::858573892697:role/service-role/security-remediation-s3-public-role-2v0hi21k;iam_inline_policy_no_administrative_privileges;False;security-remediation-s3-public-role-2v0hi21k/S3PublicAccessRemediationPolicy;FFIEC;FFIEC Cybersecurity Assessment Tool framework;
aws;In light of the increasing volume and sophistication of cyber threats, the Federal Financial Institutions Examination Council (FFIEC) developed the Cybersecurity Assessment Tool (Assessment), on behalf of its members, to help institutions identify their risks and determine their cybersecurity maturity.;858573892697;us-east-1;2026-09-19 09:30:34.148196;d3-pc-am-b-16;Administrative, physical, or technical controls are in place to prevent users without administrative responsibilities from installing unauthorized software.;Cybersecurity Controls (Domain 3);Preventative Controls (PC);;aws;;PASS;Inline policy S3PublicAccessRemediationPolicy attached to role security-remediation-s3-public-role-2v0hi21k does not allow '*:*' administrative privileges.;arn:aws:iam::858573892697:role/service-role/security-remediation-s3-public-role-2v0hi21k;iam_inline_policy_no_administrative_privileges;False;security-remediation-s3-public-role-2v0hi21k/S3PublicAccessRemediationPolicy;FFIEC;FFIEC Cybersecurity Assessment Tool framework;
aws;In light of the increasing volume and sophistication of cyber threats, the Federal Financial Institutions Examination Council (FFIEC) developed the Cybersecurity Assessment Tool (Assessment), on behalf of its members, to help institutions identify their risks and determine their cybersecurity maturity.;858573892697;us-east-1;2026-09-19 09:30:34.148196;d3-pc-am-b-2;Employee access to systems and confidential data provides for separation of duties.;Cybersecurity Controls (Domain 3);Preventative Controls (PC);;aws;;PASS;Inline policy S3PublicAccessRemediationPolicy attached to role security-remediation-s3-public-role-2v0hi21k does not allow '*:*' administrative privileges.;arn:aws:iam::858573892697:role/service-role/security-remediation-s3-public-role-2v0hi21k;iam_inline_policy_no_administrative_privileges;False;security-remediation-s3-public-role-2v0hi21k/S3PublicAccessRemediationPolicy;FFIEC;FFIEC Cybersecurity Assessment Tool framework;
aws;In light of the increasing volume and sophistication of cyber threats, the Federal Financial Institutions Examination Council (FFIEC) developed the Cybersecurity Assessment Tool (Assessment), on behalf of its members, to help institutions identify their risks and determine their cybersecurity maturity.;858573892697;us-east-1;2026-09-19 09:30:34.148196;d3-pc-am-b-3;Elevated privileges (e.g., administrator privileges) are limited and tightly controlled (e.g., assigned to individuals, not shared, and require stronger password controls;Cybersecurity Controls (Domain 3);Preventative Controls (PC);;aws;;PASS;Inline policy S3PublicAccessRemediationPolicy attached to role security-remediation-s3-public-role-2v0hi21k does not allow '*:*' administrative privileges.;arn:aws:iam::858573892697:role/service-role/security-remediation-s3-public-role-2v0hi21k;iam_inline_policy_no_administrative_privileges;False;security-remediation-s3-public-role-2v0hi21k/S3PublicAccessRemediationPolicy;FFIEC;FFIEC Cybersecurity Assessment Tool framework;
aws;In light of the increasing volume and sophistication of cyber threats, the Federal Financial Institutions Examination Council (FFIEC) developed the Cybersecurity Assessment Tool (Assessment), on behalf of its members, to help institutions identify their risks and determine their cybersecurity maturity.;858573892697;us-east-1;2026-09-19 09:30:34.148196;d3-pc-am-b-6;Identification and authentication are required and managed for access to systems, applications, and hardware.;Cybersecurity Controls (Domain 3);Preventative Controls (PC);;aws;;PASS;Inline policy S3PublicAccessRemediationPolicy attached to role security-remediation-s3-public-role-2v0hi21k does not allow '*:*' administrative privileges.;arn:aws:iam::858573892697:role/service-role/security-remediation-s3-public-role-2v0hi21k;iam_inline_policy_no_administrative_privileges;False;security-remediation-s3-public-role-2v0hi21k/S3PublicAccessRemediationPolicy;FFIEC;FFIEC Cybersecurity Assessment Tool framework;
aws;In light of the increasing volume and sophistication of cyber threats, the Federal Financial Institutions Examination Council (FFIEC) developed the Cybersecurity Assessment Tool (Assessment), on behalf of its members, to help institutions identify their risks and determine their cybersecurity maturity.;858573892697;us-east-1;2026-09-19 09:30:34.148196;d3-pc-im-b-7;Access to make changes to systems configurations (including virtual machines and hypervisors) is controlled and monitored.;Cybersecurity Controls (Domain 3);Preventative Controls (PC);;aws;;PASS;Inline policy S3PublicAccessRemediationPolicy attached to role security-remediation-s3-public-role-2v0hi21k does not allow '*:*' administrative privileges.;arn:aws:iam::858573892697:role/service-role/security-remediation-s3-public-role-2v0hi21k;iam_inline_policy_no_administrative_privileges;False;security-remediation-s3-public-role-2v0hi21k/S3PublicAccessRemediationPolicy;FFIEC;FFIEC Cybersecurity Assessment Tool framework;
aws;In light of the increasing volume and sophistication of cyber threats, the Federal Financial Institutions Examination Council (FFIEC) developed the Cybersecurity Assessment Tool (Assessment), on behalf of its members, to help institutions identify their risks and determine their cybersecurity maturity.;858573892697;us-east-1;2026-09-19 09:30:34.148196;d3-pc-am-b-1;Employee access is granted to systems and confidential data based on job responsibilities and the principles of least privilege.;Cybersecurity Controls (Domain 3);Preventative Controls (PC);;aws;;PASS;Inline policy AssumeExecutionRolePermissions attached to role AWS-QuickSetup-SSM-LocalAdministrationRole does not allow 'aws-marketplace:Subscribe' on all resources.;arn:aws:iam::858573892697:role/AWS-QuickSetup-SSM-LocalAdministrationRole;iam_inline_policy_no_wildcard_marketplace_subscribe;False;AWS-QuickSetup-SSM-LocalAdministrationRole/AssumeExecutionRolePermissions;FFIEC;FFIEC Cybersecurity Assessment Tool framework;
aws;In light of the increasing volume and sophistication of cyber threats, the Federal Financial Institutions Examination Council (FFIEC) developed the Cybersecurity Assessment Tool (Assessment), on behalf of its members, to help institutions identify their risks and determine their cybersecurity maturity.;858573892697;us-east-1;2026-09-19 09:30:34.148196;d3-pc-am-b-1;Employee access is granted to systems and confidential data based on job responsibilities and the principles of least privilege.;Cybersecurity Controls (Domain 3);Preventative Controls (PC);;aws;;PASS;Inline policy S3PublicAccessRemediationPolicy attached to role security-remediation-s3-public-role-2v0hi21k does not allow 'aws-marketplace:Subscribe' on all resources.;arn:aws:iam::858573892697:role/service-role/security-remediation-s3-public-role-2v0hi21k;iam_inline_policy_no_wildcard_marketplace_subscribe;False;security-remediation-s3-public-role-2v0hi21k/S3PublicAccessRemediationPolicy;FFIEC;FFIEC Cybersecurity Assessment Tool framework;
aws;In light of the increasing volume and sophistication of cyber threats, the Federal Financial Institutions Examination Council (FFIEC) developed the Cybersecurity Assessment Tool (Assessment), on behalf of its members, to help institutions identify their risks and determine their cybersecurity maturity.;858573892697;us-east-1;2026-09-19 09:30:34.148196;d3-pc-am-b-1;Employee access is granted to systems and confidential data based on job responsibilities and the principles of least privilege.;Cybersecurity Controls (Domain 3);Preventative Controls (PC);;aws;;PASS;Root account does not have access keys.;arn:aws:iam::858573892697:root;iam_no_root_access_key;False;<root_account>;FFIEC;FFIEC Cybersecurity Assessment Tool framework;
aws;In light of the increasing volume and sophistication of cyber threats, the Federal Financial Institutions Examination Council (FFIEC) developed the Cybersecurity Assessment Tool (Assessment), on behalf of its members, to help institutions identify their risks and determine their cybersecurity maturity.;858573892697;us-east-1;2026-09-19 09:30:34.148196;d3-pc-am-b-3;Elevated privileges (e.g., administrator privileges) are limited and tightly controlled (e.g., assigned to individuals, not shared, and require stronger password controls;Cybersecurity Controls (Domain 3);Preventative Controls (PC);;aws;;PASS;Root account does not have access keys.;arn:aws:iam::858573892697:root;iam_no_root_access_key;False;<root_account>;FFIEC;FFIEC Cybersecurity Assessment Tool framework;
aws;In light of the increasing volume and sophistication of cyber threats, the Federal Financial Institutions Examination Council (FFIEC) developed the Cybersecurity Assessment Tool (Assessment), on behalf of its members, to help institutions identify their risks and determine their cybersecurity maturity.;858573892697;us-east-1;2026-09-19 09:30:34.148196;d3-pc-am-b-8;All default passwords and unnecessary default accounts are changed before system implementation.;Cybersecurity Controls (Domain 3);Preventative Controls (PC);;aws;;PASS;Root account does not have access keys.;arn:aws:iam::858573892697:root;iam_no_root_access_key;False;<root_account>;FFIEC;FFIEC Cybersecurity Assessment Tool framework;
aws;In light of the increasing volume and sophistication of cyber threats, the Federal Financial Institutions Examination Council (FFIEC) developed the Cybersecurity Assessment Tool (Assessment), on behalf of its members, to help institutions identify their risks and determine their cybersecurity maturity.;858573892697;us-east-1;2026-09-19 09:30:34.148196;d3-pc-am-b-6;Identification and authentication are required and managed for access to systems, applications, and hardware.;Cybersecurity Controls (Domain 3);Preventative Controls (PC);;aws;;FAIL;IAM password policy does not require at least one lowercase letter.;arn:aws:iam:us-east-1:858573892697:password-policy;iam_password_policy_lowercase;False;858573892697;FFIEC;FFIEC Cybersecurity Assessment Tool framework;
aws;In light of the increasing volume and sophistication of cyber threats, the Federal Financial Institutions Examination Council (FFIEC) developed the Cybersecurity Assessment Tool (Assessment), on behalf of its members, to help institutions identify their risks and determine their cybersecurity maturity.;858573892697;us-east-1;2026-09-19 09:30:34.148196;d3-pc-am-b-7;Access controls include password complexity and limits to password attempts and reuse.;Cybersecurity Controls (Domain 3);Preventative Controls (PC);;aws;;FAIL;IAM password policy does not require at least one lowercase letter.;arn:aws:iam:us-east-1:858573892697:password-policy;iam_password_policy_lowercase;False;858573892697;FFIEC;FFIEC Cybersecurity Assessment Tool framework;
aws;In light of the increasing volume and sophistication of cyber threats, the Federal Financial Institutions Examination Council (FFIEC) developed the Cybersecurity Assessment Tool (Assessment), on behalf of its members, to help institutions identify their risks and determine their cybersecurity maturity.;858573892697;us-east-1;2026-09-19 09:30:34.148196;d3-pc-am-b-6;Identification and authentication are required and managed for access to systems, applications, and hardware.;Cybersecurity Controls (Domain 3);Preventative Controls (PC);;aws;;FAIL;IAM password policy does not require minimum length of 14 characters.;arn:aws:iam:us-east-1:858573892697:password-policy;iam_password_policy_minimum_length_14;False;858573892697;FFIEC;FFIEC Cybersecurity Assessment Tool framework;
aws;In light of the increasing volume and sophistication of cyber threats, the Federal Financial Institutions Examination Council (FFIEC) developed the Cybersecurity Assessment Tool (Assessment), on behalf of its members, to help institutions identify their risks and determine their cybersecurity maturity.;858573892697;us-east-1;2026-09-19 09:30:34.148196;d3-pc-am-b-7;Access controls include password complexity and limits to password attempts and reuse.;Cybersecurity Controls (Domain 3);Preventative Controls (PC);;aws;;FAIL;IAM password policy does not require minimum length of 14 characters.;arn:aws:iam:us-east-1:858573892697:password-policy;iam_password_policy_minimum_length_14;False;858573892697;FFIEC;FFIEC Cybersecurity Assessment Tool framework;
aws;In light of the increasing volume and sophistication of cyber threats, the Federal Financial Institutions Examination Council (FFIEC) developed the Cybersecurity Assessment Tool (Assessment), on behalf of its members, to help institutions identify their risks and determine their cybersecurity maturity.;858573892697;us-east-1;2026-09-19 09:30:34.148196;d3-pc-am-b-6;Identification and authentication are required and managed for access to systems, applications, and hardware.;Cybersecurity Controls (Domain 3);Preventative Controls (PC);;aws;;PASS;IAM password policy requires at least one number.;arn:aws:iam:us-east-1:858573892697:password-policy;iam_password_policy_number;False;858573892697;FFIEC;FFIEC Cybersecurity Assessment Tool framework;
aws;In light of the increasing volume and sophistication of cyber threats, the Federal Financial Institutions Examination Council (FFIEC) developed the Cybersecurity Assessment Tool (Assessment), on behalf of its members, to help institutions identify their risks and determine their cybersecurity maturity.;858573892697;us-east-1;2026-09-19 09:30:34.148196;d3-pc-am-b-7;Access controls include password complexity and limits to password attempts and reuse.;Cybersecurity Controls (Domain 3);Preventative Controls (PC);;aws;;PASS;IAM password policy requires at least one number.;arn:aws:iam:us-east-1:858573892697:password-policy;iam_password_policy_number;False;858573892697;FFIEC;FFIEC Cybersecurity Assessment Tool framework;
aws;In light of the increasing volume and sophistication of cyber threats, the Federal Financial Institutions Examination Council (FFIEC) developed the Cybersecurity Assessment Tool (Assessment), on behalf of its members, to help institutions identify their risks and determine their cybersecurity maturity.;858573892697;us-east-1;2026-09-19 09:30:34.148196;d3-pc-am-b-6;Identification and authentication are required and managed for access to systems, applications, and hardware.;Cybersecurity Controls (Domain 3);Preventative Controls (PC);;aws;;PASS;IAM password policy requires at least one symbol.;arn:aws:iam:us-east-1:858573892697:password-policy;iam_password_policy_symbol;False;858573892697;FFIEC;FFIEC Cybersecurity Assessment Tool framework;
aws;In light of the increasing volume and sophistication of cyber threats, the Federal Financial Institutions Examination Council (FFIEC) developed the Cybersecurity Assessment Tool (Assessment), on behalf of its members, to help institutions identify their risks and determine their cybersecurity maturity.;858573892697;us-east-1;2026-09-19 09:30:34.148196;d3-pc-am-b-7;Access controls include password complexity and limits to password attempts and reuse.;Cybersecurity Controls (Domain 3);Preventative Controls (PC);;aws;;PASS;IAM password policy requires at least one symbol.;arn:aws:iam:us-east-1:858573892697:password-policy;iam_password_policy_symbol;False;858573892697;FFIEC;FFIEC Cybersecurity Assessment Tool framework;
aws;In light of the increasing volume and sophistication of cyber threats, the Federal Financial Institutions Examination Council (FFIEC) developed the Cybersecurity Assessment Tool (Assessment), on behalf of its members, to help institutions identify their risks and determine their cybersecurity maturity.;858573892697;us-east-1;2026-09-19 09:30:34.148196;d3-pc-am-b-6;Identification and authentication are required and managed for access to systems, applications, and hardware.;Cybersecurity Controls (Domain 3);Preventative Controls (PC);;aws;;PASS;IAM password policy requires at least one uppercase letter.;arn:aws:iam:us-east-1:858573892697:password-policy;iam_password_policy_uppercase;False;858573892697;FFIEC;FFIEC Cybersecurity Assessment Tool framework;
aws;In light of the increasing volume and sophistication of cyber threats, the Federal Financial Institutions Examination Council (FFIEC) developed the Cybersecurity Assessment Tool (Assessment), on behalf of its members, to help institutions identify their risks and determine their cybersecurity maturity.;858573892697;us-east-1;2026-09-19 09:30:34.148196;d3-pc-am-b-7;Access controls include password complexity and limits to password attempts and reuse.;Cybersecurity Controls (Domain 3);Preventative Controls (PC);;aws;;PASS;IAM password policy requires at least one uppercase letter.;arn:aws:iam:us-east-1:858573892697:password-policy;iam_password_policy_uppercase;False;858573892697;FFIEC;FFIEC Cybersecurity Assessment Tool framework;
aws;In light of the increasing volume and sophistication of cyber threats, the Federal Financial Institutions Examination Council (FFIEC) developed the Cybersecurity Assessment Tool (Assessment), on behalf of its members, to help institutions identify their risks and determine their cybersecurity maturity.;858573892697;us-east-1;2026-09-19 09:30:34.148196;d3-pc-am-b-1;Employee access is granted to systems and confidential data based on job responsibilities and the principles of least privilege.;Cybersecurity Controls (Domain 3);Preventative Controls (PC);;aws;;PASS;User QLabs has no inline or attached policies.;arn:aws:iam::858573892697:user/QLabs;iam_policy_attached_only_to_group_or_roles;False;QLabs;FFIEC;FFIEC Cybersecurity Assessment Tool framework;
aws;In light of the increasing volume and sophistication of cyber threats, the Federal Financial Institutions Examination Council (FFIEC) developed the Cybersecurity Assessment Tool (Assessment), on behalf of its members, to help institutions identify their risks and determine their cybersecurity maturity.;858573892697;us-east-1;2026-09-19 09:30:34.148196;d3-pc-im-b-7;Access to make changes to systems configurations (including virtual machines and hypervisors) is controlled and monitored.;Cybersecurity Controls (Domain 3);Preventative Controls (PC);;aws;;PASS;User QLabs has no inline or attached policies.;arn:aws:iam::858573892697:user/QLabs;iam_policy_attached_only_to_group_or_roles;False;QLabs;FFIEC;FFIEC Cybersecurity Assessment Tool framework;
aws;In light of the increasing volume and sophistication of cyber threats, the Federal Financial Institutions Examination Council (FFIEC) developed the Cybersecurity Assessment Tool (Assessment), on behalf of its members, to help institutions identify their risks and determine their cybersecurity maturity.;858573892697;us-east-1;2026-09-19 09:30:34.148196;d3-pc-am-b-1;Employee access is granted to systems and confidential data based on job responsibilities and the principles of least privilege.;Cybersecurity Controls (Domain 3);Preventative Controls (PC);;aws;;PASS;Custom Policy Amazon_EventBridge_Invoke_Lambda_1306283406 does not allow 'aws-marketplace:Subscribe' on all resources.;arn:aws:iam::858573892697:policy/service-role/Amazon_EventBridge_Invoke_Lambda_1306283406;iam_policy_no_wildcard_marketplace_subscribe;False;Amazon_EventBridge_Invoke_Lambda_1306283406;FFIEC;FFIEC Cybersecurity Assessment Tool framework;
aws;In light of the increasing volume and sophistication of cyber threats, the Federal Financial Institutions Examination Council (FFIEC) developed the Cybersecurity Assessment Tool (Assessment), on behalf of its members, to help institutions identify their risks and determine their cybersecurity maturity.;858573892697;us-east-1;2026-09-19 09:30:34.148196;d3-pc-am-b-1;Employee access is granted to systems and confidential data based on job responsibilities and the principles of least privilege.;Cybersecurity Controls (Domain 3);Preventative Controls (PC);;aws;;PASS;Custom Policy AWSLambdaBasicExecutionRole-ee2eebaa-4751-45f4-9bbc-d53f9f672931 does not allow 'aws-marketplace:Subscribe' on all resources.;arn:aws:iam::858573892697:policy/service-role/AWSLambdaBasicExecutionRole-ee2eebaa-4751-45f4-9bbc-d53f9f672931;iam_policy_no_wildcard_marketplace_subscribe;False;AWSLambdaBasicExecutionRole-ee2eebaa-4751-45f4-9bbc-d53f9f672931;FFIEC;FFIEC Cybersecurity Assessment Tool framework;
aws;In light of the increasing volume and sophistication of cyber threats, the Federal Financial Institutions Examination Council (FFIEC) developed the Cybersecurity Assessment Tool (Assessment), on behalf of its members, to help institutions identify their risks and determine their cybersecurity maturity.;858573892697;us-east-1;2026-09-19 09:30:34.148196;d3-pc-am-b-1;Employee access is granted to systems and confidential data based on job responsibilities and the principles of least privilege.;Cybersecurity Controls (Domain 3);Preventative Controls (PC);;aws;;PASS;Custom Policy AWSLambdaBasicExecutionRole-7d74575a-cae7-422c-8d71-058f2d4beb2c does not allow 'aws-marketplace:Subscribe' on all resources.;arn:aws:iam::858573892697:policy/service-role/AWSLambdaBasicExecutionRole-7d74575a-cae7-422c-8d71-058f2d4beb2c;iam_policy_no_wildcard_marketplace_subscribe;False;AWSLambdaBasicExecutionRole-7d74575a-cae7-422c-8d71-058f2d4beb2c;FFIEC;FFIEC Cybersecurity Assessment Tool framework;
aws;In light of the increasing volume and sophistication of cyber threats, the Federal Financial Institutions Examination Council (FFIEC) developed the Cybersecurity Assessment Tool (Assessment), on behalf of its members, to help institutions identify their risks and determine their cybersecurity maturity.;858573892697;us-east-1;2026-09-19 09:30:34.148196;d3-pc-am-b-1;Employee access is granted to systems and confidential data based on job responsibilities and the principles of least privilege.;Cybersecurity Controls (Domain 3);Preventative Controls (PC);;aws;;PASS;Custom Policy vaultcloud-app-permissions does not allow 'aws-marketplace:Subscribe' on all resources.;arn:aws:iam::858573892697:policy/vaultcloud-app-permissions;iam_policy_no_wildcard_marketplace_subscribe;False;vaultcloud-app-permissions;FFIEC;FFIEC Cybersecurity Assessment Tool framework;
aws;In light of the increasing volume and sophistication of cyber threats, the Federal Financial Institutions Examination Council (FFIEC) developed the Cybersecurity Assessment Tool (Assessment), on behalf of its members, to help institutions identify their risks and determine their cybersecurity maturity.;858573892697;us-east-1;2026-09-19 09:30:34.148196;d3-pc-am-b-1;Employee access is granted to systems and confidential data based on job responsibilities and the principles of least privilege.;Cybersecurity Controls (Domain 3);Preventative Controls (PC);;aws;;PASS;Custom Policy Amazon_EventBridge_Invoke_Lambda_898108175 does not allow 'aws-marketplace:Subscribe' on all resources.;arn:aws:iam::858573892697:policy/service-role/Amazon_EventBridge_Invoke_Lambda_898108175;iam_policy_no_wildcard_marketplace_subscribe;False;Amazon_EventBridge_Invoke_Lambda_898108175;FFIEC;FFIEC Cybersecurity Assessment Tool framework;
aws;In light of the increasing volume and sophistication of cyber threats, the Federal Financial Institutions Examination Council (FFIEC) developed the Cybersecurity Assessment Tool (Assessment), on behalf of its members, to help institutions identify their risks and determine their cybersecurity maturity.;858573892697;us-east-1;2026-09-19 09:30:34.148196;d3-pc-am-b-1;Employee access is granted to systems and confidential data based on job responsibilities and the principles of least privilege.;Cybersecurity Controls (Domain 3);Preventative Controls (PC);;aws;;PASS;Custom Policy AWSLambdaBasicExecutionRole-6fb6d332-adaa-4573-995c-3e7219d176fa does not allow 'aws-marketplace:Subscribe' on all resources.;arn:aws:iam::858573892697:policy/service-role/AWSLambdaBasicExecutionRole-6fb6d332-adaa-4573-995c-3e7219d176fa;iam_policy_no_wildcard_marketplace_subscribe;False;AWSLambdaBasicExecutionRole-6fb6d332-adaa-4573-995c-3e7219d176fa;FFIEC;FFIEC Cybersecurity Assessment Tool framework;
aws;In light of the increasing volume and sophistication of cyber threats, the Federal Financial Institutions Examination Council (FFIEC) developed the Cybersecurity Assessment Tool (Assessment), on behalf of its members, to help institutions identify their risks and determine their cybersecurity maturity.;858573892697;us-east-1;2026-09-19 09:30:34.148196;d3-pc-am-b-1;Employee access is granted to systems and confidential data based on job responsibilities and the principles of least privilege.;Cybersecurity Controls (Domain 3);Preventative Controls (PC);;aws;;PASS;Custom Policy AWSLambdaBasicExecutionRole-20cb299b-56e3-4e01-8dfa-5272cf36e044 does not allow 'aws-marketplace:Subscribe' on all resources.;arn:aws:iam::858573892697:policy/service-role/AWSLambdaBasicExecutionRole-20cb299b-56e3-4e01-8dfa-5272cf36e044;iam_policy_no_wildcard_marketplace_subscribe;False;AWSLambdaBasicExecutionRole-20cb299b-56e3-4e01-8dfa-5272cf36e044;FFIEC;FFIEC Cybersecurity Assessment Tool framework;
aws;In light of the increasing volume and sophistication of cyber threats, the Federal Financial Institutions Examination Council (FFIEC) developed the Cybersecurity Assessment Tool (Assessment), on behalf of its members, to help institutions identify their risks and determine their cybersecurity maturity.;858573892697;us-east-1;2026-09-19 09:30:34.148196;d3-pc-am-b-1;Employee access is granted to systems and confidential data based on job responsibilities and the principles of least privilege.;Cybersecurity Controls (Domain 3);Preventative Controls (PC);;aws;;PASS;Custom Policy AWSLambdaBasicExecutionRole-59081244-3520-408e-ae00-4303bff1f475 does not allow 'aws-marketplace:Subscribe' on all resources.;arn:aws:iam::858573892697:policy/service-role/AWSLambdaBasicExecutionRole-59081244-3520-408e-ae00-4303bff1f475;iam_policy_no_wildcard_marketplace_subscribe;False;AWSLambdaBasicExecutionRole-59081244-3520-408e-ae00-4303bff1f475;FFIEC;FFIEC Cybersecurity Assessment Tool framework;
aws;In light of the increasing volume and sophistication of cyber threats, the Federal Financial Institutions Examination Council (FFIEC) developed the Cybersecurity Assessment Tool (Assessment), on behalf of its members, to help institutions identify their risks and determine their cybersecurity maturity.;858573892697;us-east-1;2026-09-19 09:30:34.148196;d3-pc-am-b-1;Employee access is granted to systems and confidential data based on job responsibilities and the principles of least privilege.;Cybersecurity Controls (Domain 3);Preventative Controls (PC);;aws;;PASS;Custom Policy Amazon_EventBridge_Invoke_Lambda_1966832455 does not allow 'aws-marketplace:Subscribe' on all resources.;arn:aws:iam::858573892697:policy/service-role/Amazon_EventBridge_Invoke_Lambda_1966832455;iam_policy_no_wildcard_marketplace_subscribe;False;Amazon_EventBridge_Invoke_Lambda_1966832455;FFIEC;FFIEC Cybersecurity Assessment Tool framework;
aws;In light of the increasing volume and sophistication of cyber threats, the Federal Financial Institutions Examination Council (FFIEC) developed the Cybersecurity Assessment Tool (Assessment), on behalf of its members, to help institutions identify their risks and determine their cybersecurity maturity.;858573892697;us-east-1;2026-09-19 09:30:34.148196;d3-pc-am-b-1;Employee access is granted to systems and confidential data based on job responsibilities and the principles of least privilege.;Cybersecurity Controls (Domain 3);Preventative Controls (PC);;aws;;PASS;Custom Policy Amazon_EventBridge_Invoke_Lambda_864756260 does not allow 'aws-marketplace:Subscribe' on all resources.;arn:aws:iam::858573892697:policy/service-role/Amazon_EventBridge_Invoke_Lambda_864756260;iam_policy_no_wildcard_marketplace_subscribe;False;Amazon_EventBridge_Invoke_Lambda_864756260;FFIEC;FFIEC Cybersecurity Assessment Tool framework;
aws;In light of the increasing volume and sophistication of cyber threats, the Federal Financial Institutions Examination Council (FFIEC) developed the Cybersecurity Assessment Tool (Assessment), on behalf of its members, to help institutions identify their risks and determine their cybersecurity maturity.;858573892697;us-east-1;2026-09-19 09:30:34.148196;d3-pc-am-b-1;Employee access is granted to systems and confidential data based on job responsibilities and the principles of least privilege.;Cybersecurity Controls (Domain 3);Preventative Controls (PC);;aws;;PASS;Custom Policy Cloudtrail-CW-access-policy-vaultcloud-trail-1ba6a52c-f889-4356-9afa-d3d1989f71bd does not allow 'aws-marketplace:Subscribe' on all resources.;arn:aws:iam::858573892697:policy/service-role/Cloudtrail-CW-access-policy-vaultcloud-trail-1ba6a52c-f889-4356-9afa-d3d1989f71bd;iam_policy_no_wildcard_marketplace_subscribe;False;Cloudtrail-CW-access-policy-vaultcloud-trail-1ba6a52c-f889-4356-9afa-d3d1989f71bd;FFIEC;FFIEC Cybersecurity Assessment Tool framework;
aws;In light of the increasing volume and sophistication of cyber threats, the Federal Financial Institutions Examination Council (FFIEC) developed the Cybersecurity Assessment Tool (Assessment), on behalf of its members, to help institutions identify their risks and determine their cybersecurity maturity.;858573892697;us-east-1;2026-09-19 09:30:34.148196;d3-pc-am-b-1;Employee access is granted to systems and confidential data based on job responsibilities and the principles of least privilege.;Cybersecurity Controls (Domain 3);Preventative Controls (PC);;aws;;PASS;Custom Policy Amazon_EventBridge_Invoke_Lambda_1070163897 does not allow 'aws-marketplace:Subscribe' on all resources.;arn:aws:iam::858573892697:policy/service-role/Amazon_EventBridge_Invoke_Lambda_1070163897;iam_policy_no_wildcard_marketplace_subscribe;False;Amazon_EventBridge_Invoke_Lambda_1070163897;FFIEC;FFIEC Cybersecurity Assessment Tool framework;
aws;In light of the increasing volume and sophistication of cyber threats, the Federal Financial Institutions Examination Council (FFIEC) developed the Cybersecurity Assessment Tool (Assessment), on behalf of its members, to help institutions identify their risks and determine their cybersecurity maturity.;858573892697;us-east-1;2026-09-19 09:30:34.148196;d3-pc-am-b-15;Remote access to critical systems by employees, contractors, and third parties uses encrypted connections and multifactor authentication.;Cybersecurity Controls (Domain 3);Preventative Controls (PC);;aws;;FAIL;Root account has a virtual MFA instead of a hardware MFA device enabled.;arn:aws:iam::858573892697:mfa;iam_root_hardware_mfa_enabled;False;<root_account>;FFIEC;FFIEC Cybersecurity Assessment Tool framework;
aws;In light of the increasing volume and sophistication of cyber threats, the Federal Financial Institutions Examination Council (FFIEC) developed the Cybersecurity Assessment Tool (Assessment), on behalf of its members, to help institutions identify their risks and determine their cybersecurity maturity.;858573892697;us-east-1;2026-09-19 09:30:34.148196;d3-pc-am-b-3;Elevated privileges (e.g., administrator privileges) are limited and tightly controlled (e.g., assigned to individuals, not shared, and require stronger password controls;Cybersecurity Controls (Domain 3);Preventative Controls (PC);;aws;;FAIL;Root account has a virtual MFA instead of a hardware MFA device enabled.;arn:aws:iam::858573892697:mfa;iam_root_hardware_mfa_enabled;False;<root_account>;FFIEC;FFIEC Cybersecurity Assessment Tool framework;
aws;In light of the increasing volume and sophistication of cyber threats, the Federal Financial Institutions Examination Council (FFIEC) developed the Cybersecurity Assessment Tool (Assessment), on behalf of its members, to help institutions identify their risks and determine their cybersecurity maturity.;858573892697;us-east-1;2026-09-19 09:30:34.148196;d3-pc-am-b-6;Identification and authentication are required and managed for access to systems, applications, and hardware.;Cybersecurity Controls (Domain 3);Preventative Controls (PC);;aws;;FAIL;Root account has a virtual MFA instead of a hardware MFA device enabled.;arn:aws:iam::858573892697:mfa;iam_root_hardware_mfa_enabled;False;<root_account>;FFIEC;FFIEC Cybersecurity Assessment Tool framework;
aws;In light of the increasing volume and sophistication of cyber threats, the Federal Financial Institutions Examination Council (FFIEC) developed the Cybersecurity Assessment Tool (Assessment), on behalf of its members, to help institutions identify their risks and determine their cybersecurity maturity.;858573892697;us-east-1;2026-09-19 09:30:34.148196;d3-pc-am-b-15;Remote access to critical systems by employees, contractors, and third parties uses encrypted connections and multifactor authentication.;Cybersecurity Controls (Domain 3);Preventative Controls (PC);;aws;;PASS;MFA is enabled for root account.;arn:aws:iam::858573892697:root;iam_root_mfa_enabled;False;<root_account>;FFIEC;FFIEC Cybersecurity Assessment Tool framework;
aws;In light of the increasing volume and sophistication of cyber threats, the Federal Financial Institutions Examination Council (FFIEC) developed the Cybersecurity Assessment Tool (Assessment), on behalf of its members, to help institutions identify their risks and determine their cybersecurity maturity.;858573892697;us-east-1;2026-09-19 09:30:34.148196;d3-pc-am-b-3;Elevated privileges (e.g., administrator privileges) are limited and tightly controlled (e.g., assigned to individuals, not shared, and require stronger password controls;Cybersecurity Controls (Domain 3);Preventative Controls (PC);;aws;;PASS;MFA is enabled for root account.;arn:aws:iam::858573892697:root;iam_root_mfa_enabled;False;<root_account>;FFIEC;FFIEC Cybersecurity Assessment Tool framework;
aws;In light of the increasing volume and sophistication of cyber threats, the Federal Financial Institutions Examination Council (FFIEC) developed the Cybersecurity Assessment Tool (Assessment), on behalf of its members, to help institutions identify their risks and determine their cybersecurity maturity.;858573892697;us-east-1;2026-09-19 09:30:34.148196;d3-pc-am-b-6;Identification and authentication are required and managed for access to systems, applications, and hardware.;Cybersecurity Controls (Domain 3);Preventative Controls (PC);;aws;;PASS;MFA is enabled for root account.;arn:aws:iam::858573892697:root;iam_root_mfa_enabled;False;<root_account>;FFIEC;FFIEC Cybersecurity Assessment Tool framework;
aws;In light of the increasing volume and sophistication of cyber threats, the Federal Financial Institutions Examination Council (FFIEC) developed the Cybersecurity Assessment Tool (Assessment), on behalf of its members, to help institutions identify their risks and determine their cybersecurity maturity.;858573892697;us-east-1;2026-09-19 09:30:34.148196;d3-pc-am-b-6;Identification and authentication are required and managed for access to systems, applications, and hardware.;Cybersecurity Controls (Domain 3);Preventative Controls (PC);;aws;;PASS;User <root_account> does not have access keys.;arn:aws:iam::858573892697:root;iam_rotate_access_key_90_days;False;<root_account>;FFIEC;FFIEC Cybersecurity Assessment Tool framework;
aws;In light of the increasing volume and sophistication of cyber threats, the Federal Financial Institutions Examination Council (FFIEC) developed the Cybersecurity Assessment Tool (Assessment), on behalf of its members, to help institutions identify their risks and determine their cybersecurity maturity.;858573892697;us-east-1;2026-09-19 09:30:34.148196;d3-pc-am-b-6;Identification and authentication are required and managed for access to systems, applications, and hardware.;Cybersecurity Controls (Domain 3);Preventative Controls (PC);;aws;;PASS;User QLabs does not have access keys older than 90 days.;arn:aws:iam::858573892697:user/QLabs;iam_rotate_access_key_90_days;False;QLabs;FFIEC;FFIEC Cybersecurity Assessment Tool framework;
aws;In light of the increasing volume and sophistication of cyber threats, the Federal Financial Institutions Examination Council (FFIEC) developed the Cybersecurity Assessment Tool (Assessment), on behalf of its members, to help institutions identify their risks and determine their cybersecurity maturity.;858573892697;us-east-1;2026-09-19 09:30:34.148196;d3-pc-am-b-6;Identification and authentication are required and managed for access to systems, applications, and hardware.;Cybersecurity Controls (Domain 3);Preventative Controls (PC);;aws;;PASS;User <root_account> does not have access keys.;arn:aws:iam::858573892697:root;iam_user_accesskey_unused;False;<root_account>;FFIEC;FFIEC Cybersecurity Assessment Tool framework;
aws;In light of the increasing volume and sophistication of cyber threats, the Federal Financial Institutions Examination Council (FFIEC) developed the Cybersecurity Assessment Tool (Assessment), on behalf of its members, to help institutions identify their risks and determine their cybersecurity maturity.;858573892697;us-east-1;2026-09-19 09:30:34.148196;d3-pc-am-b-6;Identification and authentication are required and managed for access to systems, applications, and hardware.;Cybersecurity Controls (Domain 3);Preventative Controls (PC);;aws;;PASS;User QLabs does not have unused access keys for 45 days.;arn:aws:iam::858573892697:user/QLabs;iam_user_accesskey_unused;False;QLabs;FFIEC;FFIEC Cybersecurity Assessment Tool framework;
aws;In light of the increasing volume and sophistication of cyber threats, the Federal Financial Institutions Examination Council (FFIEC) developed the Cybersecurity Assessment Tool (Assessment), on behalf of its members, to help institutions identify their risks and determine their cybersecurity maturity.;858573892697;us-east-1;2026-09-19 09:30:34.148196;d3-pc-am-b-6;Identification and authentication are required and managed for access to systems, applications, and hardware.;Cybersecurity Controls (Domain 3);Preventative Controls (PC);;aws;;PASS;User QLabs has logged in to the console in the past 45 days (0 days).;arn:aws:iam::858573892697:user/QLabs;iam_user_console_access_unused;False;QLabs;FFIEC;FFIEC Cybersecurity Assessment Tool framework;
aws;In light of the increasing volume and sophistication of cyber threats, the Federal Financial Institutions Examination Council (FFIEC) developed the Cybersecurity Assessment Tool (Assessment), on behalf of its members, to help institutions identify their risks and determine their cybersecurity maturity.;858573892697;us-east-1;2026-09-19 09:30:34.148196;d3-pc-am-b-15;Remote access to critical systems by employees, contractors, and third parties uses encrypted connections and multifactor authentication.;Cybersecurity Controls (Domain 3);Preventative Controls (PC);;aws;;FAIL;User QLabs has Console Password enabled but MFA disabled.;arn:aws:iam::858573892697:user/QLabs;iam_user_mfa_enabled_console_access;False;QLabs;FFIEC;FFIEC Cybersecurity Assessment Tool framework;
aws;In light of the increasing volume and sophistication of cyber threats, the Federal Financial Institutions Examination Council (FFIEC) developed the Cybersecurity Assessment Tool (Assessment), on behalf of its members, to help institutions identify their risks and determine their cybersecurity maturity.;858573892697;us-east-1;2026-09-19 09:30:34.148196;d3-pc-am-b-6;Identification and authentication are required and managed for access to systems, applications, and hardware.;Cybersecurity Controls (Domain 3);Preventative Controls (PC);;aws;;FAIL;User QLabs has Console Password enabled but MFA disabled.;arn:aws:iam::858573892697:user/QLabs;iam_user_mfa_enabled_console_access;False;QLabs;FFIEC;FFIEC Cybersecurity Assessment Tool framework;
aws;In light of the increasing volume and sophistication of cyber threats, the Federal Financial Institutions Examination Council (FFIEC) developed the Cybersecurity Assessment Tool (Assessment), on behalf of its members, to help institutions identify their risks and determine their cybersecurity maturity.;858573892697;us-east-1;2026-09-19 09:30:34.148196;d1-rm-rm-b-1;An information security and business continuity risk management function(s) exists within the institution.;Cyber Risk Management and Oversight (Domain 1);Risk Management (RM);;aws;;FAIL;RDS Instance vaultcloud-prod-db does not have backup enabled.;arn:aws:rds:us-east-1:858573892697:db:vaultcloud-prod-db;rds_instance_backup_enabled;False;vaultcloud-prod-db;FFIEC;FFIEC Cybersecurity Assessment Tool framework;
aws;In light of the increasing volume and sophistication of cyber threats, the Federal Financial Institutions Examination Council (FFIEC) developed the Cybersecurity Assessment Tool (Assessment), on behalf of its members, to help institutions identify their risks and determine their cybersecurity maturity.;858573892697;us-east-1;2026-09-19 09:30:34.148196;d5-ir-pl-b-6;The institution plans to use business continuity, disaster recovery, and data backup programs to recover operations following an incident.;Cyber Incident Management and Resilience (Domain 5);Incident Resilience Planning & Strategy (IR);;aws;;FAIL;RDS Instance vaultcloud-prod-db does not have backup enabled.;arn:aws:rds:us-east-1:858573892697:db:vaultcloud-prod-db;rds_instance_backup_enabled;False;vaultcloud-prod-db;FFIEC;FFIEC Cybersecurity Assessment Tool framework;
aws;In light of the increasing volume and sophistication of cyber threats, the Federal Financial Institutions Examination Council (FFIEC) developed the Cybersecurity Assessment Tool (Assessment), on behalf of its members, to help institutions identify their risks and determine their cybersecurity maturity.;858573892697;us-east-1;2026-09-19 09:30:34.148196;d5-ir-pl-b-6;The institution plans to use business continuity, disaster recovery, and data backup programs to recover operations following an incident.;Cyber Incident Management and Resilience (Domain 5);Incident Resilience Planning & Strategy (IR);;aws;;FAIL;RDS Instance vaultcloud-prod-db deletion protection is not enabled.;arn:aws:rds:us-east-1:858573892697:db:vaultcloud-prod-db;rds_instance_deletion_protection;False;vaultcloud-prod-db;FFIEC;FFIEC Cybersecurity Assessment Tool framework;
aws;In light of the increasing volume and sophistication of cyber threats, the Federal Financial Institutions Examination Council (FFIEC) developed the Cybersecurity Assessment Tool (Assessment), on behalf of its members, to help institutions identify their risks and determine their cybersecurity maturity.;858573892697;us-east-1;2026-09-19 09:30:34.148196;d5-ir-pl-b-6;The institution plans to use business continuity, disaster recovery, and data backup programs to recover operations following an incident.;Cyber Incident Management and Resilience (Domain 5);Incident Resilience Planning & Strategy (IR);;aws;;FAIL;RDS Instance vaultcloud-prod-db does not have enhanced monitoring enabled.;arn:aws:rds:us-east-1:858573892697:db:vaultcloud-prod-db;rds_instance_enhanced_monitoring_enabled;False;vaultcloud-prod-db;FFIEC;FFIEC Cybersecurity Assessment Tool framework;
aws;In light of the increasing volume and sophistication of cyber threats, the Federal Financial Institutions Examination Council (FFIEC) developed the Cybersecurity Assessment Tool (Assessment), on behalf of its members, to help institutions identify their risks and determine their cybersecurity maturity.;858573892697;us-east-1;2026-09-19 09:30:34.148196;d2-ma-ma-b-1;Information security threats are gathered and shared with applicable internal employees.;Threat Intelligence and Collaboration (Domain 2);Monitoring and Analyzing (MA);;aws;;FAIL;RDS Instance vaultcloud-prod-db does not have CloudWatch Logs enabled.;arn:aws:rds:us-east-1:858573892697:db:vaultcloud-prod-db;rds_instance_integration_cloudwatch_logs;False;vaultcloud-prod-db;FFIEC;FFIEC Cybersecurity Assessment Tool framework;
aws;In light of the increasing volume and sophistication of cyber threats, the Federal Financial Institutions Examination Council (FFIEC) developed the Cybersecurity Assessment Tool (Assessment), on behalf of its members, to help institutions identify their risks and determine their cybersecurity maturity.;858573892697;us-east-1;2026-09-19 09:30:34.148196;d3-dc-an-b-3;Logs of physical and/or logical access are reviewed following events.;Cybersecurity Controls (Domain 3);Detective Controls (DC);;aws;;FAIL;RDS Instance vaultcloud-prod-db does not have CloudWatch Logs enabled.;arn:aws:rds:us-east-1:858573892697:db:vaultcloud-prod-db;rds_instance_integration_cloudwatch_logs;False;vaultcloud-prod-db;FFIEC;FFIEC Cybersecurity Assessment Tool framework;
aws;In light of the increasing volume and sophistication of cyber threats, the Federal Financial Institutions Examination Council (FFIEC) developed the Cybersecurity Assessment Tool (Assessment), on behalf of its members, to help institutions identify their risks and determine their cybersecurity maturity.;858573892697;us-east-1;2026-09-19 09:30:34.148196;d3-dc-an-b-4;Access to critical systems by third parties is monitored for unauthorized or unusual activity.;Cybersecurity Controls (Domain 3);Detective Controls (DC);;aws;;FAIL;RDS Instance vaultcloud-prod-db does not have CloudWatch Logs enabled.;arn:aws:rds:us-east-1:858573892697:db:vaultcloud-prod-db;rds_instance_integration_cloudwatch_logs;False;vaultcloud-prod-db;FFIEC;FFIEC Cybersecurity Assessment Tool framework;
aws;In light of the increasing volume and sophistication of cyber threats, the Federal Financial Institutions Examination Council (FFIEC) developed the Cybersecurity Assessment Tool (Assessment), on behalf of its members, to help institutions identify their risks and determine their cybersecurity maturity.;858573892697;us-east-1;2026-09-19 09:30:34.148196;d5-dr-de-b-3;Tools and processes are in place to detect, alert, and trigger the incident response program.;Cyber Incident Management and Resilience (Domain 5);Detection, Response, & Mitigation (DR);;aws;;FAIL;RDS Instance vaultcloud-prod-db does not have CloudWatch Logs enabled.;arn:aws:rds:us-east-1:858573892697:db:vaultcloud-prod-db;rds_instance_integration_cloudwatch_logs;False;vaultcloud-prod-db;FFIEC;FFIEC Cybersecurity Assessment Tool framework;
aws;In light of the increasing volume and sophistication of cyber threats, the Federal Financial Institutions Examination Council (FFIEC) developed the Cybersecurity Assessment Tool (Assessment), on behalf of its members, to help institutions identify their risks and determine their cybersecurity maturity.;858573892697;us-east-1;2026-09-19 09:30:34.148196;d3-cc-pm-b-1;A patch management program is implemented and ensures that software and firmware patches are applied in a timely manner.;Cybersecurity Controls (Domain 3);Corrective Controls (CC);;aws;;FAIL;RDS Instance vaultcloud-prod-db does not have minor version upgrade enabled.;arn:aws:rds:us-east-1:858573892697:db:vaultcloud-prod-db;rds_instance_minor_version_upgrade_enabled;False;vaultcloud-prod-db;FFIEC;FFIEC Cybersecurity Assessment Tool framework;
aws;In light of the increasing volume and sophistication of cyber threats, the Federal Financial Institutions Examination Council (FFIEC) developed the Cybersecurity Assessment Tool (Assessment), on behalf of its members, to help institutions identify their risks and determine their cybersecurity maturity.;858573892697;us-east-1;2026-09-19 09:30:34.148196;d3-cc-pm-b-3;Patch management reports are reviewed and reflect missing security patches.;Cybersecurity Controls (Domain 3);Corrective Controls (CC);;aws;;FAIL;RDS Instance vaultcloud-prod-db does not have minor version upgrade enabled.;arn:aws:rds:us-east-1:858573892697:db:vaultcloud-prod-db;rds_instance_minor_version_upgrade_enabled;False;vaultcloud-prod-db;FFIEC;FFIEC Cybersecurity Assessment Tool framework;
aws;In light of the increasing volume and sophistication of cyber threats, the Federal Financial Institutions Examination Council (FFIEC) developed the Cybersecurity Assessment Tool (Assessment), on behalf of its members, to help institutions identify their risks and determine their cybersecurity maturity.;858573892697;us-east-1;2026-09-19 09:30:34.148196;d1-rm-rm-b-1;An information security and business continuity risk management function(s) exists within the institution.;Cyber Risk Management and Oversight (Domain 1);Risk Management (RM);;aws;;FAIL;RDS Instance vaultcloud-prod-db does not have multi-AZ enabled.;arn:aws:rds:us-east-1:858573892697:db:vaultcloud-prod-db;rds_instance_multi_az;False;vaultcloud-prod-db;FFIEC;FFIEC Cybersecurity Assessment Tool framework;
aws;In light of the increasing volume and sophistication of cyber threats, the Federal Financial Institutions Examination Council (FFIEC) developed the Cybersecurity Assessment Tool (Assessment), on behalf of its members, to help institutions identify their risks and determine their cybersecurity maturity.;858573892697;us-east-1;2026-09-19 09:30:34.148196;d5-ir-pl-b-6;The institution plans to use business continuity, disaster recovery, and data backup programs to recover operations following an incident.;Cyber Incident Management and Resilience (Domain 5);Incident Resilience Planning & Strategy (IR);;aws;;FAIL;RDS Instance vaultcloud-prod-db does not have multi-AZ enabled.;arn:aws:rds:us-east-1:858573892697:db:vaultcloud-prod-db;rds_instance_multi_az;False;vaultcloud-prod-db;FFIEC;FFIEC Cybersecurity Assessment Tool framework;
aws;In light of the increasing volume and sophistication of cyber threats, the Federal Financial Institutions Examination Council (FFIEC) developed the Cybersecurity Assessment Tool (Assessment), on behalf of its members, to help institutions identify their risks and determine their cybersecurity maturity.;858573892697;us-east-1;2026-09-19 09:30:34.148196;d3-pc-im-b-1;Network perimeter defense tools (e.g., border router and firewall) are used.;Cybersecurity Controls (Domain 3);Preventative Controls (PC);;aws;;FAIL;RDS Instance vaultcloud-prod-db is set as publicly accessible and security group vaultcloud-db-sg (sg-059591e29c62e2064) has postgres port 5432 open to the Internet at endpoint vaultcloud-prod-db.cdis4ufrpqe3.us-east-1.rds.amazonaws.com in a public subnet subnet-060b354bc8a3f274c.;arn:aws:rds:us-east-1:858573892697:db:vaultcloud-prod-db;rds_instance_no_public_access;False;vaultcloud-prod-db;FFIEC;FFIEC Cybersecurity Assessment Tool framework;
aws;In light of the increasing volume and sophistication of cyber threats, the Federal Financial Institutions Examination Council (FFIEC) developed the Cybersecurity Assessment Tool (Assessment), on behalf of its members, to help institutions identify their risks and determine their cybersecurity maturity.;858573892697;us-east-1;2026-09-19 09:30:34.148196;d3-pc-am-b-12;All passwords are encrypted in storage and in transit.;Cybersecurity Controls (Domain 3);Preventative Controls (PC);;aws;;FAIL;RDS Instance vaultcloud-prod-db is not encrypted.;arn:aws:rds:us-east-1:858573892697:db:vaultcloud-prod-db;rds_instance_storage_encrypted;False;vaultcloud-prod-db;FFIEC;FFIEC Cybersecurity Assessment Tool framework;
aws;In light of the increasing volume and sophistication of cyber threats, the Federal Financial Institutions Examination Council (FFIEC) developed the Cybersecurity Assessment Tool (Assessment), on behalf of its members, to help institutions identify their risks and determine their cybersecurity maturity.;858573892697;us-east-1;2026-09-19 09:30:34.148196;d3-pc-im-b-1;Network perimeter defense tools (e.g., border router and firewall) are used.;Cybersecurity Controls (Domain 3);Preventative Controls (PC);;aws;;FAIL;Block Public Access is not configured for the account 858573892697.;arn:aws:s3:us-east-1:858573892697:account;s3_account_level_public_access_blocks;False;858573892697;FFIEC;FFIEC Cybersecurity Assessment Tool framework;
aws;In light of the increasing volume and sophistication of cyber threats, the Federal Financial Institutions Examination Council (FFIEC) developed the Cybersecurity Assessment Tool (Assessment), on behalf of its members, to help institutions identify their risks and determine their cybersecurity maturity.;858573892697;us-east-1;2026-09-19 09:30:34.148196;d3-pc-am-b-12;All passwords are encrypted in storage and in transit.;Cybersecurity Controls (Domain 3);Preventative Controls (PC);;aws;;PASS;S3 Bucket aws-cloudtrail-logs-858573892697-969e040d has Server Side Encryption with AES256.;arn:aws:s3:::aws-cloudtrail-logs-858573892697-969e040d;s3_bucket_default_encryption;False;aws-cloudtrail-logs-858573892697-969e040d;FFIEC;FFIEC Cybersecurity Assessment Tool framework;
aws;In light of the increasing volume and sophistication of cyber threats, the Federal Financial Institutions Examination Council (FFIEC) developed the Cybersecurity Assessment Tool (Assessment), on behalf of its members, to help institutions identify their risks and determine their cybersecurity maturity.;858573892697;us-east-1;2026-09-19 09:30:34.148196;d3-pc-am-b-12;All passwords are encrypted in storage and in transit.;Cybersecurity Controls (Domain 3);Preventative Controls (PC);;aws;;PASS;S3 Bucket config-bucket-858573892697 has Server Side Encryption with AES256.;arn:aws:s3:::config-bucket-858573892697;s3_bucket_default_encryption;False;config-bucket-858573892697;FFIEC;FFIEC Cybersecurity Assessment Tool framework;
aws;In light of the increasing volume and sophistication of cyber threats, the Federal Financial Institutions Examination Council (FFIEC) developed the Cybersecurity Assessment Tool (Assessment), on behalf of its members, to help institutions identify their risks and determine their cybersecurity maturity.;858573892697;us-east-1;2026-09-19 09:30:34.148196;d3-pc-am-b-12;All passwords are encrypted in storage and in transit.;Cybersecurity Controls (Domain 3);Preventative Controls (PC);;aws;;PASS;S3 Bucket do-not-delete-ssm-diagnosis-858573892697-us-east-1-g2j2x has Server Side Encryption with AES256.;arn:aws:s3:::do-not-delete-ssm-diagnosis-858573892697-us-east-1-g2j2x;s3_bucket_default_encryption;False;do-not-delete-ssm-diagnosis-858573892697-us-east-1-g2j2x;FFIEC;FFIEC Cybersecurity Assessment Tool framework;
aws;In light of the increasing volume and sophistication of cyber threats, the Federal Financial Institutions Examination Council (FFIEC) developed the Cybersecurity Assessment Tool (Assessment), on behalf of its members, to help institutions identify their risks and determine their cybersecurity maturity.;858573892697;us-east-1;2026-09-19 09:30:34.148196;d3-pc-am-b-12;All passwords are encrypted in storage and in transit.;Cybersecurity Controls (Domain 3);Preventative Controls (PC);;aws;;PASS;S3 Bucket vaultcloud-logs-prod-2024 has Server Side Encryption with AES256.;arn:aws:s3:::vaultcloud-logs-prod-2024;s3_bucket_default_encryption;False;vaultcloud-logs-prod-2024;FFIEC;FFIEC Cybersecurity Assessment Tool framework;
aws;In light of the increasing volume and sophistication of cyber threats, the Federal Financial Institutions Examination Council (FFIEC) developed the Cybersecurity Assessment Tool (Assessment), on behalf of its members, to help institutions identify their risks and determine their cybersecurity maturity.;858573892697;us-east-1;2026-09-19 09:30:34.148196;d3-pc-am-b-12;All passwords are encrypted in storage and in transit.;Cybersecurity Controls (Domain 3);Preventative Controls (PC);;aws;;PASS;S3 Bucket vaultcloud-remediation-test has Server Side Encryption with AES256.;arn:aws:s3:::vaultcloud-remediation-test;s3_bucket_default_encryption;False;vaultcloud-remediation-test;FFIEC;FFIEC Cybersecurity Assessment Tool framework;
aws;In light of the increasing volume and sophistication of cyber threats, the Federal Financial Institutions Examination Council (FFIEC) developed the Cybersecurity Assessment Tool (Assessment), on behalf of its members, to help institutions identify their risks and determine their cybersecurity maturity.;858573892697;us-east-1;2026-09-19 09:30:34.148196;d3-pc-am-b-12;All passwords are encrypted in storage and in transit.;Cybersecurity Controls (Domain 3);Preventative Controls (PC);;aws;;PASS;S3 Bucket vaultcloud-uploads-prod-2024 has Server Side Encryption with AES256.;arn:aws:s3:::vaultcloud-uploads-prod-2024;s3_bucket_default_encryption;False;vaultcloud-uploads-prod-2024;FFIEC;FFIEC Cybersecurity Assessment Tool framework;
aws;In light of the increasing volume and sophistication of cyber threats, the Federal Financial Institutions Examination Council (FFIEC) developed the Cybersecurity Assessment Tool (Assessment), on behalf of its members, to help institutions identify their risks and determine their cybersecurity maturity.;858573892697;us-east-1;2026-09-19 09:30:34.148196;d5-ir-pl-b-6;The institution plans to use business continuity, disaster recovery, and data backup programs to recover operations following an incident.;Cyber Incident Management and Resilience (Domain 5);Incident Resilience Planning & Strategy (IR);;aws;;FAIL;S3 Bucket aws-cloudtrail-logs-858573892697-969e040d has versioning disabled.;arn:aws:s3:::aws-cloudtrail-logs-858573892697-969e040d;s3_bucket_object_versioning;False;aws-cloudtrail-logs-858573892697-969e040d;FFIEC;FFIEC Cybersecurity Assessment Tool framework;
aws;In light of the increasing volume and sophistication of cyber threats, the Federal Financial Institutions Examination Council (FFIEC) developed the Cybersecurity Assessment Tool (Assessment), on behalf of its members, to help institutions identify their risks and determine their cybersecurity maturity.;858573892697;us-east-1;2026-09-19 09:30:34.148196;d5-ir-pl-b-6;The institution plans to use business continuity, disaster recovery, and data backup programs to recover operations following an incident.;Cyber Incident Management and Resilience (Domain 5);Incident Resilience Planning & Strategy (IR);;aws;;FAIL;S3 Bucket config-bucket-858573892697 has versioning disabled.;arn:aws:s3:::config-bucket-858573892697;s3_bucket_object_versioning;False;config-bucket-858573892697;FFIEC;FFIEC Cybersecurity Assessment Tool framework;
aws;In light of the increasing volume and sophistication of cyber threats, the Federal Financial Institutions Examination Council (FFIEC) developed the Cybersecurity Assessment Tool (Assessment), on behalf of its members, to help institutions identify their risks and determine their cybersecurity maturity.;858573892697;us-east-1;2026-09-19 09:30:34.148196;d5-ir-pl-b-6;The institution plans to use business continuity, disaster recovery, and data backup programs to recover operations following an incident.;Cyber Incident Management and Resilience (Domain 5);Incident Resilience Planning & Strategy (IR);;aws;;PASS;S3 Bucket do-not-delete-ssm-diagnosis-858573892697-us-east-1-g2j2x has versioning enabled.;arn:aws:s3:::do-not-delete-ssm-diagnosis-858573892697-us-east-1-g2j2x;s3_bucket_object_versioning;False;do-not-delete-ssm-diagnosis-858573892697-us-east-1-g2j2x;FFIEC;FFIEC Cybersecurity Assessment Tool framework;
aws;In light of the increasing volume and sophistication of cyber threats, the Federal Financial Institutions Examination Council (FFIEC) developed the Cybersecurity Assessment Tool (Assessment), on behalf of its members, to help institutions identify their risks and determine their cybersecurity maturity.;858573892697;us-east-1;2026-09-19 09:30:34.148196;d5-ir-pl-b-6;The institution plans to use business continuity, disaster recovery, and data backup programs to recover operations following an incident.;Cyber Incident Management and Resilience (Domain 5);Incident Resilience Planning & Strategy (IR);;aws;;FAIL;S3 Bucket vaultcloud-logs-prod-2024 has versioning disabled.;arn:aws:s3:::vaultcloud-logs-prod-2024;s3_bucket_object_versioning;False;vaultcloud-logs-prod-2024;FFIEC;FFIEC Cybersecurity Assessment Tool framework;
aws;In light of the increasing volume and sophistication of cyber threats, the Federal Financial Institutions Examination Council (FFIEC) developed the Cybersecurity Assessment Tool (Assessment), on behalf of its members, to help institutions identify their risks and determine their cybersecurity maturity.;858573892697;us-east-1;2026-09-19 09:30:34.148196;d5-ir-pl-b-6;The institution plans to use business continuity, disaster recovery, and data backup programs to recover operations following an incident.;Cyber Incident Management and Resilience (Domain 5);Incident Resilience Planning & Strategy (IR);;aws;;FAIL;S3 Bucket vaultcloud-remediation-test has versioning disabled.;arn:aws:s3:::vaultcloud-remediation-test;s3_bucket_object_versioning;False;vaultcloud-remediation-test;FFIEC;FFIEC Cybersecurity Assessment Tool framework;
aws;In light of the increasing volume and sophistication of cyber threats, the Federal Financial Institutions Examination Council (FFIEC) developed the Cybersecurity Assessment Tool (Assessment), on behalf of its members, to help institutions identify their risks and determine their cybersecurity maturity.;858573892697;us-east-1;2026-09-19 09:30:34.148196;d5-ir-pl-b-6;The institution plans to use business continuity, disaster recovery, and data backup programs to recover operations following an incident.;Cyber Incident Management and Resilience (Domain 5);Incident Resilience Planning & Strategy (IR);;aws;;FAIL;S3 Bucket vaultcloud-uploads-prod-2024 has versioning disabled.;arn:aws:s3:::vaultcloud-uploads-prod-2024;s3_bucket_object_versioning;False;vaultcloud-uploads-prod-2024;FFIEC;FFIEC Cybersecurity Assessment Tool framework;
aws;In light of the increasing volume and sophistication of cyber threats, the Federal Financial Institutions Examination Council (FFIEC) developed the Cybersecurity Assessment Tool (Assessment), on behalf of its members, to help institutions identify their risks and determine their cybersecurity maturity.;858573892697;us-east-1;2026-09-19 09:30:34.148196;d3-pc-im-b-1;Network perimeter defense tools (e.g., border router and firewall) are used.;Cybersecurity Controls (Domain 3);Preventative Controls (PC);;aws;;PASS;S3 public access blocked at bucket level for aws-cloudtrail-logs-858573892697-969e040d.;arn:aws:s3:::aws-cloudtrail-logs-858573892697-969e040d;s3_bucket_policy_public_write_access;False;aws-cloudtrail-logs-858573892697-969e040d;FFIEC;FFIEC Cybersecurity Assessment Tool framework;
aws;In light of the increasing volume and sophistication of cyber threats, the Federal Financial Institutions Examination Council (FFIEC) developed the Cybersecurity Assessment Tool (Assessment), on behalf of its members, to help institutions identify their risks and determine their cybersecurity maturity.;858573892697;us-east-1;2026-09-19 09:30:34.148196;d3-pc-im-b-1;Network perimeter defense tools (e.g., border router and firewall) are used.;Cybersecurity Controls (Domain 3);Preventative Controls (PC);;aws;;PASS;S3 public access blocked at bucket level for config-bucket-858573892697.;arn:aws:s3:::config-bucket-858573892697;s3_bucket_policy_public_write_access;False;config-bucket-858573892697;FFIEC;FFIEC Cybersecurity Assessment Tool framework;
aws;In light of the increasing volume and sophistication of cyber threats, the Federal Financial Institutions Examination Council (FFIEC) developed the Cybersecurity Assessment Tool (Assessment), on behalf of its members, to help institutions identify their risks and determine their cybersecurity maturity.;858573892697;us-east-1;2026-09-19 09:30:34.148196;d3-pc-im-b-1;Network perimeter defense tools (e.g., border router and firewall) are used.;Cybersecurity Controls (Domain 3);Preventative Controls (PC);;aws;;PASS;S3 public access blocked at bucket level for do-not-delete-ssm-diagnosis-858573892697-us-east-1-g2j2x.;arn:aws:s3:::do-not-delete-ssm-diagnosis-858573892697-us-east-1-g2j2x;s3_bucket_policy_public_write_access;False;do-not-delete-ssm-diagnosis-858573892697-us-east-1-g2j2x;FFIEC;FFIEC Cybersecurity Assessment Tool framework;
aws;In light of the increasing volume and sophistication of cyber threats, the Federal Financial Institutions Examination Council (FFIEC) developed the Cybersecurity Assessment Tool (Assessment), on behalf of its members, to help institutions identify their risks and determine their cybersecurity maturity.;858573892697;us-east-1;2026-09-19 09:30:34.148196;d3-pc-im-b-1;Network perimeter defense tools (e.g., border router and firewall) are used.;Cybersecurity Controls (Domain 3);Preventative Controls (PC);;aws;;PASS;S3 Bucket vaultcloud-logs-prod-2024 does not have a bucket policy.;arn:aws:s3:::vaultcloud-logs-prod-2024;s3_bucket_policy_public_write_access;False;vaultcloud-logs-prod-2024;FFIEC;FFIEC Cybersecurity Assessment Tool framework;
aws;In light of the increasing volume and sophistication of cyber threats, the Federal Financial Institutions Examination Council (FFIEC) developed the Cybersecurity Assessment Tool (Assessment), on behalf of its members, to help institutions identify their risks and determine their cybersecurity maturity.;858573892697;us-east-1;2026-09-19 09:30:34.148196;d3-pc-im-b-1;Network perimeter defense tools (e.g., border router and firewall) are used.;Cybersecurity Controls (Domain 3);Preventative Controls (PC);;aws;;PASS;S3 public access blocked at bucket level for vaultcloud-remediation-test.;arn:aws:s3:::vaultcloud-remediation-test;s3_bucket_policy_public_write_access;False;vaultcloud-remediation-test;FFIEC;FFIEC Cybersecurity Assessment Tool framework;
aws;In light of the increasing volume and sophistication of cyber threats, the Federal Financial Institutions Examination Council (FFIEC) developed the Cybersecurity Assessment Tool (Assessment), on behalf of its members, to help institutions identify their risks and determine their cybersecurity maturity.;858573892697;us-east-1;2026-09-19 09:30:34.148196;d3-pc-im-b-1;Network perimeter defense tools (e.g., border router and firewall) are used.;Cybersecurity Controls (Domain 3);Preventative Controls (PC);;aws;;PASS;S3 Bucket vaultcloud-uploads-prod-2024 does not have a bucket policy.;arn:aws:s3:::vaultcloud-uploads-prod-2024;s3_bucket_policy_public_write_access;False;vaultcloud-uploads-prod-2024;FFIEC;FFIEC Cybersecurity Assessment Tool framework;
aws;In light of the increasing volume and sophistication of cyber threats, the Federal Financial Institutions Examination Council (FFIEC) developed the Cybersecurity Assessment Tool (Assessment), on behalf of its members, to help institutions identify their risks and determine their cybersecurity maturity.;858573892697;us-east-1;2026-09-19 09:30:34.148196;d3-pc-im-b-1;Network perimeter defense tools (e.g., border router and firewall) are used.;Cybersecurity Controls (Domain 3);Preventative Controls (PC);;aws;;PASS;S3 Bucket aws-cloudtrail-logs-858573892697-969e040d is not public.;arn:aws:s3:::aws-cloudtrail-logs-858573892697-969e040d;s3_bucket_public_access;False;aws-cloudtrail-logs-858573892697-969e040d;FFIEC;FFIEC Cybersecurity Assessment Tool framework;
aws;In light of the increasing volume and sophistication of cyber threats, the Federal Financial Institutions Examination Council (FFIEC) developed the Cybersecurity Assessment Tool (Assessment), on behalf of its members, to help institutions identify their risks and determine their cybersecurity maturity.;858573892697;us-east-1;2026-09-19 09:30:34.148196;d3-pc-im-b-1;Network perimeter defense tools (e.g., border router and firewall) are used.;Cybersecurity Controls (Domain 3);Preventative Controls (PC);;aws;;PASS;S3 Bucket config-bucket-858573892697 is not public.;arn:aws:s3:::config-bucket-858573892697;s3_bucket_public_access;False;config-bucket-858573892697;FFIEC;FFIEC Cybersecurity Assessment Tool framework;
aws;In light of the increasing volume and sophistication of cyber threats, the Federal Financial Institutions Examination Council (FFIEC) developed the Cybersecurity Assessment Tool (Assessment), on behalf of its members, to help institutions identify their risks and determine their cybersecurity maturity.;858573892697;us-east-1;2026-09-19 09:30:34.148196;d3-pc-im-b-1;Network perimeter defense tools (e.g., border router and firewall) are used.;Cybersecurity Controls (Domain 3);Preventative Controls (PC);;aws;;PASS;S3 Bucket do-not-delete-ssm-diagnosis-858573892697-us-east-1-g2j2x is not public.;arn:aws:s3:::do-not-delete-ssm-diagnosis-858573892697-us-east-1-g2j2x;s3_bucket_public_access;False;do-not-delete-ssm-diagnosis-858573892697-us-east-1-g2j2x;FFIEC;FFIEC Cybersecurity Assessment Tool framework;
aws;In light of the increasing volume and sophistication of cyber threats, the Federal Financial Institutions Examination Council (FFIEC) developed the Cybersecurity Assessment Tool (Assessment), on behalf of its members, to help institutions identify their risks and determine their cybersecurity maturity.;858573892697;us-east-1;2026-09-19 09:30:34.148196;d3-pc-im-b-1;Network perimeter defense tools (e.g., border router and firewall) are used.;Cybersecurity Controls (Domain 3);Preventative Controls (PC);;aws;;PASS;S3 Bucket vaultcloud-logs-prod-2024 is not public.;arn:aws:s3:::vaultcloud-logs-prod-2024;s3_bucket_public_access;False;vaultcloud-logs-prod-2024;FFIEC;FFIEC Cybersecurity Assessment Tool framework;
aws;In light of the increasing volume and sophistication of cyber threats, the Federal Financial Institutions Examination Council (FFIEC) developed the Cybersecurity Assessment Tool (Assessment), on behalf of its members, to help institutions identify their risks and determine their cybersecurity maturity.;858573892697;us-east-1;2026-09-19 09:30:34.148196;d3-pc-im-b-1;Network perimeter defense tools (e.g., border router and firewall) are used.;Cybersecurity Controls (Domain 3);Preventative Controls (PC);;aws;;PASS;S3 Bucket vaultcloud-remediation-test is not public.;arn:aws:s3:::vaultcloud-remediation-test;s3_bucket_public_access;False;vaultcloud-remediation-test;FFIEC;FFIEC Cybersecurity Assessment Tool framework;
aws;In light of the increasing volume and sophistication of cyber threats, the Federal Financial Institutions Examination Council (FFIEC) developed the Cybersecurity Assessment Tool (Assessment), on behalf of its members, to help institutions identify their risks and determine their cybersecurity maturity.;858573892697;us-east-1;2026-09-19 09:30:34.148196;d3-pc-im-b-1;Network perimeter defense tools (e.g., border router and firewall) are used.;Cybersecurity Controls (Domain 3);Preventative Controls (PC);;aws;;PASS;S3 Bucket vaultcloud-uploads-prod-2024 is not public.;arn:aws:s3:::vaultcloud-uploads-prod-2024;s3_bucket_public_access;False;vaultcloud-uploads-prod-2024;FFIEC;FFIEC Cybersecurity Assessment Tool framework;
aws;In light of the increasing volume and sophistication of cyber threats, the Federal Financial Institutions Examination Council (FFIEC) developed the Cybersecurity Assessment Tool (Assessment), on behalf of its members, to help institutions identify their risks and determine their cybersecurity maturity.;858573892697;us-east-1;2026-09-19 09:30:34.148196;d3-pc-am-b-12;All passwords are encrypted in storage and in transit.;Cybersecurity Controls (Domain 3);Preventative Controls (PC);;aws;;FAIL;S3 Bucket aws-cloudtrail-logs-858573892697-969e040d allows requests over insecure transport in the bucket policy.;arn:aws:s3:::aws-cloudtrail-logs-858573892697-969e040d;s3_bucket_secure_transport_policy;False;aws-cloudtrail-logs-858573892697-969e040d;FFIEC;FFIEC Cybersecurity Assessment Tool framework;
aws;In light of the increasing volume and sophistication of cyber threats, the Federal Financial Institutions Examination Council (FFIEC) developed the Cybersecurity Assessment Tool (Assessment), on behalf of its members, to help institutions identify their risks and determine their cybersecurity maturity.;858573892697;us-east-1;2026-09-19 09:30:34.148196;d3-pc-am-b-13;Confidential data is encrypted when transmitted across public or untrusted networks (e.g., Internet).;Cybersecurity Controls (Domain 3);Preventative Controls (PC);;aws;;FAIL;S3 Bucket aws-cloudtrail-logs-858573892697-969e040d allows requests over insecure transport in the bucket policy.;arn:aws:s3:::aws-cloudtrail-logs-858573892697-969e040d;s3_bucket_secure_transport_policy;False;aws-cloudtrail-logs-858573892697-969e040d;FFIEC;FFIEC Cybersecurity Assessment Tool framework;
aws;In light of the increasing volume and sophistication of cyber threats, the Federal Financial Institutions Examination Council (FFIEC) developed the Cybersecurity Assessment Tool (Assessment), on behalf of its members, to help institutions identify their risks and determine their cybersecurity maturity.;858573892697;us-east-1;2026-09-19 09:30:34.148196;d3-pc-am-b-15;Remote access to critical systems by employees, contractors, and third parties uses encrypted connections and multifactor authentication.;Cybersecurity Controls (Domain 3);Preventative Controls (PC);;aws;;FAIL;S3 Bucket aws-cloudtrail-logs-858573892697-969e040d allows requests over insecure transport in the bucket policy.;arn:aws:s3:::aws-cloudtrail-logs-858573892697-969e040d;s3_bucket_secure_transport_policy;False;aws-cloudtrail-logs-858573892697-969e040d;FFIEC;FFIEC Cybersecurity Assessment Tool framework;
aws;In light of the increasing volume and sophistication of cyber threats, the Federal Financial Institutions Examination Council (FFIEC) developed the Cybersecurity Assessment Tool (Assessment), on behalf of its members, to help institutions identify their risks and determine their cybersecurity maturity.;858573892697;us-east-1;2026-09-19 09:30:34.148196;d3-pc-am-b-12;All passwords are encrypted in storage and in transit.;Cybersecurity Controls (Domain 3);Preventative Controls (PC);;aws;;FAIL;S3 Bucket config-bucket-858573892697 allows requests over insecure transport in the bucket policy.;arn:aws:s3:::config-bucket-858573892697;s3_bucket_secure_transport_policy;False;config-bucket-858573892697;FFIEC;FFIEC Cybersecurity Assessment Tool framework;
aws;In light of the increasing volume and sophistication of cyber threats, the Federal Financial Institutions Examination Council (FFIEC) developed the Cybersecurity Assessment Tool (Assessment), on behalf of its members, to help institutions identify their risks and determine their cybersecurity maturity.;858573892697;us-east-1;2026-09-19 09:30:34.148196;d3-pc-am-b-13;Confidential data is encrypted when transmitted across public or untrusted networks (e.g., Internet).;Cybersecurity Controls (Domain 3);Preventative Controls (PC);;aws;;FAIL;S3 Bucket config-bucket-858573892697 allows requests over insecure transport in the bucket policy.;arn:aws:s3:::config-bucket-858573892697;s3_bucket_secure_transport_policy;False;config-bucket-858573892697;FFIEC;FFIEC Cybersecurity Assessment Tool framework;
aws;In light of the increasing volume and sophistication of cyber threats, the Federal Financial Institutions Examination Council (FFIEC) developed the Cybersecurity Assessment Tool (Assessment), on behalf of its members, to help institutions identify their risks and determine their cybersecurity maturity.;858573892697;us-east-1;2026-09-19 09:30:34.148196;d3-pc-am-b-15;Remote access to critical systems by employees, contractors, and third parties uses encrypted connections and multifactor authentication.;Cybersecurity Controls (Domain 3);Preventative Controls (PC);;aws;;FAIL;S3 Bucket config-bucket-858573892697 allows requests over insecure transport in the bucket policy.;arn:aws:s3:::config-bucket-858573892697;s3_bucket_secure_transport_policy;False;config-bucket-858573892697;FFIEC;FFIEC Cybersecurity Assessment Tool framework;
aws;In light of the increasing volume and sophistication of cyber threats, the Federal Financial Institutions Examination Council (FFIEC) developed the Cybersecurity Assessment Tool (Assessment), on behalf of its members, to help institutions identify their risks and determine their cybersecurity maturity.;858573892697;us-east-1;2026-09-19 09:30:34.148196;d3-pc-am-b-12;All passwords are encrypted in storage and in transit.;Cybersecurity Controls (Domain 3);Preventative Controls (PC);;aws;;PASS;S3 Bucket do-not-delete-ssm-diagnosis-858573892697-us-east-1-g2j2x has a bucket policy to deny requests over insecure transport.;arn:aws:s3:::do-not-delete-ssm-diagnosis-858573892697-us-east-1-g2j2x;s3_bucket_secure_transport_policy;False;do-not-delete-ssm-diagnosis-858573892697-us-east-1-g2j2x;FFIEC;FFIEC Cybersecurity Assessment Tool framework;
aws;In light of the increasing volume and sophistication of cyber threats, the Federal Financial Institutions Examination Council (FFIEC) developed the Cybersecurity Assessment Tool (Assessment), on behalf of its members, to help institutions identify their risks and determine their cybersecurity maturity.;858573892697;us-east-1;2026-09-19 09:30:34.148196;d3-pc-am-b-13;Confidential data is encrypted when transmitted across public or untrusted networks (e.g., Internet).;Cybersecurity Controls (Domain 3);Preventative Controls (PC);;aws;;PASS;S3 Bucket do-not-delete-ssm-diagnosis-858573892697-us-east-1-g2j2x has a bucket policy to deny requests over insecure transport.;arn:aws:s3:::do-not-delete-ssm-diagnosis-858573892697-us-east-1-g2j2x;s3_bucket_secure_transport_policy;False;do-not-delete-ssm-diagnosis-858573892697-us-east-1-g2j2x;FFIEC;FFIEC Cybersecurity Assessment Tool framework;
aws;In light of the increasing volume and sophistication of cyber threats, the Federal Financial Institutions Examination Council (FFIEC) developed the Cybersecurity Assessment Tool (Assessment), on behalf of its members, to help institutions identify their risks and determine their cybersecurity maturity.;858573892697;us-east-1;2026-09-19 09:30:34.148196;d3-pc-am-b-15;Remote access to critical systems by employees, contractors, and third parties uses encrypted connections and multifactor authentication.;Cybersecurity Controls (Domain 3);Preventative Controls (PC);;aws;;PASS;S3 Bucket do-not-delete-ssm-diagnosis-858573892697-us-east-1-g2j2x has a bucket policy to deny requests over insecure transport.;arn:aws:s3:::do-not-delete-ssm-diagnosis-858573892697-us-east-1-g2j2x;s3_bucket_secure_transport_policy;False;do-not-delete-ssm-diagnosis-858573892697-us-east-1-g2j2x;FFIEC;FFIEC Cybersecurity Assessment Tool framework;
aws;In light of the increasing volume and sophistication of cyber threats, the Federal Financial Institutions Examination Council (FFIEC) developed the Cybersecurity Assessment Tool (Assessment), on behalf of its members, to help institutions identify their risks and determine their cybersecurity maturity.;858573892697;us-east-1;2026-09-19 09:30:34.148196;d3-pc-am-b-12;All passwords are encrypted in storage and in transit.;Cybersecurity Controls (Domain 3);Preventative Controls (PC);;aws;;FAIL;S3 Bucket vaultcloud-logs-prod-2024 does not have a bucket policy, thus it allows HTTP requests.;arn:aws:s3:::vaultcloud-logs-prod-2024;s3_bucket_secure_transport_policy;False;vaultcloud-logs-prod-2024;FFIEC;FFIEC Cybersecurity Assessment Tool framework;
aws;In light of the increasing volume and sophistication of cyber threats, the Federal Financial Institutions Examination Council (FFIEC) developed the Cybersecurity Assessment Tool (Assessment), on behalf of its members, to help institutions identify their risks and determine their cybersecurity maturity.;858573892697;us-east-1;2026-09-19 09:30:34.148196;d3-pc-am-b-13;Confidential data is encrypted when transmitted across public or untrusted networks (e.g., Internet).;Cybersecurity Controls (Domain 3);Preventative Controls (PC);;aws;;FAIL;S3 Bucket vaultcloud-logs-prod-2024 does not have a bucket policy, thus it allows HTTP requests.;arn:aws:s3:::vaultcloud-logs-prod-2024;s3_bucket_secure_transport_policy;False;vaultcloud-logs-prod-2024;FFIEC;FFIEC Cybersecurity Assessment Tool framework;
aws;In light of the increasing volume and sophistication of cyber threats, the Federal Financial Institutions Examination Council (FFIEC) developed the Cybersecurity Assessment Tool (Assessment), on behalf of its members, to help institutions identify their risks and determine their cybersecurity maturity.;858573892697;us-east-1;2026-09-19 09:30:34.148196;d3-pc-am-b-15;Remote access to critical systems by employees, contractors, and third parties uses encrypted connections and multifactor authentication.;Cybersecurity Controls (Domain 3);Preventative Controls (PC);;aws;;FAIL;S3 Bucket vaultcloud-logs-prod-2024 does not have a bucket policy, thus it allows HTTP requests.;arn:aws:s3:::vaultcloud-logs-prod-2024;s3_bucket_secure_transport_policy;False;vaultcloud-logs-prod-2024;FFIEC;FFIEC Cybersecurity Assessment Tool framework;
aws;In light of the increasing volume and sophistication of cyber threats, the Federal Financial Institutions Examination Council (FFIEC) developed the Cybersecurity Assessment Tool (Assessment), on behalf of its members, to help institutions identify their risks and determine their cybersecurity maturity.;858573892697;us-east-1;2026-09-19 09:30:34.148196;d3-pc-am-b-12;All passwords are encrypted in storage and in transit.;Cybersecurity Controls (Domain 3);Preventative Controls (PC);;aws;;FAIL;S3 Bucket vaultcloud-remediation-test allows requests over insecure transport in the bucket policy.;arn:aws:s3:::vaultcloud-remediation-test;s3_bucket_secure_transport_policy;False;vaultcloud-remediation-test;FFIEC;FFIEC Cybersecurity Assessment Tool framework;
aws;In light of the increasing volume and sophistication of cyber threats, the Federal Financial Institutions Examination Council (FFIEC) developed the Cybersecurity Assessment Tool (Assessment), on behalf of its members, to help institutions identify their risks and determine their cybersecurity maturity.;858573892697;us-east-1;2026-09-19 09:30:34.148196;d3-pc-am-b-13;Confidential data is encrypted when transmitted across public or untrusted networks (e.g., Internet).;Cybersecurity Controls (Domain 3);Preventative Controls (PC);;aws;;FAIL;S3 Bucket vaultcloud-remediation-test allows requests over insecure transport in the bucket policy.;arn:aws:s3:::vaultcloud-remediation-test;s3_bucket_secure_transport_policy;False;vaultcloud-remediation-test;FFIEC;FFIEC Cybersecurity Assessment Tool framework;
aws;In light of the increasing volume and sophistication of cyber threats, the Federal Financial Institutions Examination Council (FFIEC) developed the Cybersecurity Assessment Tool (Assessment), on behalf of its members, to help institutions identify their risks and determine their cybersecurity maturity.;858573892697;us-east-1;2026-09-19 09:30:34.148196;d3-pc-am-b-15;Remote access to critical systems by employees, contractors, and third parties uses encrypted connections and multifactor authentication.;Cybersecurity Controls (Domain 3);Preventative Controls (PC);;aws;;FAIL;S3 Bucket vaultcloud-remediation-test allows requests over insecure transport in the bucket policy.;arn:aws:s3:::vaultcloud-remediation-test;s3_bucket_secure_transport_policy;False;vaultcloud-remediation-test;FFIEC;FFIEC Cybersecurity Assessment Tool framework;
aws;In light of the increasing volume and sophistication of cyber threats, the Federal Financial Institutions Examination Council (FFIEC) developed the Cybersecurity Assessment Tool (Assessment), on behalf of its members, to help institutions identify their risks and determine their cybersecurity maturity.;858573892697;us-east-1;2026-09-19 09:30:34.148196;d3-pc-am-b-12;All passwords are encrypted in storage and in transit.;Cybersecurity Controls (Domain 3);Preventative Controls (PC);;aws;;FAIL;S3 Bucket vaultcloud-uploads-prod-2024 does not have a bucket policy, thus it allows HTTP requests.;arn:aws:s3:::vaultcloud-uploads-prod-2024;s3_bucket_secure_transport_policy;False;vaultcloud-uploads-prod-2024;FFIEC;FFIEC Cybersecurity Assessment Tool framework;
aws;In light of the increasing volume and sophistication of cyber threats, the Federal Financial Institutions Examination Council (FFIEC) developed the Cybersecurity Assessment Tool (Assessment), on behalf of its members, to help institutions identify their risks and determine their cybersecurity maturity.;858573892697;us-east-1;2026-09-19 09:30:34.148196;d3-pc-am-b-13;Confidential data is encrypted when transmitted across public or untrusted networks (e.g., Internet).;Cybersecurity Controls (Domain 3);Preventative Controls (PC);;aws;;FAIL;S3 Bucket vaultcloud-uploads-prod-2024 does not have a bucket policy, thus it allows HTTP requests.;arn:aws:s3:::vaultcloud-uploads-prod-2024;s3_bucket_secure_transport_policy;False;vaultcloud-uploads-prod-2024;FFIEC;FFIEC Cybersecurity Assessment Tool framework;
aws;In light of the increasing volume and sophistication of cyber threats, the Federal Financial Institutions Examination Council (FFIEC) developed the Cybersecurity Assessment Tool (Assessment), on behalf of its members, to help institutions identify their risks and determine their cybersecurity maturity.;858573892697;us-east-1;2026-09-19 09:30:34.148196;d3-pc-am-b-15;Remote access to critical systems by employees, contractors, and third parties uses encrypted connections and multifactor authentication.;Cybersecurity Controls (Domain 3);Preventative Controls (PC);;aws;;FAIL;S3 Bucket vaultcloud-uploads-prod-2024 does not have a bucket policy, thus it allows HTTP requests.;arn:aws:s3:::vaultcloud-uploads-prod-2024;s3_bucket_secure_transport_policy;False;vaultcloud-uploads-prod-2024;FFIEC;FFIEC Cybersecurity Assessment Tool framework;
aws;In light of the increasing volume and sophistication of cyber threats, the Federal Financial Institutions Examination Council (FFIEC) developed the Cybersecurity Assessment Tool (Assessment), on behalf of its members, to help institutions identify their risks and determine their cybersecurity maturity.;858573892697;us-east-1;2026-09-19 09:30:34.148196;d2-ma-ma-b-1;Information security threats are gathered and shared with applicable internal employees.;Threat Intelligence and Collaboration (Domain 2);Monitoring and Analyzing (MA);;aws;;FAIL;S3 Bucket aws-cloudtrail-logs-858573892697-969e040d has server access logging disabled.;arn:aws:s3:::aws-cloudtrail-logs-858573892697-969e040d;s3_bucket_server_access_logging_enabled;False;aws-cloudtrail-logs-858573892697-969e040d;FFIEC;FFIEC Cybersecurity Assessment Tool framework;
aws;In light of the increasing volume and sophistication of cyber threats, the Federal Financial Institutions Examination Council (FFIEC) developed the Cybersecurity Assessment Tool (Assessment), on behalf of its members, to help institutions identify their risks and determine their cybersecurity maturity.;858573892697;us-east-1;2026-09-19 09:30:34.148196;d2-ma-ma-b-2;Computer event logs are used for investigations once an event has occurred.;Threat Intelligence and Collaboration (Domain 2);Monitoring and Analyzing (MA);;aws;;FAIL;S3 Bucket aws-cloudtrail-logs-858573892697-969e040d has server access logging disabled.;arn:aws:s3:::aws-cloudtrail-logs-858573892697-969e040d;s3_bucket_server_access_logging_enabled;False;aws-cloudtrail-logs-858573892697-969e040d;FFIEC;FFIEC Cybersecurity Assessment Tool framework;
aws;In light of the increasing volume and sophistication of cyber threats, the Federal Financial Institutions Examination Council (FFIEC) developed the Cybersecurity Assessment Tool (Assessment), on behalf of its members, to help institutions identify their risks and determine their cybersecurity maturity.;858573892697;us-east-1;2026-09-19 09:30:34.148196;d3-dc-an-b-3;Logs of physical and/or logical access are reviewed following events.;Cybersecurity Controls (Domain 3);Detective Controls (DC);;aws;;FAIL;S3 Bucket aws-cloudtrail-logs-858573892697-969e040d has server access logging disabled.;arn:aws:s3:::aws-cloudtrail-logs-858573892697-969e040d;s3_bucket_server_access_logging_enabled;False;aws-cloudtrail-logs-858573892697-969e040d;FFIEC;FFIEC Cybersecurity Assessment Tool framework;
aws;In light of the increasing volume and sophistication of cyber threats, the Federal Financial Institutions Examination Council (FFIEC) developed the Cybersecurity Assessment Tool (Assessment), on behalf of its members, to help institutions identify their risks and determine their cybersecurity maturity.;858573892697;us-east-1;2026-09-19 09:30:34.148196;d3-dc-an-b-4;Access to critical systems by third parties is monitored for unauthorized or unusual activity.;Cybersecurity Controls (Domain 3);Detective Controls (DC);;aws;;FAIL;S3 Bucket aws-cloudtrail-logs-858573892697-969e040d has server access logging disabled.;arn:aws:s3:::aws-cloudtrail-logs-858573892697-969e040d;s3_bucket_server_access_logging_enabled;False;aws-cloudtrail-logs-858573892697-969e040d;FFIEC;FFIEC Cybersecurity Assessment Tool framework;
aws;In light of the increasing volume and sophistication of cyber threats, the Federal Financial Institutions Examination Council (FFIEC) developed the Cybersecurity Assessment Tool (Assessment), on behalf of its members, to help institutions identify their risks and determine their cybersecurity maturity.;858573892697;us-east-1;2026-09-19 09:30:34.148196;d5-dr-de-b-3;Tools and processes are in place to detect, alert, and trigger the incident response program.;Cyber Incident Management and Resilience (Domain 5);Detection, Response, & Mitigation (DR);;aws;;FAIL;S3 Bucket aws-cloudtrail-logs-858573892697-969e040d has server access logging disabled.;arn:aws:s3:::aws-cloudtrail-logs-858573892697-969e040d;s3_bucket_server_access_logging_enabled;False;aws-cloudtrail-logs-858573892697-969e040d;FFIEC;FFIEC Cybersecurity Assessment Tool framework;
aws;In light of the increasing volume and sophistication of cyber threats, the Federal Financial Institutions Examination Council (FFIEC) developed the Cybersecurity Assessment Tool (Assessment), on behalf of its members, to help institutions identify their risks and determine their cybersecurity maturity.;858573892697;us-east-1;2026-09-19 09:30:34.148196;d2-ma-ma-b-1;Information security threats are gathered and shared with applicable internal employees.;Threat Intelligence and Collaboration (Domain 2);Monitoring and Analyzing (MA);;aws;;FAIL;S3 Bucket config-bucket-858573892697 has server access logging disabled.;arn:aws:s3:::config-bucket-858573892697;s3_bucket_server_access_logging_enabled;False;config-bucket-858573892697;FFIEC;FFIEC Cybersecurity Assessment Tool framework;
aws;In light of the increasing volume and sophistication of cyber threats, the Federal Financial Institutions Examination Council (FFIEC) developed the Cybersecurity Assessment Tool (Assessment), on behalf of its members, to help institutions identify their risks and determine their cybersecurity maturity.;858573892697;us-east-1;2026-09-19 09:30:34.148196;d2-ma-ma-b-2;Computer event logs are used for investigations once an event has occurred.;Threat Intelligence and Collaboration (Domain 2);Monitoring and Analyzing (MA);;aws;;FAIL;S3 Bucket config-bucket-858573892697 has server access logging disabled.;arn:aws:s3:::config-bucket-858573892697;s3_bucket_server_access_logging_enabled;False;config-bucket-858573892697;FFIEC;FFIEC Cybersecurity Assessment Tool framework;
aws;In light of the increasing volume and sophistication of cyber threats, the Federal Financial Institutions Examination Council (FFIEC) developed the Cybersecurity Assessment Tool (Assessment), on behalf of its members, to help institutions identify their risks and determine their cybersecurity maturity.;858573892697;us-east-1;2026-09-19 09:30:34.148196;d3-dc-an-b-3;Logs of physical and/or logical access are reviewed following events.;Cybersecurity Controls (Domain 3);Detective Controls (DC);;aws;;FAIL;S3 Bucket config-bucket-858573892697 has server access logging disabled.;arn:aws:s3:::config-bucket-858573892697;s3_bucket_server_access_logging_enabled;False;config-bucket-858573892697;FFIEC;FFIEC Cybersecurity Assessment Tool framework;
aws;In light of the increasing volume and sophistication of cyber threats, the Federal Financial Institutions Examination Council (FFIEC) developed the Cybersecurity Assessment Tool (Assessment), on behalf of its members, to help institutions identify their risks and determine their cybersecurity maturity.;858573892697;us-east-1;2026-09-19 09:30:34.148196;d3-dc-an-b-4;Access to critical systems by third parties is monitored for unauthorized or unusual activity.;Cybersecurity Controls (Domain 3);Detective Controls (DC);;aws;;FAIL;S3 Bucket config-bucket-858573892697 has server access logging disabled.;arn:aws:s3:::config-bucket-858573892697;s3_bucket_server_access_logging_enabled;False;config-bucket-858573892697;FFIEC;FFIEC Cybersecurity Assessment Tool framework;
aws;In light of the increasing volume and sophistication of cyber threats, the Federal Financial Institutions Examination Council (FFIEC) developed the Cybersecurity Assessment Tool (Assessment), on behalf of its members, to help institutions identify their risks and determine their cybersecurity maturity.;858573892697;us-east-1;2026-09-19 09:30:34.148196;d5-dr-de-b-3;Tools and processes are in place to detect, alert, and trigger the incident response program.;Cyber Incident Management and Resilience (Domain 5);Detection, Response, & Mitigation (DR);;aws;;FAIL;S3 Bucket config-bucket-858573892697 has server access logging disabled.;arn:aws:s3:::config-bucket-858573892697;s3_bucket_server_access_logging_enabled;False;config-bucket-858573892697;FFIEC;FFIEC Cybersecurity Assessment Tool framework;
aws;In light of the increasing volume and sophistication of cyber threats, the Federal Financial Institutions Examination Council (FFIEC) developed the Cybersecurity Assessment Tool (Assessment), on behalf of its members, to help institutions identify their risks and determine their cybersecurity maturity.;858573892697;us-east-1;2026-09-19 09:30:34.148196;d2-ma-ma-b-1;Information security threats are gathered and shared with applicable internal employees.;Threat Intelligence and Collaboration (Domain 2);Monitoring and Analyzing (MA);;aws;;FAIL;S3 Bucket do-not-delete-ssm-diagnosis-858573892697-us-east-1-g2j2x has server access logging disabled.;arn:aws:s3:::do-not-delete-ssm-diagnosis-858573892697-us-east-1-g2j2x;s3_bucket_server_access_logging_enabled;False;do-not-delete-ssm-diagnosis-858573892697-us-east-1-g2j2x;FFIEC;FFIEC Cybersecurity Assessment Tool framework;
aws;In light of the increasing volume and sophistication of cyber threats, the Federal Financial Institutions Examination Council (FFIEC) developed the Cybersecurity Assessment Tool (Assessment), on behalf of its members, to help institutions identify their risks and determine their cybersecurity maturity.;858573892697;us-east-1;2026-09-19 09:30:34.148196;d2-ma-ma-b-2;Computer event logs are used for investigations once an event has occurred.;Threat Intelligence and Collaboration (Domain 2);Monitoring and Analyzing (MA);;aws;;FAIL;S3 Bucket do-not-delete-ssm-diagnosis-858573892697-us-east-1-g2j2x has server access logging disabled.;arn:aws:s3:::do-not-delete-ssm-diagnosis-858573892697-us-east-1-g2j2x;s3_bucket_server_access_logging_enabled;False;do-not-delete-ssm-diagnosis-858573892697-us-east-1-g2j2x;FFIEC;FFIEC Cybersecurity Assessment Tool framework;
aws;In light of the increasing volume and sophistication of cyber threats, the Federal Financial Institutions Examination Council (FFIEC) developed the Cybersecurity Assessment Tool (Assessment), on behalf of its members, to help institutions identify their risks and determine their cybersecurity maturity.;858573892697;us-east-1;2026-09-19 09:30:34.148196;d3-dc-an-b-3;Logs of physical and/or logical access are reviewed following events.;Cybersecurity Controls (Domain 3);Detective Controls (DC);;aws;;FAIL;S3 Bucket do-not-delete-ssm-diagnosis-858573892697-us-east-1-g2j2x has server access logging disabled.;arn:aws:s3:::do-not-delete-ssm-diagnosis-858573892697-us-east-1-g2j2x;s3_bucket_server_access_logging_enabled;False;do-not-delete-ssm-diagnosis-858573892697-us-east-1-g2j2x;FFIEC;FFIEC Cybersecurity Assessment Tool framework;
aws;In light of the increasing volume and sophistication of cyber threats, the Federal Financial Institutions Examination Council (FFIEC) developed the Cybersecurity Assessment Tool (Assessment), on behalf of its members, to help institutions identify their risks and determine their cybersecurity maturity.;858573892697;us-east-1;2026-09-19 09:30:34.148196;d3-dc-an-b-4;Access to critical systems by third parties is monitored for unauthorized or unusual activity.;Cybersecurity Controls (Domain 3);Detective Controls (DC);;aws;;FAIL;S3 Bucket do-not-delete-ssm-diagnosis-858573892697-us-east-1-g2j2x has server access logging disabled.;arn:aws:s3:::do-not-delete-ssm-diagnosis-858573892697-us-east-1-g2j2x;s3_bucket_server_access_logging_enabled;False;do-not-delete-ssm-diagnosis-858573892697-us-east-1-g2j2x;FFIEC;FFIEC Cybersecurity Assessment Tool framework;
aws;In light of the increasing volume and sophistication of cyber threats, the Federal Financial Institutions Examination Council (FFIEC) developed the Cybersecurity Assessment Tool (Assessment), on behalf of its members, to help institutions identify their risks and determine their cybersecurity maturity.;858573892697;us-east-1;2026-09-19 09:30:34.148196;d5-dr-de-b-3;Tools and processes are in place to detect, alert, and trigger the incident response program.;Cyber Incident Management and Resilience (Domain 5);Detection, Response, & Mitigation (DR);;aws;;FAIL;S3 Bucket do-not-delete-ssm-diagnosis-858573892697-us-east-1-g2j2x has server access logging disabled.;arn:aws:s3:::do-not-delete-ssm-diagnosis-858573892697-us-east-1-g2j2x;s3_bucket_server_access_logging_enabled;False;do-not-delete-ssm-diagnosis-858573892697-us-east-1-g2j2x;FFIEC;FFIEC Cybersecurity Assessment Tool framework;
aws;In light of the increasing volume and sophistication of cyber threats, the Federal Financial Institutions Examination Council (FFIEC) developed the Cybersecurity Assessment Tool (Assessment), on behalf of its members, to help institutions identify their risks and determine their cybersecurity maturity.;858573892697;us-east-1;2026-09-19 09:30:34.148196;d2-ma-ma-b-1;Information security threats are gathered and shared with applicable internal employees.;Threat Intelligence and Collaboration (Domain 2);Monitoring and Analyzing (MA);;aws;;FAIL;S3 Bucket vaultcloud-logs-prod-2024 has server access logging disabled.;arn:aws:s3:::vaultcloud-logs-prod-2024;s3_bucket_server_access_logging_enabled;False;vaultcloud-logs-prod-2024;FFIEC;FFIEC Cybersecurity Assessment Tool framework;
aws;In light of the increasing volume and sophistication of cyber threats, the Federal Financial Institutions Examination Council (FFIEC) developed the Cybersecurity Assessment Tool (Assessment), on behalf of its members, to help institutions identify their risks and determine their cybersecurity maturity.;858573892697;us-east-1;2026-09-19 09:30:34.148196;d2-ma-ma-b-2;Computer event logs are used for investigations once an event has occurred.;Threat Intelligence and Collaboration (Domain 2);Monitoring and Analyzing (MA);;aws;;FAIL;S3 Bucket vaultcloud-logs-prod-2024 has server access logging disabled.;arn:aws:s3:::vaultcloud-logs-prod-2024;s3_bucket_server_access_logging_enabled;False;vaultcloud-logs-prod-2024;FFIEC;FFIEC Cybersecurity Assessment Tool framework;
aws;In light of the increasing volume and sophistication of cyber threats, the Federal Financial Institutions Examination Council (FFIEC) developed the Cybersecurity Assessment Tool (Assessment), on behalf of its members, to help institutions identify their risks and determine their cybersecurity maturity.;858573892697;us-east-1;2026-09-19 09:30:34.148196;d3-dc-an-b-3;Logs of physical and/or logical access are reviewed following events.;Cybersecurity Controls (Domain 3);Detective Controls (DC);;aws;;FAIL;S3 Bucket vaultcloud-logs-prod-2024 has server access logging disabled.;arn:aws:s3:::vaultcloud-logs-prod-2024;s3_bucket_server_access_logging_enabled;False;vaultcloud-logs-prod-2024;FFIEC;FFIEC Cybersecurity Assessment Tool framework;
aws;In light of the increasing volume and sophistication of cyber threats, the Federal Financial Institutions Examination Council (FFIEC) developed the Cybersecurity Assessment Tool (Assessment), on behalf of its members, to help institutions identify their risks and determine their cybersecurity maturity.;858573892697;us-east-1;2026-09-19 09:30:34.148196;d3-dc-an-b-4;Access to critical systems by third parties is monitored for unauthorized or unusual activity.;Cybersecurity Controls (Domain 3);Detective Controls (DC);;aws;;FAIL;S3 Bucket vaultcloud-logs-prod-2024 has server access logging disabled.;arn:aws:s3:::vaultcloud-logs-prod-2024;s3_bucket_server_access_logging_enabled;False;vaultcloud-logs-prod-2024;FFIEC;FFIEC Cybersecurity Assessment Tool framework;
aws;In light of the increasing volume and sophistication of cyber threats, the Federal Financial Institutions Examination Council (FFIEC) developed the Cybersecurity Assessment Tool (Assessment), on behalf of its members, to help institutions identify their risks and determine their cybersecurity maturity.;858573892697;us-east-1;2026-09-19 09:30:34.148196;d5-dr-de-b-3;Tools and processes are in place to detect, alert, and trigger the incident response program.;Cyber Incident Management and Resilience (Domain 5);Detection, Response, & Mitigation (DR);;aws;;FAIL;S3 Bucket vaultcloud-logs-prod-2024 has server access logging disabled.;arn:aws:s3:::vaultcloud-logs-prod-2024;s3_bucket_server_access_logging_enabled;False;vaultcloud-logs-prod-2024;FFIEC;FFIEC Cybersecurity Assessment Tool framework;
aws;In light of the increasing volume and sophistication of cyber threats, the Federal Financial Institutions Examination Council (FFIEC) developed the Cybersecurity Assessment Tool (Assessment), on behalf of its members, to help institutions identify their risks and determine their cybersecurity maturity.;858573892697;us-east-1;2026-09-19 09:30:34.148196;d2-ma-ma-b-1;Information security threats are gathered and shared with applicable internal employees.;Threat Intelligence and Collaboration (Domain 2);Monitoring and Analyzing (MA);;aws;;FAIL;S3 Bucket vaultcloud-remediation-test has server access logging disabled.;arn:aws:s3:::vaultcloud-remediation-test;s3_bucket_server_access_logging_enabled;False;vaultcloud-remediation-test;FFIEC;FFIEC Cybersecurity Assessment Tool framework;
aws;In light of the increasing volume and sophistication of cyber threats, the Federal Financial Institutions Examination Council (FFIEC) developed the Cybersecurity Assessment Tool (Assessment), on behalf of its members, to help institutions identify their risks and determine their cybersecurity maturity.;858573892697;us-east-1;2026-09-19 09:30:34.148196;d2-ma-ma-b-2;Computer event logs are used for investigations once an event has occurred.;Threat Intelligence and Collaboration (Domain 2);Monitoring and Analyzing (MA);;aws;;FAIL;S3 Bucket vaultcloud-remediation-test has server access logging disabled.;arn:aws:s3:::vaultcloud-remediation-test;s3_bucket_server_access_logging_enabled;False;vaultcloud-remediation-test;FFIEC;FFIEC Cybersecurity Assessment Tool framework;
aws;In light of the increasing volume and sophistication of cyber threats, the Federal Financial Institutions Examination Council (FFIEC) developed the Cybersecurity Assessment Tool (Assessment), on behalf of its members, to help institutions identify their risks and determine their cybersecurity maturity.;858573892697;us-east-1;2026-09-19 09:30:34.148196;d3-dc-an-b-3;Logs of physical and/or logical access are reviewed following events.;Cybersecurity Controls (Domain 3);Detective Controls (DC);;aws;;FAIL;S3 Bucket vaultcloud-remediation-test has server access logging disabled.;arn:aws:s3:::vaultcloud-remediation-test;s3_bucket_server_access_logging_enabled;False;vaultcloud-remediation-test;FFIEC;FFIEC Cybersecurity Assessment Tool framework;
aws;In light of the increasing volume and sophistication of cyber threats, the Federal Financial Institutions Examination Council (FFIEC) developed the Cybersecurity Assessment Tool (Assessment), on behalf of its members, to help institutions identify their risks and determine their cybersecurity maturity.;858573892697;us-east-1;2026-09-19 09:30:34.148196;d3-dc-an-b-4;Access to critical systems by third parties is monitored for unauthorized or unusual activity.;Cybersecurity Controls (Domain 3);Detective Controls (DC);;aws;;FAIL;S3 Bucket vaultcloud-remediation-test has server access logging disabled.;arn:aws:s3:::vaultcloud-remediation-test;s3_bucket_server_access_logging_enabled;False;vaultcloud-remediation-test;FFIEC;FFIEC Cybersecurity Assessment Tool framework;
aws;In light of the increasing volume and sophistication of cyber threats, the Federal Financial Institutions Examination Council (FFIEC) developed the Cybersecurity Assessment Tool (Assessment), on behalf of its members, to help institutions identify their risks and determine their cybersecurity maturity.;858573892697;us-east-1;2026-09-19 09:30:34.148196;d5-dr-de-b-3;Tools and processes are in place to detect, alert, and trigger the incident response program.;Cyber Incident Management and Resilience (Domain 5);Detection, Response, & Mitigation (DR);;aws;;FAIL;S3 Bucket vaultcloud-remediation-test has server access logging disabled.;arn:aws:s3:::vaultcloud-remediation-test;s3_bucket_server_access_logging_enabled;False;vaultcloud-remediation-test;FFIEC;FFIEC Cybersecurity Assessment Tool framework;
aws;In light of the increasing volume and sophistication of cyber threats, the Federal Financial Institutions Examination Council (FFIEC) developed the Cybersecurity Assessment Tool (Assessment), on behalf of its members, to help institutions identify their risks and determine their cybersecurity maturity.;858573892697;us-east-1;2026-09-19 09:30:34.148196;d2-ma-ma-b-1;Information security threats are gathered and shared with applicable internal employees.;Threat Intelligence and Collaboration (Domain 2);Monitoring and Analyzing (MA);;aws;;FAIL;S3 Bucket vaultcloud-uploads-prod-2024 has server access logging disabled.;arn:aws:s3:::vaultcloud-uploads-prod-2024;s3_bucket_server_access_logging_enabled;False;vaultcloud-uploads-prod-2024;FFIEC;FFIEC Cybersecurity Assessment Tool framework;
aws;In light of the increasing volume and sophistication of cyber threats, the Federal Financial Institutions Examination Council (FFIEC) developed the Cybersecurity Assessment Tool (Assessment), on behalf of its members, to help institutions identify their risks and determine their cybersecurity maturity.;858573892697;us-east-1;2026-09-19 09:30:34.148196;d2-ma-ma-b-2;Computer event logs are used for investigations once an event has occurred.;Threat Intelligence and Collaboration (Domain 2);Monitoring and Analyzing (MA);;aws;;FAIL;S3 Bucket vaultcloud-uploads-prod-2024 has server access logging disabled.;arn:aws:s3:::vaultcloud-uploads-prod-2024;s3_bucket_server_access_logging_enabled;False;vaultcloud-uploads-prod-2024;FFIEC;FFIEC Cybersecurity Assessment Tool framework;
aws;In light of the increasing volume and sophistication of cyber threats, the Federal Financial Institutions Examination Council (FFIEC) developed the Cybersecurity Assessment Tool (Assessment), on behalf of its members, to help institutions identify their risks and determine their cybersecurity maturity.;858573892697;us-east-1;2026-09-19 09:30:34.148196;d3-dc-an-b-3;Logs of physical and/or logical access are reviewed following events.;Cybersecurity Controls (Domain 3);Detective Controls (DC);;aws;;FAIL;S3 Bucket vaultcloud-uploads-prod-2024 has server access logging disabled.;arn:aws:s3:::vaultcloud-uploads-prod-2024;s3_bucket_server_access_logging_enabled;False;vaultcloud-uploads-prod-2024;FFIEC;FFIEC Cybersecurity Assessment Tool framework;
aws;In light of the increasing volume and sophistication of cyber threats, the Federal Financial Institutions Examination Council (FFIEC) developed the Cybersecurity Assessment Tool (Assessment), on behalf of its members, to help institutions identify their risks and determine their cybersecurity maturity.;858573892697;us-east-1;2026-09-19 09:30:34.148196;d3-dc-an-b-4;Access to critical systems by third parties is monitored for unauthorized or unusual activity.;Cybersecurity Controls (Domain 3);Detective Controls (DC);;aws;;FAIL;S3 Bucket vaultcloud-uploads-prod-2024 has server access logging disabled.;arn:aws:s3:::vaultcloud-uploads-prod-2024;s3_bucket_server_access_logging_enabled;False;vaultcloud-uploads-prod-2024;FFIEC;FFIEC Cybersecurity Assessment Tool framework;
aws;In light of the increasing volume and sophistication of cyber threats, the Federal Financial Institutions Examination Council (FFIEC) developed the Cybersecurity Assessment Tool (Assessment), on behalf of its members, to help institutions identify their risks and determine their cybersecurity maturity.;858573892697;us-east-1;2026-09-19 09:30:34.148196;d5-dr-de-b-3;Tools and processes are in place to detect, alert, and trigger the incident response program.;Cyber Incident Management and Resilience (Domain 5);Detection, Response, & Mitigation (DR);;aws;;FAIL;S3 Bucket vaultcloud-uploads-prod-2024 has server access logging disabled.;arn:aws:s3:::vaultcloud-uploads-prod-2024;s3_bucket_server_access_logging_enabled;False;vaultcloud-uploads-prod-2024;FFIEC;FFIEC Cybersecurity Assessment Tool framework;
aws;In light of the increasing volume and sophistication of cyber threats, the Federal Financial Institutions Examination Council (FFIEC) developed the Cybersecurity Assessment Tool (Assessment), on behalf of its members, to help institutions identify their risks and determine their cybersecurity maturity.;858573892697;ap-northeast-1;2026-09-19 09:30:34.148196;d2-is-is-b-1;Information security threats are gathered and shared with applicable internal employees.;Threat Intelligence and Collaboration (Domain 2);Information Sharing (IS);;aws;;FAIL;Security Hub is not enabled.;arn:aws:securityhub:ap-northeast-1:858573892697:hub/unknown;securityhub_enabled;False;hub/unknown;FFIEC;FFIEC Cybersecurity Assessment Tool framework;
aws;In light of the increasing volume and sophistication of cyber threats, the Federal Financial Institutions Examination Council (FFIEC) developed the Cybersecurity Assessment Tool (Assessment), on behalf of its members, to help institutions identify their risks and determine their cybersecurity maturity.;858573892697;ap-northeast-1;2026-09-19 09:30:34.148196;d2-ti-ti-b-1;The institution belongs or subscribes to a threat and vulnerability information-sharing source(s) that provides information on threats (e.g., FS-ISAC, US- CERT).;Threat Intelligence and Collaboration (Domain 2);Threat Intelligence (TI);;aws;;FAIL;Security Hub is not enabled.;arn:aws:securityhub:ap-northeast-1:858573892697:hub/unknown;securityhub_enabled;False;hub/unknown;FFIEC;FFIEC Cybersecurity Assessment Tool framework;
aws;In light of the increasing volume and sophistication of cyber threats, the Federal Financial Institutions Examination Council (FFIEC) developed the Cybersecurity Assessment Tool (Assessment), on behalf of its members, to help institutions identify their risks and determine their cybersecurity maturity.;858573892697;ap-northeast-1;2026-09-19 09:30:34.148196;d2-ti-ti-b-2;Threat information is used to monitor threats and vulnerabilities.;Threat Intelligence and Collaboration (Domain 2);Threat Intelligence (TI);;aws;;FAIL;Security Hub is not enabled.;arn:aws:securityhub:ap-northeast-1:858573892697:hub/unknown;securityhub_enabled;False;hub/unknown;FFIEC;FFIEC Cybersecurity Assessment Tool framework;
aws;In light of the increasing volume and sophistication of cyber threats, the Federal Financial Institutions Examination Council (FFIEC) developed the Cybersecurity Assessment Tool (Assessment), on behalf of its members, to help institutions identify their risks and determine their cybersecurity maturity.;858573892697;ap-northeast-1;2026-09-19 09:30:34.148196;d2-ti-ti-b-3;Threat information is used to enhance internal risk management and controls.;Threat Intelligence and Collaboration (Domain 2);Threat Intelligence (TI);;aws;;FAIL;Security Hub is not enabled.;arn:aws:securityhub:ap-northeast-1:858573892697:hub/unknown;securityhub_enabled;False;hub/unknown;FFIEC;FFIEC Cybersecurity Assessment Tool framework;
aws;In light of the increasing volume and sophistication of cyber threats, the Federal Financial Institutions Examination Council (FFIEC) developed the Cybersecurity Assessment Tool (Assessment), on behalf of its members, to help institutions identify their risks and determine their cybersecurity maturity.;858573892697;ap-northeast-1;2026-09-19 09:30:34.148196;d3-dc-an-b-1;The institution is able to detect anomalous activities through monitoring across the environment.;Cybersecurity Controls (Domain 3);Detective Controls (DC);;aws;;FAIL;Security Hub is not enabled.;arn:aws:securityhub:ap-northeast-1:858573892697:hub/unknown;securityhub_enabled;False;hub/unknown;FFIEC;FFIEC Cybersecurity Assessment Tool framework;
aws;In light of the increasing volume and sophistication of cyber threats, the Federal Financial Institutions Examination Council (FFIEC) developed the Cybersecurity Assessment Tool (Assessment), on behalf of its members, to help institutions identify their risks and determine their cybersecurity maturity.;858573892697;ap-northeast-1;2026-09-19 09:30:34.148196;d3-dc-an-b-2;Customer transactions generating anomalous activity alerts are monitored and reviewed.;Cybersecurity Controls (Domain 3);Detective Controls (DC);;aws;;FAIL;Security Hub is not enabled.;arn:aws:securityhub:ap-northeast-1:858573892697:hub/unknown;securityhub_enabled;False;hub/unknown;FFIEC;FFIEC Cybersecurity Assessment Tool framework;
aws;In light of the increasing volume and sophistication of cyber threats, the Federal Financial Institutions Examination Council (FFIEC) developed the Cybersecurity Assessment Tool (Assessment), on behalf of its members, to help institutions identify their risks and determine their cybersecurity maturity.;858573892697;ap-northeast-1;2026-09-19 09:30:34.148196;d3-dc-ev-b-3;Processes are in place to monitor for the presence of unauthorized users, devices, connections, and software.;Cybersecurity Controls (Domain 3);Detective Controls (DC);;aws;;FAIL;Security Hub is not enabled.;arn:aws:securityhub:ap-northeast-1:858573892697:hub/unknown;securityhub_enabled;False;hub/unknown;FFIEC;FFIEC Cybersecurity Assessment Tool framework;
aws;In light of the increasing volume and sophistication of cyber threats, the Federal Financial Institutions Examination Council (FFIEC) developed the Cybersecurity Assessment Tool (Assessment), on behalf of its members, to help institutions identify their risks and determine their cybersecurity maturity.;858573892697;ap-northeast-1;2026-09-19 09:30:34.148196;d3-dc-th-b-1;Independent testing (including penetration testing and vulnerability scanning) is conducted according to the risk assessment for external-facing systems and the internal network.;Cybersecurity Controls (Domain 3);Detective Controls (DC);;aws;;FAIL;Security Hub is not enabled.;arn:aws:securityhub:ap-northeast-1:858573892697:hub/unknown;securityhub_enabled;False;hub/unknown;FFIEC;FFIEC Cybersecurity Assessment Tool framework;
aws;In light of the increasing volume and sophistication of cyber threats, the Federal Financial Institutions Examination Council (FFIEC) developed the Cybersecurity Assessment Tool (Assessment), on behalf of its members, to help institutions identify their risks and determine their cybersecurity maturity.;858573892697;ap-northeast-1;2026-09-19 09:30:34.148196;d5-dr-de-b-1;Alert parameters are set for detecting information security incidents that prompt mitigating actions.;Cyber Incident Management and Resilience (Domain 5);Detection, Response, & Mitigation (DR);;aws;;FAIL;Security Hub is not enabled.;arn:aws:securityhub:ap-northeast-1:858573892697:hub/unknown;securityhub_enabled;False;hub/unknown;FFIEC;FFIEC Cybersecurity Assessment Tool framework;
aws;In light of the increasing volume and sophistication of cyber threats, the Federal Financial Institutions Examination Council (FFIEC) developed the Cybersecurity Assessment Tool (Assessment), on behalf of its members, to help institutions identify their risks and determine their cybersecurity maturity.;858573892697;ap-northeast-1;2026-09-19 09:30:34.148196;d5-dr-de-b-3;Tools and processes are in place to detect, alert, and trigger the incident response program.;Cyber Incident Management and Resilience (Domain 5);Detection, Response, & Mitigation (DR);;aws;;FAIL;Security Hub is not enabled.;arn:aws:securityhub:ap-northeast-1:858573892697:hub/unknown;securityhub_enabled;False;hub/unknown;FFIEC;FFIEC Cybersecurity Assessment Tool framework;
aws;In light of the increasing volume and sophistication of cyber threats, the Federal Financial Institutions Examination Council (FFIEC) developed the Cybersecurity Assessment Tool (Assessment), on behalf of its members, to help institutions identify their risks and determine their cybersecurity maturity.;858573892697;ap-northeast-2;2026-09-19 09:30:34.148196;d2-is-is-b-1;Information security threats are gathered and shared with applicable internal employees.;Threat Intelligence and Collaboration (Domain 2);Information Sharing (IS);;aws;;FAIL;Security Hub is not enabled.;arn:aws:securityhub:ap-northeast-2:858573892697:hub/unknown;securityhub_enabled;False;hub/unknown;FFIEC;FFIEC Cybersecurity Assessment Tool framework;
aws;In light of the increasing volume and sophistication of cyber threats, the Federal Financial Institutions Examination Council (FFIEC) developed the Cybersecurity Assessment Tool (Assessment), on behalf of its members, to help institutions identify their risks and determine their cybersecurity maturity.;858573892697;ap-northeast-2;2026-09-19 09:30:34.148196;d2-ti-ti-b-1;The institution belongs or subscribes to a threat and vulnerability information-sharing source(s) that provides information on threats (e.g., FS-ISAC, US- CERT).;Threat Intelligence and Collaboration (Domain 2);Threat Intelligence (TI);;aws;;FAIL;Security Hub is not enabled.;arn:aws:securityhub:ap-northeast-2:858573892697:hub/unknown;securityhub_enabled;False;hub/unknown;FFIEC;FFIEC Cybersecurity Assessment Tool framework;
aws;In light of the increasing volume and sophistication of cyber threats, the Federal Financial Institutions Examination Council (FFIEC) developed the Cybersecurity Assessment Tool (Assessment), on behalf of its members, to help institutions identify their risks and determine their cybersecurity maturity.;858573892697;ap-northeast-2;2026-09-19 09:30:34.148196;d2-ti-ti-b-2;Threat information is used to monitor threats and vulnerabilities.;Threat Intelligence and Collaboration (Domain 2);Threat Intelligence (TI);;aws;;FAIL;Security Hub is not enabled.;arn:aws:securityhub:ap-northeast-2:858573892697:hub/unknown;securityhub_enabled;False;hub/unknown;FFIEC;FFIEC Cybersecurity Assessment Tool framework;
aws;In light of the increasing volume and sophistication of cyber threats, the Federal Financial Institutions Examination Council (FFIEC) developed the Cybersecurity Assessment Tool (Assessment), on behalf of its members, to help institutions identify their risks and determine their cybersecurity maturity.;858573892697;ap-northeast-2;2026-09-19 09:30:34.148196;d2-ti-ti-b-3;Threat information is used to enhance internal risk management and controls.;Threat Intelligence and Collaboration (Domain 2);Threat Intelligence (TI);;aws;;FAIL;Security Hub is not enabled.;arn:aws:securityhub:ap-northeast-2:858573892697:hub/unknown;securityhub_enabled;False;hub/unknown;FFIEC;FFIEC Cybersecurity Assessment Tool framework;
aws;In light of the increasing volume and sophistication of cyber threats, the Federal Financial Institutions Examination Council (FFIEC) developed the Cybersecurity Assessment Tool (Assessment), on behalf of its members, to help institutions identify their risks and determine their cybersecurity maturity.;858573892697;ap-northeast-2;2026-09-19 09:30:34.148196;d3-dc-an-b-1;The institution is able to detect anomalous activities through monitoring across the environment.;Cybersecurity Controls (Domain 3);Detective Controls (DC);;aws;;FAIL;Security Hub is not enabled.;arn:aws:securityhub:ap-northeast-2:858573892697:hub/unknown;securityhub_enabled;False;hub/unknown;FFIEC;FFIEC Cybersecurity Assessment Tool framework;
aws;In light of the increasing volume and sophistication of cyber threats, the Federal Financial Institutions Examination Council (FFIEC) developed the Cybersecurity Assessment Tool (Assessment), on behalf of its members, to help institutions identify their risks and determine their cybersecurity maturity.;858573892697;ap-northeast-2;2026-09-19 09:30:34.148196;d3-dc-an-b-2;Customer transactions generating anomalous activity alerts are monitored and reviewed.;Cybersecurity Controls (Domain 3);Detective Controls (DC);;aws;;FAIL;Security Hub is not enabled.;arn:aws:securityhub:ap-northeast-2:858573892697:hub/unknown;securityhub_enabled;False;hub/unknown;FFIEC;FFIEC Cybersecurity Assessment Tool framework;
aws;In light of the increasing volume and sophistication of cyber threats, the Federal Financial Institutions Examination Council (FFIEC) developed the Cybersecurity Assessment Tool (Assessment), on behalf of its members, to help institutions identify their risks and determine their cybersecurity maturity.;858573892697;ap-northeast-2;2026-09-19 09:30:34.148196;d3-dc-ev-b-3;Processes are in place to monitor for the presence of unauthorized users, devices, connections, and software.;Cybersecurity Controls (Domain 3);Detective Controls (DC);;aws;;FAIL;Security Hub is not enabled.;arn:aws:securityhub:ap-northeast-2:858573892697:hub/unknown;securityhub_enabled;False;hub/unknown;FFIEC;FFIEC Cybersecurity Assessment Tool framework;
aws;In light of the increasing volume and sophistication of cyber threats, the Federal Financial Institutions Examination Council (FFIEC) developed the Cybersecurity Assessment Tool (Assessment), on behalf of its members, to help institutions identify their risks and determine their cybersecurity maturity.;858573892697;ap-northeast-2;2026-09-19 09:30:34.148196;d3-dc-th-b-1;Independent testing (including penetration testing and vulnerability scanning) is conducted according to the risk assessment for external-facing systems and the internal network.;Cybersecurity Controls (Domain 3);Detective Controls (DC);;aws;;FAIL;Security Hub is not enabled.;arn:aws:securityhub:ap-northeast-2:858573892697:hub/unknown;securityhub_enabled;False;hub/unknown;FFIEC;FFIEC Cybersecurity Assessment Tool framework;
aws;In light of the increasing volume and sophistication of cyber threats, the Federal Financial Institutions Examination Council (FFIEC) developed the Cybersecurity Assessment Tool (Assessment), on behalf of its members, to help institutions identify their risks and determine their cybersecurity maturity.;858573892697;ap-northeast-2;2026-09-19 09:30:34.148196;d5-dr-de-b-1;Alert parameters are set for detecting information security incidents that prompt mitigating actions.;Cyber Incident Management and Resilience (Domain 5);Detection, Response, & Mitigation (DR);;aws;;FAIL;Security Hub is not enabled.;arn:aws:securityhub:ap-northeast-2:858573892697:hub/unknown;securityhub_enabled;False;hub/unknown;FFIEC;FFIEC Cybersecurity Assessment Tool framework;
aws;In light of the increasing volume and sophistication of cyber threats, the Federal Financial Institutions Examination Council (FFIEC) developed the Cybersecurity Assessment Tool (Assessment), on behalf of its members, to help institutions identify their risks and determine their cybersecurity maturity.;858573892697;ap-northeast-2;2026-09-19 09:30:34.148196;d5-dr-de-b-3;Tools and processes are in place to detect, alert, and trigger the incident response program.;Cyber Incident Management and Resilience (Domain 5);Detection, Response, & Mitigation (DR);;aws;;FAIL;Security Hub is not enabled.;arn:aws:securityhub:ap-northeast-2:858573892697:hub/unknown;securityhub_enabled;False;hub/unknown;FFIEC;FFIEC Cybersecurity Assessment Tool framework;
aws;In light of the increasing volume and sophistication of cyber threats, the Federal Financial Institutions Examination Council (FFIEC) developed the Cybersecurity Assessment Tool (Assessment), on behalf of its members, to help institutions identify their risks and determine their cybersecurity maturity.;858573892697;ap-northeast-3;2026-09-19 09:30:34.148196;d2-is-is-b-1;Information security threats are gathered and shared with applicable internal employees.;Threat Intelligence and Collaboration (Domain 2);Information Sharing (IS);;aws;;FAIL;Security Hub is not enabled.;arn:aws:securityhub:ap-northeast-3:858573892697:hub/unknown;securityhub_enabled;False;hub/unknown;FFIEC;FFIEC Cybersecurity Assessment Tool framework;
aws;In light of the increasing volume and sophistication of cyber threats, the Federal Financial Institutions Examination Council (FFIEC) developed the Cybersecurity Assessment Tool (Assessment), on behalf of its members, to help institutions identify their risks and determine their cybersecurity maturity.;858573892697;ap-northeast-3;2026-09-19 09:30:34.148196;d2-ti-ti-b-1;The institution belongs or subscribes to a threat and vulnerability information-sharing source(s) that provides information on threats (e.g., FS-ISAC, US- CERT).;Threat Intelligence and Collaboration (Domain 2);Threat Intelligence (TI);;aws;;FAIL;Security Hub is not enabled.;arn:aws:securityhub:ap-northeast-3:858573892697:hub/unknown;securityhub_enabled;False;hub/unknown;FFIEC;FFIEC Cybersecurity Assessment Tool framework;
aws;In light of the increasing volume and sophistication of cyber threats, the Federal Financial Institutions Examination Council (FFIEC) developed the Cybersecurity Assessment Tool (Assessment), on behalf of its members, to help institutions identify their risks and determine their cybersecurity maturity.;858573892697;ap-northeast-3;2026-09-19 09:30:34.148196;d2-ti-ti-b-2;Threat information is used to monitor threats and vulnerabilities.;Threat Intelligence and Collaboration (Domain 2);Threat Intelligence (TI);;aws;;FAIL;Security Hub is not enabled.;arn:aws:securityhub:ap-northeast-3:858573892697:hub/unknown;securityhub_enabled;False;hub/unknown;FFIEC;FFIEC Cybersecurity Assessment Tool framework;
aws;In light of the increasing volume and sophistication of cyber threats, the Federal Financial Institutions Examination Council (FFIEC) developed the Cybersecurity Assessment Tool (Assessment), on behalf of its members, to help institutions identify their risks and determine their cybersecurity maturity.;858573892697;ap-northeast-3;2026-09-19 09:30:34.148196;d2-ti-ti-b-3;Threat information is used to enhance internal risk management and controls.;Threat Intelligence and Collaboration (Domain 2);Threat Intelligence (TI);;aws;;FAIL;Security Hub is not enabled.;arn:aws:securityhub:ap-northeast-3:858573892697:hub/unknown;securityhub_enabled;False;hub/unknown;FFIEC;FFIEC Cybersecurity Assessment Tool framework;
aws;In light of the increasing volume and sophistication of cyber threats, the Federal Financial Institutions Examination Council (FFIEC) developed the Cybersecurity Assessment Tool (Assessment), on behalf of its members, to help institutions identify their risks and determine their cybersecurity maturity.;858573892697;ap-northeast-3;2026-09-19 09:30:34.148196;d3-dc-an-b-1;The institution is able to detect anomalous activities through monitoring across the environment.;Cybersecurity Controls (Domain 3);Detective Controls (DC);;aws;;FAIL;Security Hub is not enabled.;arn:aws:securityhub:ap-northeast-3:858573892697:hub/unknown;securityhub_enabled;False;hub/unknown;FFIEC;FFIEC Cybersecurity Assessment Tool framework;
aws;In light of the increasing volume and sophistication of cyber threats, the Federal Financial Institutions Examination Council (FFIEC) developed the Cybersecurity Assessment Tool (Assessment), on behalf of its members, to help institutions identify their risks and determine their cybersecurity maturity.;858573892697;ap-northeast-3;2026-09-19 09:30:34.148196;d3-dc-an-b-2;Customer transactions generating anomalous activity alerts are monitored and reviewed.;Cybersecurity Controls (Domain 3);Detective Controls (DC);;aws;;FAIL;Security Hub is not enabled.;arn:aws:securityhub:ap-northeast-3:858573892697:hub/unknown;securityhub_enabled;False;hub/unknown;FFIEC;FFIEC Cybersecurity Assessment Tool framework;
aws;In light of the increasing volume and sophistication of cyber threats, the Federal Financial Institutions Examination Council (FFIEC) developed the Cybersecurity Assessment Tool (Assessment), on behalf of its members, to help institutions identify their risks and determine their cybersecurity maturity.;858573892697;ap-northeast-3;2026-09-19 09:30:34.148196;d3-dc-ev-b-3;Processes are in place to monitor for the presence of unauthorized users, devices, connections, and software.;Cybersecurity Controls (Domain 3);Detective Controls (DC);;aws;;FAIL;Security Hub is not enabled.;arn:aws:securityhub:ap-northeast-3:858573892697:hub/unknown;securityhub_enabled;False;hub/unknown;FFIEC;FFIEC Cybersecurity Assessment Tool framework;
aws;In light of the increasing volume and sophistication of cyber threats, the Federal Financial Institutions Examination Council (FFIEC) developed the Cybersecurity Assessment Tool (Assessment), on behalf of its members, to help institutions identify their risks and determine their cybersecurity maturity.;858573892697;ap-northeast-3;2026-09-19 09:30:34.148196;d3-dc-th-b-1;Independent testing (including penetration testing and vulnerability scanning) is conducted according to the risk assessment for external-facing systems and the internal network.;Cybersecurity Controls (Domain 3);Detective Controls (DC);;aws;;FAIL;Security Hub is not enabled.;arn:aws:securityhub:ap-northeast-3:858573892697:hub/unknown;securityhub_enabled;False;hub/unknown;FFIEC;FFIEC Cybersecurity Assessment Tool framework;
aws;In light of the increasing volume and sophistication of cyber threats, the Federal Financial Institutions Examination Council (FFIEC) developed the Cybersecurity Assessment Tool (Assessment), on behalf of its members, to help institutions identify their risks and determine their cybersecurity maturity.;858573892697;ap-northeast-3;2026-09-19 09:30:34.148196;d5-dr-de-b-1;Alert parameters are set for detecting information security incidents that prompt mitigating actions.;Cyber Incident Management and Resilience (Domain 5);Detection, Response, & Mitigation (DR);;aws;;FAIL;Security Hub is not enabled.;arn:aws:securityhub:ap-northeast-3:858573892697:hub/unknown;securityhub_enabled;False;hub/unknown;FFIEC;FFIEC Cybersecurity Assessment Tool framework;
aws;In light of the increasing volume and sophistication of cyber threats, the Federal Financial Institutions Examination Council (FFIEC) developed the Cybersecurity Assessment Tool (Assessment), on behalf of its members, to help institutions identify their risks and determine their cybersecurity maturity.;858573892697;ap-northeast-3;2026-09-19 09:30:34.148196;d5-dr-de-b-3;Tools and processes are in place to detect, alert, and trigger the incident response program.;Cyber Incident Management and Resilience (Domain 5);Detection, Response, & Mitigation (DR);;aws;;FAIL;Security Hub is not enabled.;arn:aws:securityhub:ap-northeast-3:858573892697:hub/unknown;securityhub_enabled;False;hub/unknown;FFIEC;FFIEC Cybersecurity Assessment Tool framework;
aws;In light of the increasing volume and sophistication of cyber threats, the Federal Financial Institutions Examination Council (FFIEC) developed the Cybersecurity Assessment Tool (Assessment), on behalf of its members, to help institutions identify their risks and determine their cybersecurity maturity.;858573892697;ap-south-1;2026-09-19 09:30:34.148196;d2-is-is-b-1;Information security threats are gathered and shared with applicable internal employees.;Threat Intelligence and Collaboration (Domain 2);Information Sharing (IS);;aws;;FAIL;Security Hub is not enabled.;arn:aws:securityhub:ap-south-1:858573892697:hub/unknown;securityhub_enabled;False;hub/unknown;FFIEC;FFIEC Cybersecurity Assessment Tool framework;
aws;In light of the increasing volume and sophistication of cyber threats, the Federal Financial Institutions Examination Council (FFIEC) developed the Cybersecurity Assessment Tool (Assessment), on behalf of its members, to help institutions identify their risks and determine their cybersecurity maturity.;858573892697;ap-south-1;2026-09-19 09:30:34.148196;d2-ti-ti-b-1;The institution belongs or subscribes to a threat and vulnerability information-sharing source(s) that provides information on threats (e.g., FS-ISAC, US- CERT).;Threat Intelligence and Collaboration (Domain 2);Threat Intelligence (TI);;aws;;FAIL;Security Hub is not enabled.;arn:aws:securityhub:ap-south-1:858573892697:hub/unknown;securityhub_enabled;False;hub/unknown;FFIEC;FFIEC Cybersecurity Assessment Tool framework;
aws;In light of the increasing volume and sophistication of cyber threats, the Federal Financial Institutions Examination Council (FFIEC) developed the Cybersecurity Assessment Tool (Assessment), on behalf of its members, to help institutions identify their risks and determine their cybersecurity maturity.;858573892697;ap-south-1;2026-09-19 09:30:34.148196;d2-ti-ti-b-2;Threat information is used to monitor threats and vulnerabilities.;Threat Intelligence and Collaboration (Domain 2);Threat Intelligence (TI);;aws;;FAIL;Security Hub is not enabled.;arn:aws:securityhub:ap-south-1:858573892697:hub/unknown;securityhub_enabled;False;hub/unknown;FFIEC;FFIEC Cybersecurity Assessment Tool framework;
aws;In light of the increasing volume and sophistication of cyber threats, the Federal Financial Institutions Examination Council (FFIEC) developed the Cybersecurity Assessment Tool (Assessment), on behalf of its members, to help institutions identify their risks and determine their cybersecurity maturity.;858573892697;ap-south-1;2026-09-19 09:30:34.148196;d2-ti-ti-b-3;Threat information is used to enhance internal risk management and controls.;Threat Intelligence and Collaboration (Domain 2);Threat Intelligence (TI);;aws;;FAIL;Security Hub is not enabled.;arn:aws:securityhub:ap-south-1:858573892697:hub/unknown;securityhub_enabled;False;hub/unknown;FFIEC;FFIEC Cybersecurity Assessment Tool framework;
aws;In light of the increasing volume and sophistication of cyber threats, the Federal Financial Institutions Examination Council (FFIEC) developed the Cybersecurity Assessment Tool (Assessment), on behalf of its members, to help institutions identify their risks and determine their cybersecurity maturity.;858573892697;ap-south-1;2026-09-19 09:30:34.148196;d3-dc-an-b-1;The institution is able to detect anomalous activities through monitoring across the environment.;Cybersecurity Controls (Domain 3);Detective Controls (DC);;aws;;FAIL;Security Hub is not enabled.;arn:aws:securityhub:ap-south-1:858573892697:hub/unknown;securityhub_enabled;False;hub/unknown;FFIEC;FFIEC Cybersecurity Assessment Tool framework;
aws;In light of the increasing volume and sophistication of cyber threats, the Federal Financial Institutions Examination Council (FFIEC) developed the Cybersecurity Assessment Tool (Assessment), on behalf of its members, to help institutions identify their risks and determine their cybersecurity maturity.;858573892697;ap-south-1;2026-09-19 09:30:34.148196;d3-dc-an-b-2;Customer transactions generating anomalous activity alerts are monitored and reviewed.;Cybersecurity Controls (Domain 3);Detective Controls (DC);;aws;;FAIL;Security Hub is not enabled.;arn:aws:securityhub:ap-south-1:858573892697:hub/unknown;securityhub_enabled;False;hub/unknown;FFIEC;FFIEC Cybersecurity Assessment Tool framework;
aws;In light of the increasing volume and sophistication of cyber threats, the Federal Financial Institutions Examination Council (FFIEC) developed the Cybersecurity Assessment Tool (Assessment), on behalf of its members, to help institutions identify their risks and determine their cybersecurity maturity.;858573892697;ap-south-1;2026-09-19 09:30:34.148196;d3-dc-ev-b-3;Processes are in place to monitor for the presence of unauthorized users, devices, connections, and software.;Cybersecurity Controls (Domain 3);Detective Controls (DC);;aws;;FAIL;Security Hub is not enabled.;arn:aws:securityhub:ap-south-1:858573892697:hub/unknown;securityhub_enabled;False;hub/unknown;FFIEC;FFIEC Cybersecurity Assessment Tool framework;
aws;In light of the increasing volume and sophistication of cyber threats, the Federal Financial Institutions Examination Council (FFIEC) developed the Cybersecurity Assessment Tool (Assessment), on behalf of its members, to help institutions identify their risks and determine their cybersecurity maturity.;858573892697;ap-south-1;2026-09-19 09:30:34.148196;d3-dc-th-b-1;Independent testing (including penetration testing and vulnerability scanning) is conducted according to the risk assessment for external-facing systems and the internal network.;Cybersecurity Controls (Domain 3);Detective Controls (DC);;aws;;FAIL;Security Hub is not enabled.;arn:aws:securityhub:ap-south-1:858573892697:hub/unknown;securityhub_enabled;False;hub/unknown;FFIEC;FFIEC Cybersecurity Assessment Tool framework;
aws;In light of the increasing volume and sophistication of cyber threats, the Federal Financial Institutions Examination Council (FFIEC) developed the Cybersecurity Assessment Tool (Assessment), on behalf of its members, to help institutions identify their risks and determine their cybersecurity maturity.;858573892697;ap-south-1;2026-09-19 09:30:34.148196;d5-dr-de-b-1;Alert parameters are set for detecting information security incidents that prompt mitigating actions.;Cyber Incident Management and Resilience (Domain 5);Detection, Response, & Mitigation (DR);;aws;;FAIL;Security Hub is not enabled.;arn:aws:securityhub:ap-south-1:858573892697:hub/unknown;securityhub_enabled;False;hub/unknown;FFIEC;FFIEC Cybersecurity Assessment Tool framework;
aws;In light of the increasing volume and sophistication of cyber threats, the Federal Financial Institutions Examination Council (FFIEC) developed the Cybersecurity Assessment Tool (Assessment), on behalf of its members, to help institutions identify their risks and determine their cybersecurity maturity.;858573892697;ap-south-1;2026-09-19 09:30:34.148196;d5-dr-de-b-3;Tools and processes are in place to detect, alert, and trigger the incident response program.;Cyber Incident Management and Resilience (Domain 5);Detection, Response, & Mitigation (DR);;aws;;FAIL;Security Hub is not enabled.;arn:aws:securityhub:ap-south-1:858573892697:hub/unknown;securityhub_enabled;False;hub/unknown;FFIEC;FFIEC Cybersecurity Assessment Tool framework;
aws;In light of the increasing volume and sophistication of cyber threats, the Federal Financial Institutions Examination Council (FFIEC) developed the Cybersecurity Assessment Tool (Assessment), on behalf of its members, to help institutions identify their risks and determine their cybersecurity maturity.;858573892697;ap-southeast-1;2026-09-19 09:30:34.148196;d2-is-is-b-1;Information security threats are gathered and shared with applicable internal employees.;Threat Intelligence and Collaboration (Domain 2);Information Sharing (IS);;aws;;FAIL;Security Hub is not enabled.;arn:aws:securityhub:ap-southeast-1:858573892697:hub/unknown;securityhub_enabled;False;hub/unknown;FFIEC;FFIEC Cybersecurity Assessment Tool framework;
aws;In light of the increasing volume and sophistication of cyber threats, the Federal Financial Institutions Examination Council (FFIEC) developed the Cybersecurity Assessment Tool (Assessment), on behalf of its members, to help institutions identify their risks and determine their cybersecurity maturity.;858573892697;ap-southeast-1;2026-09-19 09:30:34.148196;d2-ti-ti-b-1;The institution belongs or subscribes to a threat and vulnerability information-sharing source(s) that provides information on threats (e.g., FS-ISAC, US- CERT).;Threat Intelligence and Collaboration (Domain 2);Threat Intelligence (TI);;aws;;FAIL;Security Hub is not enabled.;arn:aws:securityhub:ap-southeast-1:858573892697:hub/unknown;securityhub_enabled;False;hub/unknown;FFIEC;FFIEC Cybersecurity Assessment Tool framework;
aws;In light of the increasing volume and sophistication of cyber threats, the Federal Financial Institutions Examination Council (FFIEC) developed the Cybersecurity Assessment Tool (Assessment), on behalf of its members, to help institutions identify their risks and determine their cybersecurity maturity.;858573892697;ap-southeast-1;2026-09-19 09:30:34.148196;d2-ti-ti-b-2;Threat information is used to monitor threats and vulnerabilities.;Threat Intelligence and Collaboration (Domain 2);Threat Intelligence (TI);;aws;;FAIL;Security Hub is not enabled.;arn:aws:securityhub:ap-southeast-1:858573892697:hub/unknown;securityhub_enabled;False;hub/unknown;FFIEC;FFIEC Cybersecurity Assessment Tool framework;
aws;In light of the increasing volume and sophistication of cyber threats, the Federal Financial Institutions Examination Council (FFIEC) developed the Cybersecurity Assessment Tool (Assessment), on behalf of its members, to help institutions identify their risks and determine their cybersecurity maturity.;858573892697;ap-southeast-1;2026-09-19 09:30:34.148196;d2-ti-ti-b-3;Threat information is used to enhance internal risk management and controls.;Threat Intelligence and Collaboration (Domain 2);Threat Intelligence (TI);;aws;;FAIL;Security Hub is not enabled.;arn:aws:securityhub:ap-southeast-1:858573892697:hub/unknown;securityhub_enabled;False;hub/unknown;FFIEC;FFIEC Cybersecurity Assessment Tool framework;
aws;In light of the increasing volume and sophistication of cyber threats, the Federal Financial Institutions Examination Council (FFIEC) developed the Cybersecurity Assessment Tool (Assessment), on behalf of its members, to help institutions identify their risks and determine their cybersecurity maturity.;858573892697;ap-southeast-1;2026-09-19 09:30:34.148196;d3-dc-an-b-1;The institution is able to detect anomalous activities through monitoring across the environment.;Cybersecurity Controls (Domain 3);Detective Controls (DC);;aws;;FAIL;Security Hub is not enabled.;arn:aws:securityhub:ap-southeast-1:858573892697:hub/unknown;securityhub_enabled;False;hub/unknown;FFIEC;FFIEC Cybersecurity Assessment Tool framework;
aws;In light of the increasing volume and sophistication of cyber threats, the Federal Financial Institutions Examination Council (FFIEC) developed the Cybersecurity Assessment Tool (Assessment), on behalf of its members, to help institutions identify their risks and determine their cybersecurity maturity.;858573892697;ap-southeast-1;2026-09-19 09:30:34.148196;d3-dc-an-b-2;Customer transactions generating anomalous activity alerts are monitored and reviewed.;Cybersecurity Controls (Domain 3);Detective Controls (DC);;aws;;FAIL;Security Hub is not enabled.;arn:aws:securityhub:ap-southeast-1:858573892697:hub/unknown;securityhub_enabled;False;hub/unknown;FFIEC;FFIEC Cybersecurity Assessment Tool framework;
aws;In light of the increasing volume and sophistication of cyber threats, the Federal Financial Institutions Examination Council (FFIEC) developed the Cybersecurity Assessment Tool (Assessment), on behalf of its members, to help institutions identify their risks and determine their cybersecurity maturity.;858573892697;ap-southeast-1;2026-09-19 09:30:34.148196;d3-dc-ev-b-3;Processes are in place to monitor for the presence of unauthorized users, devices, connections, and software.;Cybersecurity Controls (Domain 3);Detective Controls (DC);;aws;;FAIL;Security Hub is not enabled.;arn:aws:securityhub:ap-southeast-1:858573892697:hub/unknown;securityhub_enabled;False;hub/unknown;FFIEC;FFIEC Cybersecurity Assessment Tool framework;
aws;In light of the increasing volume and sophistication of cyber threats, the Federal Financial Institutions Examination Council (FFIEC) developed the Cybersecurity Assessment Tool (Assessment), on behalf of its members, to help institutions identify their risks and determine their cybersecurity maturity.;858573892697;ap-southeast-1;2026-09-19 09:30:34.148196;d3-dc-th-b-1;Independent testing (including penetration testing and vulnerability scanning) is conducted according to the risk assessment for external-facing systems and the internal network.;Cybersecurity Controls (Domain 3);Detective Controls (DC);;aws;;FAIL;Security Hub is not enabled.;arn:aws:securityhub:ap-southeast-1:858573892697:hub/unknown;securityhub_enabled;False;hub/unknown;FFIEC;FFIEC Cybersecurity Assessment Tool framework;
aws;In light of the increasing volume and sophistication of cyber threats, the Federal Financial Institutions Examination Council (FFIEC) developed the Cybersecurity Assessment Tool (Assessment), on behalf of its members, to help institutions identify their risks and determine their cybersecurity maturity.;858573892697;ap-southeast-1;2026-09-19 09:30:34.148196;d5-dr-de-b-1;Alert parameters are set for detecting information security incidents that prompt mitigating actions.;Cyber Incident Management and Resilience (Domain 5);Detection, Response, & Mitigation (DR);;aws;;FAIL;Security Hub is not enabled.;arn:aws:securityhub:ap-southeast-1:858573892697:hub/unknown;securityhub_enabled;False;hub/unknown;FFIEC;FFIEC Cybersecurity Assessment Tool framework;
aws;In light of the increasing volume and sophistication of cyber threats, the Federal Financial Institutions Examination Council (FFIEC) developed the Cybersecurity Assessment Tool (Assessment), on behalf of its members, to help institutions identify their risks and determine their cybersecurity maturity.;858573892697;ap-southeast-1;2026-09-19 09:30:34.148196;d5-dr-de-b-3;Tools and processes are in place to detect, alert, and trigger the incident response program.;Cyber Incident Management and Resilience (Domain 5);Detection, Response, & Mitigation (DR);;aws;;FAIL;Security Hub is not enabled.;arn:aws:securityhub:ap-southeast-1:858573892697:hub/unknown;securityhub_enabled;False;hub/unknown;FFIEC;FFIEC Cybersecurity Assessment Tool framework;
aws;In light of the increasing volume and sophistication of cyber threats, the Federal Financial Institutions Examination Council (FFIEC) developed the Cybersecurity Assessment Tool (Assessment), on behalf of its members, to help institutions identify their risks and determine their cybersecurity maturity.;858573892697;ap-southeast-2;2026-09-19 09:30:34.148196;d2-is-is-b-1;Information security threats are gathered and shared with applicable internal employees.;Threat Intelligence and Collaboration (Domain 2);Information Sharing (IS);;aws;;FAIL;Security Hub is not enabled.;arn:aws:securityhub:ap-southeast-2:858573892697:hub/unknown;securityhub_enabled;False;hub/unknown;FFIEC;FFIEC Cybersecurity Assessment Tool framework;
aws;In light of the increasing volume and sophistication of cyber threats, the Federal Financial Institutions Examination Council (FFIEC) developed the Cybersecurity Assessment Tool (Assessment), on behalf of its members, to help institutions identify their risks and determine their cybersecurity maturity.;858573892697;ap-southeast-2;2026-09-19 09:30:34.148196;d2-ti-ti-b-1;The institution belongs or subscribes to a threat and vulnerability information-sharing source(s) that provides information on threats (e.g., FS-ISAC, US- CERT).;Threat Intelligence and Collaboration (Domain 2);Threat Intelligence (TI);;aws;;FAIL;Security Hub is not enabled.;arn:aws:securityhub:ap-southeast-2:858573892697:hub/unknown;securityhub_enabled;False;hub/unknown;FFIEC;FFIEC Cybersecurity Assessment Tool framework;
aws;In light of the increasing volume and sophistication of cyber threats, the Federal Financial Institutions Examination Council (FFIEC) developed the Cybersecurity Assessment Tool (Assessment), on behalf of its members, to help institutions identify their risks and determine their cybersecurity maturity.;858573892697;ap-southeast-2;2026-09-19 09:30:34.148196;d2-ti-ti-b-2;Threat information is used to monitor threats and vulnerabilities.;Threat Intelligence and Collaboration (Domain 2);Threat Intelligence (TI);;aws;;FAIL;Security Hub is not enabled.;arn:aws:securityhub:ap-southeast-2:858573892697:hub/unknown;securityhub_enabled;False;hub/unknown;FFIEC;FFIEC Cybersecurity Assessment Tool framework;
aws;In light of the increasing volume and sophistication of cyber threats, the Federal Financial Institutions Examination Council (FFIEC) developed the Cybersecurity Assessment Tool (Assessment), on behalf of its members, to help institutions identify their risks and determine their cybersecurity maturity.;858573892697;ap-southeast-2;2026-09-19 09:30:34.148196;d2-ti-ti-b-3;Threat information is used to enhance internal risk management and controls.;Threat Intelligence and Collaboration (Domain 2);Threat Intelligence (TI);;aws;;FAIL;Security Hub is not enabled.;arn:aws:securityhub:ap-southeast-2:858573892697:hub/unknown;securityhub_enabled;False;hub/unknown;FFIEC;FFIEC Cybersecurity Assessment Tool framework;
aws;In light of the increasing volume and sophistication of cyber threats, the Federal Financial Institutions Examination Council (FFIEC) developed the Cybersecurity Assessment Tool (Assessment), on behalf of its members, to help institutions identify their risks and determine their cybersecurity maturity.;858573892697;ap-southeast-2;2026-09-19 09:30:34.148196;d3-dc-an-b-1;The institution is able to detect anomalous activities through monitoring across the environment.;Cybersecurity Controls (Domain 3);Detective Controls (DC);;aws;;FAIL;Security Hub is not enabled.;arn:aws:securityhub:ap-southeast-2:858573892697:hub/unknown;securityhub_enabled;False;hub/unknown;FFIEC;FFIEC Cybersecurity Assessment Tool framework;
aws;In light of the increasing volume and sophistication of cyber threats, the Federal Financial Institutions Examination Council (FFIEC) developed the Cybersecurity Assessment Tool (Assessment), on behalf of its members, to help institutions identify their risks and determine their cybersecurity maturity.;858573892697;ap-southeast-2;2026-09-19 09:30:34.148196;d3-dc-an-b-2;Customer transactions generating anomalous activity alerts are monitored and reviewed.;Cybersecurity Controls (Domain 3);Detective Controls (DC);;aws;;FAIL;Security Hub is not enabled.;arn:aws:securityhub:ap-southeast-2:858573892697:hub/unknown;securityhub_enabled;False;hub/unknown;FFIEC;FFIEC Cybersecurity Assessment Tool framework;
aws;In light of the increasing volume and sophistication of cyber threats, the Federal Financial Institutions Examination Council (FFIEC) developed the Cybersecurity Assessment Tool (Assessment), on behalf of its members, to help institutions identify their risks and determine their cybersecurity maturity.;858573892697;ap-southeast-2;2026-09-19 09:30:34.148196;d3-dc-ev-b-3;Processes are in place to monitor for the presence of unauthorized users, devices, connections, and software.;Cybersecurity Controls (Domain 3);Detective Controls (DC);;aws;;FAIL;Security Hub is not enabled.;arn:aws:securityhub:ap-southeast-2:858573892697:hub/unknown;securityhub_enabled;False;hub/unknown;FFIEC;FFIEC Cybersecurity Assessment Tool framework;
aws;In light of the increasing volume and sophistication of cyber threats, the Federal Financial Institutions Examination Council (FFIEC) developed the Cybersecurity Assessment Tool (Assessment), on behalf of its members, to help institutions identify their risks and determine their cybersecurity maturity.;858573892697;ap-southeast-2;2026-09-19 09:30:34.148196;d3-dc-th-b-1;Independent testing (including penetration testing and vulnerability scanning) is conducted according to the risk assessment for external-facing systems and the internal network.;Cybersecurity Controls (Domain 3);Detective Controls (DC);;aws;;FAIL;Security Hub is not enabled.;arn:aws:securityhub:ap-southeast-2:858573892697:hub/unknown;securityhub_enabled;False;hub/unknown;FFIEC;FFIEC Cybersecurity Assessment Tool framework;
aws;In light of the increasing volume and sophistication of cyber threats, the Federal Financial Institutions Examination Council (FFIEC) developed the Cybersecurity Assessment Tool (Assessment), on behalf of its members, to help institutions identify their risks and determine their cybersecurity maturity.;858573892697;ap-southeast-2;2026-09-19 09:30:34.148196;d5-dr-de-b-1;Alert parameters are set for detecting information security incidents that prompt mitigating actions.;Cyber Incident Management and Resilience (Domain 5);Detection, Response, & Mitigation (DR);;aws;;FAIL;Security Hub is not enabled.;arn:aws:securityhub:ap-southeast-2:858573892697:hub/unknown;securityhub_enabled;False;hub/unknown;FFIEC;FFIEC Cybersecurity Assessment Tool framework;
aws;In light of the increasing volume and sophistication of cyber threats, the Federal Financial Institutions Examination Council (FFIEC) developed the Cybersecurity Assessment Tool (Assessment), on behalf of its members, to help institutions identify their risks and determine their cybersecurity maturity.;858573892697;ap-southeast-2;2026-09-19 09:30:34.148196;d5-dr-de-b-3;Tools and processes are in place to detect, alert, and trigger the incident response program.;Cyber Incident Management and Resilience (Domain 5);Detection, Response, & Mitigation (DR);;aws;;FAIL;Security Hub is not enabled.;arn:aws:securityhub:ap-southeast-2:858573892697:hub/unknown;securityhub_enabled;False;hub/unknown;FFIEC;FFIEC Cybersecurity Assessment Tool framework;
aws;In light of the increasing volume and sophistication of cyber threats, the Federal Financial Institutions Examination Council (FFIEC) developed the Cybersecurity Assessment Tool (Assessment), on behalf of its members, to help institutions identify their risks and determine their cybersecurity maturity.;858573892697;ca-central-1;2026-09-19 09:30:34.148196;d2-is-is-b-1;Information security threats are gathered and shared with applicable internal employees.;Threat Intelligence and Collaboration (Domain 2);Information Sharing (IS);;aws;;FAIL;Security Hub is not enabled.;arn:aws:securityhub:ca-central-1:858573892697:hub/unknown;securityhub_enabled;False;hub/unknown;FFIEC;FFIEC Cybersecurity Assessment Tool framework;
aws;In light of the increasing volume and sophistication of cyber threats, the Federal Financial Institutions Examination Council (FFIEC) developed the Cybersecurity Assessment Tool (Assessment), on behalf of its members, to help institutions identify their risks and determine their cybersecurity maturity.;858573892697;ca-central-1;2026-09-19 09:30:34.148196;d2-ti-ti-b-1;The institution belongs or subscribes to a threat and vulnerability information-sharing source(s) that provides information on threats (e.g., FS-ISAC, US- CERT).;Threat Intelligence and Collaboration (Domain 2);Threat Intelligence (TI);;aws;;FAIL;Security Hub is not enabled.;arn:aws:securityhub:ca-central-1:858573892697:hub/unknown;securityhub_enabled;False;hub/unknown;FFIEC;FFIEC Cybersecurity Assessment Tool framework;
aws;In light of the increasing volume and sophistication of cyber threats, the Federal Financial Institutions Examination Council (FFIEC) developed the Cybersecurity Assessment Tool (Assessment), on behalf of its members, to help institutions identify their risks and determine their cybersecurity maturity.;858573892697;ca-central-1;2026-09-19 09:30:34.148196;d2-ti-ti-b-2;Threat information is used to monitor threats and vulnerabilities.;Threat Intelligence and Collaboration (Domain 2);Threat Intelligence (TI);;aws;;FAIL;Security Hub is not enabled.;arn:aws:securityhub:ca-central-1:858573892697:hub/unknown;securityhub_enabled;False;hub/unknown;FFIEC;FFIEC Cybersecurity Assessment Tool framework;
aws;In light of the increasing volume and sophistication of cyber threats, the Federal Financial Institutions Examination Council (FFIEC) developed the Cybersecurity Assessment Tool (Assessment), on behalf of its members, to help institutions identify their risks and determine their cybersecurity maturity.;858573892697;ca-central-1;2026-09-19 09:30:34.148196;d2-ti-ti-b-3;Threat information is used to enhance internal risk management and controls.;Threat Intelligence and Collaboration (Domain 2);Threat Intelligence (TI);;aws;;FAIL;Security Hub is not enabled.;arn:aws:securityhub:ca-central-1:858573892697:hub/unknown;securityhub_enabled;False;hub/unknown;FFIEC;FFIEC Cybersecurity Assessment Tool framework;
aws;In light of the increasing volume and sophistication of cyber threats, the Federal Financial Institutions Examination Council (FFIEC) developed the Cybersecurity Assessment Tool (Assessment), on behalf of its members, to help institutions identify their risks and determine their cybersecurity maturity.;858573892697;ca-central-1;2026-09-19 09:30:34.148196;d3-dc-an-b-1;The institution is able to detect anomalous activities through monitoring across the environment.;Cybersecurity Controls (Domain 3);Detective Controls (DC);;aws;;FAIL;Security Hub is not enabled.;arn:aws:securityhub:ca-central-1:858573892697:hub/unknown;securityhub_enabled;False;hub/unknown;FFIEC;FFIEC Cybersecurity Assessment Tool framework;
aws;In light of the increasing volume and sophistication of cyber threats, the Federal Financial Institutions Examination Council (FFIEC) developed the Cybersecurity Assessment Tool (Assessment), on behalf of its members, to help institutions identify their risks and determine their cybersecurity maturity.;858573892697;ca-central-1;2026-09-19 09:30:34.148196;d3-dc-an-b-2;Customer transactions generating anomalous activity alerts are monitored and reviewed.;Cybersecurity Controls (Domain 3);Detective Controls (DC);;aws;;FAIL;Security Hub is not enabled.;arn:aws:securityhub:ca-central-1:858573892697:hub/unknown;securityhub_enabled;False;hub/unknown;FFIEC;FFIEC Cybersecurity Assessment Tool framework;
aws;In light of the increasing volume and sophistication of cyber threats, the Federal Financial Institutions Examination Council (FFIEC) developed the Cybersecurity Assessment Tool (Assessment), on behalf of its members, to help institutions identify their risks and determine their cybersecurity maturity.;858573892697;ca-central-1;2026-09-19 09:30:34.148196;d3-dc-ev-b-3;Processes are in place to monitor for the presence of unauthorized users, devices, connections, and software.;Cybersecurity Controls (Domain 3);Detective Controls (DC);;aws;;FAIL;Security Hub is not enabled.;arn:aws:securityhub:ca-central-1:858573892697:hub/unknown;securityhub_enabled;False;hub/unknown;FFIEC;FFIEC Cybersecurity Assessment Tool framework;
aws;In light of the increasing volume and sophistication of cyber threats, the Federal Financial Institutions Examination Council (FFIEC) developed the Cybersecurity Assessment Tool (Assessment), on behalf of its members, to help institutions identify their risks and determine their cybersecurity maturity.;858573892697;ca-central-1;2026-09-19 09:30:34.148196;d3-dc-th-b-1;Independent testing (including penetration testing and vulnerability scanning) is conducted according to the risk assessment for external-facing systems and the internal network.;Cybersecurity Controls (Domain 3);Detective Controls (DC);;aws;;FAIL;Security Hub is not enabled.;arn:aws:securityhub:ca-central-1:858573892697:hub/unknown;securityhub_enabled;False;hub/unknown;FFIEC;FFIEC Cybersecurity Assessment Tool framework;
aws;In light of the increasing volume and sophistication of cyber threats, the Federal Financial Institutions Examination Council (FFIEC) developed the Cybersecurity Assessment Tool (Assessment), on behalf of its members, to help institutions identify their risks and determine their cybersecurity maturity.;858573892697;ca-central-1;2026-09-19 09:30:34.148196;d5-dr-de-b-1;Alert parameters are set for detecting information security incidents that prompt mitigating actions.;Cyber Incident Management and Resilience (Domain 5);Detection, Response, & Mitigation (DR);;aws;;FAIL;Security Hub is not enabled.;arn:aws:securityhub:ca-central-1:858573892697:hub/unknown;securityhub_enabled;False;hub/unknown;FFIEC;FFIEC Cybersecurity Assessment Tool framework;
aws;In light of the increasing volume and sophistication of cyber threats, the Federal Financial Institutions Examination Council (FFIEC) developed the Cybersecurity Assessment Tool (Assessment), on behalf of its members, to help institutions identify their risks and determine their cybersecurity maturity.;858573892697;ca-central-1;2026-09-19 09:30:34.148196;d5-dr-de-b-3;Tools and processes are in place to detect, alert, and trigger the incident response program.;Cyber Incident Management and Resilience (Domain 5);Detection, Response, & Mitigation (DR);;aws;;FAIL;Security Hub is not enabled.;arn:aws:securityhub:ca-central-1:858573892697:hub/unknown;securityhub_enabled;False;hub/unknown;FFIEC;FFIEC Cybersecurity Assessment Tool framework;
aws;In light of the increasing volume and sophistication of cyber threats, the Federal Financial Institutions Examination Council (FFIEC) developed the Cybersecurity Assessment Tool (Assessment), on behalf of its members, to help institutions identify their risks and determine their cybersecurity maturity.;858573892697;eu-central-1;2026-09-19 09:30:34.148196;d2-is-is-b-1;Information security threats are gathered and shared with applicable internal employees.;Threat Intelligence and Collaboration (Domain 2);Information Sharing (IS);;aws;;FAIL;Security Hub is not enabled.;arn:aws:securityhub:eu-central-1:858573892697:hub/unknown;securityhub_enabled;False;hub/unknown;FFIEC;FFIEC Cybersecurity Assessment Tool framework;
aws;In light of the increasing volume and sophistication of cyber threats, the Federal Financial Institutions Examination Council (FFIEC) developed the Cybersecurity Assessment Tool (Assessment), on behalf of its members, to help institutions identify their risks and determine their cybersecurity maturity.;858573892697;eu-central-1;2026-09-19 09:30:34.148196;d2-ti-ti-b-1;The institution belongs or subscribes to a threat and vulnerability information-sharing source(s) that provides information on threats (e.g., FS-ISAC, US- CERT).;Threat Intelligence and Collaboration (Domain 2);Threat Intelligence (TI);;aws;;FAIL;Security Hub is not enabled.;arn:aws:securityhub:eu-central-1:858573892697:hub/unknown;securityhub_enabled;False;hub/unknown;FFIEC;FFIEC Cybersecurity Assessment Tool framework;
aws;In light of the increasing volume and sophistication of cyber threats, the Federal Financial Institutions Examination Council (FFIEC) developed the Cybersecurity Assessment Tool (Assessment), on behalf of its members, to help institutions identify their risks and determine their cybersecurity maturity.;858573892697;eu-central-1;2026-09-19 09:30:34.148196;d2-ti-ti-b-2;Threat information is used to monitor threats and vulnerabilities.;Threat Intelligence and Collaboration (Domain 2);Threat Intelligence (TI);;aws;;FAIL;Security Hub is not enabled.;arn:aws:securityhub:eu-central-1:858573892697:hub/unknown;securityhub_enabled;False;hub/unknown;FFIEC;FFIEC Cybersecurity Assessment Tool framework;
aws;In light of the increasing volume and sophistication of cyber threats, the Federal Financial Institutions Examination Council (FFIEC) developed the Cybersecurity Assessment Tool (Assessment), on behalf of its members, to help institutions identify their risks and determine their cybersecurity maturity.;858573892697;eu-central-1;2026-09-19 09:30:34.148196;d2-ti-ti-b-3;Threat information is used to enhance internal risk management and controls.;Threat Intelligence and Collaboration (Domain 2);Threat Intelligence (TI);;aws;;FAIL;Security Hub is not enabled.;arn:aws:securityhub:eu-central-1:858573892697:hub/unknown;securityhub_enabled;False;hub/unknown;FFIEC;FFIEC Cybersecurity Assessment Tool framework;
aws;In light of the increasing volume and sophistication of cyber threats, the Federal Financial Institutions Examination Council (FFIEC) developed the Cybersecurity Assessment Tool (Assessment), on behalf of its members, to help institutions identify their risks and determine their cybersecurity maturity.;858573892697;eu-central-1;2026-09-19 09:30:34.148196;d3-dc-an-b-1;The institution is able to detect anomalous activities through monitoring across the environment.;Cybersecurity Controls (Domain 3);Detective Controls (DC);;aws;;FAIL;Security Hub is not enabled.;arn:aws:securityhub:eu-central-1:858573892697:hub/unknown;securityhub_enabled;False;hub/unknown;FFIEC;FFIEC Cybersecurity Assessment Tool framework;
aws;In light of the increasing volume and sophistication of cyber threats, the Federal Financial Institutions Examination Council (FFIEC) developed the Cybersecurity Assessment Tool (Assessment), on behalf of its members, to help institutions identify their risks and determine their cybersecurity maturity.;858573892697;eu-central-1;2026-09-19 09:30:34.148196;d3-dc-an-b-2;Customer transactions generating anomalous activity alerts are monitored and reviewed.;Cybersecurity Controls (Domain 3);Detective Controls (DC);;aws;;FAIL;Security Hub is not enabled.;arn:aws:securityhub:eu-central-1:858573892697:hub/unknown;securityhub_enabled;False;hub/unknown;FFIEC;FFIEC Cybersecurity Assessment Tool framework;
aws;In light of the increasing volume and sophistication of cyber threats, the Federal Financial Institutions Examination Council (FFIEC) developed the Cybersecurity Assessment Tool (Assessment), on behalf of its members, to help institutions identify their risks and determine their cybersecurity maturity.;858573892697;eu-central-1;2026-09-19 09:30:34.148196;d3-dc-ev-b-3;Processes are in place to monitor for the presence of unauthorized users, devices, connections, and software.;Cybersecurity Controls (Domain 3);Detective Controls (DC);;aws;;FAIL;Security Hub is not enabled.;arn:aws:securityhub:eu-central-1:858573892697:hub/unknown;securityhub_enabled;False;hub/unknown;FFIEC;FFIEC Cybersecurity Assessment Tool framework;
aws;In light of the increasing volume and sophistication of cyber threats, the Federal Financial Institutions Examination Council (FFIEC) developed the Cybersecurity Assessment Tool (Assessment), on behalf of its members, to help institutions identify their risks and determine their cybersecurity maturity.;858573892697;eu-central-1;2026-09-19 09:30:34.148196;d3-dc-th-b-1;Independent testing (including penetration testing and vulnerability scanning) is conducted according to the risk assessment for external-facing systems and the internal network.;Cybersecurity Controls (Domain 3);Detective Controls (DC);;aws;;FAIL;Security Hub is not enabled.;arn:aws:securityhub:eu-central-1:858573892697:hub/unknown;securityhub_enabled;False;hub/unknown;FFIEC;FFIEC Cybersecurity Assessment Tool framework;
aws;In light of the increasing volume and sophistication of cyber threats, the Federal Financial Institutions Examination Council (FFIEC) developed the Cybersecurity Assessment Tool (Assessment), on behalf of its members, to help institutions identify their risks and determine their cybersecurity maturity.;858573892697;eu-central-1;2026-09-19 09:30:34.148196;d5-dr-de-b-1;Alert parameters are set for detecting information security incidents that prompt mitigating actions.;Cyber Incident Management and Resilience (Domain 5);Detection, Response, & Mitigation (DR);;aws;;FAIL;Security Hub is not enabled.;arn:aws:securityhub:eu-central-1:858573892697:hub/unknown;securityhub_enabled;False;hub/unknown;FFIEC;FFIEC Cybersecurity Assessment Tool framework;
aws;In light of the increasing volume and sophistication of cyber threats, the Federal Financial Institutions Examination Council (FFIEC) developed the Cybersecurity Assessment Tool (Assessment), on behalf of its members, to help institutions identify their risks and determine their cybersecurity maturity.;858573892697;eu-central-1;2026-09-19 09:30:34.148196;d5-dr-de-b-3;Tools and processes are in place to detect, alert, and trigger the incident response program.;Cyber Incident Management and Resilience (Domain 5);Detection, Response, & Mitigation (DR);;aws;;FAIL;Security Hub is not enabled.;arn:aws:securityhub:eu-central-1:858573892697:hub/unknown;securityhub_enabled;False;hub/unknown;FFIEC;FFIEC Cybersecurity Assessment Tool framework;
aws;In light of the increasing volume and sophistication of cyber threats, the Federal Financial Institutions Examination Council (FFIEC) developed the Cybersecurity Assessment Tool (Assessment), on behalf of its members, to help institutions identify their risks and determine their cybersecurity maturity.;858573892697;eu-north-1;2026-09-19 09:30:34.148196;d2-is-is-b-1;Information security threats are gathered and shared with applicable internal employees.;Threat Intelligence and Collaboration (Domain 2);Information Sharing (IS);;aws;;FAIL;Security Hub is not enabled.;arn:aws:securityhub:eu-north-1:858573892697:hub/unknown;securityhub_enabled;False;hub/unknown;FFIEC;FFIEC Cybersecurity Assessment Tool framework;
aws;In light of the increasing volume and sophistication of cyber threats, the Federal Financial Institutions Examination Council (FFIEC) developed the Cybersecurity Assessment Tool (Assessment), on behalf of its members, to help institutions identify their risks and determine their cybersecurity maturity.;858573892697;eu-north-1;2026-09-19 09:30:34.148196;d2-ti-ti-b-1;The institution belongs or subscribes to a threat and vulnerability information-sharing source(s) that provides information on threats (e.g., FS-ISAC, US- CERT).;Threat Intelligence and Collaboration (Domain 2);Threat Intelligence (TI);;aws;;FAIL;Security Hub is not enabled.;arn:aws:securityhub:eu-north-1:858573892697:hub/unknown;securityhub_enabled;False;hub/unknown;FFIEC;FFIEC Cybersecurity Assessment Tool framework;
aws;In light of the increasing volume and sophistication of cyber threats, the Federal Financial Institutions Examination Council (FFIEC) developed the Cybersecurity Assessment Tool (Assessment), on behalf of its members, to help institutions identify their risks and determine their cybersecurity maturity.;858573892697;eu-north-1;2026-09-19 09:30:34.148196;d2-ti-ti-b-2;Threat information is used to monitor threats and vulnerabilities.;Threat Intelligence and Collaboration (Domain 2);Threat Intelligence (TI);;aws;;FAIL;Security Hub is not enabled.;arn:aws:securityhub:eu-north-1:858573892697:hub/unknown;securityhub_enabled;False;hub/unknown;FFIEC;FFIEC Cybersecurity Assessment Tool framework;
aws;In light of the increasing volume and sophistication of cyber threats, the Federal Financial Institutions Examination Council (FFIEC) developed the Cybersecurity Assessment Tool (Assessment), on behalf of its members, to help institutions identify their risks and determine their cybersecurity maturity.;858573892697;eu-north-1;2026-09-19 09:30:34.148196;d2-ti-ti-b-3;Threat information is used to enhance internal risk management and controls.;Threat Intelligence and Collaboration (Domain 2);Threat Intelligence (TI);;aws;;FAIL;Security Hub is not enabled.;arn:aws:securityhub:eu-north-1:858573892697:hub/unknown;securityhub_enabled;False;hub/unknown;FFIEC;FFIEC Cybersecurity Assessment Tool framework;
aws;In light of the increasing volume and sophistication of cyber threats, the Federal Financial Institutions Examination Council (FFIEC) developed the Cybersecurity Assessment Tool (Assessment), on behalf of its members, to help institutions identify their risks and determine their cybersecurity maturity.;858573892697;eu-north-1;2026-09-19 09:30:34.148196;d3-dc-an-b-1;The institution is able to detect anomalous activities through monitoring across the environment.;Cybersecurity Controls (Domain 3);Detective Controls (DC);;aws;;FAIL;Security Hub is not enabled.;arn:aws:securityhub:eu-north-1:858573892697:hub/unknown;securityhub_enabled;False;hub/unknown;FFIEC;FFIEC Cybersecurity Assessment Tool framework;
aws;In light of the increasing volume and sophistication of cyber threats, the Federal Financial Institutions Examination Council (FFIEC) developed the Cybersecurity Assessment Tool (Assessment), on behalf of its members, to help institutions identify their risks and determine their cybersecurity maturity.;858573892697;eu-north-1;2026-09-19 09:30:34.148196;d3-dc-an-b-2;Customer transactions generating anomalous activity alerts are monitored and reviewed.;Cybersecurity Controls (Domain 3);Detective Controls (DC);;aws;;FAIL;Security Hub is not enabled.;arn:aws:securityhub:eu-north-1:858573892697:hub/unknown;securityhub_enabled;False;hub/unknown;FFIEC;FFIEC Cybersecurity Assessment Tool framework;
aws;In light of the increasing volume and sophistication of cyber threats, the Federal Financial Institutions Examination Council (FFIEC) developed the Cybersecurity Assessment Tool (Assessment), on behalf of its members, to help institutions identify their risks and determine their cybersecurity maturity.;858573892697;eu-north-1;2026-09-19 09:30:34.148196;d3-dc-ev-b-3;Processes are in place to monitor for the presence of unauthorized users, devices, connections, and software.;Cybersecurity Controls (Domain 3);Detective Controls (DC);;aws;;FAIL;Security Hub is not enabled.;arn:aws:securityhub:eu-north-1:858573892697:hub/unknown;securityhub_enabled;False;hub/unknown;FFIEC;FFIEC Cybersecurity Assessment Tool framework;
aws;In light of the increasing volume and sophistication of cyber threats, the Federal Financial Institutions Examination Council (FFIEC) developed the Cybersecurity Assessment Tool (Assessment), on behalf of its members, to help institutions identify their risks and determine their cybersecurity maturity.;858573892697;eu-north-1;2026-09-19 09:30:34.148196;d3-dc-th-b-1;Independent testing (including penetration testing and vulnerability scanning) is conducted according to the risk assessment for external-facing systems and the internal network.;Cybersecurity Controls (Domain 3);Detective Controls (DC);;aws;;FAIL;Security Hub is not enabled.;arn:aws:securityhub:eu-north-1:858573892697:hub/unknown;securityhub_enabled;False;hub/unknown;FFIEC;FFIEC Cybersecurity Assessment Tool framework;
aws;In light of the increasing volume and sophistication of cyber threats, the Federal Financial Institutions Examination Council (FFIEC) developed the Cybersecurity Assessment Tool (Assessment), on behalf of its members, to help institutions identify their risks and determine their cybersecurity maturity.;858573892697;eu-north-1;2026-09-19 09:30:34.148196;d5-dr-de-b-1;Alert parameters are set for detecting information security incidents that prompt mitigating actions.;Cyber Incident Management and Resilience (Domain 5);Detection, Response, & Mitigation (DR);;aws;;FAIL;Security Hub is not enabled.;arn:aws:securityhub:eu-north-1:858573892697:hub/unknown;securityhub_enabled;False;hub/unknown;FFIEC;FFIEC Cybersecurity Assessment Tool framework;
aws;In light of the increasing volume and sophistication of cyber threats, the Federal Financial Institutions Examination Council (FFIEC) developed the Cybersecurity Assessment Tool (Assessment), on behalf of its members, to help institutions identify their risks and determine their cybersecurity maturity.;858573892697;eu-north-1;2026-09-19 09:30:34.148196;d5-dr-de-b-3;Tools and processes are in place to detect, alert, and trigger the incident response program.;Cyber Incident Management and Resilience (Domain 5);Detection, Response, & Mitigation (DR);;aws;;FAIL;Security Hub is not enabled.;arn:aws:securityhub:eu-north-1:858573892697:hub/unknown;securityhub_enabled;False;hub/unknown;FFIEC;FFIEC Cybersecurity Assessment Tool framework;
aws;In light of the increasing volume and sophistication of cyber threats, the Federal Financial Institutions Examination Council (FFIEC) developed the Cybersecurity Assessment Tool (Assessment), on behalf of its members, to help institutions identify their risks and determine their cybersecurity maturity.;858573892697;eu-west-1;2026-09-19 09:30:34.148196;d2-is-is-b-1;Information security threats are gathered and shared with applicable internal employees.;Threat Intelligence and Collaboration (Domain 2);Information Sharing (IS);;aws;;FAIL;Security Hub is not enabled.;arn:aws:securityhub:eu-west-1:858573892697:hub/unknown;securityhub_enabled;False;hub/unknown;FFIEC;FFIEC Cybersecurity Assessment Tool framework;
aws;In light of the increasing volume and sophistication of cyber threats, the Federal Financial Institutions Examination Council (FFIEC) developed the Cybersecurity Assessment Tool (Assessment), on behalf of its members, to help institutions identify their risks and determine their cybersecurity maturity.;858573892697;eu-west-1;2026-09-19 09:30:34.148196;d2-ti-ti-b-1;The institution belongs or subscribes to a threat and vulnerability information-sharing source(s) that provides information on threats (e.g., FS-ISAC, US- CERT).;Threat Intelligence and Collaboration (Domain 2);Threat Intelligence (TI);;aws;;FAIL;Security Hub is not enabled.;arn:aws:securityhub:eu-west-1:858573892697:hub/unknown;securityhub_enabled;False;hub/unknown;FFIEC;FFIEC Cybersecurity Assessment Tool framework;
aws;In light of the increasing volume and sophistication of cyber threats, the Federal Financial Institutions Examination Council (FFIEC) developed the Cybersecurity Assessment Tool (Assessment), on behalf of its members, to help institutions identify their risks and determine their cybersecurity maturity.;858573892697;eu-west-1;2026-09-19 09:30:34.148196;d2-ti-ti-b-2;Threat information is used to monitor threats and vulnerabilities.;Threat Intelligence and Collaboration (Domain 2);Threat Intelligence (TI);;aws;;FAIL;Security Hub is not enabled.;arn:aws:securityhub:eu-west-1:858573892697:hub/unknown;securityhub_enabled;False;hub/unknown;FFIEC;FFIEC Cybersecurity Assessment Tool framework;
aws;In light of the increasing volume and sophistication of cyber threats, the Federal Financial Institutions Examination Council (FFIEC) developed the Cybersecurity Assessment Tool (Assessment), on behalf of its members, to help institutions identify their risks and determine their cybersecurity maturity.;858573892697;eu-west-1;2026-09-19 09:30:34.148196;d2-ti-ti-b-3;Threat information is used to enhance internal risk management and controls.;Threat Intelligence and Collaboration (Domain 2);Threat Intelligence (TI);;aws;;FAIL;Security Hub is not enabled.;arn:aws:securityhub:eu-west-1:858573892697:hub/unknown;securityhub_enabled;False;hub/unknown;FFIEC;FFIEC Cybersecurity Assessment Tool framework;
aws;In light of the increasing volume and sophistication of cyber threats, the Federal Financial Institutions Examination Council (FFIEC) developed the Cybersecurity Assessment Tool (Assessment), on behalf of its members, to help institutions identify their risks and determine their cybersecurity maturity.;858573892697;eu-west-1;2026-09-19 09:30:34.148196;d3-dc-an-b-1;The institution is able to detect anomalous activities through monitoring across the environment.;Cybersecurity Controls (Domain 3);Detective Controls (DC);;aws;;FAIL;Security Hub is not enabled.;arn:aws:securityhub:eu-west-1:858573892697:hub/unknown;securityhub_enabled;False;hub/unknown;FFIEC;FFIEC Cybersecurity Assessment Tool framework;
aws;In light of the increasing volume and sophistication of cyber threats, the Federal Financial Institutions Examination Council (FFIEC) developed the Cybersecurity Assessment Tool (Assessment), on behalf of its members, to help institutions identify their risks and determine their cybersecurity maturity.;858573892697;eu-west-1;2026-09-19 09:30:34.148196;d3-dc-an-b-2;Customer transactions generating anomalous activity alerts are monitored and reviewed.;Cybersecurity Controls (Domain 3);Detective Controls (DC);;aws;;FAIL;Security Hub is not enabled.;arn:aws:securityhub:eu-west-1:858573892697:hub/unknown;securityhub_enabled;False;hub/unknown;FFIEC;FFIEC Cybersecurity Assessment Tool framework;
aws;In light of the increasing volume and sophistication of cyber threats, the Federal Financial Institutions Examination Council (FFIEC) developed the Cybersecurity Assessment Tool (Assessment), on behalf of its members, to help institutions identify their risks and determine their cybersecurity maturity.;858573892697;eu-west-1;2026-09-19 09:30:34.148196;d3-dc-ev-b-3;Processes are in place to monitor for the presence of unauthorized users, devices, connections, and software.;Cybersecurity Controls (Domain 3);Detective Controls (DC);;aws;;FAIL;Security Hub is not enabled.;arn:aws:securityhub:eu-west-1:858573892697:hub/unknown;securityhub_enabled;False;hub/unknown;FFIEC;FFIEC Cybersecurity Assessment Tool framework;
aws;In light of the increasing volume and sophistication of cyber threats, the Federal Financial Institutions Examination Council (FFIEC) developed the Cybersecurity Assessment Tool (Assessment), on behalf of its members, to help institutions identify their risks and determine their cybersecurity maturity.;858573892697;eu-west-1;2026-09-19 09:30:34.148196;d3-dc-th-b-1;Independent testing (including penetration testing and vulnerability scanning) is conducted according to the risk assessment for external-facing systems and the internal network.;Cybersecurity Controls (Domain 3);Detective Controls (DC);;aws;;FAIL;Security Hub is not enabled.;arn:aws:securityhub:eu-west-1:858573892697:hub/unknown;securityhub_enabled;False;hub/unknown;FFIEC;FFIEC Cybersecurity Assessment Tool framework;
aws;In light of the increasing volume and sophistication of cyber threats, the Federal Financial Institutions Examination Council (FFIEC) developed the Cybersecurity Assessment Tool (Assessment), on behalf of its members, to help institutions identify their risks and determine their cybersecurity maturity.;858573892697;eu-west-1;2026-09-19 09:30:34.148196;d5-dr-de-b-1;Alert parameters are set for detecting information security incidents that prompt mitigating actions.;Cyber Incident Management and Resilience (Domain 5);Detection, Response, & Mitigation (DR);;aws;;FAIL;Security Hub is not enabled.;arn:aws:securityhub:eu-west-1:858573892697:hub/unknown;securityhub_enabled;False;hub/unknown;FFIEC;FFIEC Cybersecurity Assessment Tool framework;
aws;In light of the increasing volume and sophistication of cyber threats, the Federal Financial Institutions Examination Council (FFIEC) developed the Cybersecurity Assessment Tool (Assessment), on behalf of its members, to help institutions identify their risks and determine their cybersecurity maturity.;858573892697;eu-west-1;2026-09-19 09:30:34.148196;d5-dr-de-b-3;Tools and processes are in place to detect, alert, and trigger the incident response program.;Cyber Incident Management and Resilience (Domain 5);Detection, Response, & Mitigation (DR);;aws;;FAIL;Security Hub is not enabled.;arn:aws:securityhub:eu-west-1:858573892697:hub/unknown;securityhub_enabled;False;hub/unknown;FFIEC;FFIEC Cybersecurity Assessment Tool framework;
aws;In light of the increasing volume and sophistication of cyber threats, the Federal Financial Institutions Examination Council (FFIEC) developed the Cybersecurity Assessment Tool (Assessment), on behalf of its members, to help institutions identify their risks and determine their cybersecurity maturity.;858573892697;eu-west-2;2026-09-19 09:30:34.148196;d2-is-is-b-1;Information security threats are gathered and shared with applicable internal employees.;Threat Intelligence and Collaboration (Domain 2);Information Sharing (IS);;aws;;FAIL;Security Hub is not enabled.;arn:aws:securityhub:eu-west-2:858573892697:hub/unknown;securityhub_enabled;False;hub/unknown;FFIEC;FFIEC Cybersecurity Assessment Tool framework;
aws;In light of the increasing volume and sophistication of cyber threats, the Federal Financial Institutions Examination Council (FFIEC) developed the Cybersecurity Assessment Tool (Assessment), on behalf of its members, to help institutions identify their risks and determine their cybersecurity maturity.;858573892697;eu-west-2;2026-09-19 09:30:34.148196;d2-ti-ti-b-1;The institution belongs or subscribes to a threat and vulnerability information-sharing source(s) that provides information on threats (e.g., FS-ISAC, US- CERT).;Threat Intelligence and Collaboration (Domain 2);Threat Intelligence (TI);;aws;;FAIL;Security Hub is not enabled.;arn:aws:securityhub:eu-west-2:858573892697:hub/unknown;securityhub_enabled;False;hub/unknown;FFIEC;FFIEC Cybersecurity Assessment Tool framework;
aws;In light of the increasing volume and sophistication of cyber threats, the Federal Financial Institutions Examination Council (FFIEC) developed the Cybersecurity Assessment Tool (Assessment), on behalf of its members, to help institutions identify their risks and determine their cybersecurity maturity.;858573892697;eu-west-2;2026-09-19 09:30:34.148196;d2-ti-ti-b-2;Threat information is used to monitor threats and vulnerabilities.;Threat Intelligence and Collaboration (Domain 2);Threat Intelligence (TI);;aws;;FAIL;Security Hub is not enabled.;arn:aws:securityhub:eu-west-2:858573892697:hub/unknown;securityhub_enabled;False;hub/unknown;FFIEC;FFIEC Cybersecurity Assessment Tool framework;
aws;In light of the increasing volume and sophistication of cyber threats, the Federal Financial Institutions Examination Council (FFIEC) developed the Cybersecurity Assessment Tool (Assessment), on behalf of its members, to help institutions identify their risks and determine their cybersecurity maturity.;858573892697;eu-west-2;2026-09-19 09:30:34.148196;d2-ti-ti-b-3;Threat information is used to enhance internal risk management and controls.;Threat Intelligence and Collaboration (Domain 2);Threat Intelligence (TI);;aws;;FAIL;Security Hub is not enabled.;arn:aws:securityhub:eu-west-2:858573892697:hub/unknown;securityhub_enabled;False;hub/unknown;FFIEC;FFIEC Cybersecurity Assessment Tool framework;
aws;In light of the increasing volume and sophistication of cyber threats, the Federal Financial Institutions Examination Council (FFIEC) developed the Cybersecurity Assessment Tool (Assessment), on behalf of its members, to help institutions identify their risks and determine their cybersecurity maturity.;858573892697;eu-west-2;2026-09-19 09:30:34.148196;d3-dc-an-b-1;The institution is able to detect anomalous activities through monitoring across the environment.;Cybersecurity Controls (Domain 3);Detective Controls (DC);;aws;;FAIL;Security Hub is not enabled.;arn:aws:securityhub:eu-west-2:858573892697:hub/unknown;securityhub_enabled;False;hub/unknown;FFIEC;FFIEC Cybersecurity Assessment Tool framework;
aws;In light of the increasing volume and sophistication of cyber threats, the Federal Financial Institutions Examination Council (FFIEC) developed the Cybersecurity Assessment Tool (Assessment), on behalf of its members, to help institutions identify their risks and determine their cybersecurity maturity.;858573892697;eu-west-2;2026-09-19 09:30:34.148196;d3-dc-an-b-2;Customer transactions generating anomalous activity alerts are monitored and reviewed.;Cybersecurity Controls (Domain 3);Detective Controls (DC);;aws;;FAIL;Security Hub is not enabled.;arn:aws:securityhub:eu-west-2:858573892697:hub/unknown;securityhub_enabled;False;hub/unknown;FFIEC;FFIEC Cybersecurity Assessment Tool framework;
aws;In light of the increasing volume and sophistication of cyber threats, the Federal Financial Institutions Examination Council (FFIEC) developed the Cybersecurity Assessment Tool (Assessment), on behalf of its members, to help institutions identify their risks and determine their cybersecurity maturity.;858573892697;eu-west-2;2026-09-19 09:30:34.148196;d3-dc-ev-b-3;Processes are in place to monitor for the presence of unauthorized users, devices, connections, and software.;Cybersecurity Controls (Domain 3);Detective Controls (DC);;aws;;FAIL;Security Hub is not enabled.;arn:aws:securityhub:eu-west-2:858573892697:hub/unknown;securityhub_enabled;False;hub/unknown;FFIEC;FFIEC Cybersecurity Assessment Tool framework;
aws;In light of the increasing volume and sophistication of cyber threats, the Federal Financial Institutions Examination Council (FFIEC) developed the Cybersecurity Assessment Tool (Assessment), on behalf of its members, to help institutions identify their risks and determine their cybersecurity maturity.;858573892697;eu-west-2;2026-09-19 09:30:34.148196;d3-dc-th-b-1;Independent testing (including penetration testing and vulnerability scanning) is conducted according to the risk assessment for external-facing systems and the internal network.;Cybersecurity Controls (Domain 3);Detective Controls (DC);;aws;;FAIL;Security Hub is not enabled.;arn:aws:securityhub:eu-west-2:858573892697:hub/unknown;securityhub_enabled;False;hub/unknown;FFIEC;FFIEC Cybersecurity Assessment Tool framework;
aws;In light of the increasing volume and sophistication of cyber threats, the Federal Financial Institutions Examination Council (FFIEC) developed the Cybersecurity Assessment Tool (Assessment), on behalf of its members, to help institutions identify their risks and determine their cybersecurity maturity.;858573892697;eu-west-2;2026-09-19 09:30:34.148196;d5-dr-de-b-1;Alert parameters are set for detecting information security incidents that prompt mitigating actions.;Cyber Incident Management and Resilience (Domain 5);Detection, Response, & Mitigation (DR);;aws;;FAIL;Security Hub is not enabled.;arn:aws:securityhub:eu-west-2:858573892697:hub/unknown;securityhub_enabled;False;hub/unknown;FFIEC;FFIEC Cybersecurity Assessment Tool framework;
aws;In light of the increasing volume and sophistication of cyber threats, the Federal Financial Institutions Examination Council (FFIEC) developed the Cybersecurity Assessment Tool (Assessment), on behalf of its members, to help institutions identify their risks and determine their cybersecurity maturity.;858573892697;eu-west-2;2026-09-19 09:30:34.148196;d5-dr-de-b-3;Tools and processes are in place to detect, alert, and trigger the incident response program.;Cyber Incident Management and Resilience (Domain 5);Detection, Response, & Mitigation (DR);;aws;;FAIL;Security Hub is not enabled.;arn:aws:securityhub:eu-west-2:858573892697:hub/unknown;securityhub_enabled;False;hub/unknown;FFIEC;FFIEC Cybersecurity Assessment Tool framework;
aws;In light of the increasing volume and sophistication of cyber threats, the Federal Financial Institutions Examination Council (FFIEC) developed the Cybersecurity Assessment Tool (Assessment), on behalf of its members, to help institutions identify their risks and determine their cybersecurity maturity.;858573892697;eu-west-3;2026-09-19 09:30:34.148196;d2-is-is-b-1;Information security threats are gathered and shared with applicable internal employees.;Threat Intelligence and Collaboration (Domain 2);Information Sharing (IS);;aws;;FAIL;Security Hub is not enabled.;arn:aws:securityhub:eu-west-3:858573892697:hub/unknown;securityhub_enabled;False;hub/unknown;FFIEC;FFIEC Cybersecurity Assessment Tool framework;
aws;In light of the increasing volume and sophistication of cyber threats, the Federal Financial Institutions Examination Council (FFIEC) developed the Cybersecurity Assessment Tool (Assessment), on behalf of its members, to help institutions identify their risks and determine their cybersecurity maturity.;858573892697;eu-west-3;2026-09-19 09:30:34.148196;d2-ti-ti-b-1;The institution belongs or subscribes to a threat and vulnerability information-sharing source(s) that provides information on threats (e.g., FS-ISAC, US- CERT).;Threat Intelligence and Collaboration (Domain 2);Threat Intelligence (TI);;aws;;FAIL;Security Hub is not enabled.;arn:aws:securityhub:eu-west-3:858573892697:hub/unknown;securityhub_enabled;False;hub/unknown;FFIEC;FFIEC Cybersecurity Assessment Tool framework;
aws;In light of the increasing volume and sophistication of cyber threats, the Federal Financial Institutions Examination Council (FFIEC) developed the Cybersecurity Assessment Tool (Assessment), on behalf of its members, to help institutions identify their risks and determine their cybersecurity maturity.;858573892697;eu-west-3;2026-09-19 09:30:34.148196;d2-ti-ti-b-2;Threat information is used to monitor threats and vulnerabilities.;Threat Intelligence and Collaboration (Domain 2);Threat Intelligence (TI);;aws;;FAIL;Security Hub is not enabled.;arn:aws:securityhub:eu-west-3:858573892697:hub/unknown;securityhub_enabled;False;hub/unknown;FFIEC;FFIEC Cybersecurity Assessment Tool framework;
aws;In light of the increasing volume and sophistication of cyber threats, the Federal Financial Institutions Examination Council (FFIEC) developed the Cybersecurity Assessment Tool (Assessment), on behalf of its members, to help institutions identify their risks and determine their cybersecurity maturity.;858573892697;eu-west-3;2026-09-19 09:30:34.148196;d2-ti-ti-b-3;Threat information is used to enhance internal risk management and controls.;Threat Intelligence and Collaboration (Domain 2);Threat Intelligence (TI);;aws;;FAIL;Security Hub is not enabled.;arn:aws:securityhub:eu-west-3:858573892697:hub/unknown;securityhub_enabled;False;hub/unknown;FFIEC;FFIEC Cybersecurity Assessment Tool framework;
aws;In light of the increasing volume and sophistication of cyber threats, the Federal Financial Institutions Examination Council (FFIEC) developed the Cybersecurity Assessment Tool (Assessment), on behalf of its members, to help institutions identify their risks and determine their cybersecurity maturity.;858573892697;eu-west-3;2026-09-19 09:30:34.148196;d3-dc-an-b-1;The institution is able to detect anomalous activities through monitoring across the environment.;Cybersecurity Controls (Domain 3);Detective Controls (DC);;aws;;FAIL;Security Hub is not enabled.;arn:aws:securityhub:eu-west-3:858573892697:hub/unknown;securityhub_enabled;False;hub/unknown;FFIEC;FFIEC Cybersecurity Assessment Tool framework;
aws;In light of the increasing volume and sophistication of cyber threats, the Federal Financial Institutions Examination Council (FFIEC) developed the Cybersecurity Assessment Tool (Assessment), on behalf of its members, to help institutions identify their risks and determine their cybersecurity maturity.;858573892697;eu-west-3;2026-09-19 09:30:34.148196;d3-dc-an-b-2;Customer transactions generating anomalous activity alerts are monitored and reviewed.;Cybersecurity Controls (Domain 3);Detective Controls (DC);;aws;;FAIL;Security Hub is not enabled.;arn:aws:securityhub:eu-west-3:858573892697:hub/unknown;securityhub_enabled;False;hub/unknown;FFIEC;FFIEC Cybersecurity Assessment Tool framework;
aws;In light of the increasing volume and sophistication of cyber threats, the Federal Financial Institutions Examination Council (FFIEC) developed the Cybersecurity Assessment Tool (Assessment), on behalf of its members, to help institutions identify their risks and determine their cybersecurity maturity.;858573892697;eu-west-3;2026-09-19 09:30:34.148196;d3-dc-ev-b-3;Processes are in place to monitor for the presence of unauthorized users, devices, connections, and software.;Cybersecurity Controls (Domain 3);Detective Controls (DC);;aws;;FAIL;Security Hub is not enabled.;arn:aws:securityhub:eu-west-3:858573892697:hub/unknown;securityhub_enabled;False;hub/unknown;FFIEC;FFIEC Cybersecurity Assessment Tool framework;
aws;In light of the increasing volume and sophistication of cyber threats, the Federal Financial Institutions Examination Council (FFIEC) developed the Cybersecurity Assessment Tool (Assessment), on behalf of its members, to help institutions identify their risks and determine their cybersecurity maturity.;858573892697;eu-west-3;2026-09-19 09:30:34.148196;d3-dc-th-b-1;Independent testing (including penetration testing and vulnerability scanning) is conducted according to the risk assessment for external-facing systems and the internal network.;Cybersecurity Controls (Domain 3);Detective Controls (DC);;aws;;FAIL;Security Hub is not enabled.;arn:aws:securityhub:eu-west-3:858573892697:hub/unknown;securityhub_enabled;False;hub/unknown;FFIEC;FFIEC Cybersecurity Assessment Tool framework;
aws;In light of the increasing volume and sophistication of cyber threats, the Federal Financial Institutions Examination Council (FFIEC) developed the Cybersecurity Assessment Tool (Assessment), on behalf of its members, to help institutions identify their risks and determine their cybersecurity maturity.;858573892697;eu-west-3;2026-09-19 09:30:34.148196;d5-dr-de-b-1;Alert parameters are set for detecting information security incidents that prompt mitigating actions.;Cyber Incident Management and Resilience (Domain 5);Detection, Response, & Mitigation (DR);;aws;;FAIL;Security Hub is not enabled.;arn:aws:securityhub:eu-west-3:858573892697:hub/unknown;securityhub_enabled;False;hub/unknown;FFIEC;FFIEC Cybersecurity Assessment Tool framework;
aws;In light of the increasing volume and sophistication of cyber threats, the Federal Financial Institutions Examination Council (FFIEC) developed the Cybersecurity Assessment Tool (Assessment), on behalf of its members, to help institutions identify their risks and determine their cybersecurity maturity.;858573892697;eu-west-3;2026-09-19 09:30:34.148196;d5-dr-de-b-3;Tools and processes are in place to detect, alert, and trigger the incident response program.;Cyber Incident Management and Resilience (Domain 5);Detection, Response, & Mitigation (DR);;aws;;FAIL;Security Hub is not enabled.;arn:aws:securityhub:eu-west-3:858573892697:hub/unknown;securityhub_enabled;False;hub/unknown;FFIEC;FFIEC Cybersecurity Assessment Tool framework;
aws;In light of the increasing volume and sophistication of cyber threats, the Federal Financial Institutions Examination Council (FFIEC) developed the Cybersecurity Assessment Tool (Assessment), on behalf of its members, to help institutions identify their risks and determine their cybersecurity maturity.;858573892697;sa-east-1;2026-09-19 09:30:34.148196;d2-is-is-b-1;Information security threats are gathered and shared with applicable internal employees.;Threat Intelligence and Collaboration (Domain 2);Information Sharing (IS);;aws;;FAIL;Security Hub is not enabled.;arn:aws:securityhub:sa-east-1:858573892697:hub/unknown;securityhub_enabled;False;hub/unknown;FFIEC;FFIEC Cybersecurity Assessment Tool framework;
aws;In light of the increasing volume and sophistication of cyber threats, the Federal Financial Institutions Examination Council (FFIEC) developed the Cybersecurity Assessment Tool (Assessment), on behalf of its members, to help institutions identify their risks and determine their cybersecurity maturity.;858573892697;sa-east-1;2026-09-19 09:30:34.148196;d2-ti-ti-b-1;The institution belongs or subscribes to a threat and vulnerability information-sharing source(s) that provides information on threats (e.g., FS-ISAC, US- CERT).;Threat Intelligence and Collaboration (Domain 2);Threat Intelligence (TI);;aws;;FAIL;Security Hub is not enabled.;arn:aws:securityhub:sa-east-1:858573892697:hub/unknown;securityhub_enabled;False;hub/unknown;FFIEC;FFIEC Cybersecurity Assessment Tool framework;
aws;In light of the increasing volume and sophistication of cyber threats, the Federal Financial Institutions Examination Council (FFIEC) developed the Cybersecurity Assessment Tool (Assessment), on behalf of its members, to help institutions identify their risks and determine their cybersecurity maturity.;858573892697;sa-east-1;2026-09-19 09:30:34.148196;d2-ti-ti-b-2;Threat information is used to monitor threats and vulnerabilities.;Threat Intelligence and Collaboration (Domain 2);Threat Intelligence (TI);;aws;;FAIL;Security Hub is not enabled.;arn:aws:securityhub:sa-east-1:858573892697:hub/unknown;securityhub_enabled;False;hub/unknown;FFIEC;FFIEC Cybersecurity Assessment Tool framework;
aws;In light of the increasing volume and sophistication of cyber threats, the Federal Financial Institutions Examination Council (FFIEC) developed the Cybersecurity Assessment Tool (Assessment), on behalf of its members, to help institutions identify their risks and determine their cybersecurity maturity.;858573892697;sa-east-1;2026-09-19 09:30:34.148196;d2-ti-ti-b-3;Threat information is used to enhance internal risk management and controls.;Threat Intelligence and Collaboration (Domain 2);Threat Intelligence (TI);;aws;;FAIL;Security Hub is not enabled.;arn:aws:securityhub:sa-east-1:858573892697:hub/unknown;securityhub_enabled;False;hub/unknown;FFIEC;FFIEC Cybersecurity Assessment Tool framework;
aws;In light of the increasing volume and sophistication of cyber threats, the Federal Financial Institutions Examination Council (FFIEC) developed the Cybersecurity Assessment Tool (Assessment), on behalf of its members, to help institutions identify their risks and determine their cybersecurity maturity.;858573892697;sa-east-1;2026-09-19 09:30:34.148196;d3-dc-an-b-1;The institution is able to detect anomalous activities through monitoring across the environment.;Cybersecurity Controls (Domain 3);Detective Controls (DC);;aws;;FAIL;Security Hub is not enabled.;arn:aws:securityhub:sa-east-1:858573892697:hub/unknown;securityhub_enabled;False;hub/unknown;FFIEC;FFIEC Cybersecurity Assessment Tool framework;
aws;In light of the increasing volume and sophistication of cyber threats, the Federal Financial Institutions Examination Council (FFIEC) developed the Cybersecurity Assessment Tool (Assessment), on behalf of its members, to help institutions identify their risks and determine their cybersecurity maturity.;858573892697;sa-east-1;2026-09-19 09:30:34.148196;d3-dc-an-b-2;Customer transactions generating anomalous activity alerts are monitored and reviewed.;Cybersecurity Controls (Domain 3);Detective Controls (DC);;aws;;FAIL;Security Hub is not enabled.;arn:aws:securityhub:sa-east-1:858573892697:hub/unknown;securityhub_enabled;False;hub/unknown;FFIEC;FFIEC Cybersecurity Assessment Tool framework;
aws;In light of the increasing volume and sophistication of cyber threats, the Federal Financial Institutions Examination Council (FFIEC) developed the Cybersecurity Assessment Tool (Assessment), on behalf of its members, to help institutions identify their risks and determine their cybersecurity maturity.;858573892697;sa-east-1;2026-09-19 09:30:34.148196;d3-dc-ev-b-3;Processes are in place to monitor for the presence of unauthorized users, devices, connections, and software.;Cybersecurity Controls (Domain 3);Detective Controls (DC);;aws;;FAIL;Security Hub is not enabled.;arn:aws:securityhub:sa-east-1:858573892697:hub/unknown;securityhub_enabled;False;hub/unknown;FFIEC;FFIEC Cybersecurity Assessment Tool framework;
aws;In light of the increasing volume and sophistication of cyber threats, the Federal Financial Institutions Examination Council (FFIEC) developed the Cybersecurity Assessment Tool (Assessment), on behalf of its members, to help institutions identify their risks and determine their cybersecurity maturity.;858573892697;sa-east-1;2026-09-19 09:30:34.148196;d3-dc-th-b-1;Independent testing (including penetration testing and vulnerability scanning) is conducted according to the risk assessment for external-facing systems and the internal network.;Cybersecurity Controls (Domain 3);Detective Controls (DC);;aws;;FAIL;Security Hub is not enabled.;arn:aws:securityhub:sa-east-1:858573892697:hub/unknown;securityhub_enabled;False;hub/unknown;FFIEC;FFIEC Cybersecurity Assessment Tool framework;
aws;In light of the increasing volume and sophistication of cyber threats, the Federal Financial Institutions Examination Council (FFIEC) developed the Cybersecurity Assessment Tool (Assessment), on behalf of its members, to help institutions identify their risks and determine their cybersecurity maturity.;858573892697;sa-east-1;2026-09-19 09:30:34.148196;d5-dr-de-b-1;Alert parameters are set for detecting information security incidents that prompt mitigating actions.;Cyber Incident Management and Resilience (Domain 5);Detection, Response, & Mitigation (DR);;aws;;FAIL;Security Hub is not enabled.;arn:aws:securityhub:sa-east-1:858573892697:hub/unknown;securityhub_enabled;False;hub/unknown;FFIEC;FFIEC Cybersecurity Assessment Tool framework;
aws;In light of the increasing volume and sophistication of cyber threats, the Federal Financial Institutions Examination Council (FFIEC) developed the Cybersecurity Assessment Tool (Assessment), on behalf of its members, to help institutions identify their risks and determine their cybersecurity maturity.;858573892697;sa-east-1;2026-09-19 09:30:34.148196;d5-dr-de-b-3;Tools and processes are in place to detect, alert, and trigger the incident response program.;Cyber Incident Management and Resilience (Domain 5);Detection, Response, & Mitigation (DR);;aws;;FAIL;Security Hub is not enabled.;arn:aws:securityhub:sa-east-1:858573892697:hub/unknown;securityhub_enabled;False;hub/unknown;FFIEC;FFIEC Cybersecurity Assessment Tool framework;
aws;In light of the increasing volume and sophistication of cyber threats, the Federal Financial Institutions Examination Council (FFIEC) developed the Cybersecurity Assessment Tool (Assessment), on behalf of its members, to help institutions identify their risks and determine their cybersecurity maturity.;858573892697;us-east-1;2026-09-19 09:30:34.148196;d2-is-is-b-1;Information security threats are gathered and shared with applicable internal employees.;Threat Intelligence and Collaboration (Domain 2);Information Sharing (IS);;aws;;FAIL;Security Hub is not enabled.;arn:aws:securityhub:us-east-1:858573892697:hub/unknown;securityhub_enabled;False;hub/unknown;FFIEC;FFIEC Cybersecurity Assessment Tool framework;
aws;In light of the increasing volume and sophistication of cyber threats, the Federal Financial Institutions Examination Council (FFIEC) developed the Cybersecurity Assessment Tool (Assessment), on behalf of its members, to help institutions identify their risks and determine their cybersecurity maturity.;858573892697;us-east-1;2026-09-19 09:30:34.148196;d2-ti-ti-b-1;The institution belongs or subscribes to a threat and vulnerability information-sharing source(s) that provides information on threats (e.g., FS-ISAC, US- CERT).;Threat Intelligence and Collaboration (Domain 2);Threat Intelligence (TI);;aws;;FAIL;Security Hub is not enabled.;arn:aws:securityhub:us-east-1:858573892697:hub/unknown;securityhub_enabled;False;hub/unknown;FFIEC;FFIEC Cybersecurity Assessment Tool framework;
aws;In light of the increasing volume and sophistication of cyber threats, the Federal Financial Institutions Examination Council (FFIEC) developed the Cybersecurity Assessment Tool (Assessment), on behalf of its members, to help institutions identify their risks and determine their cybersecurity maturity.;858573892697;us-east-1;2026-09-19 09:30:34.148196;d2-ti-ti-b-2;Threat information is used to monitor threats and vulnerabilities.;Threat Intelligence and Collaboration (Domain 2);Threat Intelligence (TI);;aws;;FAIL;Security Hub is not enabled.;arn:aws:securityhub:us-east-1:858573892697:hub/unknown;securityhub_enabled;False;hub/unknown;FFIEC;FFIEC Cybersecurity Assessment Tool framework;
aws;In light of the increasing volume and sophistication of cyber threats, the Federal Financial Institutions Examination Council (FFIEC) developed the Cybersecurity Assessment Tool (Assessment), on behalf of its members, to help institutions identify their risks and determine their cybersecurity maturity.;858573892697;us-east-1;2026-09-19 09:30:34.148196;d2-ti-ti-b-3;Threat information is used to enhance internal risk management and controls.;Threat Intelligence and Collaboration (Domain 2);Threat Intelligence (TI);;aws;;FAIL;Security Hub is not enabled.;arn:aws:securityhub:us-east-1:858573892697:hub/unknown;securityhub_enabled;False;hub/unknown;FFIEC;FFIEC Cybersecurity Assessment Tool framework;
aws;In light of the increasing volume and sophistication of cyber threats, the Federal Financial Institutions Examination Council (FFIEC) developed the Cybersecurity Assessment Tool (Assessment), on behalf of its members, to help institutions identify their risks and determine their cybersecurity maturity.;858573892697;us-east-1;2026-09-19 09:30:34.148196;d3-dc-an-b-1;The institution is able to detect anomalous activities through monitoring across the environment.;Cybersecurity Controls (Domain 3);Detective Controls (DC);;aws;;FAIL;Security Hub is not enabled.;arn:aws:securityhub:us-east-1:858573892697:hub/unknown;securityhub_enabled;False;hub/unknown;FFIEC;FFIEC Cybersecurity Assessment Tool framework;
aws;In light of the increasing volume and sophistication of cyber threats, the Federal Financial Institutions Examination Council (FFIEC) developed the Cybersecurity Assessment Tool (Assessment), on behalf of its members, to help institutions identify their risks and determine their cybersecurity maturity.;858573892697;us-east-1;2026-09-19 09:30:34.148196;d3-dc-an-b-2;Customer transactions generating anomalous activity alerts are monitored and reviewed.;Cybersecurity Controls (Domain 3);Detective Controls (DC);;aws;;FAIL;Security Hub is not enabled.;arn:aws:securityhub:us-east-1:858573892697:hub/unknown;securityhub_enabled;False;hub/unknown;FFIEC;FFIEC Cybersecurity Assessment Tool framework;
aws;In light of the increasing volume and sophistication of cyber threats, the Federal Financial Institutions Examination Council (FFIEC) developed the Cybersecurity Assessment Tool (Assessment), on behalf of its members, to help institutions identify their risks and determine their cybersecurity maturity.;858573892697;us-east-1;2026-09-19 09:30:34.148196;d3-dc-ev-b-3;Processes are in place to monitor for the presence of unauthorized users, devices, connections, and software.;Cybersecurity Controls (Domain 3);Detective Controls (DC);;aws;;FAIL;Security Hub is not enabled.;arn:aws:securityhub:us-east-1:858573892697:hub/unknown;securityhub_enabled;False;hub/unknown;FFIEC;FFIEC Cybersecurity Assessment Tool framework;
aws;In light of the increasing volume and sophistication of cyber threats, the Federal Financial Institutions Examination Council (FFIEC) developed the Cybersecurity Assessment Tool (Assessment), on behalf of its members, to help institutions identify their risks and determine their cybersecurity maturity.;858573892697;us-east-1;2026-09-19 09:30:34.148196;d3-dc-th-b-1;Independent testing (including penetration testing and vulnerability scanning) is conducted according to the risk assessment for external-facing systems and the internal network.;Cybersecurity Controls (Domain 3);Detective Controls (DC);;aws;;FAIL;Security Hub is not enabled.;arn:aws:securityhub:us-east-1:858573892697:hub/unknown;securityhub_enabled;False;hub/unknown;FFIEC;FFIEC Cybersecurity Assessment Tool framework;
aws;In light of the increasing volume and sophistication of cyber threats, the Federal Financial Institutions Examination Council (FFIEC) developed the Cybersecurity Assessment Tool (Assessment), on behalf of its members, to help institutions identify their risks and determine their cybersecurity maturity.;858573892697;us-east-1;2026-09-19 09:30:34.148196;d5-dr-de-b-1;Alert parameters are set for detecting information security incidents that prompt mitigating actions.;Cyber Incident Management and Resilience (Domain 5);Detection, Response, & Mitigation (DR);;aws;;FAIL;Security Hub is not enabled.;arn:aws:securityhub:us-east-1:858573892697:hub/unknown;securityhub_enabled;False;hub/unknown;FFIEC;FFIEC Cybersecurity Assessment Tool framework;
aws;In light of the increasing volume and sophistication of cyber threats, the Federal Financial Institutions Examination Council (FFIEC) developed the Cybersecurity Assessment Tool (Assessment), on behalf of its members, to help institutions identify their risks and determine their cybersecurity maturity.;858573892697;us-east-1;2026-09-19 09:30:34.148196;d5-dr-de-b-3;Tools and processes are in place to detect, alert, and trigger the incident response program.;Cyber Incident Management and Resilience (Domain 5);Detection, Response, & Mitigation (DR);;aws;;FAIL;Security Hub is not enabled.;arn:aws:securityhub:us-east-1:858573892697:hub/unknown;securityhub_enabled;False;hub/unknown;FFIEC;FFIEC Cybersecurity Assessment Tool framework;
aws;In light of the increasing volume and sophistication of cyber threats, the Federal Financial Institutions Examination Council (FFIEC) developed the Cybersecurity Assessment Tool (Assessment), on behalf of its members, to help institutions identify their risks and determine their cybersecurity maturity.;858573892697;us-east-2;2026-09-19 09:30:34.148196;d2-is-is-b-1;Information security threats are gathered and shared with applicable internal employees.;Threat Intelligence and Collaboration (Domain 2);Information Sharing (IS);;aws;;FAIL;Security Hub is not enabled.;arn:aws:securityhub:us-east-2:858573892697:hub/unknown;securityhub_enabled;False;hub/unknown;FFIEC;FFIEC Cybersecurity Assessment Tool framework;
aws;In light of the increasing volume and sophistication of cyber threats, the Federal Financial Institutions Examination Council (FFIEC) developed the Cybersecurity Assessment Tool (Assessment), on behalf of its members, to help institutions identify their risks and determine their cybersecurity maturity.;858573892697;us-east-2;2026-09-19 09:30:34.148196;d2-ti-ti-b-1;The institution belongs or subscribes to a threat and vulnerability information-sharing source(s) that provides information on threats (e.g., FS-ISAC, US- CERT).;Threat Intelligence and Collaboration (Domain 2);Threat Intelligence (TI);;aws;;FAIL;Security Hub is not enabled.;arn:aws:securityhub:us-east-2:858573892697:hub/unknown;securityhub_enabled;False;hub/unknown;FFIEC;FFIEC Cybersecurity Assessment Tool framework;
aws;In light of the increasing volume and sophistication of cyber threats, the Federal Financial Institutions Examination Council (FFIEC) developed the Cybersecurity Assessment Tool (Assessment), on behalf of its members, to help institutions identify their risks and determine their cybersecurity maturity.;858573892697;us-east-2;2026-09-19 09:30:34.148196;d2-ti-ti-b-2;Threat information is used to monitor threats and vulnerabilities.;Threat Intelligence and Collaboration (Domain 2);Threat Intelligence (TI);;aws;;FAIL;Security Hub is not enabled.;arn:aws:securityhub:us-east-2:858573892697:hub/unknown;securityhub_enabled;False;hub/unknown;FFIEC;FFIEC Cybersecurity Assessment Tool framework;
aws;In light of the increasing volume and sophistication of cyber threats, the Federal Financial Institutions Examination Council (FFIEC) developed the Cybersecurity Assessment Tool (Assessment), on behalf of its members, to help institutions identify their risks and determine their cybersecurity maturity.;858573892697;us-east-2;2026-09-19 09:30:34.148196;d2-ti-ti-b-3;Threat information is used to enhance internal risk management and controls.;Threat Intelligence and Collaboration (Domain 2);Threat Intelligence (TI);;aws;;FAIL;Security Hub is not enabled.;arn:aws:securityhub:us-east-2:858573892697:hub/unknown;securityhub_enabled;False;hub/unknown;FFIEC;FFIEC Cybersecurity Assessment Tool framework;
aws;In light of the increasing volume and sophistication of cyber threats, the Federal Financial Institutions Examination Council (FFIEC) developed the Cybersecurity Assessment Tool (Assessment), on behalf of its members, to help institutions identify their risks and determine their cybersecurity maturity.;858573892697;us-east-2;2026-09-19 09:30:34.148196;d3-dc-an-b-1;The institution is able to detect anomalous activities through monitoring across the environment.;Cybersecurity Controls (Domain 3);Detective Controls (DC);;aws;;FAIL;Security Hub is not enabled.;arn:aws:securityhub:us-east-2:858573892697:hub/unknown;securityhub_enabled;False;hub/unknown;FFIEC;FFIEC Cybersecurity Assessment Tool framework;
aws;In light of the increasing volume and sophistication of cyber threats, the Federal Financial Institutions Examination Council (FFIEC) developed the Cybersecurity Assessment Tool (Assessment), on behalf of its members, to help institutions identify their risks and determine their cybersecurity maturity.;858573892697;us-east-2;2026-09-19 09:30:34.148196;d3-dc-an-b-2;Customer transactions generating anomalous activity alerts are monitored and reviewed.;Cybersecurity Controls (Domain 3);Detective Controls (DC);;aws;;FAIL;Security Hub is not enabled.;arn:aws:securityhub:us-east-2:858573892697:hub/unknown;securityhub_enabled;False;hub/unknown;FFIEC;FFIEC Cybersecurity Assessment Tool framework;
aws;In light of the increasing volume and sophistication of cyber threats, the Federal Financial Institutions Examination Council (FFIEC) developed the Cybersecurity Assessment Tool (Assessment), on behalf of its members, to help institutions identify their risks and determine their cybersecurity maturity.;858573892697;us-east-2;2026-09-19 09:30:34.148196;d3-dc-ev-b-3;Processes are in place to monitor for the presence of unauthorized users, devices, connections, and software.;Cybersecurity Controls (Domain 3);Detective Controls (DC);;aws;;FAIL;Security Hub is not enabled.;arn:aws:securityhub:us-east-2:858573892697:hub/unknown;securityhub_enabled;False;hub/unknown;FFIEC;FFIEC Cybersecurity Assessment Tool framework;
aws;In light of the increasing volume and sophistication of cyber threats, the Federal Financial Institutions Examination Council (FFIEC) developed the Cybersecurity Assessment Tool (Assessment), on behalf of its members, to help institutions identify their risks and determine their cybersecurity maturity.;858573892697;us-east-2;2026-09-19 09:30:34.148196;d3-dc-th-b-1;Independent testing (including penetration testing and vulnerability scanning) is conducted according to the risk assessment for external-facing systems and the internal network.;Cybersecurity Controls (Domain 3);Detective Controls (DC);;aws;;FAIL;Security Hub is not enabled.;arn:aws:securityhub:us-east-2:858573892697:hub/unknown;securityhub_enabled;False;hub/unknown;FFIEC;FFIEC Cybersecurity Assessment Tool framework;
aws;In light of the increasing volume and sophistication of cyber threats, the Federal Financial Institutions Examination Council (FFIEC) developed the Cybersecurity Assessment Tool (Assessment), on behalf of its members, to help institutions identify their risks and determine their cybersecurity maturity.;858573892697;us-east-2;2026-09-19 09:30:34.148196;d5-dr-de-b-1;Alert parameters are set for detecting information security incidents that prompt mitigating actions.;Cyber Incident Management and Resilience (Domain 5);Detection, Response, & Mitigation (DR);;aws;;FAIL;Security Hub is not enabled.;arn:aws:securityhub:us-east-2:858573892697:hub/unknown;securityhub_enabled;False;hub/unknown;FFIEC;FFIEC Cybersecurity Assessment Tool framework;
aws;In light of the increasing volume and sophistication of cyber threats, the Federal Financial Institutions Examination Council (FFIEC) developed the Cybersecurity Assessment Tool (Assessment), on behalf of its members, to help institutions identify their risks and determine their cybersecurity maturity.;858573892697;us-east-2;2026-09-19 09:30:34.148196;d5-dr-de-b-3;Tools and processes are in place to detect, alert, and trigger the incident response program.;Cyber Incident Management and Resilience (Domain 5);Detection, Response, & Mitigation (DR);;aws;;FAIL;Security Hub is not enabled.;arn:aws:securityhub:us-east-2:858573892697:hub/unknown;securityhub_enabled;False;hub/unknown;FFIEC;FFIEC Cybersecurity Assessment Tool framework;
aws;In light of the increasing volume and sophistication of cyber threats, the Federal Financial Institutions Examination Council (FFIEC) developed the Cybersecurity Assessment Tool (Assessment), on behalf of its members, to help institutions identify their risks and determine their cybersecurity maturity.;858573892697;us-west-1;2026-09-19 09:30:34.148196;d2-is-is-b-1;Information security threats are gathered and shared with applicable internal employees.;Threat Intelligence and Collaboration (Domain 2);Information Sharing (IS);;aws;;FAIL;Security Hub is not enabled.;arn:aws:securityhub:us-west-1:858573892697:hub/unknown;securityhub_enabled;False;hub/unknown;FFIEC;FFIEC Cybersecurity Assessment Tool framework;
aws;In light of the increasing volume and sophistication of cyber threats, the Federal Financial Institutions Examination Council (FFIEC) developed the Cybersecurity Assessment Tool (Assessment), on behalf of its members, to help institutions identify their risks and determine their cybersecurity maturity.;858573892697;us-west-1;2026-09-19 09:30:34.148196;d2-ti-ti-b-1;The institution belongs or subscribes to a threat and vulnerability information-sharing source(s) that provides information on threats (e.g., FS-ISAC, US- CERT).;Threat Intelligence and Collaboration (Domain 2);Threat Intelligence (TI);;aws;;FAIL;Security Hub is not enabled.;arn:aws:securityhub:us-west-1:858573892697:hub/unknown;securityhub_enabled;False;hub/unknown;FFIEC;FFIEC Cybersecurity Assessment Tool framework;
aws;In light of the increasing volume and sophistication of cyber threats, the Federal Financial Institutions Examination Council (FFIEC) developed the Cybersecurity Assessment Tool (Assessment), on behalf of its members, to help institutions identify their risks and determine their cybersecurity maturity.;858573892697;us-west-1;2026-09-19 09:30:34.148196;d2-ti-ti-b-2;Threat information is used to monitor threats and vulnerabilities.;Threat Intelligence and Collaboration (Domain 2);Threat Intelligence (TI);;aws;;FAIL;Security Hub is not enabled.;arn:aws:securityhub:us-west-1:858573892697:hub/unknown;securityhub_enabled;False;hub/unknown;FFIEC;FFIEC Cybersecurity Assessment Tool framework;
aws;In light of the increasing volume and sophistication of cyber threats, the Federal Financial Institutions Examination Council (FFIEC) developed the Cybersecurity Assessment Tool (Assessment), on behalf of its members, to help institutions identify their risks and determine their cybersecurity maturity.;858573892697;us-west-1;2026-09-19 09:30:34.148196;d2-ti-ti-b-3;Threat information is used to enhance internal risk management and controls.;Threat Intelligence and Collaboration (Domain 2);Threat Intelligence (TI);;aws;;FAIL;Security Hub is not enabled.;arn:aws:securityhub:us-west-1:858573892697:hub/unknown;securityhub_enabled;False;hub/unknown;FFIEC;FFIEC Cybersecurity Assessment Tool framework;
aws;In light of the increasing volume and sophistication of cyber threats, the Federal Financial Institutions Examination Council (FFIEC) developed the Cybersecurity Assessment Tool (Assessment), on behalf of its members, to help institutions identify their risks and determine their cybersecurity maturity.;858573892697;us-west-1;2026-09-19 09:30:34.148196;d3-dc-an-b-1;The institution is able to detect anomalous activities through monitoring across the environment.;Cybersecurity Controls (Domain 3);Detective Controls (DC);;aws;;FAIL;Security Hub is not enabled.;arn:aws:securityhub:us-west-1:858573892697:hub/unknown;securityhub_enabled;False;hub/unknown;FFIEC;FFIEC Cybersecurity Assessment Tool framework;
aws;In light of the increasing volume and sophistication of cyber threats, the Federal Financial Institutions Examination Council (FFIEC) developed the Cybersecurity Assessment Tool (Assessment), on behalf of its members, to help institutions identify their risks and determine their cybersecurity maturity.;858573892697;us-west-1;2026-09-19 09:30:34.148196;d3-dc-an-b-2;Customer transactions generating anomalous activity alerts are monitored and reviewed.;Cybersecurity Controls (Domain 3);Detective Controls (DC);;aws;;FAIL;Security Hub is not enabled.;arn:aws:securityhub:us-west-1:858573892697:hub/unknown;securityhub_enabled;False;hub/unknown;FFIEC;FFIEC Cybersecurity Assessment Tool framework;
aws;In light of the increasing volume and sophistication of cyber threats, the Federal Financial Institutions Examination Council (FFIEC) developed the Cybersecurity Assessment Tool (Assessment), on behalf of its members, to help institutions identify their risks and determine their cybersecurity maturity.;858573892697;us-west-1;2026-09-19 09:30:34.148196;d3-dc-ev-b-3;Processes are in place to monitor for the presence of unauthorized users, devices, connections, and software.;Cybersecurity Controls (Domain 3);Detective Controls (DC);;aws;;FAIL;Security Hub is not enabled.;arn:aws:securityhub:us-west-1:858573892697:hub/unknown;securityhub_enabled;False;hub/unknown;FFIEC;FFIEC Cybersecurity Assessment Tool framework;
aws;In light of the increasing volume and sophistication of cyber threats, the Federal Financial Institutions Examination Council (FFIEC) developed the Cybersecurity Assessment Tool (Assessment), on behalf of its members, to help institutions identify their risks and determine their cybersecurity maturity.;858573892697;us-west-1;2026-09-19 09:30:34.148196;d3-dc-th-b-1;Independent testing (including penetration testing and vulnerability scanning) is conducted according to the risk assessment for external-facing systems and the internal network.;Cybersecurity Controls (Domain 3);Detective Controls (DC);;aws;;FAIL;Security Hub is not enabled.;arn:aws:securityhub:us-west-1:858573892697:hub/unknown;securityhub_enabled;False;hub/unknown;FFIEC;FFIEC Cybersecurity Assessment Tool framework;
aws;In light of the increasing volume and sophistication of cyber threats, the Federal Financial Institutions Examination Council (FFIEC) developed the Cybersecurity Assessment Tool (Assessment), on behalf of its members, to help institutions identify their risks and determine their cybersecurity maturity.;858573892697;us-west-1;2026-09-19 09:30:34.148196;d5-dr-de-b-1;Alert parameters are set for detecting information security incidents that prompt mitigating actions.;Cyber Incident Management and Resilience (Domain 5);Detection, Response, & Mitigation (DR);;aws;;FAIL;Security Hub is not enabled.;arn:aws:securityhub:us-west-1:858573892697:hub/unknown;securityhub_enabled;False;hub/unknown;FFIEC;FFIEC Cybersecurity Assessment Tool framework;
aws;In light of the increasing volume and sophistication of cyber threats, the Federal Financial Institutions Examination Council (FFIEC) developed the Cybersecurity Assessment Tool (Assessment), on behalf of its members, to help institutions identify their risks and determine their cybersecurity maturity.;858573892697;us-west-1;2026-09-19 09:30:34.148196;d5-dr-de-b-3;Tools and processes are in place to detect, alert, and trigger the incident response program.;Cyber Incident Management and Resilience (Domain 5);Detection, Response, & Mitigation (DR);;aws;;FAIL;Security Hub is not enabled.;arn:aws:securityhub:us-west-1:858573892697:hub/unknown;securityhub_enabled;False;hub/unknown;FFIEC;FFIEC Cybersecurity Assessment Tool framework;
aws;In light of the increasing volume and sophistication of cyber threats, the Federal Financial Institutions Examination Council (FFIEC) developed the Cybersecurity Assessment Tool (Assessment), on behalf of its members, to help institutions identify their risks and determine their cybersecurity maturity.;858573892697;us-west-2;2026-09-19 09:30:34.148196;d2-is-is-b-1;Information security threats are gathered and shared with applicable internal employees.;Threat Intelligence and Collaboration (Domain 2);Information Sharing (IS);;aws;;FAIL;Security Hub is not enabled.;arn:aws:securityhub:us-west-2:858573892697:hub/unknown;securityhub_enabled;False;hub/unknown;FFIEC;FFIEC Cybersecurity Assessment Tool framework;
aws;In light of the increasing volume and sophistication of cyber threats, the Federal Financial Institutions Examination Council (FFIEC) developed the Cybersecurity Assessment Tool (Assessment), on behalf of its members, to help institutions identify their risks and determine their cybersecurity maturity.;858573892697;us-west-2;2026-09-19 09:30:34.148196;d2-ti-ti-b-1;The institution belongs or subscribes to a threat and vulnerability information-sharing source(s) that provides information on threats (e.g., FS-ISAC, US- CERT).;Threat Intelligence and Collaboration (Domain 2);Threat Intelligence (TI);;aws;;FAIL;Security Hub is not enabled.;arn:aws:securityhub:us-west-2:858573892697:hub/unknown;securityhub_enabled;False;hub/unknown;FFIEC;FFIEC Cybersecurity Assessment Tool framework;
aws;In light of the increasing volume and sophistication of cyber threats, the Federal Financial Institutions Examination Council (FFIEC) developed the Cybersecurity Assessment Tool (Assessment), on behalf of its members, to help institutions identify their risks and determine their cybersecurity maturity.;858573892697;us-west-2;2026-09-19 09:30:34.148196;d2-ti-ti-b-2;Threat information is used to monitor threats and vulnerabilities.;Threat Intelligence and Collaboration (Domain 2);Threat Intelligence (TI);;aws;;FAIL;Security Hub is not enabled.;arn:aws:securityhub:us-west-2:858573892697:hub/unknown;securityhub_enabled;False;hub/unknown;FFIEC;FFIEC Cybersecurity Assessment Tool framework;
aws;In light of the increasing volume and sophistication of cyber threats, the Federal Financial Institutions Examination Council (FFIEC) developed the Cybersecurity Assessment Tool (Assessment), on behalf of its members, to help institutions identify their risks and determine their cybersecurity maturity.;858573892697;us-west-2;2026-09-19 09:30:34.148196;d2-ti-ti-b-3;Threat information is used to enhance internal risk management and controls.;Threat Intelligence and Collaboration (Domain 2);Threat Intelligence (TI);;aws;;FAIL;Security Hub is not enabled.;arn:aws:securityhub:us-west-2:858573892697:hub/unknown;securityhub_enabled;False;hub/unknown;FFIEC;FFIEC Cybersecurity Assessment Tool framework;
aws;In light of the increasing volume and sophistication of cyber threats, the Federal Financial Institutions Examination Council (FFIEC) developed the Cybersecurity Assessment Tool (Assessment), on behalf of its members, to help institutions identify their risks and determine their cybersecurity maturity.;858573892697;us-west-2;2026-09-19 09:30:34.148196;d3-dc-an-b-1;The institution is able to detect anomalous activities through monitoring across the environment.;Cybersecurity Controls (Domain 3);Detective Controls (DC);;aws;;FAIL;Security Hub is not enabled.;arn:aws:securityhub:us-west-2:858573892697:hub/unknown;securityhub_enabled;False;hub/unknown;FFIEC;FFIEC Cybersecurity Assessment Tool framework;
aws;In light of the increasing volume and sophistication of cyber threats, the Federal Financial Institutions Examination Council (FFIEC) developed the Cybersecurity Assessment Tool (Assessment), on behalf of its members, to help institutions identify their risks and determine their cybersecurity maturity.;858573892697;us-west-2;2026-09-19 09:30:34.148196;d3-dc-an-b-2;Customer transactions generating anomalous activity alerts are monitored and reviewed.;Cybersecurity Controls (Domain 3);Detective Controls (DC);;aws;;FAIL;Security Hub is not enabled.;arn:aws:securityhub:us-west-2:858573892697:hub/unknown;securityhub_enabled;False;hub/unknown;FFIEC;FFIEC Cybersecurity Assessment Tool framework;
aws;In light of the increasing volume and sophistication of cyber threats, the Federal Financial Institutions Examination Council (FFIEC) developed the Cybersecurity Assessment Tool (Assessment), on behalf of its members, to help institutions identify their risks and determine their cybersecurity maturity.;858573892697;us-west-2;2026-09-19 09:30:34.148196;d3-dc-ev-b-3;Processes are in place to monitor for the presence of unauthorized users, devices, connections, and software.;Cybersecurity Controls (Domain 3);Detective Controls (DC);;aws;;FAIL;Security Hub is not enabled.;arn:aws:securityhub:us-west-2:858573892697:hub/unknown;securityhub_enabled;False;hub/unknown;FFIEC;FFIEC Cybersecurity Assessment Tool framework;
aws;In light of the increasing volume and sophistication of cyber threats, the Federal Financial Institutions Examination Council (FFIEC) developed the Cybersecurity Assessment Tool (Assessment), on behalf of its members, to help institutions identify their risks and determine their cybersecurity maturity.;858573892697;us-west-2;2026-09-19 09:30:34.148196;d3-dc-th-b-1;Independent testing (including penetration testing and vulnerability scanning) is conducted according to the risk assessment for external-facing systems and the internal network.;Cybersecurity Controls (Domain 3);Detective Controls (DC);;aws;;FAIL;Security Hub is not enabled.;arn:aws:securityhub:us-west-2:858573892697:hub/unknown;securityhub_enabled;False;hub/unknown;FFIEC;FFIEC Cybersecurity Assessment Tool framework;
aws;In light of the increasing volume and sophistication of cyber threats, the Federal Financial Institutions Examination Council (FFIEC) developed the Cybersecurity Assessment Tool (Assessment), on behalf of its members, to help institutions identify their risks and determine their cybersecurity maturity.;858573892697;us-west-2;2026-09-19 09:30:34.148196;d5-dr-de-b-1;Alert parameters are set for detecting information security incidents that prompt mitigating actions.;Cyber Incident Management and Resilience (Domain 5);Detection, Response, & Mitigation (DR);;aws;;FAIL;Security Hub is not enabled.;arn:aws:securityhub:us-west-2:858573892697:hub/unknown;securityhub_enabled;False;hub/unknown;FFIEC;FFIEC Cybersecurity Assessment Tool framework;
aws;In light of the increasing volume and sophistication of cyber threats, the Federal Financial Institutions Examination Council (FFIEC) developed the Cybersecurity Assessment Tool (Assessment), on behalf of its members, to help institutions identify their risks and determine their cybersecurity maturity.;858573892697;us-west-2;2026-09-19 09:30:34.148196;d5-dr-de-b-3;Tools and processes are in place to detect, alert, and trigger the incident response program.;Cyber Incident Management and Resilience (Domain 5);Detection, Response, & Mitigation (DR);;aws;;FAIL;Security Hub is not enabled.;arn:aws:securityhub:us-west-2:858573892697:hub/unknown;securityhub_enabled;False;hub/unknown;FFIEC;FFIEC Cybersecurity Assessment Tool framework;
aws;In light of the increasing volume and sophistication of cyber threats, the Federal Financial Institutions Examination Council (FFIEC) developed the Cybersecurity Assessment Tool (Assessment), on behalf of its members, to help institutions identify their risks and determine their cybersecurity maturity.;858573892697;us-east-1;2026-09-19 09:30:34.148196;d2-ti-ti-b-2;Threat information is used to monitor threats and vulnerabilities.;Threat Intelligence and Collaboration (Domain 2);Threat Intelligence (TI);;aws;;FAIL;EC2 managed instance i-06f893ed5cf0f73fc is non-compliant.;arn:aws:ec2:us-east-1:858573892697:instance/i-06f893ed5cf0f73fc;ssm_managed_compliant_patching;False;i-06f893ed5cf0f73fc;FFIEC;FFIEC Cybersecurity Assessment Tool framework;
aws;In light of the increasing volume and sophistication of cyber threats, the Federal Financial Institutions Examination Council (FFIEC) developed the Cybersecurity Assessment Tool (Assessment), on behalf of its members, to help institutions identify their risks and determine their cybersecurity maturity.;858573892697;us-east-1;2026-09-19 09:30:34.148196;d3-cc-pm-b-1;A patch management program is implemented and ensures that software and firmware patches are applied in a timely manner.;Cybersecurity Controls (Domain 3);Corrective Controls (CC);;aws;;FAIL;EC2 managed instance i-06f893ed5cf0f73fc is non-compliant.;arn:aws:ec2:us-east-1:858573892697:instance/i-06f893ed5cf0f73fc;ssm_managed_compliant_patching;False;i-06f893ed5cf0f73fc;FFIEC;FFIEC Cybersecurity Assessment Tool framework;
aws;In light of the increasing volume and sophistication of cyber threats, the Federal Financial Institutions Examination Council (FFIEC) developed the Cybersecurity Assessment Tool (Assessment), on behalf of its members, to help institutions identify their risks and determine their cybersecurity maturity.;858573892697;us-east-1;2026-09-19 09:30:34.148196;d3-cc-pm-b-3;Patch management reports are reviewed and reflect missing security patches.;Cybersecurity Controls (Domain 3);Corrective Controls (CC);;aws;;FAIL;EC2 managed instance i-06f893ed5cf0f73fc is non-compliant.;arn:aws:ec2:us-east-1:858573892697:instance/i-06f893ed5cf0f73fc;ssm_managed_compliant_patching;False;i-06f893ed5cf0f73fc;FFIEC;FFIEC Cybersecurity Assessment Tool framework;
aws;In light of the increasing volume and sophistication of cyber threats, the Federal Financial Institutions Examination Council (FFIEC) developed the Cybersecurity Assessment Tool (Assessment), on behalf of its members, to help institutions identify their risks and determine their cybersecurity maturity.;858573892697;us-east-1;2026-09-19 09:30:34.148196;d3-dc-th-b-1;Independent testing (including penetration testing and vulnerability scanning) is conducted according to the risk assessment for external-facing systems and the internal network.;Cybersecurity Controls (Domain 3);Detective Controls (DC);;aws;;FAIL;EC2 managed instance i-06f893ed5cf0f73fc is non-compliant.;arn:aws:ec2:us-east-1:858573892697:instance/i-06f893ed5cf0f73fc;ssm_managed_compliant_patching;False;i-06f893ed5cf0f73fc;FFIEC;FFIEC Cybersecurity Assessment Tool framework;
aws;In light of the increasing volume and sophistication of cyber threats, the Federal Financial Institutions Examination Council (FFIEC) developed the Cybersecurity Assessment Tool (Assessment), on behalf of its members, to help institutions identify their risks and determine their cybersecurity maturity.;858573892697;us-east-1;2026-09-19 09:30:34.148196;d3-pc-im-b-5;Systems configurations (for servers, desktops, routers, etc.) follow industry standards and are enforced;Cybersecurity Controls (Domain 3);Preventative Controls (PC);;aws;;FAIL;EC2 managed instance i-06f893ed5cf0f73fc is non-compliant.;arn:aws:ec2:us-east-1:858573892697:instance/i-06f893ed5cf0f73fc;ssm_managed_compliant_patching;False;i-06f893ed5cf0f73fc;FFIEC;FFIEC Cybersecurity Assessment Tool framework;
aws;In light of the increasing volume and sophistication of cyber threats, the Federal Financial Institutions Examination Council (FFIEC) developed the Cybersecurity Assessment Tool (Assessment), on behalf of its members, to help institutions identify their risks and determine their cybersecurity maturity.;858573892697;us-east-1;2026-09-19 09:30:34.148196;d2-ma-ma-b-1;Information security threats are gathered and shared with applicable internal employees.;Threat Intelligence and Collaboration (Domain 2);Monitoring and Analyzing (MA);;aws;;FAIL;VPC vaultcloud-vpc Flow logs are disabled.;arn:aws:ec2:us-east-1:858573892697:vpc/vpc-05003d63d9533f68c;vpc_flow_logs_enabled;False;vpc-05003d63d9533f68c;FFIEC;FFIEC Cybersecurity Assessment Tool framework;
aws;In light of the increasing volume and sophistication of cyber threats, the Federal Financial Institutions Examination Council (FFIEC) developed the Cybersecurity Assessment Tool (Assessment), on behalf of its members, to help institutions identify their risks and determine their cybersecurity maturity.;858573892697;us-east-1;2026-09-19 09:30:34.148196;d2-ma-ma-b-2;Computer event logs are used for investigations once an event has occurred.;Threat Intelligence and Collaboration (Domain 2);Monitoring and Analyzing (MA);;aws;;FAIL;VPC vaultcloud-vpc Flow logs are disabled.;arn:aws:ec2:us-east-1:858573892697:vpc/vpc-05003d63d9533f68c;vpc_flow_logs_enabled;False;vpc-05003d63d9533f68c;FFIEC;FFIEC Cybersecurity Assessment Tool framework;
aws;In light of the increasing volume and sophistication of cyber threats, the Federal Financial Institutions Examination Council (FFIEC) developed the Cybersecurity Assessment Tool (Assessment), on behalf of its members, to help institutions identify their risks and determine their cybersecurity maturity.;858573892697;us-east-1;2026-09-19 09:30:34.148196;d3-dc-an-b-3;Logs of physical and/or logical access are reviewed following events.;Cybersecurity Controls (Domain 3);Detective Controls (DC);;aws;;FAIL;VPC vaultcloud-vpc Flow logs are disabled.;arn:aws:ec2:us-east-1:858573892697:vpc/vpc-05003d63d9533f68c;vpc_flow_logs_enabled;False;vpc-05003d63d9533f68c;FFIEC;FFIEC Cybersecurity Assessment Tool framework;
aws;In light of the increasing volume and sophistication of cyber threats, the Federal Financial Institutions Examination Council (FFIEC) developed the Cybersecurity Assessment Tool (Assessment), on behalf of its members, to help institutions identify their risks and determine their cybersecurity maturity.;858573892697;us-east-1;2026-09-19 09:30:34.148196;d3-dc-an-b-4;Access to critical systems by third parties is monitored for unauthorized or unusual activity.;Cybersecurity Controls (Domain 3);Detective Controls (DC);;aws;;FAIL;VPC vaultcloud-vpc Flow logs are disabled.;arn:aws:ec2:us-east-1:858573892697:vpc/vpc-05003d63d9533f68c;vpc_flow_logs_enabled;False;vpc-05003d63d9533f68c;FFIEC;FFIEC Cybersecurity Assessment Tool framework;
aws;In light of the increasing volume and sophistication of cyber threats, the Federal Financial Institutions Examination Council (FFIEC) developed the Cybersecurity Assessment Tool (Assessment), on behalf of its members, to help institutions identify their risks and determine their cybersecurity maturity.;858573892697;us-east-1;2026-09-19 09:30:34.148196;d3-dc-ev-b-1;A normal network activity baseline is established.;Cybersecurity Controls (Domain 3);Detective Controls (DC);;aws;;FAIL;VPC vaultcloud-vpc Flow logs are disabled.;arn:aws:ec2:us-east-1:858573892697:vpc/vpc-05003d63d9533f68c;vpc_flow_logs_enabled;False;vpc-05003d63d9533f68c;FFIEC;FFIEC Cybersecurity Assessment Tool framework;
aws;In light of the increasing volume and sophistication of cyber threats, the Federal Financial Institutions Examination Council (FFIEC) developed the Cybersecurity Assessment Tool (Assessment), on behalf of its members, to help institutions identify their risks and determine their cybersecurity maturity.;858573892697;us-east-1;2026-09-19 09:30:34.148196;d3-dc-ev-b-3;Processes are in place to monitor for the presence of unauthorized users, devices, connections, and software.;Cybersecurity Controls (Domain 3);Detective Controls (DC);;aws;;FAIL;VPC vaultcloud-vpc Flow logs are disabled.;arn:aws:ec2:us-east-1:858573892697:vpc/vpc-05003d63d9533f68c;vpc_flow_logs_enabled;False;vpc-05003d63d9533f68c;FFIEC;FFIEC Cybersecurity Assessment Tool framework;
aws;In light of the increasing volume and sophistication of cyber threats, the Federal Financial Institutions Examination Council (FFIEC) developed the Cybersecurity Assessment Tool (Assessment), on behalf of its members, to help institutions identify their risks and determine their cybersecurity maturity.;858573892697;us-east-1;2026-09-19 09:30:34.148196;d3-pc-im-b-3;All ports are monitored.;Cybersecurity Controls (Domain 3);Preventative Controls (PC);;aws;;FAIL;VPC vaultcloud-vpc Flow logs are disabled.;arn:aws:ec2:us-east-1:858573892697:vpc/vpc-05003d63d9533f68c;vpc_flow_logs_enabled;False;vpc-05003d63d9533f68c;FFIEC;FFIEC Cybersecurity Assessment Tool framework;
aws;In light of the increasing volume and sophistication of cyber threats, the Federal Financial Institutions Examination Council (FFIEC) developed the Cybersecurity Assessment Tool (Assessment), on behalf of its members, to help institutions identify their risks and determine their cybersecurity maturity.;;;2026-09-19 09:30:34.148196;d3-pc-se-b-1;Developers working for the institution follow secure program coding practices, as part of a system development life cycle (SDLC), that meet industry standards.;Cybersecurity Controls (Domain 3);Preventative Controls (PC);;aws;;MANUAL;Manual check;manual_check;manual;False;Manual check;FFIEC;FFIEC Cybersecurity Assessment Tool framework;
aws;In light of the increasing volume and sophistication of cyber threats, the Federal Financial Institutions Examination Council (FFIEC) developed the Cybersecurity Assessment Tool (Assessment), on behalf of its members, to help institutions identify their risks and determine their cybersecurity maturity.;;;2026-09-19 09:30:34.148196;d5-dr-de-b-2;System performance reports contain information that can be used as a risk indicator to detect information security incidents.;Cyber Incident Management and Resilience (Domain 5);Detection, Response, & Mitigation (DR);;aws;;MANUAL;Manual check;manual_check;manual;False;Manual check;FFIEC;FFIEC Cybersecurity Assessment Tool framework;
