PROVIDER;DESCRIPTION;ACCOUNTID;REGION;ASSESSMENTDATE;REQUIREMENTS_ID;REQUIREMENTS_DESCRIPTION;REQUIREMENTS_ATTRIBUTES_SECTION;REQUIREMENTS_ATTRIBUTES_SUBSECTION;REQUIREMENTS_ATTRIBUTES_SUBGROUP;REQUIREMENTS_ATTRIBUTES_SERVICE;REQUIREMENTS_ATTRIBUTES_TYPE;STATUS;STATUSEXTENDED;RESOURCEID;CHECKID;MUTED;RESOURCENAME;FRAMEWORK;NAME;REQUIREMENTS_ATTRIBUTES_COMMENT
aws;The Reserve Bank had prescribed a set of baseline cyber security controls for primary (Urban) cooperative banks (UCBs) in October 2018. On further examination, it has been decided to prescribe a comprehensive cyber security framework for the UCBs, as a graded approach, based on their digital depth and interconnectedness with the payment systems landscape, digital products offered by them and assessment of cyber security risk. The framework would mandate implementation of progressively stronger security measures based on the nature, variety and scale of digital product offerings of banks.;858573892697;us-east-1;2026-09-19 09:30:34.148196;annex_i_1_3;Appropriately manage and provide protection within and outside UCB/network, keeping in mind how the data/information is stored, transmitted, processed, accessed and put to use within/outside the UCB’s network, and level of risk they are exposed to depending on the sensitivity of the data/information.;;;;aws;;PASS;Lambda function security-remediation-s3-public has a resource-based policy without public access.;arn:aws:lambda:us-east-1:858573892697:function:security-remediation-s3-public;awslambda_function_not_publicly_accessible;False;security-remediation-s3-public;RBI-Cyber-Security-Framework;Reserve Bank of India (RBI) Cyber Security Framework;
aws;The Reserve Bank had prescribed a set of baseline cyber security controls for primary (Urban) cooperative banks (UCBs) in October 2018. On further examination, it has been decided to prescribe a comprehensive cyber security framework for the UCBs, as a graded approach, based on their digital depth and interconnectedness with the payment systems landscape, digital products offered by them and assessment of cyber security risk. The framework would mandate implementation of progressively stronger security measures based on the nature, variety and scale of digital product offerings of banks.;858573892697;us-east-1;2026-09-19 09:30:34.148196;annex_i_1_3;Appropriately manage and provide protection within and outside UCB/network, keeping in mind how the data/information is stored, transmitted, processed, accessed and put to use within/outside the UCB’s network, and level of risk they are exposed to depending on the sensitivity of the data/information.;;;;aws;;PASS;Lambda function security-remediation-cloudtrail has a resource-based policy without public access.;arn:aws:lambda:us-east-1:858573892697:function:security-remediation-cloudtrail;awslambda_function_not_publicly_accessible;False;security-remediation-cloudtrail;RBI-Cyber-Security-Framework;Reserve Bank of India (RBI) Cyber Security Framework;
aws;The Reserve Bank had prescribed a set of baseline cyber security controls for primary (Urban) cooperative banks (UCBs) in October 2018. On further examination, it has been decided to prescribe a comprehensive cyber security framework for the UCBs, as a graded approach, based on their digital depth and interconnectedness with the payment systems landscape, digital products offered by them and assessment of cyber security risk. The framework would mandate implementation of progressively stronger security measures based on the nature, variety and scale of digital product offerings of banks.;858573892697;us-east-1;2026-09-19 09:30:34.148196;annex_i_1_3;Appropriately manage and provide protection within and outside UCB/network, keeping in mind how the data/information is stored, transmitted, processed, accessed and put to use within/outside the UCB’s network, and level of risk they are exposed to depending on the sensitivity of the data/information.;;;;aws;;PASS;Lambda function security-remediation-s3-encryption has a resource-based policy without public access.;arn:aws:lambda:us-east-1:858573892697:function:security-remediation-s3-encryption;awslambda_function_not_publicly_accessible;False;security-remediation-s3-encryption;RBI-Cyber-Security-Framework;Reserve Bank of India (RBI) Cyber Security Framework;
aws;The Reserve Bank had prescribed a set of baseline cyber security controls for primary (Urban) cooperative banks (UCBs) in October 2018. On further examination, it has been decided to prescribe a comprehensive cyber security framework for the UCBs, as a graded approach, based on their digital depth and interconnectedness with the payment systems landscape, digital products offered by them and assessment of cyber security risk. The framework would mandate implementation of progressively stronger security measures based on the nature, variety and scale of digital product offerings of banks.;858573892697;us-east-1;2026-09-19 09:30:34.148196;annex_i_1_3;Appropriately manage and provide protection within and outside UCB/network, keeping in mind how the data/information is stored, transmitted, processed, accessed and put to use within/outside the UCB’s network, and level of risk they are exposed to depending on the sensitivity of the data/information.;;;;aws;;PASS;Lambda function security-remediation-rdp has a resource-based policy without public access.;arn:aws:lambda:us-east-1:858573892697:function:security-remediation-rdp;awslambda_function_not_publicly_accessible;False;security-remediation-rdp;RBI-Cyber-Security-Framework;Reserve Bank of India (RBI) Cyber Security Framework;
aws;The Reserve Bank had prescribed a set of baseline cyber security controls for primary (Urban) cooperative banks (UCBs) in October 2018. On further examination, it has been decided to prescribe a comprehensive cyber security framework for the UCBs, as a graded approach, based on their digital depth and interconnectedness with the payment systems landscape, digital products offered by them and assessment of cyber security risk. The framework would mandate implementation of progressively stronger security measures based on the nature, variety and scale of digital product offerings of banks.;858573892697;us-east-1;2026-09-19 09:30:34.148196;annex_i_1_3;Appropriately manage and provide protection within and outside UCB/network, keeping in mind how the data/information is stored, transmitted, processed, accessed and put to use within/outside the UCB’s network, and level of risk they are exposed to depending on the sensitivity of the data/information.;;;;aws;;PASS;Lambda function security-remediation-ssh has a resource-based policy without public access.;arn:aws:lambda:us-east-1:858573892697:function:security-remediation-ssh;awslambda_function_not_publicly_accessible;False;security-remediation-ssh;RBI-Cyber-Security-Framework;Reserve Bank of India (RBI) Cyber Security Framework;
aws;The Reserve Bank had prescribed a set of baseline cyber security controls for primary (Urban) cooperative banks (UCBs) in October 2018. On further examination, it has been decided to prescribe a comprehensive cyber security framework for the UCBs, as a graded approach, based on their digital depth and interconnectedness with the payment systems landscape, digital products offered by them and assessment of cyber security risk. The framework would mandate implementation of progressively stronger security measures based on the nature, variety and scale of digital product offerings of banks.;858573892697;us-east-1;2026-09-19 09:30:34.148196;annex_i_7_4;Implement appropriate (e.g. centralised) systems and controls to allow, manage, log and monitor privileged/super user/administrative access to critical systems (servers/databases, applications, network devices etc.);;;;aws;;PASS;Multiregion trail vaultcloud-trail has been logging in the last 24h.;arn:aws:cloudtrail:us-east-1:858573892697:trail/vaultcloud-trail;cloudtrail_cloudwatch_logging_enabled;False;vaultcloud-trail;RBI-Cyber-Security-Framework;Reserve Bank of India (RBI) Cyber Security Framework;
aws;The Reserve Bank had prescribed a set of baseline cyber security controls for primary (Urban) cooperative banks (UCBs) in October 2018. On further examination, it has been decided to prescribe a comprehensive cyber security framework for the UCBs, as a graded approach, based on their digital depth and interconnectedness with the payment systems landscape, digital products offered by them and assessment of cyber security risk. The framework would mandate implementation of progressively stronger security measures based on the nature, variety and scale of digital product offerings of banks.;858573892697;us-east-1;2026-09-19 09:30:34.148196;annex_i_1_3;Appropriately manage and provide protection within and outside UCB/network, keeping in mind how the data/information is stored, transmitted, processed, accessed and put to use within/outside the UCB’s network, and level of risk they are exposed to depending on the sensitivity of the data/information.;;;;aws;;FAIL;Multiregion trail vaultcloud-trail has encryption disabled.;arn:aws:cloudtrail:us-east-1:858573892697:trail/vaultcloud-trail;cloudtrail_kms_encryption_enabled;False;vaultcloud-trail;RBI-Cyber-Security-Framework;Reserve Bank of India (RBI) Cyber Security Framework;
aws;The Reserve Bank had prescribed a set of baseline cyber security controls for primary (Urban) cooperative banks (UCBs) in October 2018. On further examination, it has been decided to prescribe a comprehensive cyber security framework for the UCBs, as a graded approach, based on their digital depth and interconnectedness with the payment systems landscape, digital products offered by them and assessment of cyber security risk. The framework would mandate implementation of progressively stronger security measures based on the nature, variety and scale of digital product offerings of banks.;858573892697;ap-northeast-1;2026-09-19 09:30:34.148196;annex_i_7_4;Implement appropriate (e.g. centralised) systems and controls to allow, manage, log and monitor privileged/super user/administrative access to critical systems (servers/databases, applications, network devices etc.);;;;aws;;PASS;Trail vaultcloud-trail is multiregion and it is logging.;arn:aws:cloudtrail:us-east-1:858573892697:trail/vaultcloud-trail;cloudtrail_multi_region_enabled;False;vaultcloud-trail;RBI-Cyber-Security-Framework;Reserve Bank of India (RBI) Cyber Security Framework;
aws;The Reserve Bank had prescribed a set of baseline cyber security controls for primary (Urban) cooperative banks (UCBs) in October 2018. On further examination, it has been decided to prescribe a comprehensive cyber security framework for the UCBs, as a graded approach, based on their digital depth and interconnectedness with the payment systems landscape, digital products offered by them and assessment of cyber security risk. The framework would mandate implementation of progressively stronger security measures based on the nature, variety and scale of digital product offerings of banks.;858573892697;ap-northeast-2;2026-09-19 09:30:34.148196;annex_i_7_4;Implement appropriate (e.g. centralised) systems and controls to allow, manage, log and monitor privileged/super user/administrative access to critical systems (servers/databases, applications, network devices etc.);;;;aws;;PASS;Trail vaultcloud-trail is multiregion and it is logging.;arn:aws:cloudtrail:us-east-1:858573892697:trail/vaultcloud-trail;cloudtrail_multi_region_enabled;False;vaultcloud-trail;RBI-Cyber-Security-Framework;Reserve Bank of India (RBI) Cyber Security Framework;
aws;The Reserve Bank had prescribed a set of baseline cyber security controls for primary (Urban) cooperative banks (UCBs) in October 2018. On further examination, it has been decided to prescribe a comprehensive cyber security framework for the UCBs, as a graded approach, based on their digital depth and interconnectedness with the payment systems landscape, digital products offered by them and assessment of cyber security risk. The framework would mandate implementation of progressively stronger security measures based on the nature, variety and scale of digital product offerings of banks.;858573892697;ap-northeast-3;2026-09-19 09:30:34.148196;annex_i_7_4;Implement appropriate (e.g. centralised) systems and controls to allow, manage, log and monitor privileged/super user/administrative access to critical systems (servers/databases, applications, network devices etc.);;;;aws;;PASS;Trail vaultcloud-trail is multiregion and it is logging.;arn:aws:cloudtrail:us-east-1:858573892697:trail/vaultcloud-trail;cloudtrail_multi_region_enabled;False;vaultcloud-trail;RBI-Cyber-Security-Framework;Reserve Bank of India (RBI) Cyber Security Framework;
aws;The Reserve Bank had prescribed a set of baseline cyber security controls for primary (Urban) cooperative banks (UCBs) in October 2018. On further examination, it has been decided to prescribe a comprehensive cyber security framework for the UCBs, as a graded approach, based on their digital depth and interconnectedness with the payment systems landscape, digital products offered by them and assessment of cyber security risk. The framework would mandate implementation of progressively stronger security measures based on the nature, variety and scale of digital product offerings of banks.;858573892697;ap-south-1;2026-09-19 09:30:34.148196;annex_i_7_4;Implement appropriate (e.g. centralised) systems and controls to allow, manage, log and monitor privileged/super user/administrative access to critical systems (servers/databases, applications, network devices etc.);;;;aws;;PASS;Trail vaultcloud-trail is multiregion and it is logging.;arn:aws:cloudtrail:us-east-1:858573892697:trail/vaultcloud-trail;cloudtrail_multi_region_enabled;False;vaultcloud-trail;RBI-Cyber-Security-Framework;Reserve Bank of India (RBI) Cyber Security Framework;
aws;The Reserve Bank had prescribed a set of baseline cyber security controls for primary (Urban) cooperative banks (UCBs) in October 2018. On further examination, it has been decided to prescribe a comprehensive cyber security framework for the UCBs, as a graded approach, based on their digital depth and interconnectedness with the payment systems landscape, digital products offered by them and assessment of cyber security risk. The framework would mandate implementation of progressively stronger security measures based on the nature, variety and scale of digital product offerings of banks.;858573892697;ap-southeast-1;2026-09-19 09:30:34.148196;annex_i_7_4;Implement appropriate (e.g. centralised) systems and controls to allow, manage, log and monitor privileged/super user/administrative access to critical systems (servers/databases, applications, network devices etc.);;;;aws;;PASS;Trail vaultcloud-trail is multiregion and it is logging.;arn:aws:cloudtrail:us-east-1:858573892697:trail/vaultcloud-trail;cloudtrail_multi_region_enabled;False;vaultcloud-trail;RBI-Cyber-Security-Framework;Reserve Bank of India (RBI) Cyber Security Framework;
aws;The Reserve Bank had prescribed a set of baseline cyber security controls for primary (Urban) cooperative banks (UCBs) in October 2018. On further examination, it has been decided to prescribe a comprehensive cyber security framework for the UCBs, as a graded approach, based on their digital depth and interconnectedness with the payment systems landscape, digital products offered by them and assessment of cyber security risk. The framework would mandate implementation of progressively stronger security measures based on the nature, variety and scale of digital product offerings of banks.;858573892697;ap-southeast-2;2026-09-19 09:30:34.148196;annex_i_7_4;Implement appropriate (e.g. centralised) systems and controls to allow, manage, log and monitor privileged/super user/administrative access to critical systems (servers/databases, applications, network devices etc.);;;;aws;;PASS;Trail vaultcloud-trail is multiregion and it is logging.;arn:aws:cloudtrail:us-east-1:858573892697:trail/vaultcloud-trail;cloudtrail_multi_region_enabled;False;vaultcloud-trail;RBI-Cyber-Security-Framework;Reserve Bank of India (RBI) Cyber Security Framework;
aws;The Reserve Bank had prescribed a set of baseline cyber security controls for primary (Urban) cooperative banks (UCBs) in October 2018. On further examination, it has been decided to prescribe a comprehensive cyber security framework for the UCBs, as a graded approach, based on their digital depth and interconnectedness with the payment systems landscape, digital products offered by them and assessment of cyber security risk. The framework would mandate implementation of progressively stronger security measures based on the nature, variety and scale of digital product offerings of banks.;858573892697;ca-central-1;2026-09-19 09:30:34.148196;annex_i_7_4;Implement appropriate (e.g. centralised) systems and controls to allow, manage, log and monitor privileged/super user/administrative access to critical systems (servers/databases, applications, network devices etc.);;;;aws;;PASS;Trail vaultcloud-trail is multiregion and it is logging.;arn:aws:cloudtrail:us-east-1:858573892697:trail/vaultcloud-trail;cloudtrail_multi_region_enabled;False;vaultcloud-trail;RBI-Cyber-Security-Framework;Reserve Bank of India (RBI) Cyber Security Framework;
aws;The Reserve Bank had prescribed a set of baseline cyber security controls for primary (Urban) cooperative banks (UCBs) in October 2018. On further examination, it has been decided to prescribe a comprehensive cyber security framework for the UCBs, as a graded approach, based on their digital depth and interconnectedness with the payment systems landscape, digital products offered by them and assessment of cyber security risk. The framework would mandate implementation of progressively stronger security measures based on the nature, variety and scale of digital product offerings of banks.;858573892697;eu-central-1;2026-09-19 09:30:34.148196;annex_i_7_4;Implement appropriate (e.g. centralised) systems and controls to allow, manage, log and monitor privileged/super user/administrative access to critical systems (servers/databases, applications, network devices etc.);;;;aws;;PASS;Trail vaultcloud-trail is multiregion and it is logging.;arn:aws:cloudtrail:us-east-1:858573892697:trail/vaultcloud-trail;cloudtrail_multi_region_enabled;False;vaultcloud-trail;RBI-Cyber-Security-Framework;Reserve Bank of India (RBI) Cyber Security Framework;
aws;The Reserve Bank had prescribed a set of baseline cyber security controls for primary (Urban) cooperative banks (UCBs) in October 2018. On further examination, it has been decided to prescribe a comprehensive cyber security framework for the UCBs, as a graded approach, based on their digital depth and interconnectedness with the payment systems landscape, digital products offered by them and assessment of cyber security risk. The framework would mandate implementation of progressively stronger security measures based on the nature, variety and scale of digital product offerings of banks.;858573892697;eu-north-1;2026-09-19 09:30:34.148196;annex_i_7_4;Implement appropriate (e.g. centralised) systems and controls to allow, manage, log and monitor privileged/super user/administrative access to critical systems (servers/databases, applications, network devices etc.);;;;aws;;PASS;Trail vaultcloud-trail is multiregion and it is logging.;arn:aws:cloudtrail:us-east-1:858573892697:trail/vaultcloud-trail;cloudtrail_multi_region_enabled;False;vaultcloud-trail;RBI-Cyber-Security-Framework;Reserve Bank of India (RBI) Cyber Security Framework;
aws;The Reserve Bank had prescribed a set of baseline cyber security controls for primary (Urban) cooperative banks (UCBs) in October 2018. On further examination, it has been decided to prescribe a comprehensive cyber security framework for the UCBs, as a graded approach, based on their digital depth and interconnectedness with the payment systems landscape, digital products offered by them and assessment of cyber security risk. The framework would mandate implementation of progressively stronger security measures based on the nature, variety and scale of digital product offerings of banks.;858573892697;eu-west-1;2026-09-19 09:30:34.148196;annex_i_7_4;Implement appropriate (e.g. centralised) systems and controls to allow, manage, log and monitor privileged/super user/administrative access to critical systems (servers/databases, applications, network devices etc.);;;;aws;;PASS;Trail vaultcloud-trail is multiregion and it is logging.;arn:aws:cloudtrail:us-east-1:858573892697:trail/vaultcloud-trail;cloudtrail_multi_region_enabled;False;vaultcloud-trail;RBI-Cyber-Security-Framework;Reserve Bank of India (RBI) Cyber Security Framework;
aws;The Reserve Bank had prescribed a set of baseline cyber security controls for primary (Urban) cooperative banks (UCBs) in October 2018. On further examination, it has been decided to prescribe a comprehensive cyber security framework for the UCBs, as a graded approach, based on their digital depth and interconnectedness with the payment systems landscape, digital products offered by them and assessment of cyber security risk. The framework would mandate implementation of progressively stronger security measures based on the nature, variety and scale of digital product offerings of banks.;858573892697;eu-west-2;2026-09-19 09:30:34.148196;annex_i_7_4;Implement appropriate (e.g. centralised) systems and controls to allow, manage, log and monitor privileged/super user/administrative access to critical systems (servers/databases, applications, network devices etc.);;;;aws;;PASS;Trail vaultcloud-trail is multiregion and it is logging.;arn:aws:cloudtrail:us-east-1:858573892697:trail/vaultcloud-trail;cloudtrail_multi_region_enabled;False;vaultcloud-trail;RBI-Cyber-Security-Framework;Reserve Bank of India (RBI) Cyber Security Framework;
aws;The Reserve Bank had prescribed a set of baseline cyber security controls for primary (Urban) cooperative banks (UCBs) in October 2018. On further examination, it has been decided to prescribe a comprehensive cyber security framework for the UCBs, as a graded approach, based on their digital depth and interconnectedness with the payment systems landscape, digital products offered by them and assessment of cyber security risk. The framework would mandate implementation of progressively stronger security measures based on the nature, variety and scale of digital product offerings of banks.;858573892697;eu-west-3;2026-09-19 09:30:34.148196;annex_i_7_4;Implement appropriate (e.g. centralised) systems and controls to allow, manage, log and monitor privileged/super user/administrative access to critical systems (servers/databases, applications, network devices etc.);;;;aws;;PASS;Trail vaultcloud-trail is multiregion and it is logging.;arn:aws:cloudtrail:us-east-1:858573892697:trail/vaultcloud-trail;cloudtrail_multi_region_enabled;False;vaultcloud-trail;RBI-Cyber-Security-Framework;Reserve Bank of India (RBI) Cyber Security Framework;
aws;The Reserve Bank had prescribed a set of baseline cyber security controls for primary (Urban) cooperative banks (UCBs) in October 2018. On further examination, it has been decided to prescribe a comprehensive cyber security framework for the UCBs, as a graded approach, based on their digital depth and interconnectedness with the payment systems landscape, digital products offered by them and assessment of cyber security risk. The framework would mandate implementation of progressively stronger security measures based on the nature, variety and scale of digital product offerings of banks.;858573892697;sa-east-1;2026-09-19 09:30:34.148196;annex_i_7_4;Implement appropriate (e.g. centralised) systems and controls to allow, manage, log and monitor privileged/super user/administrative access to critical systems (servers/databases, applications, network devices etc.);;;;aws;;PASS;Trail vaultcloud-trail is multiregion and it is logging.;arn:aws:cloudtrail:us-east-1:858573892697:trail/vaultcloud-trail;cloudtrail_multi_region_enabled;False;vaultcloud-trail;RBI-Cyber-Security-Framework;Reserve Bank of India (RBI) Cyber Security Framework;
aws;The Reserve Bank had prescribed a set of baseline cyber security controls for primary (Urban) cooperative banks (UCBs) in October 2018. On further examination, it has been decided to prescribe a comprehensive cyber security framework for the UCBs, as a graded approach, based on their digital depth and interconnectedness with the payment systems landscape, digital products offered by them and assessment of cyber security risk. The framework would mandate implementation of progressively stronger security measures based on the nature, variety and scale of digital product offerings of banks.;858573892697;us-east-1;2026-09-19 09:30:34.148196;annex_i_7_4;Implement appropriate (e.g. centralised) systems and controls to allow, manage, log and monitor privileged/super user/administrative access to critical systems (servers/databases, applications, network devices etc.);;;;aws;;PASS;Trail vaultcloud-trail is multiregion and it is logging.;arn:aws:cloudtrail:us-east-1:858573892697:trail/vaultcloud-trail;cloudtrail_multi_region_enabled;False;vaultcloud-trail;RBI-Cyber-Security-Framework;Reserve Bank of India (RBI) Cyber Security Framework;
aws;The Reserve Bank had prescribed a set of baseline cyber security controls for primary (Urban) cooperative banks (UCBs) in October 2018. On further examination, it has been decided to prescribe a comprehensive cyber security framework for the UCBs, as a graded approach, based on their digital depth and interconnectedness with the payment systems landscape, digital products offered by them and assessment of cyber security risk. The framework would mandate implementation of progressively stronger security measures based on the nature, variety and scale of digital product offerings of banks.;858573892697;us-east-2;2026-09-19 09:30:34.148196;annex_i_7_4;Implement appropriate (e.g. centralised) systems and controls to allow, manage, log and monitor privileged/super user/administrative access to critical systems (servers/databases, applications, network devices etc.);;;;aws;;PASS;Trail vaultcloud-trail is multiregion and it is logging.;arn:aws:cloudtrail:us-east-1:858573892697:trail/vaultcloud-trail;cloudtrail_multi_region_enabled;False;vaultcloud-trail;RBI-Cyber-Security-Framework;Reserve Bank of India (RBI) Cyber Security Framework;
aws;The Reserve Bank had prescribed a set of baseline cyber security controls for primary (Urban) cooperative banks (UCBs) in October 2018. On further examination, it has been decided to prescribe a comprehensive cyber security framework for the UCBs, as a graded approach, based on their digital depth and interconnectedness with the payment systems landscape, digital products offered by them and assessment of cyber security risk. The framework would mandate implementation of progressively stronger security measures based on the nature, variety and scale of digital product offerings of banks.;858573892697;us-west-1;2026-09-19 09:30:34.148196;annex_i_7_4;Implement appropriate (e.g. centralised) systems and controls to allow, manage, log and monitor privileged/super user/administrative access to critical systems (servers/databases, applications, network devices etc.);;;;aws;;PASS;Trail vaultcloud-trail is multiregion and it is logging.;arn:aws:cloudtrail:us-east-1:858573892697:trail/vaultcloud-trail;cloudtrail_multi_region_enabled;False;vaultcloud-trail;RBI-Cyber-Security-Framework;Reserve Bank of India (RBI) Cyber Security Framework;
aws;The Reserve Bank had prescribed a set of baseline cyber security controls for primary (Urban) cooperative banks (UCBs) in October 2018. On further examination, it has been decided to prescribe a comprehensive cyber security framework for the UCBs, as a graded approach, based on their digital depth and interconnectedness with the payment systems landscape, digital products offered by them and assessment of cyber security risk. The framework would mandate implementation of progressively stronger security measures based on the nature, variety and scale of digital product offerings of banks.;858573892697;us-west-2;2026-09-19 09:30:34.148196;annex_i_7_4;Implement appropriate (e.g. centralised) systems and controls to allow, manage, log and monitor privileged/super user/administrative access to critical systems (servers/databases, applications, network devices etc.);;;;aws;;PASS;Trail vaultcloud-trail is multiregion and it is logging.;arn:aws:cloudtrail:us-east-1:858573892697:trail/vaultcloud-trail;cloudtrail_multi_region_enabled;False;vaultcloud-trail;RBI-Cyber-Security-Framework;Reserve Bank of India (RBI) Cyber Security Framework;
aws;The Reserve Bank had prescribed a set of baseline cyber security controls for primary (Urban) cooperative banks (UCBs) in October 2018. On further examination, it has been decided to prescribe a comprehensive cyber security framework for the UCBs, as a graded approach, based on their digital depth and interconnectedness with the payment systems landscape, digital products offered by them and assessment of cyber security risk. The framework would mandate implementation of progressively stronger security measures based on the nature, variety and scale of digital product offerings of banks.;858573892697;us-east-1;2026-09-19 09:30:34.148196;annex_i_7_4;Implement appropriate (e.g. centralised) systems and controls to allow, manage, log and monitor privileged/super user/administrative access to critical systems (servers/databases, applications, network devices etc.);;;;aws;;FAIL;No CloudTrail trails have a data event to record all S3 object-level API operations.;arn:aws:cloudtrail:us-east-1:858573892697:trail;cloudtrail_s3_dataevents_read_enabled;False;858573892697;RBI-Cyber-Security-Framework;Reserve Bank of India (RBI) Cyber Security Framework;
aws;The Reserve Bank had prescribed a set of baseline cyber security controls for primary (Urban) cooperative banks (UCBs) in October 2018. On further examination, it has been decided to prescribe a comprehensive cyber security framework for the UCBs, as a graded approach, based on their digital depth and interconnectedness with the payment systems landscape, digital products offered by them and assessment of cyber security risk. The framework would mandate implementation of progressively stronger security measures based on the nature, variety and scale of digital product offerings of banks.;858573892697;us-east-1;2026-09-19 09:30:34.148196;annex_i_7_4;Implement appropriate (e.g. centralised) systems and controls to allow, manage, log and monitor privileged/super user/administrative access to critical systems (servers/databases, applications, network devices etc.);;;;aws;;FAIL;No CloudTrail trails have a data event to record all S3 object-level API operations.;arn:aws:cloudtrail:us-east-1:858573892697:trail;cloudtrail_s3_dataevents_write_enabled;False;858573892697;RBI-Cyber-Security-Framework;Reserve Bank of India (RBI) Cyber Security Framework;
aws;The Reserve Bank had prescribed a set of baseline cyber security controls for primary (Urban) cooperative banks (UCBs) in October 2018. On further examination, it has been decided to prescribe a comprehensive cyber security framework for the UCBs, as a graded approach, based on their digital depth and interconnectedness with the payment systems landscape, digital products offered by them and assessment of cyber security risk. The framework would mandate implementation of progressively stronger security measures based on the nature, variety and scale of digital product offerings of banks.;858573892697;us-east-1;2026-09-19 09:30:34.148196;annex_i_1_3;Appropriately manage and provide protection within and outside UCB/network, keeping in mind how the data/information is stored, transmitted, processed, accessed and put to use within/outside the UCB’s network, and level of risk they are exposed to depending on the sensitivity of the data/information.;;;;aws;;FAIL;Log Group /aws/lambda/security-remediation-cloudtrail does not have AWS KMS keys associated.;arn:aws:logs:us-east-1:858573892697:log-group:/aws/lambda/security-remediation-cloudtrail:*;cloudwatch_log_group_kms_encryption_enabled;False;/aws/lambda/security-remediation-cloudtrail;RBI-Cyber-Security-Framework;Reserve Bank of India (RBI) Cyber Security Framework;
aws;The Reserve Bank had prescribed a set of baseline cyber security controls for primary (Urban) cooperative banks (UCBs) in October 2018. On further examination, it has been decided to prescribe a comprehensive cyber security framework for the UCBs, as a graded approach, based on their digital depth and interconnectedness with the payment systems landscape, digital products offered by them and assessment of cyber security risk. The framework would mandate implementation of progressively stronger security measures based on the nature, variety and scale of digital product offerings of banks.;858573892697;us-east-1;2026-09-19 09:30:34.148196;annex_i_1_3;Appropriately manage and provide protection within and outside UCB/network, keeping in mind how the data/information is stored, transmitted, processed, accessed and put to use within/outside the UCB’s network, and level of risk they are exposed to depending on the sensitivity of the data/information.;;;;aws;;FAIL;Log Group /aws/lambda/security-remediation-s3-encryption does not have AWS KMS keys associated.;arn:aws:logs:us-east-1:858573892697:log-group:/aws/lambda/security-remediation-s3-encryption:*;cloudwatch_log_group_kms_encryption_enabled;False;/aws/lambda/security-remediation-s3-encryption;RBI-Cyber-Security-Framework;Reserve Bank of India (RBI) Cyber Security Framework;
aws;The Reserve Bank had prescribed a set of baseline cyber security controls for primary (Urban) cooperative banks (UCBs) in October 2018. On further examination, it has been decided to prescribe a comprehensive cyber security framework for the UCBs, as a graded approach, based on their digital depth and interconnectedness with the payment systems landscape, digital products offered by them and assessment of cyber security risk. The framework would mandate implementation of progressively stronger security measures based on the nature, variety and scale of digital product offerings of banks.;858573892697;us-east-1;2026-09-19 09:30:34.148196;annex_i_1_3;Appropriately manage and provide protection within and outside UCB/network, keeping in mind how the data/information is stored, transmitted, processed, accessed and put to use within/outside the UCB’s network, and level of risk they are exposed to depending on the sensitivity of the data/information.;;;;aws;;FAIL;Log Group /aws/lambda/security-remediation-rdp does not have AWS KMS keys associated.;arn:aws:logs:us-east-1:858573892697:log-group:/aws/lambda/security-remediation-rdp:*;cloudwatch_log_group_kms_encryption_enabled;False;/aws/lambda/security-remediation-rdp;RBI-Cyber-Security-Framework;Reserve Bank of India (RBI) Cyber Security Framework;
aws;The Reserve Bank had prescribed a set of baseline cyber security controls for primary (Urban) cooperative banks (UCBs) in October 2018. On further examination, it has been decided to prescribe a comprehensive cyber security framework for the UCBs, as a graded approach, based on their digital depth and interconnectedness with the payment systems landscape, digital products offered by them and assessment of cyber security risk. The framework would mandate implementation of progressively stronger security measures based on the nature, variety and scale of digital product offerings of banks.;858573892697;us-east-1;2026-09-19 09:30:34.148196;annex_i_1_3;Appropriately manage and provide protection within and outside UCB/network, keeping in mind how the data/information is stored, transmitted, processed, accessed and put to use within/outside the UCB’s network, and level of risk they are exposed to depending on the sensitivity of the data/information.;;;;aws;;FAIL;Log Group /aws/lambda/security-remediation-ssh does not have AWS KMS keys associated.;arn:aws:logs:us-east-1:858573892697:log-group:/aws/lambda/security-remediation-ssh:*;cloudwatch_log_group_kms_encryption_enabled;False;/aws/lambda/security-remediation-ssh;RBI-Cyber-Security-Framework;Reserve Bank of India (RBI) Cyber Security Framework;
aws;The Reserve Bank had prescribed a set of baseline cyber security controls for primary (Urban) cooperative banks (UCBs) in October 2018. On further examination, it has been decided to prescribe a comprehensive cyber security framework for the UCBs, as a graded approach, based on their digital depth and interconnectedness with the payment systems landscape, digital products offered by them and assessment of cyber security risk. The framework would mandate implementation of progressively stronger security measures based on the nature, variety and scale of digital product offerings of banks.;858573892697;us-east-1;2026-09-19 09:30:34.148196;annex_i_1_3;Appropriately manage and provide protection within and outside UCB/network, keeping in mind how the data/information is stored, transmitted, processed, accessed and put to use within/outside the UCB’s network, and level of risk they are exposed to depending on the sensitivity of the data/information.;;;;aws;;FAIL;Log Group /aws/lambda/security-remediation-s3-public does not have AWS KMS keys associated.;arn:aws:logs:us-east-1:858573892697:log-group:/aws/lambda/security-remediation-s3-public:*;cloudwatch_log_group_kms_encryption_enabled;False;/aws/lambda/security-remediation-s3-public;RBI-Cyber-Security-Framework;Reserve Bank of India (RBI) Cyber Security Framework;
aws;The Reserve Bank had prescribed a set of baseline cyber security controls for primary (Urban) cooperative banks (UCBs) in October 2018. On further examination, it has been decided to prescribe a comprehensive cyber security framework for the UCBs, as a graded approach, based on their digital depth and interconnectedness with the payment systems landscape, digital products offered by them and assessment of cyber security risk. The framework would mandate implementation of progressively stronger security measures based on the nature, variety and scale of digital product offerings of banks.;858573892697;us-east-1;2026-09-19 09:30:34.148196;annex_i_1_3;Appropriately manage and provide protection within and outside UCB/network, keeping in mind how the data/information is stored, transmitted, processed, accessed and put to use within/outside the UCB’s network, and level of risk they are exposed to depending on the sensitivity of the data/information.;;;;aws;;FAIL;Log Group aws-cloudtrail-logs-858573892697-9a7175d0 does not have AWS KMS keys associated.;arn:aws:logs:us-east-1:858573892697:log-group:aws-cloudtrail-logs-858573892697-9a7175d0:*;cloudwatch_log_group_kms_encryption_enabled;False;aws-cloudtrail-logs-858573892697-9a7175d0;RBI-Cyber-Security-Framework;Reserve Bank of India (RBI) Cyber Security Framework;
aws;The Reserve Bank had prescribed a set of baseline cyber security controls for primary (Urban) cooperative banks (UCBs) in October 2018. On further examination, it has been decided to prescribe a comprehensive cyber security framework for the UCBs, as a graded approach, based on their digital depth and interconnectedness with the payment systems landscape, digital products offered by them and assessment of cyber security risk. The framework would mandate implementation of progressively stronger security measures based on the nature, variety and scale of digital product offerings of banks.;858573892697;us-east-1;2026-09-19 09:30:34.148196;annex_i_7_4;Implement appropriate (e.g. centralised) systems and controls to allow, manage, log and monitor privileged/super user/administrative access to critical systems (servers/databases, applications, network devices etc.);;;;aws;;PASS;Log Group /aws/lambda/security-remediation-cloudtrail comply with 365 days retention period since it never expires.;arn:aws:logs:us-east-1:858573892697:log-group:/aws/lambda/security-remediation-cloudtrail:*;cloudwatch_log_group_retention_policy_specific_days_enabled;False;/aws/lambda/security-remediation-cloudtrail;RBI-Cyber-Security-Framework;Reserve Bank of India (RBI) Cyber Security Framework;
aws;The Reserve Bank had prescribed a set of baseline cyber security controls for primary (Urban) cooperative banks (UCBs) in October 2018. On further examination, it has been decided to prescribe a comprehensive cyber security framework for the UCBs, as a graded approach, based on their digital depth and interconnectedness with the payment systems landscape, digital products offered by them and assessment of cyber security risk. The framework would mandate implementation of progressively stronger security measures based on the nature, variety and scale of digital product offerings of banks.;858573892697;us-east-1;2026-09-19 09:30:34.148196;annex_i_7_4;Implement appropriate (e.g. centralised) systems and controls to allow, manage, log and monitor privileged/super user/administrative access to critical systems (servers/databases, applications, network devices etc.);;;;aws;;PASS;Log Group /aws/lambda/security-remediation-s3-encryption comply with 365 days retention period since it never expires.;arn:aws:logs:us-east-1:858573892697:log-group:/aws/lambda/security-remediation-s3-encryption:*;cloudwatch_log_group_retention_policy_specific_days_enabled;False;/aws/lambda/security-remediation-s3-encryption;RBI-Cyber-Security-Framework;Reserve Bank of India (RBI) Cyber Security Framework;
aws;The Reserve Bank had prescribed a set of baseline cyber security controls for primary (Urban) cooperative banks (UCBs) in October 2018. On further examination, it has been decided to prescribe a comprehensive cyber security framework for the UCBs, as a graded approach, based on their digital depth and interconnectedness with the payment systems landscape, digital products offered by them and assessment of cyber security risk. The framework would mandate implementation of progressively stronger security measures based on the nature, variety and scale of digital product offerings of banks.;858573892697;us-east-1;2026-09-19 09:30:34.148196;annex_i_7_4;Implement appropriate (e.g. centralised) systems and controls to allow, manage, log and monitor privileged/super user/administrative access to critical systems (servers/databases, applications, network devices etc.);;;;aws;;PASS;Log Group /aws/lambda/security-remediation-rdp comply with 365 days retention period since it never expires.;arn:aws:logs:us-east-1:858573892697:log-group:/aws/lambda/security-remediation-rdp:*;cloudwatch_log_group_retention_policy_specific_days_enabled;False;/aws/lambda/security-remediation-rdp;RBI-Cyber-Security-Framework;Reserve Bank of India (RBI) Cyber Security Framework;
aws;The Reserve Bank had prescribed a set of baseline cyber security controls for primary (Urban) cooperative banks (UCBs) in October 2018. On further examination, it has been decided to prescribe a comprehensive cyber security framework for the UCBs, as a graded approach, based on their digital depth and interconnectedness with the payment systems landscape, digital products offered by them and assessment of cyber security risk. The framework would mandate implementation of progressively stronger security measures based on the nature, variety and scale of digital product offerings of banks.;858573892697;us-east-1;2026-09-19 09:30:34.148196;annex_i_7_4;Implement appropriate (e.g. centralised) systems and controls to allow, manage, log and monitor privileged/super user/administrative access to critical systems (servers/databases, applications, network devices etc.);;;;aws;;PASS;Log Group /aws/lambda/security-remediation-ssh comply with 365 days retention period since it never expires.;arn:aws:logs:us-east-1:858573892697:log-group:/aws/lambda/security-remediation-ssh:*;cloudwatch_log_group_retention_policy_specific_days_enabled;False;/aws/lambda/security-remediation-ssh;RBI-Cyber-Security-Framework;Reserve Bank of India (RBI) Cyber Security Framework;
aws;The Reserve Bank had prescribed a set of baseline cyber security controls for primary (Urban) cooperative banks (UCBs) in October 2018. On further examination, it has been decided to prescribe a comprehensive cyber security framework for the UCBs, as a graded approach, based on their digital depth and interconnectedness with the payment systems landscape, digital products offered by them and assessment of cyber security risk. The framework would mandate implementation of progressively stronger security measures based on the nature, variety and scale of digital product offerings of banks.;858573892697;us-east-1;2026-09-19 09:30:34.148196;annex_i_7_4;Implement appropriate (e.g. centralised) systems and controls to allow, manage, log and monitor privileged/super user/administrative access to critical systems (servers/databases, applications, network devices etc.);;;;aws;;PASS;Log Group /aws/lambda/security-remediation-s3-public comply with 365 days retention period since it never expires.;arn:aws:logs:us-east-1:858573892697:log-group:/aws/lambda/security-remediation-s3-public:*;cloudwatch_log_group_retention_policy_specific_days_enabled;False;/aws/lambda/security-remediation-s3-public;RBI-Cyber-Security-Framework;Reserve Bank of India (RBI) Cyber Security Framework;
aws;The Reserve Bank had prescribed a set of baseline cyber security controls for primary (Urban) cooperative banks (UCBs) in October 2018. On further examination, it has been decided to prescribe a comprehensive cyber security framework for the UCBs, as a graded approach, based on their digital depth and interconnectedness with the payment systems landscape, digital products offered by them and assessment of cyber security risk. The framework would mandate implementation of progressively stronger security measures based on the nature, variety and scale of digital product offerings of banks.;858573892697;us-east-1;2026-09-19 09:30:34.148196;annex_i_7_4;Implement appropriate (e.g. centralised) systems and controls to allow, manage, log and monitor privileged/super user/administrative access to critical systems (servers/databases, applications, network devices etc.);;;;aws;;PASS;Log Group aws-cloudtrail-logs-858573892697-9a7175d0 comply with 365 days retention period since it never expires.;arn:aws:logs:us-east-1:858573892697:log-group:aws-cloudtrail-logs-858573892697-9a7175d0:*;cloudwatch_log_group_retention_policy_specific_days_enabled;False;aws-cloudtrail-logs-858573892697-9a7175d0;RBI-Cyber-Security-Framework;Reserve Bank of India (RBI) Cyber Security Framework;
aws;The Reserve Bank had prescribed a set of baseline cyber security controls for primary (Urban) cooperative banks (UCBs) in October 2018. On further examination, it has been decided to prescribe a comprehensive cyber security framework for the UCBs, as a graded approach, based on their digital depth and interconnectedness with the payment systems landscape, digital products offered by them and assessment of cyber security risk. The framework would mandate implementation of progressively stronger security measures based on the nature, variety and scale of digital product offerings of banks.;858573892697;us-east-1;2026-09-19 09:30:34.148196;annex_i_1_3;Appropriately manage and provide protection within and outside UCB/network, keeping in mind how the data/information is stored, transmitted, processed, accessed and put to use within/outside the UCB’s network, and level of risk they are exposed to depending on the sensitivity of the data/information.;;;;aws;;FAIL;EBS Default Encryption is not activated.;arn:aws:ec2:us-east-1:858573892697:volume;ec2_ebs_default_encryption;False;858573892697;RBI-Cyber-Security-Framework;Reserve Bank of India (RBI) Cyber Security Framework;
aws;The Reserve Bank had prescribed a set of baseline cyber security controls for primary (Urban) cooperative banks (UCBs) in October 2018. On further examination, it has been decided to prescribe a comprehensive cyber security framework for the UCBs, as a graded approach, based on their digital depth and interconnectedness with the payment systems landscape, digital products offered by them and assessment of cyber security risk. The framework would mandate implementation of progressively stronger security measures based on the nature, variety and scale of digital product offerings of banks.;858573892697;us-east-1;2026-09-19 09:30:34.148196;annex_i_1_3;Appropriately manage and provide protection within and outside UCB/network, keeping in mind how the data/information is stored, transmitted, processed, accessed and put to use within/outside the UCB’s network, and level of risk they are exposed to depending on the sensitivity of the data/information.;;;;aws;;FAIL;EBS Snapshot vol-0ec53f13bc8af8c89 is unencrypted.;arn:aws:ec2:us-east-1:858573892697:volume/vol-0ec53f13bc8af8c89;ec2_ebs_volume_encryption;False;vol-0ec53f13bc8af8c89;RBI-Cyber-Security-Framework;Reserve Bank of India (RBI) Cyber Security Framework;
aws;The Reserve Bank had prescribed a set of baseline cyber security controls for primary (Urban) cooperative banks (UCBs) in October 2018. On further examination, it has been decided to prescribe a comprehensive cyber security framework for the UCBs, as a graded approach, based on their digital depth and interconnectedness with the payment systems landscape, digital products offered by them and assessment of cyber security risk. The framework would mandate implementation of progressively stronger security measures based on the nature, variety and scale of digital product offerings of banks.;858573892697;us-east-1;2026-09-19 09:30:34.148196;annex_i_1_1;UCBs should maintain an up-to-date business IT Asset Inventory Register containing the following fields, as a minimum: a) Details of the IT Asset (viz., hardware/software/network devices, key personnel, services, etc.), b. Details of systems where customer data are stored, c. Associated business applications, if any, d. Criticality of the IT asset (For example, High/Medium/Low).;;;;aws;;PASS;EC2 Instance i-06f893ed5cf0f73fc is managed by Systems Manager.;arn:aws:ec2:us-east-1:858573892697:instance/i-06f893ed5cf0f73fc;ec2_instance_managed_by_ssm;False;i-06f893ed5cf0f73fc;RBI-Cyber-Security-Framework;Reserve Bank of India (RBI) Cyber Security Framework;
aws;The Reserve Bank had prescribed a set of baseline cyber security controls for primary (Urban) cooperative banks (UCBs) in October 2018. On further examination, it has been decided to prescribe a comprehensive cyber security framework for the UCBs, as a graded approach, based on their digital depth and interconnectedness with the payment systems landscape, digital products offered by them and assessment of cyber security risk. The framework would mandate implementation of progressively stronger security measures based on the nature, variety and scale of digital product offerings of banks.;858573892697;us-east-1;2026-09-19 09:30:34.148196;annex_i_1_3;Appropriately manage and provide protection within and outside UCB/network, keeping in mind how the data/information is stored, transmitted, processed, accessed and put to use within/outside the UCB’s network, and level of risk they are exposed to depending on the sensitivity of the data/information.;;;;aws;;FAIL;EC2 Instance i-06f893ed5cf0f73fc has a Public IP: 3.235.106.219 (ec2-3-235-106-219.compute-1.amazonaws.com).;arn:aws:ec2:us-east-1:858573892697:instance/i-06f893ed5cf0f73fc;ec2_instance_public_ip;False;i-06f893ed5cf0f73fc;RBI-Cyber-Security-Framework;Reserve Bank of India (RBI) Cyber Security Framework;
aws;The Reserve Bank had prescribed a set of baseline cyber security controls for primary (Urban) cooperative banks (UCBs) in October 2018. On further examination, it has been decided to prescribe a comprehensive cyber security framework for the UCBs, as a graded approach, based on their digital depth and interconnectedness with the payment systems landscape, digital products offered by them and assessment of cyber security risk. The framework would mandate implementation of progressively stronger security measures based on the nature, variety and scale of digital product offerings of banks.;858573892697;us-east-1;2026-09-19 09:30:34.148196;annex_i_1_3;Appropriately manage and provide protection within and outside UCB/network, keeping in mind how the data/information is stored, transmitted, processed, accessed and put to use within/outside the UCB’s network, and level of risk they are exposed to depending on the sensitivity of the data/information.;;;;aws;;FAIL;Network ACL acl-0098e87093e7acb5d has every port open to the Internet.;arn:aws:ec2:us-east-1:858573892697:network-acl/acl-0098e87093e7acb5d;ec2_networkacl_allow_ingress_any_port;False;acl-0098e87093e7acb5d;RBI-Cyber-Security-Framework;Reserve Bank of India (RBI) Cyber Security Framework;
aws;The Reserve Bank had prescribed a set of baseline cyber security controls for primary (Urban) cooperative banks (UCBs) in October 2018. On further examination, it has been decided to prescribe a comprehensive cyber security framework for the UCBs, as a graded approach, based on their digital depth and interconnectedness with the payment systems landscape, digital products offered by them and assessment of cyber security risk. The framework would mandate implementation of progressively stronger security measures based on the nature, variety and scale of digital product offerings of banks.;858573892697;us-east-1;2026-09-19 09:30:34.148196;annex_i_5_1;The firewall configurations should be set to the highest security level and evaluation of critical device (such as firewall, network switches, security devices, etc.) configurations should be done periodically.;;;;aws;;FAIL;Network ACL acl-0098e87093e7acb5d has every port open to the Internet.;arn:aws:ec2:us-east-1:858573892697:network-acl/acl-0098e87093e7acb5d;ec2_networkacl_allow_ingress_any_port;False;acl-0098e87093e7acb5d;RBI-Cyber-Security-Framework;Reserve Bank of India (RBI) Cyber Security Framework;
aws;The Reserve Bank had prescribed a set of baseline cyber security controls for primary (Urban) cooperative banks (UCBs) in October 2018. On further examination, it has been decided to prescribe a comprehensive cyber security framework for the UCBs, as a graded approach, based on their digital depth and interconnectedness with the payment systems landscape, digital products offered by them and assessment of cyber security risk. The framework would mandate implementation of progressively stronger security measures based on the nature, variety and scale of digital product offerings of banks.;858573892697;us-east-1;2026-09-19 09:30:34.148196;annex_i_1_3;Appropriately manage and provide protection within and outside UCB/network, keeping in mind how the data/information is stored, transmitted, processed, accessed and put to use within/outside the UCB’s network, and level of risk they are exposed to depending on the sensitivity of the data/information.;;;;aws;;FAIL;Network ACL acl-0dd8762c751bf1faf has every port open to the Internet.;arn:aws:ec2:us-east-1:858573892697:network-acl/acl-0dd8762c751bf1faf;ec2_networkacl_allow_ingress_any_port;False;acl-0dd8762c751bf1faf;RBI-Cyber-Security-Framework;Reserve Bank of India (RBI) Cyber Security Framework;
aws;The Reserve Bank had prescribed a set of baseline cyber security controls for primary (Urban) cooperative banks (UCBs) in October 2018. On further examination, it has been decided to prescribe a comprehensive cyber security framework for the UCBs, as a graded approach, based on their digital depth and interconnectedness with the payment systems landscape, digital products offered by them and assessment of cyber security risk. The framework would mandate implementation of progressively stronger security measures based on the nature, variety and scale of digital product offerings of banks.;858573892697;us-east-1;2026-09-19 09:30:34.148196;annex_i_5_1;The firewall configurations should be set to the highest security level and evaluation of critical device (such as firewall, network switches, security devices, etc.) configurations should be done periodically.;;;;aws;;FAIL;Network ACL acl-0dd8762c751bf1faf has every port open to the Internet.;arn:aws:ec2:us-east-1:858573892697:network-acl/acl-0dd8762c751bf1faf;ec2_networkacl_allow_ingress_any_port;False;acl-0dd8762c751bf1faf;RBI-Cyber-Security-Framework;Reserve Bank of India (RBI) Cyber Security Framework;
aws;The Reserve Bank had prescribed a set of baseline cyber security controls for primary (Urban) cooperative banks (UCBs) in October 2018. On further examination, it has been decided to prescribe a comprehensive cyber security framework for the UCBs, as a graded approach, based on their digital depth and interconnectedness with the payment systems landscape, digital products offered by them and assessment of cyber security risk. The framework would mandate implementation of progressively stronger security measures based on the nature, variety and scale of digital product offerings of banks.;858573892697;us-east-1;2026-09-19 09:30:34.148196;annex_i_1_3;Appropriately manage and provide protection within and outside UCB/network, keeping in mind how the data/information is stored, transmitted, processed, accessed and put to use within/outside the UCB’s network, and level of risk they are exposed to depending on the sensitivity of the data/information.;;;;aws;;FAIL;Network ACL acl-063278b96400cd005 has every port open to the Internet.;arn:aws:ec2:us-east-1:858573892697:network-acl/acl-063278b96400cd005;ec2_networkacl_allow_ingress_any_port;False;acl-063278b96400cd005;RBI-Cyber-Security-Framework;Reserve Bank of India (RBI) Cyber Security Framework;
aws;The Reserve Bank had prescribed a set of baseline cyber security controls for primary (Urban) cooperative banks (UCBs) in October 2018. On further examination, it has been decided to prescribe a comprehensive cyber security framework for the UCBs, as a graded approach, based on their digital depth and interconnectedness with the payment systems landscape, digital products offered by them and assessment of cyber security risk. The framework would mandate implementation of progressively stronger security measures based on the nature, variety and scale of digital product offerings of banks.;858573892697;us-east-1;2026-09-19 09:30:34.148196;annex_i_5_1;The firewall configurations should be set to the highest security level and evaluation of critical device (such as firewall, network switches, security devices, etc.) configurations should be done periodically.;;;;aws;;FAIL;Network ACL acl-063278b96400cd005 has every port open to the Internet.;arn:aws:ec2:us-east-1:858573892697:network-acl/acl-063278b96400cd005;ec2_networkacl_allow_ingress_any_port;False;acl-063278b96400cd005;RBI-Cyber-Security-Framework;Reserve Bank of India (RBI) Cyber Security Framework;
aws;The Reserve Bank had prescribed a set of baseline cyber security controls for primary (Urban) cooperative banks (UCBs) in October 2018. On further examination, it has been decided to prescribe a comprehensive cyber security framework for the UCBs, as a graded approach, based on their digital depth and interconnectedness with the payment systems landscape, digital products offered by them and assessment of cyber security risk. The framework would mandate implementation of progressively stronger security measures based on the nature, variety and scale of digital product offerings of banks.;858573892697;us-east-1;2026-09-19 09:30:34.148196;annex_i_1_3;Appropriately manage and provide protection within and outside UCB/network, keeping in mind how the data/information is stored, transmitted, processed, accessed and put to use within/outside the UCB’s network, and level of risk they are exposed to depending on the sensitivity of the data/information.;;;;aws;;FAIL;Network ACL acl-5a2cdc27 has every port open to the Internet.;arn:aws:ec2:us-east-1:858573892697:network-acl/acl-5a2cdc27;ec2_networkacl_allow_ingress_any_port;False;acl-5a2cdc27;RBI-Cyber-Security-Framework;Reserve Bank of India (RBI) Cyber Security Framework;
aws;The Reserve Bank had prescribed a set of baseline cyber security controls for primary (Urban) cooperative banks (UCBs) in October 2018. On further examination, it has been decided to prescribe a comprehensive cyber security framework for the UCBs, as a graded approach, based on their digital depth and interconnectedness with the payment systems landscape, digital products offered by them and assessment of cyber security risk. The framework would mandate implementation of progressively stronger security measures based on the nature, variety and scale of digital product offerings of banks.;858573892697;us-east-1;2026-09-19 09:30:34.148196;annex_i_5_1;The firewall configurations should be set to the highest security level and evaluation of critical device (such as firewall, network switches, security devices, etc.) configurations should be done periodically.;;;;aws;;FAIL;Network ACL acl-5a2cdc27 has every port open to the Internet.;arn:aws:ec2:us-east-1:858573892697:network-acl/acl-5a2cdc27;ec2_networkacl_allow_ingress_any_port;False;acl-5a2cdc27;RBI-Cyber-Security-Framework;Reserve Bank of India (RBI) Cyber Security Framework;
aws;The Reserve Bank had prescribed a set of baseline cyber security controls for primary (Urban) cooperative banks (UCBs) in October 2018. On further examination, it has been decided to prescribe a comprehensive cyber security framework for the UCBs, as a graded approach, based on their digital depth and interconnectedness with the payment systems landscape, digital products offered by them and assessment of cyber security risk. The framework would mandate implementation of progressively stronger security measures based on the nature, variety and scale of digital product offerings of banks.;858573892697;us-east-1;2026-09-19 09:30:34.148196;annex_i_5_1;The firewall configurations should be set to the highest security level and evaluation of critical device (such as firewall, network switches, security devices, etc.) configurations should be done periodically.;;;;aws;;PASS;Security group vaultcloud-db-sg (sg-059591e29c62e2064) has all ports open to the Internet and therefore was not checked against the specific SSH port 22.;arn:aws:ec2:us-east-1:858573892697:security-group/sg-059591e29c62e2064;ec2_securitygroup_allow_ingress_from_internet_to_tcp_port_22;False;sg-059591e29c62e2064;RBI-Cyber-Security-Framework;Reserve Bank of India (RBI) Cyber Security Framework;
aws;The Reserve Bank had prescribed a set of baseline cyber security controls for primary (Urban) cooperative banks (UCBs) in October 2018. On further examination, it has been decided to prescribe a comprehensive cyber security framework for the UCBs, as a graded approach, based on their digital depth and interconnectedness with the payment systems landscape, digital products offered by them and assessment of cyber security risk. The framework would mandate implementation of progressively stronger security measures based on the nature, variety and scale of digital product offerings of banks.;858573892697;us-east-1;2026-09-19 09:30:34.148196;annex_i_7_3;Remote Desktop Protocol (RDP) which allows others to access the computer remotely over a network or over the internet should be always disabled and should be enabled only with the approval of the authorised officer of the UCB. Logs for such remote access shall be enabled and monitored for suspicious activities.;;;;vpc;;PASS;Security group vaultcloud-db-sg (sg-059591e29c62e2064) has all ports open to the Internet and therefore was not checked against the specific SSH port 22.;arn:aws:ec2:us-east-1:858573892697:security-group/sg-059591e29c62e2064;ec2_securitygroup_allow_ingress_from_internet_to_tcp_port_22;False;sg-059591e29c62e2064;RBI-Cyber-Security-Framework;Reserve Bank of India (RBI) Cyber Security Framework;
aws;The Reserve Bank had prescribed a set of baseline cyber security controls for primary (Urban) cooperative banks (UCBs) in October 2018. On further examination, it has been decided to prescribe a comprehensive cyber security framework for the UCBs, as a graded approach, based on their digital depth and interconnectedness with the payment systems landscape, digital products offered by them and assessment of cyber security risk. The framework would mandate implementation of progressively stronger security measures based on the nature, variety and scale of digital product offerings of banks.;858573892697;us-east-1;2026-09-19 09:30:34.148196;annex_i_5_1;The firewall configurations should be set to the highest security level and evaluation of critical device (such as firewall, network switches, security devices, etc.) configurations should be done periodically.;;;;aws;;PASS;Security group vaultcloud-app-sg (sg-0ef0bb575caf64a16) has all ports open to the Internet and therefore was not checked against the specific SSH port 22.;arn:aws:ec2:us-east-1:858573892697:security-group/sg-0ef0bb575caf64a16;ec2_securitygroup_allow_ingress_from_internet_to_tcp_port_22;False;sg-0ef0bb575caf64a16;RBI-Cyber-Security-Framework;Reserve Bank of India (RBI) Cyber Security Framework;
aws;The Reserve Bank had prescribed a set of baseline cyber security controls for primary (Urban) cooperative banks (UCBs) in October 2018. On further examination, it has been decided to prescribe a comprehensive cyber security framework for the UCBs, as a graded approach, based on their digital depth and interconnectedness with the payment systems landscape, digital products offered by them and assessment of cyber security risk. The framework would mandate implementation of progressively stronger security measures based on the nature, variety and scale of digital product offerings of banks.;858573892697;us-east-1;2026-09-19 09:30:34.148196;annex_i_7_3;Remote Desktop Protocol (RDP) which allows others to access the computer remotely over a network or over the internet should be always disabled and should be enabled only with the approval of the authorised officer of the UCB. Logs for such remote access shall be enabled and monitored for suspicious activities.;;;;vpc;;PASS;Security group vaultcloud-app-sg (sg-0ef0bb575caf64a16) has all ports open to the Internet and therefore was not checked against the specific SSH port 22.;arn:aws:ec2:us-east-1:858573892697:security-group/sg-0ef0bb575caf64a16;ec2_securitygroup_allow_ingress_from_internet_to_tcp_port_22;False;sg-0ef0bb575caf64a16;RBI-Cyber-Security-Framework;Reserve Bank of India (RBI) Cyber Security Framework;
aws;The Reserve Bank had prescribed a set of baseline cyber security controls for primary (Urban) cooperative banks (UCBs) in October 2018. On further examination, it has been decided to prescribe a comprehensive cyber security framework for the UCBs, as a graded approach, based on their digital depth and interconnectedness with the payment systems landscape, digital products offered by them and assessment of cyber security risk. The framework would mandate implementation of progressively stronger security measures based on the nature, variety and scale of digital product offerings of banks.;858573892697;us-east-1;2026-09-19 09:30:34.148196;annex_i_1_3;Appropriately manage and provide protection within and outside UCB/network, keeping in mind how the data/information is stored, transmitted, processed, accessed and put to use within/outside the UCB’s network, and level of risk they are exposed to depending on the sensitivity of the data/information.;;;;aws;;PASS;Security group vaultcloud-db-sg (sg-059591e29c62e2064) has all ports open to the Internet and therefore was not checked against the specific Microsoft RDP port 3389.;arn:aws:ec2:us-east-1:858573892697:security-group/sg-059591e29c62e2064;ec2_securitygroup_allow_ingress_from_internet_to_tcp_port_3389;False;sg-059591e29c62e2064;RBI-Cyber-Security-Framework;Reserve Bank of India (RBI) Cyber Security Framework;
aws;The Reserve Bank had prescribed a set of baseline cyber security controls for primary (Urban) cooperative banks (UCBs) in October 2018. On further examination, it has been decided to prescribe a comprehensive cyber security framework for the UCBs, as a graded approach, based on their digital depth and interconnectedness with the payment systems landscape, digital products offered by them and assessment of cyber security risk. The framework would mandate implementation of progressively stronger security measures based on the nature, variety and scale of digital product offerings of banks.;858573892697;us-east-1;2026-09-19 09:30:34.148196;annex_i_1_3;Appropriately manage and provide protection within and outside UCB/network, keeping in mind how the data/information is stored, transmitted, processed, accessed and put to use within/outside the UCB’s network, and level of risk they are exposed to depending on the sensitivity of the data/information.;;;;aws;;PASS;Security group vaultcloud-app-sg (sg-0ef0bb575caf64a16) has all ports open to the Internet and therefore was not checked against the specific Microsoft RDP port 3389.;arn:aws:ec2:us-east-1:858573892697:security-group/sg-0ef0bb575caf64a16;ec2_securitygroup_allow_ingress_from_internet_to_tcp_port_3389;False;sg-0ef0bb575caf64a16;RBI-Cyber-Security-Framework;Reserve Bank of India (RBI) Cyber Security Framework;
aws;The Reserve Bank had prescribed a set of baseline cyber security controls for primary (Urban) cooperative banks (UCBs) in October 2018. On further examination, it has been decided to prescribe a comprehensive cyber security framework for the UCBs, as a graded approach, based on their digital depth and interconnectedness with the payment systems landscape, digital products offered by them and assessment of cyber security risk. The framework would mandate implementation of progressively stronger security measures based on the nature, variety and scale of digital product offerings of banks.;858573892697;us-east-1;2026-09-19 09:30:34.148196;annex_i_1_3;Appropriately manage and provide protection within and outside UCB/network, keeping in mind how the data/information is stored, transmitted, processed, accessed and put to use within/outside the UCB’s network, and level of risk they are exposed to depending on the sensitivity of the data/information.;;;;aws;;PASS;Security group vaultcloud-db-sg (sg-059591e29c62e2064) has all ports open to the Internet and therefore was not checked against the specific FTP ports 20 and 21.;arn:aws:ec2:us-east-1:858573892697:security-group/sg-059591e29c62e2064;ec2_securitygroup_allow_ingress_from_internet_to_tcp_port_ftp_20_21;False;sg-059591e29c62e2064;RBI-Cyber-Security-Framework;Reserve Bank of India (RBI) Cyber Security Framework;
aws;The Reserve Bank had prescribed a set of baseline cyber security controls for primary (Urban) cooperative banks (UCBs) in October 2018. On further examination, it has been decided to prescribe a comprehensive cyber security framework for the UCBs, as a graded approach, based on their digital depth and interconnectedness with the payment systems landscape, digital products offered by them and assessment of cyber security risk. The framework would mandate implementation of progressively stronger security measures based on the nature, variety and scale of digital product offerings of banks.;858573892697;us-east-1;2026-09-19 09:30:34.148196;annex_i_1_3;Appropriately manage and provide protection within and outside UCB/network, keeping in mind how the data/information is stored, transmitted, processed, accessed and put to use within/outside the UCB’s network, and level of risk they are exposed to depending on the sensitivity of the data/information.;;;;aws;;PASS;Security group vaultcloud-app-sg (sg-0ef0bb575caf64a16) has all ports open to the Internet and therefore was not checked against the specific FTP ports 20 and 21.;arn:aws:ec2:us-east-1:858573892697:security-group/sg-0ef0bb575caf64a16;ec2_securitygroup_allow_ingress_from_internet_to_tcp_port_ftp_20_21;False;sg-0ef0bb575caf64a16;RBI-Cyber-Security-Framework;Reserve Bank of India (RBI) Cyber Security Framework;
aws;The Reserve Bank had prescribed a set of baseline cyber security controls for primary (Urban) cooperative banks (UCBs) in October 2018. On further examination, it has been decided to prescribe a comprehensive cyber security framework for the UCBs, as a graded approach, based on their digital depth and interconnectedness with the payment systems landscape, digital products offered by them and assessment of cyber security risk. The framework would mandate implementation of progressively stronger security measures based on the nature, variety and scale of digital product offerings of banks.;858573892697;us-east-1;2026-09-19 09:30:34.148196;annex_i_1_3;Appropriately manage and provide protection within and outside UCB/network, keeping in mind how the data/information is stored, transmitted, processed, accessed and put to use within/outside the UCB’s network, and level of risk they are exposed to depending on the sensitivity of the data/information.;;;;aws;;PASS;Security group vaultcloud-db-sg (sg-059591e29c62e2064) has all ports open to the Internet and therefore was not checked against the specific MySQL port 3306.;arn:aws:ec2:us-east-1:858573892697:security-group/sg-059591e29c62e2064;ec2_securitygroup_allow_ingress_from_internet_to_tcp_port_mysql_3306;False;sg-059591e29c62e2064;RBI-Cyber-Security-Framework;Reserve Bank of India (RBI) Cyber Security Framework;
aws;The Reserve Bank had prescribed a set of baseline cyber security controls for primary (Urban) cooperative banks (UCBs) in October 2018. On further examination, it has been decided to prescribe a comprehensive cyber security framework for the UCBs, as a graded approach, based on their digital depth and interconnectedness with the payment systems landscape, digital products offered by them and assessment of cyber security risk. The framework would mandate implementation of progressively stronger security measures based on the nature, variety and scale of digital product offerings of banks.;858573892697;us-east-1;2026-09-19 09:30:34.148196;annex_i_1_3;Appropriately manage and provide protection within and outside UCB/network, keeping in mind how the data/information is stored, transmitted, processed, accessed and put to use within/outside the UCB’s network, and level of risk they are exposed to depending on the sensitivity of the data/information.;;;;aws;;PASS;Security group vaultcloud-app-sg (sg-0ef0bb575caf64a16) has all ports open to the Internet and therefore was not checked against the specific MySQL port 3306.;arn:aws:ec2:us-east-1:858573892697:security-group/sg-0ef0bb575caf64a16;ec2_securitygroup_allow_ingress_from_internet_to_tcp_port_mysql_3306;False;sg-0ef0bb575caf64a16;RBI-Cyber-Security-Framework;Reserve Bank of India (RBI) Cyber Security Framework;
aws;The Reserve Bank had prescribed a set of baseline cyber security controls for primary (Urban) cooperative banks (UCBs) in October 2018. On further examination, it has been decided to prescribe a comprehensive cyber security framework for the UCBs, as a graded approach, based on their digital depth and interconnectedness with the payment systems landscape, digital products offered by them and assessment of cyber security risk. The framework would mandate implementation of progressively stronger security measures based on the nature, variety and scale of digital product offerings of banks.;858573892697;us-east-1;2026-09-19 09:30:34.148196;annex_i_7_1;Disallow administrative rights on end-user workstations/PCs/laptops and provide access rights on a ‘need to know’ and ‘need to do’ basis.;;;;iam;;PASS;AWS policy SystemAdministrator is attached but does not allow '*:*' administrative privileges.;arn:aws:iam::aws:policy/job-function/SystemAdministrator;iam_aws_attached_policy_no_administrative_privileges;False;SystemAdministrator;RBI-Cyber-Security-Framework;Reserve Bank of India (RBI) Cyber Security Framework;
aws;The Reserve Bank had prescribed a set of baseline cyber security controls for primary (Urban) cooperative banks (UCBs) in October 2018. On further examination, it has been decided to prescribe a comprehensive cyber security framework for the UCBs, as a graded approach, based on their digital depth and interconnectedness with the payment systems landscape, digital products offered by them and assessment of cyber security risk. The framework would mandate implementation of progressively stronger security measures based on the nature, variety and scale of digital product offerings of banks.;858573892697;us-east-1;2026-09-19 09:30:34.148196;annex_i_7_1;Disallow administrative rights on end-user workstations/PCs/laptops and provide access rights on a ‘need to know’ and ‘need to do’ basis.;;;;iam;;PASS;AWS policy AmazonAPIGatewayAdministrator is attached but does not allow '*:*' administrative privileges.;arn:aws:iam::aws:policy/AmazonAPIGatewayAdministrator;iam_aws_attached_policy_no_administrative_privileges;False;AmazonAPIGatewayAdministrator;RBI-Cyber-Security-Framework;Reserve Bank of India (RBI) Cyber Security Framework;
aws;The Reserve Bank had prescribed a set of baseline cyber security controls for primary (Urban) cooperative banks (UCBs) in October 2018. On further examination, it has been decided to prescribe a comprehensive cyber security framework for the UCBs, as a graded approach, based on their digital depth and interconnectedness with the payment systems landscape, digital products offered by them and assessment of cyber security risk. The framework would mandate implementation of progressively stronger security measures based on the nature, variety and scale of digital product offerings of banks.;858573892697;us-east-1;2026-09-19 09:30:34.148196;annex_i_7_1;Disallow administrative rights on end-user workstations/PCs/laptops and provide access rights on a ‘need to know’ and ‘need to do’ basis.;;;;iam;;PASS;AWS policy CloudWatchAgentServerPolicy is attached but does not allow '*:*' administrative privileges.;arn:aws:iam::aws:policy/CloudWatchAgentServerPolicy;iam_aws_attached_policy_no_administrative_privileges;False;CloudWatchAgentServerPolicy;RBI-Cyber-Security-Framework;Reserve Bank of India (RBI) Cyber Security Framework;
aws;The Reserve Bank had prescribed a set of baseline cyber security controls for primary (Urban) cooperative banks (UCBs) in October 2018. On further examination, it has been decided to prescribe a comprehensive cyber security framework for the UCBs, as a graded approach, based on their digital depth and interconnectedness with the payment systems landscape, digital products offered by them and assessment of cyber security risk. The framework would mandate implementation of progressively stronger security measures based on the nature, variety and scale of digital product offerings of banks.;858573892697;us-east-1;2026-09-19 09:30:34.148196;annex_i_7_1;Disallow administrative rights on end-user workstations/PCs/laptops and provide access rights on a ‘need to know’ and ‘need to do’ basis.;;;;iam;;PASS;AWS policy AWSCloud9ServiceRolePolicy is attached but does not allow '*:*' administrative privileges.;arn:aws:iam::aws:policy/aws-service-role/AWSCloud9ServiceRolePolicy;iam_aws_attached_policy_no_administrative_privileges;False;AWSCloud9ServiceRolePolicy;RBI-Cyber-Security-Framework;Reserve Bank of India (RBI) Cyber Security Framework;
aws;The Reserve Bank had prescribed a set of baseline cyber security controls for primary (Urban) cooperative banks (UCBs) in October 2018. On further examination, it has been decided to prescribe a comprehensive cyber security framework for the UCBs, as a graded approach, based on their digital depth and interconnectedness with the payment systems landscape, digital products offered by them and assessment of cyber security risk. The framework would mandate implementation of progressively stronger security measures based on the nature, variety and scale of digital product offerings of banks.;858573892697;us-east-1;2026-09-19 09:30:34.148196;annex_i_7_1;Disallow administrative rights on end-user workstations/PCs/laptops and provide access rights on a ‘need to know’ and ‘need to do’ basis.;;;;iam;;PASS;AWS policy AmazonSSMServiceRolePolicy is attached but does not allow '*:*' administrative privileges.;arn:aws:iam::aws:policy/aws-service-role/AmazonSSMServiceRolePolicy;iam_aws_attached_policy_no_administrative_privileges;False;AmazonSSMServiceRolePolicy;RBI-Cyber-Security-Framework;Reserve Bank of India (RBI) Cyber Security Framework;
aws;The Reserve Bank had prescribed a set of baseline cyber security controls for primary (Urban) cooperative banks (UCBs) in October 2018. On further examination, it has been decided to prescribe a comprehensive cyber security framework for the UCBs, as a graded approach, based on their digital depth and interconnectedness with the payment systems landscape, digital products offered by them and assessment of cyber security risk. The framework would mandate implementation of progressively stronger security measures based on the nature, variety and scale of digital product offerings of banks.;858573892697;us-east-1;2026-09-19 09:30:34.148196;annex_i_7_1;Disallow administrative rights on end-user workstations/PCs/laptops and provide access rights on a ‘need to know’ and ‘need to do’ basis.;;;;iam;;PASS;AWS policy AmazonSSMManagedInstanceCore is attached but does not allow '*:*' administrative privileges.;arn:aws:iam::aws:policy/AmazonSSMManagedInstanceCore;iam_aws_attached_policy_no_administrative_privileges;False;AmazonSSMManagedInstanceCore;RBI-Cyber-Security-Framework;Reserve Bank of India (RBI) Cyber Security Framework;
aws;The Reserve Bank had prescribed a set of baseline cyber security controls for primary (Urban) cooperative banks (UCBs) in October 2018. On further examination, it has been decided to prescribe a comprehensive cyber security framework for the UCBs, as a graded approach, based on their digital depth and interconnectedness with the payment systems landscape, digital products offered by them and assessment of cyber security risk. The framework would mandate implementation of progressively stronger security measures based on the nature, variety and scale of digital product offerings of banks.;858573892697;us-east-1;2026-09-19 09:30:34.148196;annex_i_7_1;Disallow administrative rights on end-user workstations/PCs/laptops and provide access rights on a ‘need to know’ and ‘need to do’ basis.;;;;iam;;PASS;AWS policy AmazonRDSServiceRolePolicy is attached but does not allow '*:*' administrative privileges.;arn:aws:iam::aws:policy/aws-service-role/AmazonRDSServiceRolePolicy;iam_aws_attached_policy_no_administrative_privileges;False;AmazonRDSServiceRolePolicy;RBI-Cyber-Security-Framework;Reserve Bank of India (RBI) Cyber Security Framework;
aws;The Reserve Bank had prescribed a set of baseline cyber security controls for primary (Urban) cooperative banks (UCBs) in October 2018. On further examination, it has been decided to prescribe a comprehensive cyber security framework for the UCBs, as a graded approach, based on their digital depth and interconnectedness with the payment systems landscape, digital products offered by them and assessment of cyber security risk. The framework would mandate implementation of progressively stronger security measures based on the nature, variety and scale of digital product offerings of banks.;858573892697;us-east-1;2026-09-19 09:30:34.148196;annex_i_7_1;Disallow administrative rights on end-user workstations/PCs/laptops and provide access rights on a ‘need to know’ and ‘need to do’ basis.;;;;iam;;PASS;AWS policy AWSTrustedAdvisorServiceRolePolicy is attached but does not allow '*:*' administrative privileges.;arn:aws:iam::aws:policy/aws-service-role/AWSTrustedAdvisorServiceRolePolicy;iam_aws_attached_policy_no_administrative_privileges;False;AWSTrustedAdvisorServiceRolePolicy;RBI-Cyber-Security-Framework;Reserve Bank of India (RBI) Cyber Security Framework;
aws;The Reserve Bank had prescribed a set of baseline cyber security controls for primary (Urban) cooperative banks (UCBs) in October 2018. On further examination, it has been decided to prescribe a comprehensive cyber security framework for the UCBs, as a graded approach, based on their digital depth and interconnectedness with the payment systems landscape, digital products offered by them and assessment of cyber security risk. The framework would mandate implementation of progressively stronger security measures based on the nature, variety and scale of digital product offerings of banks.;858573892697;us-east-1;2026-09-19 09:30:34.148196;annex_i_7_1;Disallow administrative rights on end-user workstations/PCs/laptops and provide access rights on a ‘need to know’ and ‘need to do’ basis.;;;;iam;;PASS;AWS policy IAMUserSSHKeys is attached but does not allow '*:*' administrative privileges.;arn:aws:iam::aws:policy/IAMUserSSHKeys;iam_aws_attached_policy_no_administrative_privileges;False;IAMUserSSHKeys;RBI-Cyber-Security-Framework;Reserve Bank of India (RBI) Cyber Security Framework;
aws;The Reserve Bank had prescribed a set of baseline cyber security controls for primary (Urban) cooperative banks (UCBs) in October 2018. On further examination, it has been decided to prescribe a comprehensive cyber security framework for the UCBs, as a graded approach, based on their digital depth and interconnectedness with the payment systems landscape, digital products offered by them and assessment of cyber security risk. The framework would mandate implementation of progressively stronger security measures based on the nature, variety and scale of digital product offerings of banks.;858573892697;us-east-1;2026-09-19 09:30:34.148196;annex_i_7_1;Disallow administrative rights on end-user workstations/PCs/laptops and provide access rights on a ‘need to know’ and ‘need to do’ basis.;;;;iam;;FAIL;AWS policy AdministratorAccess is attached and allows '*:*' administrative privileges.;arn:aws:iam::aws:policy/AdministratorAccess;iam_aws_attached_policy_no_administrative_privileges;False;AdministratorAccess;RBI-Cyber-Security-Framework;Reserve Bank of India (RBI) Cyber Security Framework;
aws;The Reserve Bank had prescribed a set of baseline cyber security controls for primary (Urban) cooperative banks (UCBs) in October 2018. On further examination, it has been decided to prescribe a comprehensive cyber security framework for the UCBs, as a graded approach, based on their digital depth and interconnectedness with the payment systems landscape, digital products offered by them and assessment of cyber security risk. The framework would mandate implementation of progressively stronger security measures based on the nature, variety and scale of digital product offerings of banks.;858573892697;us-east-1;2026-09-19 09:30:34.148196;annex_i_7_1;Disallow administrative rights on end-user workstations/PCs/laptops and provide access rights on a ‘need to know’ and ‘need to do’ basis.;;;;iam;;PASS;AWS policy AWSSupportServiceRolePolicy is attached but does not allow '*:*' administrative privileges.;arn:aws:iam::aws:policy/aws-service-role/AWSSupportServiceRolePolicy;iam_aws_attached_policy_no_administrative_privileges;False;AWSSupportServiceRolePolicy;RBI-Cyber-Security-Framework;Reserve Bank of India (RBI) Cyber Security Framework;
aws;The Reserve Bank had prescribed a set of baseline cyber security controls for primary (Urban) cooperative banks (UCBs) in October 2018. On further examination, it has been decided to prescribe a comprehensive cyber security framework for the UCBs, as a graded approach, based on their digital depth and interconnectedness with the payment systems landscape, digital products offered by them and assessment of cyber security risk. The framework would mandate implementation of progressively stronger security measures based on the nature, variety and scale of digital product offerings of banks.;858573892697;us-east-1;2026-09-19 09:30:34.148196;annex_i_7_1;Disallow administrative rights on end-user workstations/PCs/laptops and provide access rights on a ‘need to know’ and ‘need to do’ basis.;;;;iam;;PASS;AWS policy DatabaseAdministrator is attached but does not allow '*:*' administrative privileges.;arn:aws:iam::aws:policy/job-function/DatabaseAdministrator;iam_aws_attached_policy_no_administrative_privileges;False;DatabaseAdministrator;RBI-Cyber-Security-Framework;Reserve Bank of India (RBI) Cyber Security Framework;
aws;The Reserve Bank had prescribed a set of baseline cyber security controls for primary (Urban) cooperative banks (UCBs) in October 2018. On further examination, it has been decided to prescribe a comprehensive cyber security framework for the UCBs, as a graded approach, based on their digital depth and interconnectedness with the payment systems landscape, digital products offered by them and assessment of cyber security risk. The framework would mandate implementation of progressively stronger security measures based on the nature, variety and scale of digital product offerings of banks.;858573892697;us-east-1;2026-09-19 09:30:34.148196;annex_i_7_1;Disallow administrative rights on end-user workstations/PCs/laptops and provide access rights on a ‘need to know’ and ‘need to do’ basis.;;;;iam;;PASS;AWS policy AWSConfigServiceRolePolicy is attached but does not allow '*:*' administrative privileges.;arn:aws:iam::aws:policy/aws-service-role/AWSConfigServiceRolePolicy;iam_aws_attached_policy_no_administrative_privileges;False;AWSConfigServiceRolePolicy;RBI-Cyber-Security-Framework;Reserve Bank of India (RBI) Cyber Security Framework;
aws;The Reserve Bank had prescribed a set of baseline cyber security controls for primary (Urban) cooperative banks (UCBs) in October 2018. On further examination, it has been decided to prescribe a comprehensive cyber security framework for the UCBs, as a graded approach, based on their digital depth and interconnectedness with the payment systems landscape, digital products offered by them and assessment of cyber security risk. The framework would mandate implementation of progressively stronger security measures based on the nature, variety and scale of digital product offerings of banks.;858573892697;us-east-1;2026-09-19 09:30:34.148196;annex_i_7_1;Disallow administrative rights on end-user workstations/PCs/laptops and provide access rights on a ‘need to know’ and ‘need to do’ basis.;;;;iam;;PASS;AWS policy IAMUserChangePassword is attached but does not allow '*:*' administrative privileges.;arn:aws:iam::aws:policy/IAMUserChangePassword;iam_aws_attached_policy_no_administrative_privileges;False;IAMUserChangePassword;RBI-Cyber-Security-Framework;Reserve Bank of India (RBI) Cyber Security Framework;
aws;The Reserve Bank had prescribed a set of baseline cyber security controls for primary (Urban) cooperative banks (UCBs) in October 2018. On further examination, it has been decided to prescribe a comprehensive cyber security framework for the UCBs, as a graded approach, based on their digital depth and interconnectedness with the payment systems landscape, digital products offered by them and assessment of cyber security risk. The framework would mandate implementation of progressively stronger security measures based on the nature, variety and scale of digital product offerings of banks.;858573892697;us-east-1;2026-09-19 09:30:34.148196;annex_i_7_1;Disallow administrative rights on end-user workstations/PCs/laptops and provide access rights on a ‘need to know’ and ‘need to do’ basis.;;;;iam;;PASS;AWS policy NetworkAdministrator is attached but does not allow '*:*' administrative privileges.;arn:aws:iam::aws:policy/job-function/NetworkAdministrator;iam_aws_attached_policy_no_administrative_privileges;False;NetworkAdministrator;RBI-Cyber-Security-Framework;Reserve Bank of India (RBI) Cyber Security Framework;
aws;The Reserve Bank had prescribed a set of baseline cyber security controls for primary (Urban) cooperative banks (UCBs) in October 2018. On further examination, it has been decided to prescribe a comprehensive cyber security framework for the UCBs, as a graded approach, based on their digital depth and interconnectedness with the payment systems landscape, digital products offered by them and assessment of cyber security risk. The framework would mandate implementation of progressively stronger security measures based on the nature, variety and scale of digital product offerings of banks.;858573892697;us-east-1;2026-09-19 09:30:34.148196;annex_i_7_1;Disallow administrative rights on end-user workstations/PCs/laptops and provide access rights on a ‘need to know’ and ‘need to do’ basis.;;;;iam;;PASS;AWS policy AmazonS3FullAccess is attached but does not allow '*:*' administrative privileges.;arn:aws:iam::aws:policy/AmazonS3FullAccess;iam_aws_attached_policy_no_administrative_privileges;False;AmazonS3FullAccess;RBI-Cyber-Security-Framework;Reserve Bank of India (RBI) Cyber Security Framework;
aws;The Reserve Bank had prescribed a set of baseline cyber security controls for primary (Urban) cooperative banks (UCBs) in October 2018. On further examination, it has been decided to prescribe a comprehensive cyber security framework for the UCBs, as a graded approach, based on their digital depth and interconnectedness with the payment systems landscape, digital products offered by them and assessment of cyber security risk. The framework would mandate implementation of progressively stronger security measures based on the nature, variety and scale of digital product offerings of banks.;858573892697;us-east-1;2026-09-19 09:30:34.148196;annex_i_7_1;Disallow administrative rights on end-user workstations/PCs/laptops and provide access rights on a ‘need to know’ and ‘need to do’ basis.;;;;iam;;PASS;AWS policy EC2InstanceConnect is attached but does not allow '*:*' administrative privileges.;arn:aws:iam::aws:policy/EC2InstanceConnect;iam_aws_attached_policy_no_administrative_privileges;False;EC2InstanceConnect;RBI-Cyber-Security-Framework;Reserve Bank of India (RBI) Cyber Security Framework;
aws;The Reserve Bank had prescribed a set of baseline cyber security controls for primary (Urban) cooperative banks (UCBs) in October 2018. On further examination, it has been decided to prescribe a comprehensive cyber security framework for the UCBs, as a graded approach, based on their digital depth and interconnectedness with the payment systems landscape, digital products offered by them and assessment of cyber security risk. The framework would mandate implementation of progressively stronger security measures based on the nature, variety and scale of digital product offerings of banks.;858573892697;us-east-1;2026-09-19 09:30:34.148196;annex_i_7_1;Disallow administrative rights on end-user workstations/PCs/laptops and provide access rights on a ‘need to know’ and ‘need to do’ basis.;;;;iam;;PASS;AWS policy AdministratorAccess-AWSElasticBeanstalk is attached but does not allow '*:*' administrative privileges.;arn:aws:iam::aws:policy/AdministratorAccess-AWSElasticBeanstalk;iam_aws_attached_policy_no_administrative_privileges;False;AdministratorAccess-AWSElasticBeanstalk;RBI-Cyber-Security-Framework;Reserve Bank of India (RBI) Cyber Security Framework;
aws;The Reserve Bank had prescribed a set of baseline cyber security controls for primary (Urban) cooperative banks (UCBs) in October 2018. On further examination, it has been decided to prescribe a comprehensive cyber security framework for the UCBs, as a graded approach, based on their digital depth and interconnectedness with the payment systems landscape, digital products offered by them and assessment of cyber security risk. The framework would mandate implementation of progressively stronger security measures based on the nature, variety and scale of digital product offerings of banks.;858573892697;us-east-1;2026-09-19 09:30:34.148196;annex_i_7_1;Disallow administrative rights on end-user workstations/PCs/laptops and provide access rights on a ‘need to know’ and ‘need to do’ basis.;;;;iam;;PASS;AWS policy AWSQuickSetupSSMManageResourcesExecutionPolicy is attached but does not allow '*:*' administrative privileges.;arn:aws:iam::aws:policy/AWSQuickSetupSSMManageResourcesExecutionPolicy;iam_aws_attached_policy_no_administrative_privileges;False;AWSQuickSetupSSMManageResourcesExecutionPolicy;RBI-Cyber-Security-Framework;Reserve Bank of India (RBI) Cyber Security Framework;
aws;The Reserve Bank had prescribed a set of baseline cyber security controls for primary (Urban) cooperative banks (UCBs) in October 2018. On further examination, it has been decided to prescribe a comprehensive cyber security framework for the UCBs, as a graded approach, based on their digital depth and interconnectedness with the payment systems landscape, digital products offered by them and assessment of cyber security risk. The framework would mandate implementation of progressively stronger security measures based on the nature, variety and scale of digital product offerings of banks.;858573892697;us-east-1;2026-09-19 09:30:34.148196;annex_i_7_1;Disallow administrative rights on end-user workstations/PCs/laptops and provide access rights on a ‘need to know’ and ‘need to do’ basis.;;;;iam;;PASS;AWS policy AWS-SSM-Automation-DiagnosisBucketPolicy is attached but does not allow '*:*' administrative privileges.;arn:aws:iam::aws:policy/AWS-SSM-Automation-DiagnosisBucketPolicy;iam_aws_attached_policy_no_administrative_privileges;False;AWS-SSM-Automation-DiagnosisBucketPolicy;RBI-Cyber-Security-Framework;Reserve Bank of India (RBI) Cyber Security Framework;
aws;The Reserve Bank had prescribed a set of baseline cyber security controls for primary (Urban) cooperative banks (UCBs) in October 2018. On further examination, it has been decided to prescribe a comprehensive cyber security framework for the UCBs, as a graded approach, based on their digital depth and interconnectedness with the payment systems landscape, digital products offered by them and assessment of cyber security risk. The framework would mandate implementation of progressively stronger security measures based on the nature, variety and scale of digital product offerings of banks.;858573892697;us-east-1;2026-09-19 09:30:34.148196;annex_i_7_1;Disallow administrative rights on end-user workstations/PCs/laptops and provide access rights on a ‘need to know’ and ‘need to do’ basis.;;;;iam;;PASS;AWS policy AWS-SSM-DiagnosisAutomation-AdministrationRolePolicy is attached but does not allow '*:*' administrative privileges.;arn:aws:iam::aws:policy/AWS-SSM-DiagnosisAutomation-AdministrationRolePolicy;iam_aws_attached_policy_no_administrative_privileges;False;AWS-SSM-DiagnosisAutomation-AdministrationRolePolicy;RBI-Cyber-Security-Framework;Reserve Bank of India (RBI) Cyber Security Framework;
aws;The Reserve Bank had prescribed a set of baseline cyber security controls for primary (Urban) cooperative banks (UCBs) in October 2018. On further examination, it has been decided to prescribe a comprehensive cyber security framework for the UCBs, as a graded approach, based on their digital depth and interconnectedness with the payment systems landscape, digital products offered by them and assessment of cyber security risk. The framework would mandate implementation of progressively stronger security measures based on the nature, variety and scale of digital product offerings of banks.;858573892697;us-east-1;2026-09-19 09:30:34.148196;annex_i_7_1;Disallow administrative rights on end-user workstations/PCs/laptops and provide access rights on a ‘need to know’ and ‘need to do’ basis.;;;;iam;;PASS;AWS policy AmazonSSMManagedEC2InstanceDefaultPolicy is attached but does not allow '*:*' administrative privileges.;arn:aws:iam::aws:policy/AmazonSSMManagedEC2InstanceDefaultPolicy;iam_aws_attached_policy_no_administrative_privileges;False;AmazonSSMManagedEC2InstanceDefaultPolicy;RBI-Cyber-Security-Framework;Reserve Bank of India (RBI) Cyber Security Framework;
aws;The Reserve Bank had prescribed a set of baseline cyber security controls for primary (Urban) cooperative banks (UCBs) in October 2018. On further examination, it has been decided to prescribe a comprehensive cyber security framework for the UCBs, as a graded approach, based on their digital depth and interconnectedness with the payment systems landscape, digital products offered by them and assessment of cyber security risk. The framework would mandate implementation of progressively stronger security measures based on the nature, variety and scale of digital product offerings of banks.;858573892697;us-east-1;2026-09-19 09:30:34.148196;annex_i_7_1;Disallow administrative rights on end-user workstations/PCs/laptops and provide access rights on a ‘need to know’ and ‘need to do’ basis.;;;;iam;;PASS;AWS policy AWSQuickSetupEnableDHMCExecutionPolicy is attached but does not allow '*:*' administrative privileges.;arn:aws:iam::aws:policy/AWSQuickSetupEnableDHMCExecutionPolicy;iam_aws_attached_policy_no_administrative_privileges;False;AWSQuickSetupEnableDHMCExecutionPolicy;RBI-Cyber-Security-Framework;Reserve Bank of India (RBI) Cyber Security Framework;
aws;The Reserve Bank had prescribed a set of baseline cyber security controls for primary (Urban) cooperative banks (UCBs) in October 2018. On further examination, it has been decided to prescribe a comprehensive cyber security framework for the UCBs, as a graded approach, based on their digital depth and interconnectedness with the payment systems landscape, digital products offered by them and assessment of cyber security risk. The framework would mandate implementation of progressively stronger security measures based on the nature, variety and scale of digital product offerings of banks.;858573892697;us-east-1;2026-09-19 09:30:34.148196;annex_i_7_1;Disallow administrative rights on end-user workstations/PCs/laptops and provide access rights on a ‘need to know’ and ‘need to do’ basis.;;;;iam;;PASS;AWS policy AWSQuickSetupEnableAREXExecutionPolicy is attached but does not allow '*:*' administrative privileges.;arn:aws:iam::aws:policy/AWSQuickSetupEnableAREXExecutionPolicy;iam_aws_attached_policy_no_administrative_privileges;False;AWSQuickSetupEnableAREXExecutionPolicy;RBI-Cyber-Security-Framework;Reserve Bank of India (RBI) Cyber Security Framework;
aws;The Reserve Bank had prescribed a set of baseline cyber security controls for primary (Urban) cooperative banks (UCBs) in October 2018. On further examination, it has been decided to prescribe a comprehensive cyber security framework for the UCBs, as a graded approach, based on their digital depth and interconnectedness with the payment systems landscape, digital products offered by them and assessment of cyber security risk. The framework would mandate implementation of progressively stronger security measures based on the nature, variety and scale of digital product offerings of banks.;858573892697;us-east-1;2026-09-19 09:30:34.148196;annex_i_7_1;Disallow administrative rights on end-user workstations/PCs/laptops and provide access rights on a ‘need to know’ and ‘need to do’ basis.;;;;iam;;PASS;AWS policy AWSQuickSetupSSMDeploymentS3BucketRolePolicy is attached but does not allow '*:*' administrative privileges.;arn:aws:iam::aws:policy/AWSQuickSetupSSMDeploymentS3BucketRolePolicy;iam_aws_attached_policy_no_administrative_privileges;False;AWSQuickSetupSSMDeploymentS3BucketRolePolicy;RBI-Cyber-Security-Framework;Reserve Bank of India (RBI) Cyber Security Framework;
aws;The Reserve Bank had prescribed a set of baseline cyber security controls for primary (Urban) cooperative banks (UCBs) in October 2018. On further examination, it has been decided to prescribe a comprehensive cyber security framework for the UCBs, as a graded approach, based on their digital depth and interconnectedness with the payment systems landscape, digital products offered by them and assessment of cyber security risk. The framework would mandate implementation of progressively stronger security measures based on the nature, variety and scale of digital product offerings of banks.;858573892697;us-east-1;2026-09-19 09:30:34.148196;annex_i_7_1;Disallow administrative rights on end-user workstations/PCs/laptops and provide access rights on a ‘need to know’ and ‘need to do’ basis.;;;;iam;;PASS;AWS policy AWSResourceExplorerServiceRolePolicy is attached but does not allow '*:*' administrative privileges.;arn:aws:iam::aws:policy/aws-service-role/AWSResourceExplorerServiceRolePolicy;iam_aws_attached_policy_no_administrative_privileges;False;AWSResourceExplorerServiceRolePolicy;RBI-Cyber-Security-Framework;Reserve Bank of India (RBI) Cyber Security Framework;
aws;The Reserve Bank had prescribed a set of baseline cyber security controls for primary (Urban) cooperative banks (UCBs) in October 2018. On further examination, it has been decided to prescribe a comprehensive cyber security framework for the UCBs, as a graded approach, based on their digital depth and interconnectedness with the payment systems landscape, digital products offered by them and assessment of cyber security risk. The framework would mandate implementation of progressively stronger security measures based on the nature, variety and scale of digital product offerings of banks.;858573892697;us-east-1;2026-09-19 09:30:34.148196;annex_i_7_1;Disallow administrative rights on end-user workstations/PCs/laptops and provide access rights on a ‘need to know’ and ‘need to do’ basis.;;;;iam;;PASS;AWS policy AWS-SSM-RemediationAutomation-AdministrationRolePolicy is attached but does not allow '*:*' administrative privileges.;arn:aws:iam::aws:policy/AWS-SSM-RemediationAutomation-AdministrationRolePolicy;iam_aws_attached_policy_no_administrative_privileges;False;AWS-SSM-RemediationAutomation-AdministrationRolePolicy;RBI-Cyber-Security-Framework;Reserve Bank of India (RBI) Cyber Security Framework;
aws;The Reserve Bank had prescribed a set of baseline cyber security controls for primary (Urban) cooperative banks (UCBs) in October 2018. On further examination, it has been decided to prescribe a comprehensive cyber security framework for the UCBs, as a graded approach, based on their digital depth and interconnectedness with the payment systems landscape, digital products offered by them and assessment of cyber security risk. The framework would mandate implementation of progressively stronger security measures based on the nature, variety and scale of digital product offerings of banks.;858573892697;us-east-1;2026-09-19 09:30:34.148196;annex_i_7_1;Disallow administrative rights on end-user workstations/PCs/laptops and provide access rights on a ‘need to know’ and ‘need to do’ basis.;;;;iam;;PASS;AWS policy AWS-SSM-RemediationAutomation-ExecutionRolePolicy is attached but does not allow '*:*' administrative privileges.;arn:aws:iam::aws:policy/AWS-SSM-RemediationAutomation-ExecutionRolePolicy;iam_aws_attached_policy_no_administrative_privileges;False;AWS-SSM-RemediationAutomation-ExecutionRolePolicy;RBI-Cyber-Security-Framework;Reserve Bank of India (RBI) Cyber Security Framework;
aws;The Reserve Bank had prescribed a set of baseline cyber security controls for primary (Urban) cooperative banks (UCBs) in October 2018. On further examination, it has been decided to prescribe a comprehensive cyber security framework for the UCBs, as a graded approach, based on their digital depth and interconnectedness with the payment systems landscape, digital products offered by them and assessment of cyber security risk. The framework would mandate implementation of progressively stronger security measures based on the nature, variety and scale of digital product offerings of banks.;858573892697;us-east-1;2026-09-19 09:30:34.148196;annex_i_7_1;Disallow administrative rights on end-user workstations/PCs/laptops and provide access rights on a ‘need to know’ and ‘need to do’ basis.;;;;iam;;PASS;AWS policy AWS-SSM-DiagnosisAutomation-ExecutionRolePolicy is attached but does not allow '*:*' administrative privileges.;arn:aws:iam::aws:policy/AWS-SSM-DiagnosisAutomation-ExecutionRolePolicy;iam_aws_attached_policy_no_administrative_privileges;False;AWS-SSM-DiagnosisAutomation-ExecutionRolePolicy;RBI-Cyber-Security-Framework;Reserve Bank of India (RBI) Cyber Security Framework;
aws;The Reserve Bank had prescribed a set of baseline cyber security controls for primary (Urban) cooperative banks (UCBs) in October 2018. On further examination, it has been decided to prescribe a comprehensive cyber security framework for the UCBs, as a graded approach, based on their digital depth and interconnectedness with the payment systems landscape, digital products offered by them and assessment of cyber security risk. The framework would mandate implementation of progressively stronger security measures based on the nature, variety and scale of digital product offerings of banks.;858573892697;us-east-1;2026-09-19 09:30:34.148196;annex_i_7_1;Disallow administrative rights on end-user workstations/PCs/laptops and provide access rights on a ‘need to know’ and ‘need to do’ basis.;;;;iam;;PASS;AWS policy AWSSystemsManagerEnableExplorerExecutionPolicy is attached but does not allow '*:*' administrative privileges.;arn:aws:iam::aws:policy/AWSSystemsManagerEnableExplorerExecutionPolicy;iam_aws_attached_policy_no_administrative_privileges;False;AWSSystemsManagerEnableExplorerExecutionPolicy;RBI-Cyber-Security-Framework;Reserve Bank of India (RBI) Cyber Security Framework;
aws;The Reserve Bank had prescribed a set of baseline cyber security controls for primary (Urban) cooperative banks (UCBs) in October 2018. On further examination, it has been decided to prescribe a comprehensive cyber security framework for the UCBs, as a graded approach, based on their digital depth and interconnectedness with the payment systems landscape, digital products offered by them and assessment of cyber security risk. The framework would mandate implementation of progressively stronger security measures based on the nature, variety and scale of digital product offerings of banks.;858573892697;us-east-1;2026-09-19 09:30:34.148196;annex_i_7_1;Disallow administrative rights on end-user workstations/PCs/laptops and provide access rights on a ‘need to know’ and ‘need to do’ basis.;;;;iam;;PASS;AWS policy AWSServiceRoleForAIDevOpsPolicy is attached but does not allow '*:*' administrative privileges.;arn:aws:iam::aws:policy/aws-service-role/AWSServiceRoleForAIDevOpsPolicy;iam_aws_attached_policy_no_administrative_privileges;False;AWSServiceRoleForAIDevOpsPolicy;RBI-Cyber-Security-Framework;Reserve Bank of India (RBI) Cyber Security Framework;
aws;The Reserve Bank had prescribed a set of baseline cyber security controls for primary (Urban) cooperative banks (UCBs) in October 2018. On further examination, it has been decided to prescribe a comprehensive cyber security framework for the UCBs, as a graded approach, based on their digital depth and interconnectedness with the payment systems landscape, digital products offered by them and assessment of cyber security risk. The framework would mandate implementation of progressively stronger security measures based on the nature, variety and scale of digital product offerings of banks.;858573892697;us-east-1;2026-09-19 09:30:34.148196;annex_i_7_1;Disallow administrative rights on end-user workstations/PCs/laptops and provide access rights on a ‘need to know’ and ‘need to do’ basis.;;;;iam;;PASS;AWS policy AdministratorAccess-Amplify is attached but does not allow '*:*' administrative privileges.;arn:aws:iam::aws:policy/AdministratorAccess-Amplify;iam_aws_attached_policy_no_administrative_privileges;False;AdministratorAccess-Amplify;RBI-Cyber-Security-Framework;Reserve Bank of India (RBI) Cyber Security Framework;
aws;The Reserve Bank had prescribed a set of baseline cyber security controls for primary (Urban) cooperative banks (UCBs) in October 2018. On further examination, it has been decided to prescribe a comprehensive cyber security framework for the UCBs, as a graded approach, based on their digital depth and interconnectedness with the payment systems landscape, digital products offered by them and assessment of cyber security risk. The framework would mandate implementation of progressively stronger security measures based on the nature, variety and scale of digital product offerings of banks.;858573892697;us-east-1;2026-09-19 09:30:34.148196;annex_i_7_1;Disallow administrative rights on end-user workstations/PCs/laptops and provide access rights on a ‘need to know’ and ‘need to do’ basis.;;;;iam;;PASS;AWS policy AIDevOpsAgentAccessPolicy is attached but does not allow '*:*' administrative privileges.;arn:aws:iam::aws:policy/AIDevOpsAgentAccessPolicy;iam_aws_attached_policy_no_administrative_privileges;False;AIDevOpsAgentAccessPolicy;RBI-Cyber-Security-Framework;Reserve Bank of India (RBI) Cyber Security Framework;
aws;The Reserve Bank had prescribed a set of baseline cyber security controls for primary (Urban) cooperative banks (UCBs) in October 2018. On further examination, it has been decided to prescribe a comprehensive cyber security framework for the UCBs, as a graded approach, based on their digital depth and interconnectedness with the payment systems landscape, digital products offered by them and assessment of cyber security risk. The framework would mandate implementation of progressively stronger security measures based on the nature, variety and scale of digital product offerings of banks.;858573892697;us-east-1;2026-09-19 09:30:34.148196;annex_i_7_1;Disallow administrative rights on end-user workstations/PCs/laptops and provide access rights on a ‘need to know’ and ‘need to do’ basis.;;;;iam;;PASS;AWS policy CostOptimizationHubServiceRolePolicy is attached but does not allow '*:*' administrative privileges.;arn:aws:iam::aws:policy/aws-service-role/CostOptimizationHubServiceRolePolicy;iam_aws_attached_policy_no_administrative_privileges;False;CostOptimizationHubServiceRolePolicy;RBI-Cyber-Security-Framework;Reserve Bank of India (RBI) Cyber Security Framework;
aws;The Reserve Bank had prescribed a set of baseline cyber security controls for primary (Urban) cooperative banks (UCBs) in October 2018. On further examination, it has been decided to prescribe a comprehensive cyber security framework for the UCBs, as a graded approach, based on their digital depth and interconnectedness with the payment systems landscape, digital products offered by them and assessment of cyber security risk. The framework would mandate implementation of progressively stronger security measures based on the nature, variety and scale of digital product offerings of banks.;858573892697;us-east-1;2026-09-19 09:30:34.148196;annex_i_7_1;Disallow administrative rights on end-user workstations/PCs/laptops and provide access rights on a ‘need to know’ and ‘need to do’ basis.;;;;iam;;PASS;AWS policy SSMQuickSetupRolePolicy is attached but does not allow '*:*' administrative privileges.;arn:aws:iam::aws:policy/aws-service-role/SSMQuickSetupRolePolicy;iam_aws_attached_policy_no_administrative_privileges;False;SSMQuickSetupRolePolicy;RBI-Cyber-Security-Framework;Reserve Bank of India (RBI) Cyber Security Framework;
aws;The Reserve Bank had prescribed a set of baseline cyber security controls for primary (Urban) cooperative banks (UCBs) in October 2018. On further examination, it has been decided to prescribe a comprehensive cyber security framework for the UCBs, as a graded approach, based on their digital depth and interconnectedness with the payment systems landscape, digital products offered by them and assessment of cyber security risk. The framework would mandate implementation of progressively stronger security measures based on the nature, variety and scale of digital product offerings of banks.;858573892697;us-east-1;2026-09-19 09:30:34.148196;annex_i_7_1;Disallow administrative rights on end-user workstations/PCs/laptops and provide access rights on a ‘need to know’ and ‘need to do’ basis.;;;;iam;;PASS;AWS policy AWSQuickSetupSSMDeploymentRolePolicy is attached but does not allow '*:*' administrative privileges.;arn:aws:iam::aws:policy/AWSQuickSetupSSMDeploymentRolePolicy;iam_aws_attached_policy_no_administrative_privileges;False;AWSQuickSetupSSMDeploymentRolePolicy;RBI-Cyber-Security-Framework;Reserve Bank of India (RBI) Cyber Security Framework;
aws;The Reserve Bank had prescribed a set of baseline cyber security controls for primary (Urban) cooperative banks (UCBs) in October 2018. On further examination, it has been decided to prescribe a comprehensive cyber security framework for the UCBs, as a graded approach, based on their digital depth and interconnectedness with the payment systems landscape, digital products offered by them and assessment of cyber security risk. The framework would mandate implementation of progressively stronger security measures based on the nature, variety and scale of digital product offerings of banks.;858573892697;us-east-1;2026-09-19 09:30:34.148196;annex_i_7_1;Disallow administrative rights on end-user workstations/PCs/laptops and provide access rights on a ‘need to know’ and ‘need to do’ basis.;;;;iam;;PASS;AWS policy AccessAnalyzerServiceRolePolicy is attached but does not allow '*:*' administrative privileges.;arn:aws:iam::aws:policy/aws-service-role/AccessAnalyzerServiceRolePolicy;iam_aws_attached_policy_no_administrative_privileges;False;AccessAnalyzerServiceRolePolicy;RBI-Cyber-Security-Framework;Reserve Bank of India (RBI) Cyber Security Framework;
aws;The Reserve Bank had prescribed a set of baseline cyber security controls for primary (Urban) cooperative banks (UCBs) in October 2018. On further examination, it has been decided to prescribe a comprehensive cyber security framework for the UCBs, as a graded approach, based on their digital depth and interconnectedness with the payment systems landscape, digital products offered by them and assessment of cyber security risk. The framework would mandate implementation of progressively stronger security measures based on the nature, variety and scale of digital product offerings of banks.;858573892697;us-east-1;2026-09-19 09:30:34.148196;annex_i_7_1;Disallow administrative rights on end-user workstations/PCs/laptops and provide access rights on a ‘need to know’ and ‘need to do’ basis.;;;;iam;;PASS;AWS policy AWSAuditManagerAdministratorAccess is attached but does not allow '*:*' administrative privileges.;arn:aws:iam::aws:policy/AWSAuditManagerAdministratorAccess;iam_aws_attached_policy_no_administrative_privileges;False;AWSAuditManagerAdministratorAccess;RBI-Cyber-Security-Framework;Reserve Bank of India (RBI) Cyber Security Framework;
aws;The Reserve Bank had prescribed a set of baseline cyber security controls for primary (Urban) cooperative banks (UCBs) in October 2018. On further examination, it has been decided to prescribe a comprehensive cyber security framework for the UCBs, as a graded approach, based on their digital depth and interconnectedness with the payment systems landscape, digital products offered by them and assessment of cyber security risk. The framework would mandate implementation of progressively stronger security measures based on the nature, variety and scale of digital product offerings of banks.;858573892697;us-east-1;2026-09-19 09:30:34.148196;annex_i_7_1;Disallow administrative rights on end-user workstations/PCs/laptops and provide access rights on a ‘need to know’ and ‘need to do’ basis.;;;;iam;;PASS;Custom policy Amazon_EventBridge_Invoke_Lambda_1306283406 is attached but does not allow '*:*' administrative privileges.;arn:aws:iam::858573892697:policy/service-role/Amazon_EventBridge_Invoke_Lambda_1306283406;iam_customer_attached_policy_no_administrative_privileges;False;Amazon_EventBridge_Invoke_Lambda_1306283406;RBI-Cyber-Security-Framework;Reserve Bank of India (RBI) Cyber Security Framework;
aws;The Reserve Bank had prescribed a set of baseline cyber security controls for primary (Urban) cooperative banks (UCBs) in October 2018. On further examination, it has been decided to prescribe a comprehensive cyber security framework for the UCBs, as a graded approach, based on their digital depth and interconnectedness with the payment systems landscape, digital products offered by them and assessment of cyber security risk. The framework would mandate implementation of progressively stronger security measures based on the nature, variety and scale of digital product offerings of banks.;858573892697;us-east-1;2026-09-19 09:30:34.148196;annex_i_7_1;Disallow administrative rights on end-user workstations/PCs/laptops and provide access rights on a ‘need to know’ and ‘need to do’ basis.;;;;iam;;PASS;Custom policy AWSLambdaBasicExecutionRole-ee2eebaa-4751-45f4-9bbc-d53f9f672931 is attached but does not allow '*:*' administrative privileges.;arn:aws:iam::858573892697:policy/service-role/AWSLambdaBasicExecutionRole-ee2eebaa-4751-45f4-9bbc-d53f9f672931;iam_customer_attached_policy_no_administrative_privileges;False;AWSLambdaBasicExecutionRole-ee2eebaa-4751-45f4-9bbc-d53f9f672931;RBI-Cyber-Security-Framework;Reserve Bank of India (RBI) Cyber Security Framework;
aws;The Reserve Bank had prescribed a set of baseline cyber security controls for primary (Urban) cooperative banks (UCBs) in October 2018. On further examination, it has been decided to prescribe a comprehensive cyber security framework for the UCBs, as a graded approach, based on their digital depth and interconnectedness with the payment systems landscape, digital products offered by them and assessment of cyber security risk. The framework would mandate implementation of progressively stronger security measures based on the nature, variety and scale of digital product offerings of banks.;858573892697;us-east-1;2026-09-19 09:30:34.148196;annex_i_7_1;Disallow administrative rights on end-user workstations/PCs/laptops and provide access rights on a ‘need to know’ and ‘need to do’ basis.;;;;iam;;PASS;Custom policy AWSLambdaBasicExecutionRole-7d74575a-cae7-422c-8d71-058f2d4beb2c is attached but does not allow '*:*' administrative privileges.;arn:aws:iam::858573892697:policy/service-role/AWSLambdaBasicExecutionRole-7d74575a-cae7-422c-8d71-058f2d4beb2c;iam_customer_attached_policy_no_administrative_privileges;False;AWSLambdaBasicExecutionRole-7d74575a-cae7-422c-8d71-058f2d4beb2c;RBI-Cyber-Security-Framework;Reserve Bank of India (RBI) Cyber Security Framework;
aws;The Reserve Bank had prescribed a set of baseline cyber security controls for primary (Urban) cooperative banks (UCBs) in October 2018. On further examination, it has been decided to prescribe a comprehensive cyber security framework for the UCBs, as a graded approach, based on their digital depth and interconnectedness with the payment systems landscape, digital products offered by them and assessment of cyber security risk. The framework would mandate implementation of progressively stronger security measures based on the nature, variety and scale of digital product offerings of banks.;858573892697;us-east-1;2026-09-19 09:30:34.148196;annex_i_7_1;Disallow administrative rights on end-user workstations/PCs/laptops and provide access rights on a ‘need to know’ and ‘need to do’ basis.;;;;iam;;PASS;Custom policy vaultcloud-app-permissions is attached but does not allow '*:*' administrative privileges.;arn:aws:iam::858573892697:policy/vaultcloud-app-permissions;iam_customer_attached_policy_no_administrative_privileges;False;vaultcloud-app-permissions;RBI-Cyber-Security-Framework;Reserve Bank of India (RBI) Cyber Security Framework;
aws;The Reserve Bank had prescribed a set of baseline cyber security controls for primary (Urban) cooperative banks (UCBs) in October 2018. On further examination, it has been decided to prescribe a comprehensive cyber security framework for the UCBs, as a graded approach, based on their digital depth and interconnectedness with the payment systems landscape, digital products offered by them and assessment of cyber security risk. The framework would mandate implementation of progressively stronger security measures based on the nature, variety and scale of digital product offerings of banks.;858573892697;us-east-1;2026-09-19 09:30:34.148196;annex_i_7_1;Disallow administrative rights on end-user workstations/PCs/laptops and provide access rights on a ‘need to know’ and ‘need to do’ basis.;;;;iam;;PASS;Custom policy Amazon_EventBridge_Invoke_Lambda_898108175 is attached but does not allow '*:*' administrative privileges.;arn:aws:iam::858573892697:policy/service-role/Amazon_EventBridge_Invoke_Lambda_898108175;iam_customer_attached_policy_no_administrative_privileges;False;Amazon_EventBridge_Invoke_Lambda_898108175;RBI-Cyber-Security-Framework;Reserve Bank of India (RBI) Cyber Security Framework;
aws;The Reserve Bank had prescribed a set of baseline cyber security controls for primary (Urban) cooperative banks (UCBs) in October 2018. On further examination, it has been decided to prescribe a comprehensive cyber security framework for the UCBs, as a graded approach, based on their digital depth and interconnectedness with the payment systems landscape, digital products offered by them and assessment of cyber security risk. The framework would mandate implementation of progressively stronger security measures based on the nature, variety and scale of digital product offerings of banks.;858573892697;us-east-1;2026-09-19 09:30:34.148196;annex_i_7_1;Disallow administrative rights on end-user workstations/PCs/laptops and provide access rights on a ‘need to know’ and ‘need to do’ basis.;;;;iam;;PASS;Custom policy AWSLambdaBasicExecutionRole-6fb6d332-adaa-4573-995c-3e7219d176fa is attached but does not allow '*:*' administrative privileges.;arn:aws:iam::858573892697:policy/service-role/AWSLambdaBasicExecutionRole-6fb6d332-adaa-4573-995c-3e7219d176fa;iam_customer_attached_policy_no_administrative_privileges;False;AWSLambdaBasicExecutionRole-6fb6d332-adaa-4573-995c-3e7219d176fa;RBI-Cyber-Security-Framework;Reserve Bank of India (RBI) Cyber Security Framework;
aws;The Reserve Bank had prescribed a set of baseline cyber security controls for primary (Urban) cooperative banks (UCBs) in October 2018. On further examination, it has been decided to prescribe a comprehensive cyber security framework for the UCBs, as a graded approach, based on their digital depth and interconnectedness with the payment systems landscape, digital products offered by them and assessment of cyber security risk. The framework would mandate implementation of progressively stronger security measures based on the nature, variety and scale of digital product offerings of banks.;858573892697;us-east-1;2026-09-19 09:30:34.148196;annex_i_7_1;Disallow administrative rights on end-user workstations/PCs/laptops and provide access rights on a ‘need to know’ and ‘need to do’ basis.;;;;iam;;PASS;Custom policy AWSLambdaBasicExecutionRole-20cb299b-56e3-4e01-8dfa-5272cf36e044 is attached but does not allow '*:*' administrative privileges.;arn:aws:iam::858573892697:policy/service-role/AWSLambdaBasicExecutionRole-20cb299b-56e3-4e01-8dfa-5272cf36e044;iam_customer_attached_policy_no_administrative_privileges;False;AWSLambdaBasicExecutionRole-20cb299b-56e3-4e01-8dfa-5272cf36e044;RBI-Cyber-Security-Framework;Reserve Bank of India (RBI) Cyber Security Framework;
aws;The Reserve Bank had prescribed a set of baseline cyber security controls for primary (Urban) cooperative banks (UCBs) in October 2018. On further examination, it has been decided to prescribe a comprehensive cyber security framework for the UCBs, as a graded approach, based on their digital depth and interconnectedness with the payment systems landscape, digital products offered by them and assessment of cyber security risk. The framework would mandate implementation of progressively stronger security measures based on the nature, variety and scale of digital product offerings of banks.;858573892697;us-east-1;2026-09-19 09:30:34.148196;annex_i_7_1;Disallow administrative rights on end-user workstations/PCs/laptops and provide access rights on a ‘need to know’ and ‘need to do’ basis.;;;;iam;;PASS;Custom policy AWSLambdaBasicExecutionRole-59081244-3520-408e-ae00-4303bff1f475 is attached but does not allow '*:*' administrative privileges.;arn:aws:iam::858573892697:policy/service-role/AWSLambdaBasicExecutionRole-59081244-3520-408e-ae00-4303bff1f475;iam_customer_attached_policy_no_administrative_privileges;False;AWSLambdaBasicExecutionRole-59081244-3520-408e-ae00-4303bff1f475;RBI-Cyber-Security-Framework;Reserve Bank of India (RBI) Cyber Security Framework;
aws;The Reserve Bank had prescribed a set of baseline cyber security controls for primary (Urban) cooperative banks (UCBs) in October 2018. On further examination, it has been decided to prescribe a comprehensive cyber security framework for the UCBs, as a graded approach, based on their digital depth and interconnectedness with the payment systems landscape, digital products offered by them and assessment of cyber security risk. The framework would mandate implementation of progressively stronger security measures based on the nature, variety and scale of digital product offerings of banks.;858573892697;us-east-1;2026-09-19 09:30:34.148196;annex_i_7_1;Disallow administrative rights on end-user workstations/PCs/laptops and provide access rights on a ‘need to know’ and ‘need to do’ basis.;;;;iam;;PASS;Custom policy Amazon_EventBridge_Invoke_Lambda_1966832455 is attached but does not allow '*:*' administrative privileges.;arn:aws:iam::858573892697:policy/service-role/Amazon_EventBridge_Invoke_Lambda_1966832455;iam_customer_attached_policy_no_administrative_privileges;False;Amazon_EventBridge_Invoke_Lambda_1966832455;RBI-Cyber-Security-Framework;Reserve Bank of India (RBI) Cyber Security Framework;
aws;The Reserve Bank had prescribed a set of baseline cyber security controls for primary (Urban) cooperative banks (UCBs) in October 2018. On further examination, it has been decided to prescribe a comprehensive cyber security framework for the UCBs, as a graded approach, based on their digital depth and interconnectedness with the payment systems landscape, digital products offered by them and assessment of cyber security risk. The framework would mandate implementation of progressively stronger security measures based on the nature, variety and scale of digital product offerings of banks.;858573892697;us-east-1;2026-09-19 09:30:34.148196;annex_i_7_1;Disallow administrative rights on end-user workstations/PCs/laptops and provide access rights on a ‘need to know’ and ‘need to do’ basis.;;;;iam;;PASS;Custom policy Amazon_EventBridge_Invoke_Lambda_864756260 is attached but does not allow '*:*' administrative privileges.;arn:aws:iam::858573892697:policy/service-role/Amazon_EventBridge_Invoke_Lambda_864756260;iam_customer_attached_policy_no_administrative_privileges;False;Amazon_EventBridge_Invoke_Lambda_864756260;RBI-Cyber-Security-Framework;Reserve Bank of India (RBI) Cyber Security Framework;
aws;The Reserve Bank had prescribed a set of baseline cyber security controls for primary (Urban) cooperative banks (UCBs) in October 2018. On further examination, it has been decided to prescribe a comprehensive cyber security framework for the UCBs, as a graded approach, based on their digital depth and interconnectedness with the payment systems landscape, digital products offered by them and assessment of cyber security risk. The framework would mandate implementation of progressively stronger security measures based on the nature, variety and scale of digital product offerings of banks.;858573892697;us-east-1;2026-09-19 09:30:34.148196;annex_i_7_1;Disallow administrative rights on end-user workstations/PCs/laptops and provide access rights on a ‘need to know’ and ‘need to do’ basis.;;;;iam;;PASS;Custom policy Cloudtrail-CW-access-policy-vaultcloud-trail-1ba6a52c-f889-4356-9afa-d3d1989f71bd is attached but does not allow '*:*' administrative privileges.;arn:aws:iam::858573892697:policy/service-role/Cloudtrail-CW-access-policy-vaultcloud-trail-1ba6a52c-f889-4356-9afa-d3d1989f71bd;iam_customer_attached_policy_no_administrative_privileges;False;Cloudtrail-CW-access-policy-vaultcloud-trail-1ba6a52c-f889-4356-9afa-d3d1989f71bd;RBI-Cyber-Security-Framework;Reserve Bank of India (RBI) Cyber Security Framework;
aws;The Reserve Bank had prescribed a set of baseline cyber security controls for primary (Urban) cooperative banks (UCBs) in October 2018. On further examination, it has been decided to prescribe a comprehensive cyber security framework for the UCBs, as a graded approach, based on their digital depth and interconnectedness with the payment systems landscape, digital products offered by them and assessment of cyber security risk. The framework would mandate implementation of progressively stronger security measures based on the nature, variety and scale of digital product offerings of banks.;858573892697;us-east-1;2026-09-19 09:30:34.148196;annex_i_7_1;Disallow administrative rights on end-user workstations/PCs/laptops and provide access rights on a ‘need to know’ and ‘need to do’ basis.;;;;iam;;PASS;Custom policy Amazon_EventBridge_Invoke_Lambda_1070163897 is attached but does not allow '*:*' administrative privileges.;arn:aws:iam::858573892697:policy/service-role/Amazon_EventBridge_Invoke_Lambda_1070163897;iam_customer_attached_policy_no_administrative_privileges;False;Amazon_EventBridge_Invoke_Lambda_1070163897;RBI-Cyber-Security-Framework;Reserve Bank of India (RBI) Cyber Security Framework;
aws;The Reserve Bank had prescribed a set of baseline cyber security controls for primary (Urban) cooperative banks (UCBs) in October 2018. On further examination, it has been decided to prescribe a comprehensive cyber security framework for the UCBs, as a graded approach, based on their digital depth and interconnectedness with the payment systems landscape, digital products offered by them and assessment of cyber security risk. The framework would mandate implementation of progressively stronger security measures based on the nature, variety and scale of digital product offerings of banks.;858573892697;us-east-1;2026-09-19 09:30:34.148196;annex_i_7_1;Disallow administrative rights on end-user workstations/PCs/laptops and provide access rights on a ‘need to know’ and ‘need to do’ basis.;;;;iam;;PASS;Inline policy AssumeExecutionRolePermissions attached to role AWS-QuickSetup-SSM-LocalAdministrationRole does not allow '*:*' administrative privileges.;arn:aws:iam::858573892697:role/AWS-QuickSetup-SSM-LocalAdministrationRole;iam_inline_policy_no_administrative_privileges;False;AWS-QuickSetup-SSM-LocalAdministrationRole/AssumeExecutionRolePermissions;RBI-Cyber-Security-Framework;Reserve Bank of India (RBI) Cyber Security Framework;
aws;The Reserve Bank had prescribed a set of baseline cyber security controls for primary (Urban) cooperative banks (UCBs) in October 2018. On further examination, it has been decided to prescribe a comprehensive cyber security framework for the UCBs, as a graded approach, based on their digital depth and interconnectedness with the payment systems landscape, digital products offered by them and assessment of cyber security risk. The framework would mandate implementation of progressively stronger security measures based on the nature, variety and scale of digital product offerings of banks.;858573892697;us-east-1;2026-09-19 09:30:34.148196;annex_i_7_1;Disallow administrative rights on end-user workstations/PCs/laptops and provide access rights on a ‘need to know’ and ‘need to do’ basis.;;;;iam;;PASS;Inline policy S3PublicAccessRemediationPolicy attached to role security-remediation-s3-public-role-2v0hi21k does not allow '*:*' administrative privileges.;arn:aws:iam::858573892697:role/service-role/security-remediation-s3-public-role-2v0hi21k;iam_inline_policy_no_administrative_privileges;False;security-remediation-s3-public-role-2v0hi21k/S3PublicAccessRemediationPolicy;RBI-Cyber-Security-Framework;Reserve Bank of India (RBI) Cyber Security Framework;
aws;The Reserve Bank had prescribed a set of baseline cyber security controls for primary (Urban) cooperative banks (UCBs) in October 2018. On further examination, it has been decided to prescribe a comprehensive cyber security framework for the UCBs, as a graded approach, based on their digital depth and interconnectedness with the payment systems landscape, digital products offered by them and assessment of cyber security risk. The framework would mandate implementation of progressively stronger security measures based on the nature, variety and scale of digital product offerings of banks.;858573892697;us-east-1;2026-09-19 09:30:34.148196;annex_i_7_1;Disallow administrative rights on end-user workstations/PCs/laptops and provide access rights on a ‘need to know’ and ‘need to do’ basis.;;;;iam;;PASS;Root account does not have access keys.;arn:aws:iam::858573892697:root;iam_no_root_access_key;False;<root_account>;RBI-Cyber-Security-Framework;Reserve Bank of India (RBI) Cyber Security Framework;
aws;The Reserve Bank had prescribed a set of baseline cyber security controls for primary (Urban) cooperative banks (UCBs) in October 2018. On further examination, it has been decided to prescribe a comprehensive cyber security framework for the UCBs, as a graded approach, based on their digital depth and interconnectedness with the payment systems landscape, digital products offered by them and assessment of cyber security risk. The framework would mandate implementation of progressively stronger security measures based on the nature, variety and scale of digital product offerings of banks.;858573892697;us-east-1;2026-09-19 09:30:34.148196;annex_i_7_2;Passwords should be set as complex and lengthy and users should not use same passwords for all the applications/systems/devices.;;;;iam;;FAIL;IAM password policy reuse prevention is less than 24 or not set.;arn:aws:iam:us-east-1:858573892697:password-policy;iam_password_policy_reuse_24;False;858573892697;RBI-Cyber-Security-Framework;Reserve Bank of India (RBI) Cyber Security Framework;
aws;The Reserve Bank had prescribed a set of baseline cyber security controls for primary (Urban) cooperative banks (UCBs) in October 2018. On further examination, it has been decided to prescribe a comprehensive cyber security framework for the UCBs, as a graded approach, based on their digital depth and interconnectedness with the payment systems landscape, digital products offered by them and assessment of cyber security risk. The framework would mandate implementation of progressively stronger security measures based on the nature, variety and scale of digital product offerings of banks.;858573892697;us-east-1;2026-09-19 09:30:34.148196;annex_i_7_1;Disallow administrative rights on end-user workstations/PCs/laptops and provide access rights on a ‘need to know’ and ‘need to do’ basis.;;;;iam;;PASS;User QLabs has no inline or attached policies.;arn:aws:iam::858573892697:user/QLabs;iam_policy_attached_only_to_group_or_roles;False;QLabs;RBI-Cyber-Security-Framework;Reserve Bank of India (RBI) Cyber Security Framework;
aws;The Reserve Bank had prescribed a set of baseline cyber security controls for primary (Urban) cooperative banks (UCBs) in October 2018. On further examination, it has been decided to prescribe a comprehensive cyber security framework for the UCBs, as a graded approach, based on their digital depth and interconnectedness with the payment systems landscape, digital products offered by them and assessment of cyber security risk. The framework would mandate implementation of progressively stronger security measures based on the nature, variety and scale of digital product offerings of banks.;858573892697;us-east-1;2026-09-19 09:30:34.148196;annex_i_1_1;UCBs should maintain an up-to-date business IT Asset Inventory Register containing the following fields, as a minimum: a) Details of the IT Asset (viz., hardware/software/network devices, key personnel, services, etc.), b. Details of systems where customer data are stored, c. Associated business applications, if any, d. Criticality of the IT asset (For example, High/Medium/Low).;;;;aws;;FAIL;AWS Organizations is not in-use for this AWS Account.;arn:aws:organizations::858573892697:unknown;organizations_account_part_of_organizations;False;unknown;RBI-Cyber-Security-Framework;Reserve Bank of India (RBI) Cyber Security Framework;
aws;The Reserve Bank had prescribed a set of baseline cyber security controls for primary (Urban) cooperative banks (UCBs) in October 2018. On further examination, it has been decided to prescribe a comprehensive cyber security framework for the UCBs, as a graded approach, based on their digital depth and interconnectedness with the payment systems landscape, digital products offered by them and assessment of cyber security risk. The framework would mandate implementation of progressively stronger security measures based on the nature, variety and scale of digital product offerings of banks.;858573892697;us-east-1;2026-09-19 09:30:34.148196;annex_i_12;Take periodic back up of the important data and store this data ‘off line’ (i.e., transferring important files to a storage device that can be detached from a computer/system after copying all the files).;;;;aws;;FAIL;RDS Instance vaultcloud-prod-db does not have backup enabled.;arn:aws:rds:us-east-1:858573892697:db:vaultcloud-prod-db;rds_instance_backup_enabled;False;vaultcloud-prod-db;RBI-Cyber-Security-Framework;Reserve Bank of India (RBI) Cyber Security Framework;
aws;The Reserve Bank had prescribed a set of baseline cyber security controls for primary (Urban) cooperative banks (UCBs) in October 2018. On further examination, it has been decided to prescribe a comprehensive cyber security framework for the UCBs, as a graded approach, based on their digital depth and interconnectedness with the payment systems landscape, digital products offered by them and assessment of cyber security risk. The framework would mandate implementation of progressively stronger security measures based on the nature, variety and scale of digital product offerings of banks.;858573892697;us-east-1;2026-09-19 09:30:34.148196;annex_i_7_4;Implement appropriate (e.g. centralised) systems and controls to allow, manage, log and monitor privileged/super user/administrative access to critical systems (servers/databases, applications, network devices etc.);;;;aws;;FAIL;RDS Instance vaultcloud-prod-db does not have CloudWatch Logs enabled.;arn:aws:rds:us-east-1:858573892697:db:vaultcloud-prod-db;rds_instance_integration_cloudwatch_logs;False;vaultcloud-prod-db;RBI-Cyber-Security-Framework;Reserve Bank of India (RBI) Cyber Security Framework;
aws;The Reserve Bank had prescribed a set of baseline cyber security controls for primary (Urban) cooperative banks (UCBs) in October 2018. On further examination, it has been decided to prescribe a comprehensive cyber security framework for the UCBs, as a graded approach, based on their digital depth and interconnectedness with the payment systems landscape, digital products offered by them and assessment of cyber security risk. The framework would mandate implementation of progressively stronger security measures based on the nature, variety and scale of digital product offerings of banks.;858573892697;us-east-1;2026-09-19 09:30:34.148196;annex_i_6;Put in place systems and processes to identify, track, manage and monitor the status of patches to servers, operating system and application software running at the systems used by the UCB officials (end-users). Implement and update antivirus protection for all servers and applicable end points preferably through a centralised system.;;;;aws;;FAIL;RDS Instance vaultcloud-prod-db does not have minor version upgrade enabled.;arn:aws:rds:us-east-1:858573892697:db:vaultcloud-prod-db;rds_instance_minor_version_upgrade_enabled;False;vaultcloud-prod-db;RBI-Cyber-Security-Framework;Reserve Bank of India (RBI) Cyber Security Framework;
aws;The Reserve Bank had prescribed a set of baseline cyber security controls for primary (Urban) cooperative banks (UCBs) in October 2018. On further examination, it has been decided to prescribe a comprehensive cyber security framework for the UCBs, as a graded approach, based on their digital depth and interconnectedness with the payment systems landscape, digital products offered by them and assessment of cyber security risk. The framework would mandate implementation of progressively stronger security measures based on the nature, variety and scale of digital product offerings of banks.;858573892697;us-east-1;2026-09-19 09:30:34.148196;annex_i_1_3;Appropriately manage and provide protection within and outside UCB/network, keeping in mind how the data/information is stored, transmitted, processed, accessed and put to use within/outside the UCB’s network, and level of risk they are exposed to depending on the sensitivity of the data/information.;;;;aws;;FAIL;RDS Instance vaultcloud-prod-db is set as publicly accessible and security group vaultcloud-db-sg (sg-059591e29c62e2064) has postgres port 5432 open to the Internet at endpoint vaultcloud-prod-db.cdis4ufrpqe3.us-east-1.rds.amazonaws.com in a public subnet subnet-060b354bc8a3f274c.;arn:aws:rds:us-east-1:858573892697:db:vaultcloud-prod-db;rds_instance_no_public_access;False;vaultcloud-prod-db;RBI-Cyber-Security-Framework;Reserve Bank of India (RBI) Cyber Security Framework;
aws;The Reserve Bank had prescribed a set of baseline cyber security controls for primary (Urban) cooperative banks (UCBs) in October 2018. On further examination, it has been decided to prescribe a comprehensive cyber security framework for the UCBs, as a graded approach, based on their digital depth and interconnectedness with the payment systems landscape, digital products offered by them and assessment of cyber security risk. The framework would mandate implementation of progressively stronger security measures based on the nature, variety and scale of digital product offerings of banks.;858573892697;us-east-1;2026-09-19 09:30:34.148196;annex_i_1_3;Appropriately manage and provide protection within and outside UCB/network, keeping in mind how the data/information is stored, transmitted, processed, accessed and put to use within/outside the UCB’s network, and level of risk they are exposed to depending on the sensitivity of the data/information.;;;;aws;;FAIL;RDS Instance vaultcloud-prod-db is not encrypted.;arn:aws:rds:us-east-1:858573892697:db:vaultcloud-prod-db;rds_instance_storage_encrypted;False;vaultcloud-prod-db;RBI-Cyber-Security-Framework;Reserve Bank of India (RBI) Cyber Security Framework;
aws;The Reserve Bank had prescribed a set of baseline cyber security controls for primary (Urban) cooperative banks (UCBs) in October 2018. On further examination, it has been decided to prescribe a comprehensive cyber security framework for the UCBs, as a graded approach, based on their digital depth and interconnectedness with the payment systems landscape, digital products offered by them and assessment of cyber security risk. The framework would mandate implementation of progressively stronger security measures based on the nature, variety and scale of digital product offerings of banks.;858573892697;us-east-1;2026-09-19 09:30:34.148196;annex_i_1_3;Appropriately manage and provide protection within and outside UCB/network, keeping in mind how the data/information is stored, transmitted, processed, accessed and put to use within/outside the UCB’s network, and level of risk they are exposed to depending on the sensitivity of the data/information.;;;;aws;;FAIL;Block Public Access is not configured for the account 858573892697.;arn:aws:s3:us-east-1:858573892697:account;s3_account_level_public_access_blocks;False;858573892697;RBI-Cyber-Security-Framework;Reserve Bank of India (RBI) Cyber Security Framework;
aws;The Reserve Bank had prescribed a set of baseline cyber security controls for primary (Urban) cooperative banks (UCBs) in October 2018. On further examination, it has been decided to prescribe a comprehensive cyber security framework for the UCBs, as a graded approach, based on their digital depth and interconnectedness with the payment systems landscape, digital products offered by them and assessment of cyber security risk. The framework would mandate implementation of progressively stronger security measures based on the nature, variety and scale of digital product offerings of banks.;858573892697;us-east-1;2026-09-19 09:30:34.148196;annex_i_1_3;Appropriately manage and provide protection within and outside UCB/network, keeping in mind how the data/information is stored, transmitted, processed, accessed and put to use within/outside the UCB’s network, and level of risk they are exposed to depending on the sensitivity of the data/information.;;;;aws;;PASS;S3 Bucket aws-cloudtrail-logs-858573892697-969e040d has Server Side Encryption with AES256.;arn:aws:s3:::aws-cloudtrail-logs-858573892697-969e040d;s3_bucket_default_encryption;False;aws-cloudtrail-logs-858573892697-969e040d;RBI-Cyber-Security-Framework;Reserve Bank of India (RBI) Cyber Security Framework;
aws;The Reserve Bank had prescribed a set of baseline cyber security controls for primary (Urban) cooperative banks (UCBs) in October 2018. On further examination, it has been decided to prescribe a comprehensive cyber security framework for the UCBs, as a graded approach, based on their digital depth and interconnectedness with the payment systems landscape, digital products offered by them and assessment of cyber security risk. The framework would mandate implementation of progressively stronger security measures based on the nature, variety and scale of digital product offerings of banks.;858573892697;us-east-1;2026-09-19 09:30:34.148196;annex_i_1_3;Appropriately manage and provide protection within and outside UCB/network, keeping in mind how the data/information is stored, transmitted, processed, accessed and put to use within/outside the UCB’s network, and level of risk they are exposed to depending on the sensitivity of the data/information.;;;;aws;;PASS;S3 Bucket config-bucket-858573892697 has Server Side Encryption with AES256.;arn:aws:s3:::config-bucket-858573892697;s3_bucket_default_encryption;False;config-bucket-858573892697;RBI-Cyber-Security-Framework;Reserve Bank of India (RBI) Cyber Security Framework;
aws;The Reserve Bank had prescribed a set of baseline cyber security controls for primary (Urban) cooperative banks (UCBs) in October 2018. On further examination, it has been decided to prescribe a comprehensive cyber security framework for the UCBs, as a graded approach, based on their digital depth and interconnectedness with the payment systems landscape, digital products offered by them and assessment of cyber security risk. The framework would mandate implementation of progressively stronger security measures based on the nature, variety and scale of digital product offerings of banks.;858573892697;us-east-1;2026-09-19 09:30:34.148196;annex_i_1_3;Appropriately manage and provide protection within and outside UCB/network, keeping in mind how the data/information is stored, transmitted, processed, accessed and put to use within/outside the UCB’s network, and level of risk they are exposed to depending on the sensitivity of the data/information.;;;;aws;;PASS;S3 Bucket do-not-delete-ssm-diagnosis-858573892697-us-east-1-g2j2x has Server Side Encryption with AES256.;arn:aws:s3:::do-not-delete-ssm-diagnosis-858573892697-us-east-1-g2j2x;s3_bucket_default_encryption;False;do-not-delete-ssm-diagnosis-858573892697-us-east-1-g2j2x;RBI-Cyber-Security-Framework;Reserve Bank of India (RBI) Cyber Security Framework;
aws;The Reserve Bank had prescribed a set of baseline cyber security controls for primary (Urban) cooperative banks (UCBs) in October 2018. On further examination, it has been decided to prescribe a comprehensive cyber security framework for the UCBs, as a graded approach, based on their digital depth and interconnectedness with the payment systems landscape, digital products offered by them and assessment of cyber security risk. The framework would mandate implementation of progressively stronger security measures based on the nature, variety and scale of digital product offerings of banks.;858573892697;us-east-1;2026-09-19 09:30:34.148196;annex_i_1_3;Appropriately manage and provide protection within and outside UCB/network, keeping in mind how the data/information is stored, transmitted, processed, accessed and put to use within/outside the UCB’s network, and level of risk they are exposed to depending on the sensitivity of the data/information.;;;;aws;;PASS;S3 Bucket vaultcloud-logs-prod-2024 has Server Side Encryption with AES256.;arn:aws:s3:::vaultcloud-logs-prod-2024;s3_bucket_default_encryption;False;vaultcloud-logs-prod-2024;RBI-Cyber-Security-Framework;Reserve Bank of India (RBI) Cyber Security Framework;
aws;The Reserve Bank had prescribed a set of baseline cyber security controls for primary (Urban) cooperative banks (UCBs) in October 2018. On further examination, it has been decided to prescribe a comprehensive cyber security framework for the UCBs, as a graded approach, based on their digital depth and interconnectedness with the payment systems landscape, digital products offered by them and assessment of cyber security risk. The framework would mandate implementation of progressively stronger security measures based on the nature, variety and scale of digital product offerings of banks.;858573892697;us-east-1;2026-09-19 09:30:34.148196;annex_i_1_3;Appropriately manage and provide protection within and outside UCB/network, keeping in mind how the data/information is stored, transmitted, processed, accessed and put to use within/outside the UCB’s network, and level of risk they are exposed to depending on the sensitivity of the data/information.;;;;aws;;PASS;S3 Bucket vaultcloud-remediation-test has Server Side Encryption with AES256.;arn:aws:s3:::vaultcloud-remediation-test;s3_bucket_default_encryption;False;vaultcloud-remediation-test;RBI-Cyber-Security-Framework;Reserve Bank of India (RBI) Cyber Security Framework;
aws;The Reserve Bank had prescribed a set of baseline cyber security controls for primary (Urban) cooperative banks (UCBs) in October 2018. On further examination, it has been decided to prescribe a comprehensive cyber security framework for the UCBs, as a graded approach, based on their digital depth and interconnectedness with the payment systems landscape, digital products offered by them and assessment of cyber security risk. The framework would mandate implementation of progressively stronger security measures based on the nature, variety and scale of digital product offerings of banks.;858573892697;us-east-1;2026-09-19 09:30:34.148196;annex_i_1_3;Appropriately manage and provide protection within and outside UCB/network, keeping in mind how the data/information is stored, transmitted, processed, accessed and put to use within/outside the UCB’s network, and level of risk they are exposed to depending on the sensitivity of the data/information.;;;;aws;;PASS;S3 Bucket vaultcloud-uploads-prod-2024 has Server Side Encryption with AES256.;arn:aws:s3:::vaultcloud-uploads-prod-2024;s3_bucket_default_encryption;False;vaultcloud-uploads-prod-2024;RBI-Cyber-Security-Framework;Reserve Bank of India (RBI) Cyber Security Framework;
aws;The Reserve Bank had prescribed a set of baseline cyber security controls for primary (Urban) cooperative banks (UCBs) in October 2018. On further examination, it has been decided to prescribe a comprehensive cyber security framework for the UCBs, as a graded approach, based on their digital depth and interconnectedness with the payment systems landscape, digital products offered by them and assessment of cyber security risk. The framework would mandate implementation of progressively stronger security measures based on the nature, variety and scale of digital product offerings of banks.;858573892697;us-east-1;2026-09-19 09:30:34.148196;annex_i_12;Take periodic back up of the important data and store this data ‘off line’ (i.e., transferring important files to a storage device that can be detached from a computer/system after copying all the files).;;;;aws;;FAIL;S3 Bucket aws-cloudtrail-logs-858573892697-969e040d has versioning disabled.;arn:aws:s3:::aws-cloudtrail-logs-858573892697-969e040d;s3_bucket_object_versioning;False;aws-cloudtrail-logs-858573892697-969e040d;RBI-Cyber-Security-Framework;Reserve Bank of India (RBI) Cyber Security Framework;
aws;The Reserve Bank had prescribed a set of baseline cyber security controls for primary (Urban) cooperative banks (UCBs) in October 2018. On further examination, it has been decided to prescribe a comprehensive cyber security framework for the UCBs, as a graded approach, based on their digital depth and interconnectedness with the payment systems landscape, digital products offered by them and assessment of cyber security risk. The framework would mandate implementation of progressively stronger security measures based on the nature, variety and scale of digital product offerings of banks.;858573892697;us-east-1;2026-09-19 09:30:34.148196;annex_i_12;Take periodic back up of the important data and store this data ‘off line’ (i.e., transferring important files to a storage device that can be detached from a computer/system after copying all the files).;;;;aws;;FAIL;S3 Bucket config-bucket-858573892697 has versioning disabled.;arn:aws:s3:::config-bucket-858573892697;s3_bucket_object_versioning;False;config-bucket-858573892697;RBI-Cyber-Security-Framework;Reserve Bank of India (RBI) Cyber Security Framework;
aws;The Reserve Bank had prescribed a set of baseline cyber security controls for primary (Urban) cooperative banks (UCBs) in October 2018. On further examination, it has been decided to prescribe a comprehensive cyber security framework for the UCBs, as a graded approach, based on their digital depth and interconnectedness with the payment systems landscape, digital products offered by them and assessment of cyber security risk. The framework would mandate implementation of progressively stronger security measures based on the nature, variety and scale of digital product offerings of banks.;858573892697;us-east-1;2026-09-19 09:30:34.148196;annex_i_12;Take periodic back up of the important data and store this data ‘off line’ (i.e., transferring important files to a storage device that can be detached from a computer/system after copying all the files).;;;;aws;;PASS;S3 Bucket do-not-delete-ssm-diagnosis-858573892697-us-east-1-g2j2x has versioning enabled.;arn:aws:s3:::do-not-delete-ssm-diagnosis-858573892697-us-east-1-g2j2x;s3_bucket_object_versioning;False;do-not-delete-ssm-diagnosis-858573892697-us-east-1-g2j2x;RBI-Cyber-Security-Framework;Reserve Bank of India (RBI) Cyber Security Framework;
aws;The Reserve Bank had prescribed a set of baseline cyber security controls for primary (Urban) cooperative banks (UCBs) in October 2018. On further examination, it has been decided to prescribe a comprehensive cyber security framework for the UCBs, as a graded approach, based on their digital depth and interconnectedness with the payment systems landscape, digital products offered by them and assessment of cyber security risk. The framework would mandate implementation of progressively stronger security measures based on the nature, variety and scale of digital product offerings of banks.;858573892697;us-east-1;2026-09-19 09:30:34.148196;annex_i_12;Take periodic back up of the important data and store this data ‘off line’ (i.e., transferring important files to a storage device that can be detached from a computer/system after copying all the files).;;;;aws;;FAIL;S3 Bucket vaultcloud-logs-prod-2024 has versioning disabled.;arn:aws:s3:::vaultcloud-logs-prod-2024;s3_bucket_object_versioning;False;vaultcloud-logs-prod-2024;RBI-Cyber-Security-Framework;Reserve Bank of India (RBI) Cyber Security Framework;
aws;The Reserve Bank had prescribed a set of baseline cyber security controls for primary (Urban) cooperative banks (UCBs) in October 2018. On further examination, it has been decided to prescribe a comprehensive cyber security framework for the UCBs, as a graded approach, based on their digital depth and interconnectedness with the payment systems landscape, digital products offered by them and assessment of cyber security risk. The framework would mandate implementation of progressively stronger security measures based on the nature, variety and scale of digital product offerings of banks.;858573892697;us-east-1;2026-09-19 09:30:34.148196;annex_i_12;Take periodic back up of the important data and store this data ‘off line’ (i.e., transferring important files to a storage device that can be detached from a computer/system after copying all the files).;;;;aws;;FAIL;S3 Bucket vaultcloud-remediation-test has versioning disabled.;arn:aws:s3:::vaultcloud-remediation-test;s3_bucket_object_versioning;False;vaultcloud-remediation-test;RBI-Cyber-Security-Framework;Reserve Bank of India (RBI) Cyber Security Framework;
aws;The Reserve Bank had prescribed a set of baseline cyber security controls for primary (Urban) cooperative banks (UCBs) in October 2018. On further examination, it has been decided to prescribe a comprehensive cyber security framework for the UCBs, as a graded approach, based on their digital depth and interconnectedness with the payment systems landscape, digital products offered by them and assessment of cyber security risk. The framework would mandate implementation of progressively stronger security measures based on the nature, variety and scale of digital product offerings of banks.;858573892697;us-east-1;2026-09-19 09:30:34.148196;annex_i_12;Take periodic back up of the important data and store this data ‘off line’ (i.e., transferring important files to a storage device that can be detached from a computer/system after copying all the files).;;;;aws;;FAIL;S3 Bucket vaultcloud-uploads-prod-2024 has versioning disabled.;arn:aws:s3:::vaultcloud-uploads-prod-2024;s3_bucket_object_versioning;False;vaultcloud-uploads-prod-2024;RBI-Cyber-Security-Framework;Reserve Bank of India (RBI) Cyber Security Framework;
aws;The Reserve Bank had prescribed a set of baseline cyber security controls for primary (Urban) cooperative banks (UCBs) in October 2018. On further examination, it has been decided to prescribe a comprehensive cyber security framework for the UCBs, as a graded approach, based on their digital depth and interconnectedness with the payment systems landscape, digital products offered by them and assessment of cyber security risk. The framework would mandate implementation of progressively stronger security measures based on the nature, variety and scale of digital product offerings of banks.;858573892697;us-east-1;2026-09-19 09:30:34.148196;annex_i_1_3;Appropriately manage and provide protection within and outside UCB/network, keeping in mind how the data/information is stored, transmitted, processed, accessed and put to use within/outside the UCB’s network, and level of risk they are exposed to depending on the sensitivity of the data/information.;;;;aws;;PASS;S3 public access blocked at bucket level for aws-cloudtrail-logs-858573892697-969e040d.;arn:aws:s3:::aws-cloudtrail-logs-858573892697-969e040d;s3_bucket_policy_public_write_access;False;aws-cloudtrail-logs-858573892697-969e040d;RBI-Cyber-Security-Framework;Reserve Bank of India (RBI) Cyber Security Framework;
aws;The Reserve Bank had prescribed a set of baseline cyber security controls for primary (Urban) cooperative banks (UCBs) in October 2018. On further examination, it has been decided to prescribe a comprehensive cyber security framework for the UCBs, as a graded approach, based on their digital depth and interconnectedness with the payment systems landscape, digital products offered by them and assessment of cyber security risk. The framework would mandate implementation of progressively stronger security measures based on the nature, variety and scale of digital product offerings of banks.;858573892697;us-east-1;2026-09-19 09:30:34.148196;annex_i_1_3;Appropriately manage and provide protection within and outside UCB/network, keeping in mind how the data/information is stored, transmitted, processed, accessed and put to use within/outside the UCB’s network, and level of risk they are exposed to depending on the sensitivity of the data/information.;;;;aws;;PASS;S3 public access blocked at bucket level for config-bucket-858573892697.;arn:aws:s3:::config-bucket-858573892697;s3_bucket_policy_public_write_access;False;config-bucket-858573892697;RBI-Cyber-Security-Framework;Reserve Bank of India (RBI) Cyber Security Framework;
aws;The Reserve Bank had prescribed a set of baseline cyber security controls for primary (Urban) cooperative banks (UCBs) in October 2018. On further examination, it has been decided to prescribe a comprehensive cyber security framework for the UCBs, as a graded approach, based on their digital depth and interconnectedness with the payment systems landscape, digital products offered by them and assessment of cyber security risk. The framework would mandate implementation of progressively stronger security measures based on the nature, variety and scale of digital product offerings of banks.;858573892697;us-east-1;2026-09-19 09:30:34.148196;annex_i_1_3;Appropriately manage and provide protection within and outside UCB/network, keeping in mind how the data/information is stored, transmitted, processed, accessed and put to use within/outside the UCB’s network, and level of risk they are exposed to depending on the sensitivity of the data/information.;;;;aws;;PASS;S3 public access blocked at bucket level for do-not-delete-ssm-diagnosis-858573892697-us-east-1-g2j2x.;arn:aws:s3:::do-not-delete-ssm-diagnosis-858573892697-us-east-1-g2j2x;s3_bucket_policy_public_write_access;False;do-not-delete-ssm-diagnosis-858573892697-us-east-1-g2j2x;RBI-Cyber-Security-Framework;Reserve Bank of India (RBI) Cyber Security Framework;
aws;The Reserve Bank had prescribed a set of baseline cyber security controls for primary (Urban) cooperative banks (UCBs) in October 2018. On further examination, it has been decided to prescribe a comprehensive cyber security framework for the UCBs, as a graded approach, based on their digital depth and interconnectedness with the payment systems landscape, digital products offered by them and assessment of cyber security risk. The framework would mandate implementation of progressively stronger security measures based on the nature, variety and scale of digital product offerings of banks.;858573892697;us-east-1;2026-09-19 09:30:34.148196;annex_i_1_3;Appropriately manage and provide protection within and outside UCB/network, keeping in mind how the data/information is stored, transmitted, processed, accessed and put to use within/outside the UCB’s network, and level of risk they are exposed to depending on the sensitivity of the data/information.;;;;aws;;PASS;S3 Bucket vaultcloud-logs-prod-2024 does not have a bucket policy.;arn:aws:s3:::vaultcloud-logs-prod-2024;s3_bucket_policy_public_write_access;False;vaultcloud-logs-prod-2024;RBI-Cyber-Security-Framework;Reserve Bank of India (RBI) Cyber Security Framework;
aws;The Reserve Bank had prescribed a set of baseline cyber security controls for primary (Urban) cooperative banks (UCBs) in October 2018. On further examination, it has been decided to prescribe a comprehensive cyber security framework for the UCBs, as a graded approach, based on their digital depth and interconnectedness with the payment systems landscape, digital products offered by them and assessment of cyber security risk. The framework would mandate implementation of progressively stronger security measures based on the nature, variety and scale of digital product offerings of banks.;858573892697;us-east-1;2026-09-19 09:30:34.148196;annex_i_1_3;Appropriately manage and provide protection within and outside UCB/network, keeping in mind how the data/information is stored, transmitted, processed, accessed and put to use within/outside the UCB’s network, and level of risk they are exposed to depending on the sensitivity of the data/information.;;;;aws;;PASS;S3 public access blocked at bucket level for vaultcloud-remediation-test.;arn:aws:s3:::vaultcloud-remediation-test;s3_bucket_policy_public_write_access;False;vaultcloud-remediation-test;RBI-Cyber-Security-Framework;Reserve Bank of India (RBI) Cyber Security Framework;
aws;The Reserve Bank had prescribed a set of baseline cyber security controls for primary (Urban) cooperative banks (UCBs) in October 2018. On further examination, it has been decided to prescribe a comprehensive cyber security framework for the UCBs, as a graded approach, based on their digital depth and interconnectedness with the payment systems landscape, digital products offered by them and assessment of cyber security risk. The framework would mandate implementation of progressively stronger security measures based on the nature, variety and scale of digital product offerings of banks.;858573892697;us-east-1;2026-09-19 09:30:34.148196;annex_i_1_3;Appropriately manage and provide protection within and outside UCB/network, keeping in mind how the data/information is stored, transmitted, processed, accessed and put to use within/outside the UCB’s network, and level of risk they are exposed to depending on the sensitivity of the data/information.;;;;aws;;PASS;S3 Bucket vaultcloud-uploads-prod-2024 does not have a bucket policy.;arn:aws:s3:::vaultcloud-uploads-prod-2024;s3_bucket_policy_public_write_access;False;vaultcloud-uploads-prod-2024;RBI-Cyber-Security-Framework;Reserve Bank of India (RBI) Cyber Security Framework;
aws;The Reserve Bank had prescribed a set of baseline cyber security controls for primary (Urban) cooperative banks (UCBs) in October 2018. On further examination, it has been decided to prescribe a comprehensive cyber security framework for the UCBs, as a graded approach, based on their digital depth and interconnectedness with the payment systems landscape, digital products offered by them and assessment of cyber security risk. The framework would mandate implementation of progressively stronger security measures based on the nature, variety and scale of digital product offerings of banks.;858573892697;us-east-1;2026-09-19 09:30:34.148196;annex_i_1_3;Appropriately manage and provide protection within and outside UCB/network, keeping in mind how the data/information is stored, transmitted, processed, accessed and put to use within/outside the UCB’s network, and level of risk they are exposed to depending on the sensitivity of the data/information.;;;;aws;;PASS;S3 Bucket aws-cloudtrail-logs-858573892697-969e040d is not public.;arn:aws:s3:::aws-cloudtrail-logs-858573892697-969e040d;s3_bucket_public_access;False;aws-cloudtrail-logs-858573892697-969e040d;RBI-Cyber-Security-Framework;Reserve Bank of India (RBI) Cyber Security Framework;
aws;The Reserve Bank had prescribed a set of baseline cyber security controls for primary (Urban) cooperative banks (UCBs) in October 2018. On further examination, it has been decided to prescribe a comprehensive cyber security framework for the UCBs, as a graded approach, based on their digital depth and interconnectedness with the payment systems landscape, digital products offered by them and assessment of cyber security risk. The framework would mandate implementation of progressively stronger security measures based on the nature, variety and scale of digital product offerings of banks.;858573892697;us-east-1;2026-09-19 09:30:34.148196;annex_i_1_3;Appropriately manage and provide protection within and outside UCB/network, keeping in mind how the data/information is stored, transmitted, processed, accessed and put to use within/outside the UCB’s network, and level of risk they are exposed to depending on the sensitivity of the data/information.;;;;aws;;PASS;S3 Bucket config-bucket-858573892697 is not public.;arn:aws:s3:::config-bucket-858573892697;s3_bucket_public_access;False;config-bucket-858573892697;RBI-Cyber-Security-Framework;Reserve Bank of India (RBI) Cyber Security Framework;
aws;The Reserve Bank had prescribed a set of baseline cyber security controls for primary (Urban) cooperative banks (UCBs) in October 2018. On further examination, it has been decided to prescribe a comprehensive cyber security framework for the UCBs, as a graded approach, based on their digital depth and interconnectedness with the payment systems landscape, digital products offered by them and assessment of cyber security risk. The framework would mandate implementation of progressively stronger security measures based on the nature, variety and scale of digital product offerings of banks.;858573892697;us-east-1;2026-09-19 09:30:34.148196;annex_i_1_3;Appropriately manage and provide protection within and outside UCB/network, keeping in mind how the data/information is stored, transmitted, processed, accessed and put to use within/outside the UCB’s network, and level of risk they are exposed to depending on the sensitivity of the data/information.;;;;aws;;PASS;S3 Bucket do-not-delete-ssm-diagnosis-858573892697-us-east-1-g2j2x is not public.;arn:aws:s3:::do-not-delete-ssm-diagnosis-858573892697-us-east-1-g2j2x;s3_bucket_public_access;False;do-not-delete-ssm-diagnosis-858573892697-us-east-1-g2j2x;RBI-Cyber-Security-Framework;Reserve Bank of India (RBI) Cyber Security Framework;
aws;The Reserve Bank had prescribed a set of baseline cyber security controls for primary (Urban) cooperative banks (UCBs) in October 2018. On further examination, it has been decided to prescribe a comprehensive cyber security framework for the UCBs, as a graded approach, based on their digital depth and interconnectedness with the payment systems landscape, digital products offered by them and assessment of cyber security risk. The framework would mandate implementation of progressively stronger security measures based on the nature, variety and scale of digital product offerings of banks.;858573892697;us-east-1;2026-09-19 09:30:34.148196;annex_i_1_3;Appropriately manage and provide protection within and outside UCB/network, keeping in mind how the data/information is stored, transmitted, processed, accessed and put to use within/outside the UCB’s network, and level of risk they are exposed to depending on the sensitivity of the data/information.;;;;aws;;PASS;S3 Bucket vaultcloud-logs-prod-2024 is not public.;arn:aws:s3:::vaultcloud-logs-prod-2024;s3_bucket_public_access;False;vaultcloud-logs-prod-2024;RBI-Cyber-Security-Framework;Reserve Bank of India (RBI) Cyber Security Framework;
aws;The Reserve Bank had prescribed a set of baseline cyber security controls for primary (Urban) cooperative banks (UCBs) in October 2018. On further examination, it has been decided to prescribe a comprehensive cyber security framework for the UCBs, as a graded approach, based on their digital depth and interconnectedness with the payment systems landscape, digital products offered by them and assessment of cyber security risk. The framework would mandate implementation of progressively stronger security measures based on the nature, variety and scale of digital product offerings of banks.;858573892697;us-east-1;2026-09-19 09:30:34.148196;annex_i_1_3;Appropriately manage and provide protection within and outside UCB/network, keeping in mind how the data/information is stored, transmitted, processed, accessed and put to use within/outside the UCB’s network, and level of risk they are exposed to depending on the sensitivity of the data/information.;;;;aws;;PASS;S3 Bucket vaultcloud-remediation-test is not public.;arn:aws:s3:::vaultcloud-remediation-test;s3_bucket_public_access;False;vaultcloud-remediation-test;RBI-Cyber-Security-Framework;Reserve Bank of India (RBI) Cyber Security Framework;
aws;The Reserve Bank had prescribed a set of baseline cyber security controls for primary (Urban) cooperative banks (UCBs) in October 2018. On further examination, it has been decided to prescribe a comprehensive cyber security framework for the UCBs, as a graded approach, based on their digital depth and interconnectedness with the payment systems landscape, digital products offered by them and assessment of cyber security risk. The framework would mandate implementation of progressively stronger security measures based on the nature, variety and scale of digital product offerings of banks.;858573892697;us-east-1;2026-09-19 09:30:34.148196;annex_i_1_3;Appropriately manage and provide protection within and outside UCB/network, keeping in mind how the data/information is stored, transmitted, processed, accessed and put to use within/outside the UCB’s network, and level of risk they are exposed to depending on the sensitivity of the data/information.;;;;aws;;PASS;S3 Bucket vaultcloud-uploads-prod-2024 is not public.;arn:aws:s3:::vaultcloud-uploads-prod-2024;s3_bucket_public_access;False;vaultcloud-uploads-prod-2024;RBI-Cyber-Security-Framework;Reserve Bank of India (RBI) Cyber Security Framework;
aws;The Reserve Bank had prescribed a set of baseline cyber security controls for primary (Urban) cooperative banks (UCBs) in October 2018. On further examination, it has been decided to prescribe a comprehensive cyber security framework for the UCBs, as a graded approach, based on their digital depth and interconnectedness with the payment systems landscape, digital products offered by them and assessment of cyber security risk. The framework would mandate implementation of progressively stronger security measures based on the nature, variety and scale of digital product offerings of banks.;858573892697;us-east-1;2026-09-19 09:30:34.148196;annex_i_1_3;Appropriately manage and provide protection within and outside UCB/network, keeping in mind how the data/information is stored, transmitted, processed, accessed and put to use within/outside the UCB’s network, and level of risk they are exposed to depending on the sensitivity of the data/information.;;;;aws;;FAIL;S3 Bucket aws-cloudtrail-logs-858573892697-969e040d allows requests over insecure transport in the bucket policy.;arn:aws:s3:::aws-cloudtrail-logs-858573892697-969e040d;s3_bucket_secure_transport_policy;False;aws-cloudtrail-logs-858573892697-969e040d;RBI-Cyber-Security-Framework;Reserve Bank of India (RBI) Cyber Security Framework;
aws;The Reserve Bank had prescribed a set of baseline cyber security controls for primary (Urban) cooperative banks (UCBs) in October 2018. On further examination, it has been decided to prescribe a comprehensive cyber security framework for the UCBs, as a graded approach, based on their digital depth and interconnectedness with the payment systems landscape, digital products offered by them and assessment of cyber security risk. The framework would mandate implementation of progressively stronger security measures based on the nature, variety and scale of digital product offerings of banks.;858573892697;us-east-1;2026-09-19 09:30:34.148196;annex_i_1_3;Appropriately manage and provide protection within and outside UCB/network, keeping in mind how the data/information is stored, transmitted, processed, accessed and put to use within/outside the UCB’s network, and level of risk they are exposed to depending on the sensitivity of the data/information.;;;;aws;;FAIL;S3 Bucket config-bucket-858573892697 allows requests over insecure transport in the bucket policy.;arn:aws:s3:::config-bucket-858573892697;s3_bucket_secure_transport_policy;False;config-bucket-858573892697;RBI-Cyber-Security-Framework;Reserve Bank of India (RBI) Cyber Security Framework;
aws;The Reserve Bank had prescribed a set of baseline cyber security controls for primary (Urban) cooperative banks (UCBs) in October 2018. On further examination, it has been decided to prescribe a comprehensive cyber security framework for the UCBs, as a graded approach, based on their digital depth and interconnectedness with the payment systems landscape, digital products offered by them and assessment of cyber security risk. The framework would mandate implementation of progressively stronger security measures based on the nature, variety and scale of digital product offerings of banks.;858573892697;us-east-1;2026-09-19 09:30:34.148196;annex_i_1_3;Appropriately manage and provide protection within and outside UCB/network, keeping in mind how the data/information is stored, transmitted, processed, accessed and put to use within/outside the UCB’s network, and level of risk they are exposed to depending on the sensitivity of the data/information.;;;;aws;;PASS;S3 Bucket do-not-delete-ssm-diagnosis-858573892697-us-east-1-g2j2x has a bucket policy to deny requests over insecure transport.;arn:aws:s3:::do-not-delete-ssm-diagnosis-858573892697-us-east-1-g2j2x;s3_bucket_secure_transport_policy;False;do-not-delete-ssm-diagnosis-858573892697-us-east-1-g2j2x;RBI-Cyber-Security-Framework;Reserve Bank of India (RBI) Cyber Security Framework;
aws;The Reserve Bank had prescribed a set of baseline cyber security controls for primary (Urban) cooperative banks (UCBs) in October 2018. On further examination, it has been decided to prescribe a comprehensive cyber security framework for the UCBs, as a graded approach, based on their digital depth and interconnectedness with the payment systems landscape, digital products offered by them and assessment of cyber security risk. The framework would mandate implementation of progressively stronger security measures based on the nature, variety and scale of digital product offerings of banks.;858573892697;us-east-1;2026-09-19 09:30:34.148196;annex_i_1_3;Appropriately manage and provide protection within and outside UCB/network, keeping in mind how the data/information is stored, transmitted, processed, accessed and put to use within/outside the UCB’s network, and level of risk they are exposed to depending on the sensitivity of the data/information.;;;;aws;;FAIL;S3 Bucket vaultcloud-logs-prod-2024 does not have a bucket policy, thus it allows HTTP requests.;arn:aws:s3:::vaultcloud-logs-prod-2024;s3_bucket_secure_transport_policy;False;vaultcloud-logs-prod-2024;RBI-Cyber-Security-Framework;Reserve Bank of India (RBI) Cyber Security Framework;
aws;The Reserve Bank had prescribed a set of baseline cyber security controls for primary (Urban) cooperative banks (UCBs) in October 2018. On further examination, it has been decided to prescribe a comprehensive cyber security framework for the UCBs, as a graded approach, based on their digital depth and interconnectedness with the payment systems landscape, digital products offered by them and assessment of cyber security risk. The framework would mandate implementation of progressively stronger security measures based on the nature, variety and scale of digital product offerings of banks.;858573892697;us-east-1;2026-09-19 09:30:34.148196;annex_i_1_3;Appropriately manage and provide protection within and outside UCB/network, keeping in mind how the data/information is stored, transmitted, processed, accessed and put to use within/outside the UCB’s network, and level of risk they are exposed to depending on the sensitivity of the data/information.;;;;aws;;FAIL;S3 Bucket vaultcloud-remediation-test allows requests over insecure transport in the bucket policy.;arn:aws:s3:::vaultcloud-remediation-test;s3_bucket_secure_transport_policy;False;vaultcloud-remediation-test;RBI-Cyber-Security-Framework;Reserve Bank of India (RBI) Cyber Security Framework;
aws;The Reserve Bank had prescribed a set of baseline cyber security controls for primary (Urban) cooperative banks (UCBs) in October 2018. On further examination, it has been decided to prescribe a comprehensive cyber security framework for the UCBs, as a graded approach, based on their digital depth and interconnectedness with the payment systems landscape, digital products offered by them and assessment of cyber security risk. The framework would mandate implementation of progressively stronger security measures based on the nature, variety and scale of digital product offerings of banks.;858573892697;us-east-1;2026-09-19 09:30:34.148196;annex_i_1_3;Appropriately manage and provide protection within and outside UCB/network, keeping in mind how the data/information is stored, transmitted, processed, accessed and put to use within/outside the UCB’s network, and level of risk they are exposed to depending on the sensitivity of the data/information.;;;;aws;;FAIL;S3 Bucket vaultcloud-uploads-prod-2024 does not have a bucket policy, thus it allows HTTP requests.;arn:aws:s3:::vaultcloud-uploads-prod-2024;s3_bucket_secure_transport_policy;False;vaultcloud-uploads-prod-2024;RBI-Cyber-Security-Framework;Reserve Bank of India (RBI) Cyber Security Framework;
aws;The Reserve Bank had prescribed a set of baseline cyber security controls for primary (Urban) cooperative banks (UCBs) in October 2018. On further examination, it has been decided to prescribe a comprehensive cyber security framework for the UCBs, as a graded approach, based on their digital depth and interconnectedness with the payment systems landscape, digital products offered by them and assessment of cyber security risk. The framework would mandate implementation of progressively stronger security measures based on the nature, variety and scale of digital product offerings of banks.;858573892697;us-east-1;2026-09-19 09:30:34.148196;annex_i_7_4;Implement appropriate (e.g. centralised) systems and controls to allow, manage, log and monitor privileged/super user/administrative access to critical systems (servers/databases, applications, network devices etc.);;;;aws;;FAIL;S3 Bucket aws-cloudtrail-logs-858573892697-969e040d has server access logging disabled.;arn:aws:s3:::aws-cloudtrail-logs-858573892697-969e040d;s3_bucket_server_access_logging_enabled;False;aws-cloudtrail-logs-858573892697-969e040d;RBI-Cyber-Security-Framework;Reserve Bank of India (RBI) Cyber Security Framework;
aws;The Reserve Bank had prescribed a set of baseline cyber security controls for primary (Urban) cooperative banks (UCBs) in October 2018. On further examination, it has been decided to prescribe a comprehensive cyber security framework for the UCBs, as a graded approach, based on their digital depth and interconnectedness with the payment systems landscape, digital products offered by them and assessment of cyber security risk. The framework would mandate implementation of progressively stronger security measures based on the nature, variety and scale of digital product offerings of banks.;858573892697;us-east-1;2026-09-19 09:30:34.148196;annex_i_7_4;Implement appropriate (e.g. centralised) systems and controls to allow, manage, log and monitor privileged/super user/administrative access to critical systems (servers/databases, applications, network devices etc.);;;;aws;;FAIL;S3 Bucket config-bucket-858573892697 has server access logging disabled.;arn:aws:s3:::config-bucket-858573892697;s3_bucket_server_access_logging_enabled;False;config-bucket-858573892697;RBI-Cyber-Security-Framework;Reserve Bank of India (RBI) Cyber Security Framework;
aws;The Reserve Bank had prescribed a set of baseline cyber security controls for primary (Urban) cooperative banks (UCBs) in October 2018. On further examination, it has been decided to prescribe a comprehensive cyber security framework for the UCBs, as a graded approach, based on their digital depth and interconnectedness with the payment systems landscape, digital products offered by them and assessment of cyber security risk. The framework would mandate implementation of progressively stronger security measures based on the nature, variety and scale of digital product offerings of banks.;858573892697;us-east-1;2026-09-19 09:30:34.148196;annex_i_7_4;Implement appropriate (e.g. centralised) systems and controls to allow, manage, log and monitor privileged/super user/administrative access to critical systems (servers/databases, applications, network devices etc.);;;;aws;;FAIL;S3 Bucket do-not-delete-ssm-diagnosis-858573892697-us-east-1-g2j2x has server access logging disabled.;arn:aws:s3:::do-not-delete-ssm-diagnosis-858573892697-us-east-1-g2j2x;s3_bucket_server_access_logging_enabled;False;do-not-delete-ssm-diagnosis-858573892697-us-east-1-g2j2x;RBI-Cyber-Security-Framework;Reserve Bank of India (RBI) Cyber Security Framework;
aws;The Reserve Bank had prescribed a set of baseline cyber security controls for primary (Urban) cooperative banks (UCBs) in October 2018. On further examination, it has been decided to prescribe a comprehensive cyber security framework for the UCBs, as a graded approach, based on their digital depth and interconnectedness with the payment systems landscape, digital products offered by them and assessment of cyber security risk. The framework would mandate implementation of progressively stronger security measures based on the nature, variety and scale of digital product offerings of banks.;858573892697;us-east-1;2026-09-19 09:30:34.148196;annex_i_7_4;Implement appropriate (e.g. centralised) systems and controls to allow, manage, log and monitor privileged/super user/administrative access to critical systems (servers/databases, applications, network devices etc.);;;;aws;;FAIL;S3 Bucket vaultcloud-logs-prod-2024 has server access logging disabled.;arn:aws:s3:::vaultcloud-logs-prod-2024;s3_bucket_server_access_logging_enabled;False;vaultcloud-logs-prod-2024;RBI-Cyber-Security-Framework;Reserve Bank of India (RBI) Cyber Security Framework;
aws;The Reserve Bank had prescribed a set of baseline cyber security controls for primary (Urban) cooperative banks (UCBs) in October 2018. On further examination, it has been decided to prescribe a comprehensive cyber security framework for the UCBs, as a graded approach, based on their digital depth and interconnectedness with the payment systems landscape, digital products offered by them and assessment of cyber security risk. The framework would mandate implementation of progressively stronger security measures based on the nature, variety and scale of digital product offerings of banks.;858573892697;us-east-1;2026-09-19 09:30:34.148196;annex_i_7_4;Implement appropriate (e.g. centralised) systems and controls to allow, manage, log and monitor privileged/super user/administrative access to critical systems (servers/databases, applications, network devices etc.);;;;aws;;FAIL;S3 Bucket vaultcloud-remediation-test has server access logging disabled.;arn:aws:s3:::vaultcloud-remediation-test;s3_bucket_server_access_logging_enabled;False;vaultcloud-remediation-test;RBI-Cyber-Security-Framework;Reserve Bank of India (RBI) Cyber Security Framework;
aws;The Reserve Bank had prescribed a set of baseline cyber security controls for primary (Urban) cooperative banks (UCBs) in October 2018. On further examination, it has been decided to prescribe a comprehensive cyber security framework for the UCBs, as a graded approach, based on their digital depth and interconnectedness with the payment systems landscape, digital products offered by them and assessment of cyber security risk. The framework would mandate implementation of progressively stronger security measures based on the nature, variety and scale of digital product offerings of banks.;858573892697;us-east-1;2026-09-19 09:30:34.148196;annex_i_7_4;Implement appropriate (e.g. centralised) systems and controls to allow, manage, log and monitor privileged/super user/administrative access to critical systems (servers/databases, applications, network devices etc.);;;;aws;;FAIL;S3 Bucket vaultcloud-uploads-prod-2024 has server access logging disabled.;arn:aws:s3:::vaultcloud-uploads-prod-2024;s3_bucket_server_access_logging_enabled;False;vaultcloud-uploads-prod-2024;RBI-Cyber-Security-Framework;Reserve Bank of India (RBI) Cyber Security Framework;
aws;The Reserve Bank had prescribed a set of baseline cyber security controls for primary (Urban) cooperative banks (UCBs) in October 2018. On further examination, it has been decided to prescribe a comprehensive cyber security framework for the UCBs, as a graded approach, based on their digital depth and interconnectedness with the payment systems landscape, digital products offered by them and assessment of cyber security risk. The framework would mandate implementation of progressively stronger security measures based on the nature, variety and scale of digital product offerings of banks.;858573892697;ap-northeast-1;2026-09-19 09:30:34.148196;annex_i_7_4;Implement appropriate (e.g. centralised) systems and controls to allow, manage, log and monitor privileged/super user/administrative access to critical systems (servers/databases, applications, network devices etc.);;;;aws;;FAIL;Security Hub is not enabled.;arn:aws:securityhub:ap-northeast-1:858573892697:hub/unknown;securityhub_enabled;False;hub/unknown;RBI-Cyber-Security-Framework;Reserve Bank of India (RBI) Cyber Security Framework;
aws;The Reserve Bank had prescribed a set of baseline cyber security controls for primary (Urban) cooperative banks (UCBs) in October 2018. On further examination, it has been decided to prescribe a comprehensive cyber security framework for the UCBs, as a graded approach, based on their digital depth and interconnectedness with the payment systems landscape, digital products offered by them and assessment of cyber security risk. The framework would mandate implementation of progressively stronger security measures based on the nature, variety and scale of digital product offerings of banks.;858573892697;ap-northeast-2;2026-09-19 09:30:34.148196;annex_i_7_4;Implement appropriate (e.g. centralised) systems and controls to allow, manage, log and monitor privileged/super user/administrative access to critical systems (servers/databases, applications, network devices etc.);;;;aws;;FAIL;Security Hub is not enabled.;arn:aws:securityhub:ap-northeast-2:858573892697:hub/unknown;securityhub_enabled;False;hub/unknown;RBI-Cyber-Security-Framework;Reserve Bank of India (RBI) Cyber Security Framework;
aws;The Reserve Bank had prescribed a set of baseline cyber security controls for primary (Urban) cooperative banks (UCBs) in October 2018. On further examination, it has been decided to prescribe a comprehensive cyber security framework for the UCBs, as a graded approach, based on their digital depth and interconnectedness with the payment systems landscape, digital products offered by them and assessment of cyber security risk. The framework would mandate implementation of progressively stronger security measures based on the nature, variety and scale of digital product offerings of banks.;858573892697;ap-northeast-3;2026-09-19 09:30:34.148196;annex_i_7_4;Implement appropriate (e.g. centralised) systems and controls to allow, manage, log and monitor privileged/super user/administrative access to critical systems (servers/databases, applications, network devices etc.);;;;aws;;FAIL;Security Hub is not enabled.;arn:aws:securityhub:ap-northeast-3:858573892697:hub/unknown;securityhub_enabled;False;hub/unknown;RBI-Cyber-Security-Framework;Reserve Bank of India (RBI) Cyber Security Framework;
aws;The Reserve Bank had prescribed a set of baseline cyber security controls for primary (Urban) cooperative banks (UCBs) in October 2018. On further examination, it has been decided to prescribe a comprehensive cyber security framework for the UCBs, as a graded approach, based on their digital depth and interconnectedness with the payment systems landscape, digital products offered by them and assessment of cyber security risk. The framework would mandate implementation of progressively stronger security measures based on the nature, variety and scale of digital product offerings of banks.;858573892697;ap-south-1;2026-09-19 09:30:34.148196;annex_i_7_4;Implement appropriate (e.g. centralised) systems and controls to allow, manage, log and monitor privileged/super user/administrative access to critical systems (servers/databases, applications, network devices etc.);;;;aws;;FAIL;Security Hub is not enabled.;arn:aws:securityhub:ap-south-1:858573892697:hub/unknown;securityhub_enabled;False;hub/unknown;RBI-Cyber-Security-Framework;Reserve Bank of India (RBI) Cyber Security Framework;
aws;The Reserve Bank had prescribed a set of baseline cyber security controls for primary (Urban) cooperative banks (UCBs) in October 2018. On further examination, it has been decided to prescribe a comprehensive cyber security framework for the UCBs, as a graded approach, based on their digital depth and interconnectedness with the payment systems landscape, digital products offered by them and assessment of cyber security risk. The framework would mandate implementation of progressively stronger security measures based on the nature, variety and scale of digital product offerings of banks.;858573892697;ap-southeast-1;2026-09-19 09:30:34.148196;annex_i_7_4;Implement appropriate (e.g. centralised) systems and controls to allow, manage, log and monitor privileged/super user/administrative access to critical systems (servers/databases, applications, network devices etc.);;;;aws;;FAIL;Security Hub is not enabled.;arn:aws:securityhub:ap-southeast-1:858573892697:hub/unknown;securityhub_enabled;False;hub/unknown;RBI-Cyber-Security-Framework;Reserve Bank of India (RBI) Cyber Security Framework;
aws;The Reserve Bank had prescribed a set of baseline cyber security controls for primary (Urban) cooperative banks (UCBs) in October 2018. On further examination, it has been decided to prescribe a comprehensive cyber security framework for the UCBs, as a graded approach, based on their digital depth and interconnectedness with the payment systems landscape, digital products offered by them and assessment of cyber security risk. The framework would mandate implementation of progressively stronger security measures based on the nature, variety and scale of digital product offerings of banks.;858573892697;ap-southeast-2;2026-09-19 09:30:34.148196;annex_i_7_4;Implement appropriate (e.g. centralised) systems and controls to allow, manage, log and monitor privileged/super user/administrative access to critical systems (servers/databases, applications, network devices etc.);;;;aws;;FAIL;Security Hub is not enabled.;arn:aws:securityhub:ap-southeast-2:858573892697:hub/unknown;securityhub_enabled;False;hub/unknown;RBI-Cyber-Security-Framework;Reserve Bank of India (RBI) Cyber Security Framework;
aws;The Reserve Bank had prescribed a set of baseline cyber security controls for primary (Urban) cooperative banks (UCBs) in October 2018. On further examination, it has been decided to prescribe a comprehensive cyber security framework for the UCBs, as a graded approach, based on their digital depth and interconnectedness with the payment systems landscape, digital products offered by them and assessment of cyber security risk. The framework would mandate implementation of progressively stronger security measures based on the nature, variety and scale of digital product offerings of banks.;858573892697;ca-central-1;2026-09-19 09:30:34.148196;annex_i_7_4;Implement appropriate (e.g. centralised) systems and controls to allow, manage, log and monitor privileged/super user/administrative access to critical systems (servers/databases, applications, network devices etc.);;;;aws;;FAIL;Security Hub is not enabled.;arn:aws:securityhub:ca-central-1:858573892697:hub/unknown;securityhub_enabled;False;hub/unknown;RBI-Cyber-Security-Framework;Reserve Bank of India (RBI) Cyber Security Framework;
aws;The Reserve Bank had prescribed a set of baseline cyber security controls for primary (Urban) cooperative banks (UCBs) in October 2018. On further examination, it has been decided to prescribe a comprehensive cyber security framework for the UCBs, as a graded approach, based on their digital depth and interconnectedness with the payment systems landscape, digital products offered by them and assessment of cyber security risk. The framework would mandate implementation of progressively stronger security measures based on the nature, variety and scale of digital product offerings of banks.;858573892697;eu-central-1;2026-09-19 09:30:34.148196;annex_i_7_4;Implement appropriate (e.g. centralised) systems and controls to allow, manage, log and monitor privileged/super user/administrative access to critical systems (servers/databases, applications, network devices etc.);;;;aws;;FAIL;Security Hub is not enabled.;arn:aws:securityhub:eu-central-1:858573892697:hub/unknown;securityhub_enabled;False;hub/unknown;RBI-Cyber-Security-Framework;Reserve Bank of India (RBI) Cyber Security Framework;
aws;The Reserve Bank had prescribed a set of baseline cyber security controls for primary (Urban) cooperative banks (UCBs) in October 2018. On further examination, it has been decided to prescribe a comprehensive cyber security framework for the UCBs, as a graded approach, based on their digital depth and interconnectedness with the payment systems landscape, digital products offered by them and assessment of cyber security risk. The framework would mandate implementation of progressively stronger security measures based on the nature, variety and scale of digital product offerings of banks.;858573892697;eu-north-1;2026-09-19 09:30:34.148196;annex_i_7_4;Implement appropriate (e.g. centralised) systems and controls to allow, manage, log and monitor privileged/super user/administrative access to critical systems (servers/databases, applications, network devices etc.);;;;aws;;FAIL;Security Hub is not enabled.;arn:aws:securityhub:eu-north-1:858573892697:hub/unknown;securityhub_enabled;False;hub/unknown;RBI-Cyber-Security-Framework;Reserve Bank of India (RBI) Cyber Security Framework;
aws;The Reserve Bank had prescribed a set of baseline cyber security controls for primary (Urban) cooperative banks (UCBs) in October 2018. On further examination, it has been decided to prescribe a comprehensive cyber security framework for the UCBs, as a graded approach, based on their digital depth and interconnectedness with the payment systems landscape, digital products offered by them and assessment of cyber security risk. The framework would mandate implementation of progressively stronger security measures based on the nature, variety and scale of digital product offerings of banks.;858573892697;eu-west-1;2026-09-19 09:30:34.148196;annex_i_7_4;Implement appropriate (e.g. centralised) systems and controls to allow, manage, log and monitor privileged/super user/administrative access to critical systems (servers/databases, applications, network devices etc.);;;;aws;;FAIL;Security Hub is not enabled.;arn:aws:securityhub:eu-west-1:858573892697:hub/unknown;securityhub_enabled;False;hub/unknown;RBI-Cyber-Security-Framework;Reserve Bank of India (RBI) Cyber Security Framework;
aws;The Reserve Bank had prescribed a set of baseline cyber security controls for primary (Urban) cooperative banks (UCBs) in October 2018. On further examination, it has been decided to prescribe a comprehensive cyber security framework for the UCBs, as a graded approach, based on their digital depth and interconnectedness with the payment systems landscape, digital products offered by them and assessment of cyber security risk. The framework would mandate implementation of progressively stronger security measures based on the nature, variety and scale of digital product offerings of banks.;858573892697;eu-west-2;2026-09-19 09:30:34.148196;annex_i_7_4;Implement appropriate (e.g. centralised) systems and controls to allow, manage, log and monitor privileged/super user/administrative access to critical systems (servers/databases, applications, network devices etc.);;;;aws;;FAIL;Security Hub is not enabled.;arn:aws:securityhub:eu-west-2:858573892697:hub/unknown;securityhub_enabled;False;hub/unknown;RBI-Cyber-Security-Framework;Reserve Bank of India (RBI) Cyber Security Framework;
aws;The Reserve Bank had prescribed a set of baseline cyber security controls for primary (Urban) cooperative banks (UCBs) in October 2018. On further examination, it has been decided to prescribe a comprehensive cyber security framework for the UCBs, as a graded approach, based on their digital depth and interconnectedness with the payment systems landscape, digital products offered by them and assessment of cyber security risk. The framework would mandate implementation of progressively stronger security measures based on the nature, variety and scale of digital product offerings of banks.;858573892697;eu-west-3;2026-09-19 09:30:34.148196;annex_i_7_4;Implement appropriate (e.g. centralised) systems and controls to allow, manage, log and monitor privileged/super user/administrative access to critical systems (servers/databases, applications, network devices etc.);;;;aws;;FAIL;Security Hub is not enabled.;arn:aws:securityhub:eu-west-3:858573892697:hub/unknown;securityhub_enabled;False;hub/unknown;RBI-Cyber-Security-Framework;Reserve Bank of India (RBI) Cyber Security Framework;
aws;The Reserve Bank had prescribed a set of baseline cyber security controls for primary (Urban) cooperative banks (UCBs) in October 2018. On further examination, it has been decided to prescribe a comprehensive cyber security framework for the UCBs, as a graded approach, based on their digital depth and interconnectedness with the payment systems landscape, digital products offered by them and assessment of cyber security risk. The framework would mandate implementation of progressively stronger security measures based on the nature, variety and scale of digital product offerings of banks.;858573892697;sa-east-1;2026-09-19 09:30:34.148196;annex_i_7_4;Implement appropriate (e.g. centralised) systems and controls to allow, manage, log and monitor privileged/super user/administrative access to critical systems (servers/databases, applications, network devices etc.);;;;aws;;FAIL;Security Hub is not enabled.;arn:aws:securityhub:sa-east-1:858573892697:hub/unknown;securityhub_enabled;False;hub/unknown;RBI-Cyber-Security-Framework;Reserve Bank of India (RBI) Cyber Security Framework;
aws;The Reserve Bank had prescribed a set of baseline cyber security controls for primary (Urban) cooperative banks (UCBs) in October 2018. On further examination, it has been decided to prescribe a comprehensive cyber security framework for the UCBs, as a graded approach, based on their digital depth and interconnectedness with the payment systems landscape, digital products offered by them and assessment of cyber security risk. The framework would mandate implementation of progressively stronger security measures based on the nature, variety and scale of digital product offerings of banks.;858573892697;us-east-1;2026-09-19 09:30:34.148196;annex_i_7_4;Implement appropriate (e.g. centralised) systems and controls to allow, manage, log and monitor privileged/super user/administrative access to critical systems (servers/databases, applications, network devices etc.);;;;aws;;FAIL;Security Hub is not enabled.;arn:aws:securityhub:us-east-1:858573892697:hub/unknown;securityhub_enabled;False;hub/unknown;RBI-Cyber-Security-Framework;Reserve Bank of India (RBI) Cyber Security Framework;
aws;The Reserve Bank had prescribed a set of baseline cyber security controls for primary (Urban) cooperative banks (UCBs) in October 2018. On further examination, it has been decided to prescribe a comprehensive cyber security framework for the UCBs, as a graded approach, based on their digital depth and interconnectedness with the payment systems landscape, digital products offered by them and assessment of cyber security risk. The framework would mandate implementation of progressively stronger security measures based on the nature, variety and scale of digital product offerings of banks.;858573892697;us-east-2;2026-09-19 09:30:34.148196;annex_i_7_4;Implement appropriate (e.g. centralised) systems and controls to allow, manage, log and monitor privileged/super user/administrative access to critical systems (servers/databases, applications, network devices etc.);;;;aws;;FAIL;Security Hub is not enabled.;arn:aws:securityhub:us-east-2:858573892697:hub/unknown;securityhub_enabled;False;hub/unknown;RBI-Cyber-Security-Framework;Reserve Bank of India (RBI) Cyber Security Framework;
aws;The Reserve Bank had prescribed a set of baseline cyber security controls for primary (Urban) cooperative banks (UCBs) in October 2018. On further examination, it has been decided to prescribe a comprehensive cyber security framework for the UCBs, as a graded approach, based on their digital depth and interconnectedness with the payment systems landscape, digital products offered by them and assessment of cyber security risk. The framework would mandate implementation of progressively stronger security measures based on the nature, variety and scale of digital product offerings of banks.;858573892697;us-west-1;2026-09-19 09:30:34.148196;annex_i_7_4;Implement appropriate (e.g. centralised) systems and controls to allow, manage, log and monitor privileged/super user/administrative access to critical systems (servers/databases, applications, network devices etc.);;;;aws;;FAIL;Security Hub is not enabled.;arn:aws:securityhub:us-west-1:858573892697:hub/unknown;securityhub_enabled;False;hub/unknown;RBI-Cyber-Security-Framework;Reserve Bank of India (RBI) Cyber Security Framework;
aws;The Reserve Bank had prescribed a set of baseline cyber security controls for primary (Urban) cooperative banks (UCBs) in October 2018. On further examination, it has been decided to prescribe a comprehensive cyber security framework for the UCBs, as a graded approach, based on their digital depth and interconnectedness with the payment systems landscape, digital products offered by them and assessment of cyber security risk. The framework would mandate implementation of progressively stronger security measures based on the nature, variety and scale of digital product offerings of banks.;858573892697;us-west-2;2026-09-19 09:30:34.148196;annex_i_7_4;Implement appropriate (e.g. centralised) systems and controls to allow, manage, log and monitor privileged/super user/administrative access to critical systems (servers/databases, applications, network devices etc.);;;;aws;;FAIL;Security Hub is not enabled.;arn:aws:securityhub:us-west-2:858573892697:hub/unknown;securityhub_enabled;False;hub/unknown;RBI-Cyber-Security-Framework;Reserve Bank of India (RBI) Cyber Security Framework;
aws;The Reserve Bank had prescribed a set of baseline cyber security controls for primary (Urban) cooperative banks (UCBs) in October 2018. On further examination, it has been decided to prescribe a comprehensive cyber security framework for the UCBs, as a graded approach, based on their digital depth and interconnectedness with the payment systems landscape, digital products offered by them and assessment of cyber security risk. The framework would mandate implementation of progressively stronger security measures based on the nature, variety and scale of digital product offerings of banks.;858573892697;us-east-1;2026-09-19 09:30:34.148196;annex_i_1_3;Appropriately manage and provide protection within and outside UCB/network, keeping in mind how the data/information is stored, transmitted, processed, accessed and put to use within/outside the UCB’s network, and level of risk they are exposed to depending on the sensitivity of the data/information.;;;;aws;;FAIL;SNS topic BillingAlarm is not encrypted.;arn:aws:sns:us-east-1:858573892697:BillingAlarm;sns_topics_kms_encryption_at_rest_enabled;False;BillingAlarm;RBI-Cyber-Security-Framework;Reserve Bank of India (RBI) Cyber Security Framework;
aws;The Reserve Bank had prescribed a set of baseline cyber security controls for primary (Urban) cooperative banks (UCBs) in October 2018. On further examination, it has been decided to prescribe a comprehensive cyber security framework for the UCBs, as a graded approach, based on their digital depth and interconnectedness with the payment systems landscape, digital products offered by them and assessment of cyber security risk. The framework would mandate implementation of progressively stronger security measures based on the nature, variety and scale of digital product offerings of banks.;858573892697;us-east-1;2026-09-19 09:30:34.148196;annex_i_1_3;Appropriately manage and provide protection within and outside UCB/network, keeping in mind how the data/information is stored, transmitted, processed, accessed and put to use within/outside the UCB’s network, and level of risk they are exposed to depending on the sensitivity of the data/information.;;;;aws;;FAIL;SNS topic Billing_Alarm is not encrypted.;arn:aws:sns:us-east-1:858573892697:Billing_Alarm;sns_topics_kms_encryption_at_rest_enabled;False;Billing_Alarm;RBI-Cyber-Security-Framework;Reserve Bank of India (RBI) Cyber Security Framework;
aws;The Reserve Bank had prescribed a set of baseline cyber security controls for primary (Urban) cooperative banks (UCBs) in October 2018. On further examination, it has been decided to prescribe a comprehensive cyber security framework for the UCBs, as a graded approach, based on their digital depth and interconnectedness with the payment systems landscape, digital products offered by them and assessment of cyber security risk. The framework would mandate implementation of progressively stronger security measures based on the nature, variety and scale of digital product offerings of banks.;858573892697;us-east-1;2026-09-19 09:30:34.148196;annex_i_6;Put in place systems and processes to identify, track, manage and monitor the status of patches to servers, operating system and application software running at the systems used by the UCB officials (end-users). Implement and update antivirus protection for all servers and applicable end points preferably through a centralised system.;;;;aws;;FAIL;EC2 managed instance i-06f893ed5cf0f73fc is non-compliant.;arn:aws:ec2:us-east-1:858573892697:instance/i-06f893ed5cf0f73fc;ssm_managed_compliant_patching;False;i-06f893ed5cf0f73fc;RBI-Cyber-Security-Framework;Reserve Bank of India (RBI) Cyber Security Framework;
aws;The Reserve Bank had prescribed a set of baseline cyber security controls for primary (Urban) cooperative banks (UCBs) in October 2018. On further examination, it has been decided to prescribe a comprehensive cyber security framework for the UCBs, as a graded approach, based on their digital depth and interconnectedness with the payment systems landscape, digital products offered by them and assessment of cyber security risk. The framework would mandate implementation of progressively stronger security measures based on the nature, variety and scale of digital product offerings of banks.;858573892697;us-east-1;2026-09-19 09:30:34.148196;annex_i_7_4;Implement appropriate (e.g. centralised) systems and controls to allow, manage, log and monitor privileged/super user/administrative access to critical systems (servers/databases, applications, network devices etc.);;;;aws;;FAIL;VPC vaultcloud-vpc Flow logs are disabled.;arn:aws:ec2:us-east-1:858573892697:vpc/vpc-05003d63d9533f68c;vpc_flow_logs_enabled;False;vpc-05003d63d9533f68c;RBI-Cyber-Security-Framework;Reserve Bank of India (RBI) Cyber Security Framework;
aws;The Reserve Bank had prescribed a set of baseline cyber security controls for primary (Urban) cooperative banks (UCBs) in October 2018. On further examination, it has been decided to prescribe a comprehensive cyber security framework for the UCBs, as a graded approach, based on their digital depth and interconnectedness with the payment systems landscape, digital products offered by them and assessment of cyber security risk. The framework would mandate implementation of progressively stronger security measures based on the nature, variety and scale of digital product offerings of banks.;858573892697;us-east-1;2026-09-19 09:30:34.148196;annex_i_1_3;Appropriately manage and provide protection within and outside UCB/network, keeping in mind how the data/information is stored, transmitted, processed, accessed and put to use within/outside the UCB’s network, and level of risk they are exposed to depending on the sensitivity of the data/information.;;;;aws;;FAIL;VPC subnet subnet-060b354bc8a3f274c assigns public IP by default.;arn:aws:ec2:us-east-1:858573892697:subnet/subnet-060b354bc8a3f274c;vpc_subnet_no_public_ip_by_default;False;subnet-060b354bc8a3f274c;RBI-Cyber-Security-Framework;Reserve Bank of India (RBI) Cyber Security Framework;
aws;The Reserve Bank had prescribed a set of baseline cyber security controls for primary (Urban) cooperative banks (UCBs) in October 2018. On further examination, it has been decided to prescribe a comprehensive cyber security framework for the UCBs, as a graded approach, based on their digital depth and interconnectedness with the payment systems landscape, digital products offered by them and assessment of cyber security risk. The framework would mandate implementation of progressively stronger security measures based on the nature, variety and scale of digital product offerings of banks.;858573892697;us-east-1;2026-09-19 09:30:34.148196;annex_i_1_3;Appropriately manage and provide protection within and outside UCB/network, keeping in mind how the data/information is stored, transmitted, processed, accessed and put to use within/outside the UCB’s network, and level of risk they are exposed to depending on the sensitivity of the data/information.;;;;aws;;FAIL;VPC subnet subnet-005a60da96b387d85 assigns public IP by default.;arn:aws:ec2:us-east-1:858573892697:subnet/subnet-005a60da96b387d85;vpc_subnet_no_public_ip_by_default;False;subnet-005a60da96b387d85;RBI-Cyber-Security-Framework;Reserve Bank of India (RBI) Cyber Security Framework;
