PROVIDER;DESCRIPTION;ACCOUNTID;REGION;ASSESSMENTDATE;REQUIREMENTS_ID;REQUIREMENTS_DESCRIPTION;REQUIREMENTS_ATTRIBUTES_SECTION;REQUIREMENTS_ATTRIBUTES_SUBSECTION;REQUIREMENTS_ATTRIBUTES_SUBGROUP;REQUIREMENTS_ATTRIBUTES_SERVICE;REQUIREMENTS_ATTRIBUTES_TYPE;STATUS;STATUSEXTENDED;RESOURCEID;CHECKID;MUTED;RESOURCENAME;FRAMEWORK;NAME;REQUIREMENTS_ATTRIBUTES_COMMENT
aws;FedRAMP 20x Key Security Indicators (KSIs) Low Impact Level represent core security indicators for cloud service providers, focusing on automation, continuous monitoring, and cloud-native security principles per FedRAMP 20x Phase One pilot requirements for Low impact systems.;858573892697;us-east-1;2026-09-19 09:30:34.148196;ksi-tpr;A secure cloud service offering will understand, monitor, and manage supply chain risks from third-party information resources;Third-Party Information Resources;;;aws;;PASS;Lambda function security-remediation-s3-public is using python3.14 which is supported.;arn:aws:lambda:us-east-1:858573892697:function:security-remediation-s3-public;awslambda_function_using_supported_runtimes;False;security-remediation-s3-public;FedRAMP-20x-KSI-Low;FedRAMP 20x Key Security Indicators (KSIs) - Low Impact Level v25.05C;
aws;FedRAMP 20x Key Security Indicators (KSIs) Low Impact Level represent core security indicators for cloud service providers, focusing on automation, continuous monitoring, and cloud-native security principles per FedRAMP 20x Phase One pilot requirements for Low impact systems.;858573892697;us-east-1;2026-09-19 09:30:34.148196;ksi-tpr;A secure cloud service offering will understand, monitor, and manage supply chain risks from third-party information resources;Third-Party Information Resources;;;aws;;PASS;Lambda function security-remediation-cloudtrail is using python3.14 which is supported.;arn:aws:lambda:us-east-1:858573892697:function:security-remediation-cloudtrail;awslambda_function_using_supported_runtimes;False;security-remediation-cloudtrail;FedRAMP-20x-KSI-Low;FedRAMP 20x Key Security Indicators (KSIs) - Low Impact Level v25.05C;
aws;FedRAMP 20x Key Security Indicators (KSIs) Low Impact Level represent core security indicators for cloud service providers, focusing on automation, continuous monitoring, and cloud-native security principles per FedRAMP 20x Phase One pilot requirements for Low impact systems.;858573892697;us-east-1;2026-09-19 09:30:34.148196;ksi-tpr;A secure cloud service offering will understand, monitor, and manage supply chain risks from third-party information resources;Third-Party Information Resources;;;aws;;PASS;Lambda function security-remediation-s3-encryption is using python3.14 which is supported.;arn:aws:lambda:us-east-1:858573892697:function:security-remediation-s3-encryption;awslambda_function_using_supported_runtimes;False;security-remediation-s3-encryption;FedRAMP-20x-KSI-Low;FedRAMP 20x Key Security Indicators (KSIs) - Low Impact Level v25.05C;
aws;FedRAMP 20x Key Security Indicators (KSIs) Low Impact Level represent core security indicators for cloud service providers, focusing on automation, continuous monitoring, and cloud-native security principles per FedRAMP 20x Phase One pilot requirements for Low impact systems.;858573892697;us-east-1;2026-09-19 09:30:34.148196;ksi-tpr;A secure cloud service offering will understand, monitor, and manage supply chain risks from third-party information resources;Third-Party Information Resources;;;aws;;PASS;Lambda function security-remediation-rdp is using python3.14 which is supported.;arn:aws:lambda:us-east-1:858573892697:function:security-remediation-rdp;awslambda_function_using_supported_runtimes;False;security-remediation-rdp;FedRAMP-20x-KSI-Low;FedRAMP 20x Key Security Indicators (KSIs) - Low Impact Level v25.05C;
aws;FedRAMP 20x Key Security Indicators (KSIs) Low Impact Level represent core security indicators for cloud service providers, focusing on automation, continuous monitoring, and cloud-native security principles per FedRAMP 20x Phase One pilot requirements for Low impact systems.;858573892697;us-east-1;2026-09-19 09:30:34.148196;ksi-tpr;A secure cloud service offering will understand, monitor, and manage supply chain risks from third-party information resources;Third-Party Information Resources;;;aws;;PASS;Lambda function security-remediation-ssh is using python3.14 which is supported.;arn:aws:lambda:us-east-1:858573892697:function:security-remediation-ssh;awslambda_function_using_supported_runtimes;False;security-remediation-ssh;FedRAMP-20x-KSI-Low;FedRAMP 20x Key Security Indicators (KSIs) - Low Impact Level v25.05C;
aws;FedRAMP 20x Key Security Indicators (KSIs) Low Impact Level represent core security indicators for cloud service providers, focusing on automation, continuous monitoring, and cloud-native security principles per FedRAMP 20x Phase One pilot requirements for Low impact systems.;858573892697;us-east-1;2026-09-19 09:30:34.148196;ksi-rpl;A secure cloud service offering will define, maintain, and test incident response plan(s) and recovery capabilities to ensure minimal service disruption and data loss;Recovery Planning;;;aws;;FAIL;No Backup Vault exist.;arn:aws:backup:us-east-1:858573892697:backup-vault;backup_vaults_exist;False;858573892697;FedRAMP-20x-KSI-Low;FedRAMP 20x Key Security Indicators (KSIs) - Low Impact Level v25.05C;
aws;FedRAMP 20x Key Security Indicators (KSIs) Low Impact Level represent core security indicators for cloud service providers, focusing on automation, continuous monitoring, and cloud-native security principles per FedRAMP 20x Phase One pilot requirements for Low impact systems.;858573892697;us-east-1;2026-09-19 09:30:34.148196;ksi-mla;A secure cloud service offering will monitor, log, and audit all important events, activity, and changes;Monitoring, Logging, and Auditing;;;aws;;PASS;Multiregion trail vaultcloud-trail has been logging in the last 24h.;arn:aws:cloudtrail:us-east-1:858573892697:trail/vaultcloud-trail;cloudtrail_cloudwatch_logging_enabled;False;vaultcloud-trail;FedRAMP-20x-KSI-Low;FedRAMP 20x Key Security Indicators (KSIs) - Low Impact Level v25.05C;
aws;FedRAMP 20x Key Security Indicators (KSIs) Low Impact Level represent core security indicators for cloud service providers, focusing on automation, continuous monitoring, and cloud-native security principles per FedRAMP 20x Phase One pilot requirements for Low impact systems.;858573892697;us-east-1;2026-09-19 09:30:34.148196;ksi-mla;A secure cloud service offering will monitor, log, and audit all important events, activity, and changes;Monitoring, Logging, and Auditing;;;aws;;FAIL;Multiregion trail vaultcloud-trail has encryption disabled.;arn:aws:cloudtrail:us-east-1:858573892697:trail/vaultcloud-trail;cloudtrail_kms_encryption_enabled;False;vaultcloud-trail;FedRAMP-20x-KSI-Low;FedRAMP 20x Key Security Indicators (KSIs) - Low Impact Level v25.05C;
aws;FedRAMP 20x Key Security Indicators (KSIs) Low Impact Level represent core security indicators for cloud service providers, focusing on automation, continuous monitoring, and cloud-native security principles per FedRAMP 20x Phase One pilot requirements for Low impact systems.;858573892697;us-east-1;2026-09-19 09:30:34.148196;ksi-svc;A secure cloud service offering will follow FedRAMP encryption policies, continuously verify information resource integrity, and restrict access to third-party information resources;Service Configuration;;;aws;;FAIL;Multiregion trail vaultcloud-trail has encryption disabled.;arn:aws:cloudtrail:us-east-1:858573892697:trail/vaultcloud-trail;cloudtrail_kms_encryption_enabled;False;vaultcloud-trail;FedRAMP-20x-KSI-Low;FedRAMP 20x Key Security Indicators (KSIs) - Low Impact Level v25.05C;
aws;FedRAMP 20x Key Security Indicators (KSIs) Low Impact Level represent core security indicators for cloud service providers, focusing on automation, continuous monitoring, and cloud-native security principles per FedRAMP 20x Phase One pilot requirements for Low impact systems.;858573892697;us-east-1;2026-09-19 09:30:34.148196;ksi-cmt;A secure cloud service provider will ensure that all system changes are properly documented and configuration baselines are updated accordingly;Change Management;;;aws;;FAIL;Multiregion trail vaultcloud-trail has log file validation disabled.;arn:aws:cloudtrail:us-east-1:858573892697:trail/vaultcloud-trail;cloudtrail_log_file_validation_enabled;False;vaultcloud-trail;FedRAMP-20x-KSI-Low;FedRAMP 20x Key Security Indicators (KSIs) - Low Impact Level v25.05C;
aws;FedRAMP 20x Key Security Indicators (KSIs) Low Impact Level represent core security indicators for cloud service providers, focusing on automation, continuous monitoring, and cloud-native security principles per FedRAMP 20x Phase One pilot requirements for Low impact systems.;858573892697;us-east-1;2026-09-19 09:30:34.148196;ksi-mla;A secure cloud service offering will monitor, log, and audit all important events, activity, and changes;Monitoring, Logging, and Auditing;;;aws;;FAIL;Multiregion trail vaultcloud-trail has log file validation disabled.;arn:aws:cloudtrail:us-east-1:858573892697:trail/vaultcloud-trail;cloudtrail_log_file_validation_enabled;False;vaultcloud-trail;FedRAMP-20x-KSI-Low;FedRAMP 20x Key Security Indicators (KSIs) - Low Impact Level v25.05C;
aws;FedRAMP 20x Key Security Indicators (KSIs) Low Impact Level represent core security indicators for cloud service providers, focusing on automation, continuous monitoring, and cloud-native security principles per FedRAMP 20x Phase One pilot requirements for Low impact systems.;858573892697;ap-northeast-1;2026-09-19 09:30:34.148196;ksi-cmt;A secure cloud service provider will ensure that all system changes are properly documented and configuration baselines are updated accordingly;Change Management;;;aws;;PASS;Trail vaultcloud-trail is multiregion and it is logging.;arn:aws:cloudtrail:us-east-1:858573892697:trail/vaultcloud-trail;cloudtrail_multi_region_enabled;False;vaultcloud-trail;FedRAMP-20x-KSI-Low;FedRAMP 20x Key Security Indicators (KSIs) - Low Impact Level v25.05C;
aws;FedRAMP 20x Key Security Indicators (KSIs) Low Impact Level represent core security indicators for cloud service providers, focusing on automation, continuous monitoring, and cloud-native security principles per FedRAMP 20x Phase One pilot requirements for Low impact systems.;858573892697;ap-northeast-1;2026-09-19 09:30:34.148196;ksi-mla;A secure cloud service offering will monitor, log, and audit all important events, activity, and changes;Monitoring, Logging, and Auditing;;;aws;;PASS;Trail vaultcloud-trail is multiregion and it is logging.;arn:aws:cloudtrail:us-east-1:858573892697:trail/vaultcloud-trail;cloudtrail_multi_region_enabled;False;vaultcloud-trail;FedRAMP-20x-KSI-Low;FedRAMP 20x Key Security Indicators (KSIs) - Low Impact Level v25.05C;
aws;FedRAMP 20x Key Security Indicators (KSIs) Low Impact Level represent core security indicators for cloud service providers, focusing on automation, continuous monitoring, and cloud-native security principles per FedRAMP 20x Phase One pilot requirements for Low impact systems.;858573892697;ap-northeast-1;2026-09-19 09:30:34.148196;ksi-mla-07;Maintain a list of information resources and event types that will be monitored, logged, and audited;Monitoring, Logging, and Auditing;;;aws;;PASS;Trail vaultcloud-trail is multiregion and it is logging.;arn:aws:cloudtrail:us-east-1:858573892697:trail/vaultcloud-trail;cloudtrail_multi_region_enabled;False;vaultcloud-trail;FedRAMP-20x-KSI-Low;FedRAMP 20x Key Security Indicators (KSIs) - Low Impact Level v25.05C;
aws;FedRAMP 20x Key Security Indicators (KSIs) Low Impact Level represent core security indicators for cloud service providers, focusing on automation, continuous monitoring, and cloud-native security principles per FedRAMP 20x Phase One pilot requirements for Low impact systems.;858573892697;ap-northeast-2;2026-09-19 09:30:34.148196;ksi-cmt;A secure cloud service provider will ensure that all system changes are properly documented and configuration baselines are updated accordingly;Change Management;;;aws;;PASS;Trail vaultcloud-trail is multiregion and it is logging.;arn:aws:cloudtrail:us-east-1:858573892697:trail/vaultcloud-trail;cloudtrail_multi_region_enabled;False;vaultcloud-trail;FedRAMP-20x-KSI-Low;FedRAMP 20x Key Security Indicators (KSIs) - Low Impact Level v25.05C;
aws;FedRAMP 20x Key Security Indicators (KSIs) Low Impact Level represent core security indicators for cloud service providers, focusing on automation, continuous monitoring, and cloud-native security principles per FedRAMP 20x Phase One pilot requirements for Low impact systems.;858573892697;ap-northeast-2;2026-09-19 09:30:34.148196;ksi-mla;A secure cloud service offering will monitor, log, and audit all important events, activity, and changes;Monitoring, Logging, and Auditing;;;aws;;PASS;Trail vaultcloud-trail is multiregion and it is logging.;arn:aws:cloudtrail:us-east-1:858573892697:trail/vaultcloud-trail;cloudtrail_multi_region_enabled;False;vaultcloud-trail;FedRAMP-20x-KSI-Low;FedRAMP 20x Key Security Indicators (KSIs) - Low Impact Level v25.05C;
aws;FedRAMP 20x Key Security Indicators (KSIs) Low Impact Level represent core security indicators for cloud service providers, focusing on automation, continuous monitoring, and cloud-native security principles per FedRAMP 20x Phase One pilot requirements for Low impact systems.;858573892697;ap-northeast-2;2026-09-19 09:30:34.148196;ksi-mla-07;Maintain a list of information resources and event types that will be monitored, logged, and audited;Monitoring, Logging, and Auditing;;;aws;;PASS;Trail vaultcloud-trail is multiregion and it is logging.;arn:aws:cloudtrail:us-east-1:858573892697:trail/vaultcloud-trail;cloudtrail_multi_region_enabled;False;vaultcloud-trail;FedRAMP-20x-KSI-Low;FedRAMP 20x Key Security Indicators (KSIs) - Low Impact Level v25.05C;
aws;FedRAMP 20x Key Security Indicators (KSIs) Low Impact Level represent core security indicators for cloud service providers, focusing on automation, continuous monitoring, and cloud-native security principles per FedRAMP 20x Phase One pilot requirements for Low impact systems.;858573892697;ap-northeast-3;2026-09-19 09:30:34.148196;ksi-cmt;A secure cloud service provider will ensure that all system changes are properly documented and configuration baselines are updated accordingly;Change Management;;;aws;;PASS;Trail vaultcloud-trail is multiregion and it is logging.;arn:aws:cloudtrail:us-east-1:858573892697:trail/vaultcloud-trail;cloudtrail_multi_region_enabled;False;vaultcloud-trail;FedRAMP-20x-KSI-Low;FedRAMP 20x Key Security Indicators (KSIs) - Low Impact Level v25.05C;
aws;FedRAMP 20x Key Security Indicators (KSIs) Low Impact Level represent core security indicators for cloud service providers, focusing on automation, continuous monitoring, and cloud-native security principles per FedRAMP 20x Phase One pilot requirements for Low impact systems.;858573892697;ap-northeast-3;2026-09-19 09:30:34.148196;ksi-mla;A secure cloud service offering will monitor, log, and audit all important events, activity, and changes;Monitoring, Logging, and Auditing;;;aws;;PASS;Trail vaultcloud-trail is multiregion and it is logging.;arn:aws:cloudtrail:us-east-1:858573892697:trail/vaultcloud-trail;cloudtrail_multi_region_enabled;False;vaultcloud-trail;FedRAMP-20x-KSI-Low;FedRAMP 20x Key Security Indicators (KSIs) - Low Impact Level v25.05C;
aws;FedRAMP 20x Key Security Indicators (KSIs) Low Impact Level represent core security indicators for cloud service providers, focusing on automation, continuous monitoring, and cloud-native security principles per FedRAMP 20x Phase One pilot requirements for Low impact systems.;858573892697;ap-northeast-3;2026-09-19 09:30:34.148196;ksi-mla-07;Maintain a list of information resources and event types that will be monitored, logged, and audited;Monitoring, Logging, and Auditing;;;aws;;PASS;Trail vaultcloud-trail is multiregion and it is logging.;arn:aws:cloudtrail:us-east-1:858573892697:trail/vaultcloud-trail;cloudtrail_multi_region_enabled;False;vaultcloud-trail;FedRAMP-20x-KSI-Low;FedRAMP 20x Key Security Indicators (KSIs) - Low Impact Level v25.05C;
aws;FedRAMP 20x Key Security Indicators (KSIs) Low Impact Level represent core security indicators for cloud service providers, focusing on automation, continuous monitoring, and cloud-native security principles per FedRAMP 20x Phase One pilot requirements for Low impact systems.;858573892697;ap-south-1;2026-09-19 09:30:34.148196;ksi-cmt;A secure cloud service provider will ensure that all system changes are properly documented and configuration baselines are updated accordingly;Change Management;;;aws;;PASS;Trail vaultcloud-trail is multiregion and it is logging.;arn:aws:cloudtrail:us-east-1:858573892697:trail/vaultcloud-trail;cloudtrail_multi_region_enabled;False;vaultcloud-trail;FedRAMP-20x-KSI-Low;FedRAMP 20x Key Security Indicators (KSIs) - Low Impact Level v25.05C;
aws;FedRAMP 20x Key Security Indicators (KSIs) Low Impact Level represent core security indicators for cloud service providers, focusing on automation, continuous monitoring, and cloud-native security principles per FedRAMP 20x Phase One pilot requirements for Low impact systems.;858573892697;ap-south-1;2026-09-19 09:30:34.148196;ksi-mla;A secure cloud service offering will monitor, log, and audit all important events, activity, and changes;Monitoring, Logging, and Auditing;;;aws;;PASS;Trail vaultcloud-trail is multiregion and it is logging.;arn:aws:cloudtrail:us-east-1:858573892697:trail/vaultcloud-trail;cloudtrail_multi_region_enabled;False;vaultcloud-trail;FedRAMP-20x-KSI-Low;FedRAMP 20x Key Security Indicators (KSIs) - Low Impact Level v25.05C;
aws;FedRAMP 20x Key Security Indicators (KSIs) Low Impact Level represent core security indicators for cloud service providers, focusing on automation, continuous monitoring, and cloud-native security principles per FedRAMP 20x Phase One pilot requirements for Low impact systems.;858573892697;ap-south-1;2026-09-19 09:30:34.148196;ksi-mla-07;Maintain a list of information resources and event types that will be monitored, logged, and audited;Monitoring, Logging, and Auditing;;;aws;;PASS;Trail vaultcloud-trail is multiregion and it is logging.;arn:aws:cloudtrail:us-east-1:858573892697:trail/vaultcloud-trail;cloudtrail_multi_region_enabled;False;vaultcloud-trail;FedRAMP-20x-KSI-Low;FedRAMP 20x Key Security Indicators (KSIs) - Low Impact Level v25.05C;
aws;FedRAMP 20x Key Security Indicators (KSIs) Low Impact Level represent core security indicators for cloud service providers, focusing on automation, continuous monitoring, and cloud-native security principles per FedRAMP 20x Phase One pilot requirements for Low impact systems.;858573892697;ap-southeast-1;2026-09-19 09:30:34.148196;ksi-cmt;A secure cloud service provider will ensure that all system changes are properly documented and configuration baselines are updated accordingly;Change Management;;;aws;;PASS;Trail vaultcloud-trail is multiregion and it is logging.;arn:aws:cloudtrail:us-east-1:858573892697:trail/vaultcloud-trail;cloudtrail_multi_region_enabled;False;vaultcloud-trail;FedRAMP-20x-KSI-Low;FedRAMP 20x Key Security Indicators (KSIs) - Low Impact Level v25.05C;
aws;FedRAMP 20x Key Security Indicators (KSIs) Low Impact Level represent core security indicators for cloud service providers, focusing on automation, continuous monitoring, and cloud-native security principles per FedRAMP 20x Phase One pilot requirements for Low impact systems.;858573892697;ap-southeast-1;2026-09-19 09:30:34.148196;ksi-mla;A secure cloud service offering will monitor, log, and audit all important events, activity, and changes;Monitoring, Logging, and Auditing;;;aws;;PASS;Trail vaultcloud-trail is multiregion and it is logging.;arn:aws:cloudtrail:us-east-1:858573892697:trail/vaultcloud-trail;cloudtrail_multi_region_enabled;False;vaultcloud-trail;FedRAMP-20x-KSI-Low;FedRAMP 20x Key Security Indicators (KSIs) - Low Impact Level v25.05C;
aws;FedRAMP 20x Key Security Indicators (KSIs) Low Impact Level represent core security indicators for cloud service providers, focusing on automation, continuous monitoring, and cloud-native security principles per FedRAMP 20x Phase One pilot requirements for Low impact systems.;858573892697;ap-southeast-1;2026-09-19 09:30:34.148196;ksi-mla-07;Maintain a list of information resources and event types that will be monitored, logged, and audited;Monitoring, Logging, and Auditing;;;aws;;PASS;Trail vaultcloud-trail is multiregion and it is logging.;arn:aws:cloudtrail:us-east-1:858573892697:trail/vaultcloud-trail;cloudtrail_multi_region_enabled;False;vaultcloud-trail;FedRAMP-20x-KSI-Low;FedRAMP 20x Key Security Indicators (KSIs) - Low Impact Level v25.05C;
aws;FedRAMP 20x Key Security Indicators (KSIs) Low Impact Level represent core security indicators for cloud service providers, focusing on automation, continuous monitoring, and cloud-native security principles per FedRAMP 20x Phase One pilot requirements for Low impact systems.;858573892697;ap-southeast-2;2026-09-19 09:30:34.148196;ksi-cmt;A secure cloud service provider will ensure that all system changes are properly documented and configuration baselines are updated accordingly;Change Management;;;aws;;PASS;Trail vaultcloud-trail is multiregion and it is logging.;arn:aws:cloudtrail:us-east-1:858573892697:trail/vaultcloud-trail;cloudtrail_multi_region_enabled;False;vaultcloud-trail;FedRAMP-20x-KSI-Low;FedRAMP 20x Key Security Indicators (KSIs) - Low Impact Level v25.05C;
aws;FedRAMP 20x Key Security Indicators (KSIs) Low Impact Level represent core security indicators for cloud service providers, focusing on automation, continuous monitoring, and cloud-native security principles per FedRAMP 20x Phase One pilot requirements for Low impact systems.;858573892697;ap-southeast-2;2026-09-19 09:30:34.148196;ksi-mla;A secure cloud service offering will monitor, log, and audit all important events, activity, and changes;Monitoring, Logging, and Auditing;;;aws;;PASS;Trail vaultcloud-trail is multiregion and it is logging.;arn:aws:cloudtrail:us-east-1:858573892697:trail/vaultcloud-trail;cloudtrail_multi_region_enabled;False;vaultcloud-trail;FedRAMP-20x-KSI-Low;FedRAMP 20x Key Security Indicators (KSIs) - Low Impact Level v25.05C;
aws;FedRAMP 20x Key Security Indicators (KSIs) Low Impact Level represent core security indicators for cloud service providers, focusing on automation, continuous monitoring, and cloud-native security principles per FedRAMP 20x Phase One pilot requirements for Low impact systems.;858573892697;ap-southeast-2;2026-09-19 09:30:34.148196;ksi-mla-07;Maintain a list of information resources and event types that will be monitored, logged, and audited;Monitoring, Logging, and Auditing;;;aws;;PASS;Trail vaultcloud-trail is multiregion and it is logging.;arn:aws:cloudtrail:us-east-1:858573892697:trail/vaultcloud-trail;cloudtrail_multi_region_enabled;False;vaultcloud-trail;FedRAMP-20x-KSI-Low;FedRAMP 20x Key Security Indicators (KSIs) - Low Impact Level v25.05C;
aws;FedRAMP 20x Key Security Indicators (KSIs) Low Impact Level represent core security indicators for cloud service providers, focusing on automation, continuous monitoring, and cloud-native security principles per FedRAMP 20x Phase One pilot requirements for Low impact systems.;858573892697;ca-central-1;2026-09-19 09:30:34.148196;ksi-cmt;A secure cloud service provider will ensure that all system changes are properly documented and configuration baselines are updated accordingly;Change Management;;;aws;;PASS;Trail vaultcloud-trail is multiregion and it is logging.;arn:aws:cloudtrail:us-east-1:858573892697:trail/vaultcloud-trail;cloudtrail_multi_region_enabled;False;vaultcloud-trail;FedRAMP-20x-KSI-Low;FedRAMP 20x Key Security Indicators (KSIs) - Low Impact Level v25.05C;
aws;FedRAMP 20x Key Security Indicators (KSIs) Low Impact Level represent core security indicators for cloud service providers, focusing on automation, continuous monitoring, and cloud-native security principles per FedRAMP 20x Phase One pilot requirements for Low impact systems.;858573892697;ca-central-1;2026-09-19 09:30:34.148196;ksi-mla;A secure cloud service offering will monitor, log, and audit all important events, activity, and changes;Monitoring, Logging, and Auditing;;;aws;;PASS;Trail vaultcloud-trail is multiregion and it is logging.;arn:aws:cloudtrail:us-east-1:858573892697:trail/vaultcloud-trail;cloudtrail_multi_region_enabled;False;vaultcloud-trail;FedRAMP-20x-KSI-Low;FedRAMP 20x Key Security Indicators (KSIs) - Low Impact Level v25.05C;
aws;FedRAMP 20x Key Security Indicators (KSIs) Low Impact Level represent core security indicators for cloud service providers, focusing on automation, continuous monitoring, and cloud-native security principles per FedRAMP 20x Phase One pilot requirements for Low impact systems.;858573892697;ca-central-1;2026-09-19 09:30:34.148196;ksi-mla-07;Maintain a list of information resources and event types that will be monitored, logged, and audited;Monitoring, Logging, and Auditing;;;aws;;PASS;Trail vaultcloud-trail is multiregion and it is logging.;arn:aws:cloudtrail:us-east-1:858573892697:trail/vaultcloud-trail;cloudtrail_multi_region_enabled;False;vaultcloud-trail;FedRAMP-20x-KSI-Low;FedRAMP 20x Key Security Indicators (KSIs) - Low Impact Level v25.05C;
aws;FedRAMP 20x Key Security Indicators (KSIs) Low Impact Level represent core security indicators for cloud service providers, focusing on automation, continuous monitoring, and cloud-native security principles per FedRAMP 20x Phase One pilot requirements for Low impact systems.;858573892697;eu-central-1;2026-09-19 09:30:34.148196;ksi-cmt;A secure cloud service provider will ensure that all system changes are properly documented and configuration baselines are updated accordingly;Change Management;;;aws;;PASS;Trail vaultcloud-trail is multiregion and it is logging.;arn:aws:cloudtrail:us-east-1:858573892697:trail/vaultcloud-trail;cloudtrail_multi_region_enabled;False;vaultcloud-trail;FedRAMP-20x-KSI-Low;FedRAMP 20x Key Security Indicators (KSIs) - Low Impact Level v25.05C;
aws;FedRAMP 20x Key Security Indicators (KSIs) Low Impact Level represent core security indicators for cloud service providers, focusing on automation, continuous monitoring, and cloud-native security principles per FedRAMP 20x Phase One pilot requirements for Low impact systems.;858573892697;eu-central-1;2026-09-19 09:30:34.148196;ksi-mla;A secure cloud service offering will monitor, log, and audit all important events, activity, and changes;Monitoring, Logging, and Auditing;;;aws;;PASS;Trail vaultcloud-trail is multiregion and it is logging.;arn:aws:cloudtrail:us-east-1:858573892697:trail/vaultcloud-trail;cloudtrail_multi_region_enabled;False;vaultcloud-trail;FedRAMP-20x-KSI-Low;FedRAMP 20x Key Security Indicators (KSIs) - Low Impact Level v25.05C;
aws;FedRAMP 20x Key Security Indicators (KSIs) Low Impact Level represent core security indicators for cloud service providers, focusing on automation, continuous monitoring, and cloud-native security principles per FedRAMP 20x Phase One pilot requirements for Low impact systems.;858573892697;eu-central-1;2026-09-19 09:30:34.148196;ksi-mla-07;Maintain a list of information resources and event types that will be monitored, logged, and audited;Monitoring, Logging, and Auditing;;;aws;;PASS;Trail vaultcloud-trail is multiregion and it is logging.;arn:aws:cloudtrail:us-east-1:858573892697:trail/vaultcloud-trail;cloudtrail_multi_region_enabled;False;vaultcloud-trail;FedRAMP-20x-KSI-Low;FedRAMP 20x Key Security Indicators (KSIs) - Low Impact Level v25.05C;
aws;FedRAMP 20x Key Security Indicators (KSIs) Low Impact Level represent core security indicators for cloud service providers, focusing on automation, continuous monitoring, and cloud-native security principles per FedRAMP 20x Phase One pilot requirements for Low impact systems.;858573892697;eu-north-1;2026-09-19 09:30:34.148196;ksi-cmt;A secure cloud service provider will ensure that all system changes are properly documented and configuration baselines are updated accordingly;Change Management;;;aws;;PASS;Trail vaultcloud-trail is multiregion and it is logging.;arn:aws:cloudtrail:us-east-1:858573892697:trail/vaultcloud-trail;cloudtrail_multi_region_enabled;False;vaultcloud-trail;FedRAMP-20x-KSI-Low;FedRAMP 20x Key Security Indicators (KSIs) - Low Impact Level v25.05C;
aws;FedRAMP 20x Key Security Indicators (KSIs) Low Impact Level represent core security indicators for cloud service providers, focusing on automation, continuous monitoring, and cloud-native security principles per FedRAMP 20x Phase One pilot requirements for Low impact systems.;858573892697;eu-north-1;2026-09-19 09:30:34.148196;ksi-mla;A secure cloud service offering will monitor, log, and audit all important events, activity, and changes;Monitoring, Logging, and Auditing;;;aws;;PASS;Trail vaultcloud-trail is multiregion and it is logging.;arn:aws:cloudtrail:us-east-1:858573892697:trail/vaultcloud-trail;cloudtrail_multi_region_enabled;False;vaultcloud-trail;FedRAMP-20x-KSI-Low;FedRAMP 20x Key Security Indicators (KSIs) - Low Impact Level v25.05C;
aws;FedRAMP 20x Key Security Indicators (KSIs) Low Impact Level represent core security indicators for cloud service providers, focusing on automation, continuous monitoring, and cloud-native security principles per FedRAMP 20x Phase One pilot requirements for Low impact systems.;858573892697;eu-north-1;2026-09-19 09:30:34.148196;ksi-mla-07;Maintain a list of information resources and event types that will be monitored, logged, and audited;Monitoring, Logging, and Auditing;;;aws;;PASS;Trail vaultcloud-trail is multiregion and it is logging.;arn:aws:cloudtrail:us-east-1:858573892697:trail/vaultcloud-trail;cloudtrail_multi_region_enabled;False;vaultcloud-trail;FedRAMP-20x-KSI-Low;FedRAMP 20x Key Security Indicators (KSIs) - Low Impact Level v25.05C;
aws;FedRAMP 20x Key Security Indicators (KSIs) Low Impact Level represent core security indicators for cloud service providers, focusing on automation, continuous monitoring, and cloud-native security principles per FedRAMP 20x Phase One pilot requirements for Low impact systems.;858573892697;eu-west-1;2026-09-19 09:30:34.148196;ksi-cmt;A secure cloud service provider will ensure that all system changes are properly documented and configuration baselines are updated accordingly;Change Management;;;aws;;PASS;Trail vaultcloud-trail is multiregion and it is logging.;arn:aws:cloudtrail:us-east-1:858573892697:trail/vaultcloud-trail;cloudtrail_multi_region_enabled;False;vaultcloud-trail;FedRAMP-20x-KSI-Low;FedRAMP 20x Key Security Indicators (KSIs) - Low Impact Level v25.05C;
aws;FedRAMP 20x Key Security Indicators (KSIs) Low Impact Level represent core security indicators for cloud service providers, focusing on automation, continuous monitoring, and cloud-native security principles per FedRAMP 20x Phase One pilot requirements for Low impact systems.;858573892697;eu-west-1;2026-09-19 09:30:34.148196;ksi-mla;A secure cloud service offering will monitor, log, and audit all important events, activity, and changes;Monitoring, Logging, and Auditing;;;aws;;PASS;Trail vaultcloud-trail is multiregion and it is logging.;arn:aws:cloudtrail:us-east-1:858573892697:trail/vaultcloud-trail;cloudtrail_multi_region_enabled;False;vaultcloud-trail;FedRAMP-20x-KSI-Low;FedRAMP 20x Key Security Indicators (KSIs) - Low Impact Level v25.05C;
aws;FedRAMP 20x Key Security Indicators (KSIs) Low Impact Level represent core security indicators for cloud service providers, focusing on automation, continuous monitoring, and cloud-native security principles per FedRAMP 20x Phase One pilot requirements for Low impact systems.;858573892697;eu-west-1;2026-09-19 09:30:34.148196;ksi-mla-07;Maintain a list of information resources and event types that will be monitored, logged, and audited;Monitoring, Logging, and Auditing;;;aws;;PASS;Trail vaultcloud-trail is multiregion and it is logging.;arn:aws:cloudtrail:us-east-1:858573892697:trail/vaultcloud-trail;cloudtrail_multi_region_enabled;False;vaultcloud-trail;FedRAMP-20x-KSI-Low;FedRAMP 20x Key Security Indicators (KSIs) - Low Impact Level v25.05C;
aws;FedRAMP 20x Key Security Indicators (KSIs) Low Impact Level represent core security indicators for cloud service providers, focusing on automation, continuous monitoring, and cloud-native security principles per FedRAMP 20x Phase One pilot requirements for Low impact systems.;858573892697;eu-west-2;2026-09-19 09:30:34.148196;ksi-cmt;A secure cloud service provider will ensure that all system changes are properly documented and configuration baselines are updated accordingly;Change Management;;;aws;;PASS;Trail vaultcloud-trail is multiregion and it is logging.;arn:aws:cloudtrail:us-east-1:858573892697:trail/vaultcloud-trail;cloudtrail_multi_region_enabled;False;vaultcloud-trail;FedRAMP-20x-KSI-Low;FedRAMP 20x Key Security Indicators (KSIs) - Low Impact Level v25.05C;
aws;FedRAMP 20x Key Security Indicators (KSIs) Low Impact Level represent core security indicators for cloud service providers, focusing on automation, continuous monitoring, and cloud-native security principles per FedRAMP 20x Phase One pilot requirements for Low impact systems.;858573892697;eu-west-2;2026-09-19 09:30:34.148196;ksi-mla;A secure cloud service offering will monitor, log, and audit all important events, activity, and changes;Monitoring, Logging, and Auditing;;;aws;;PASS;Trail vaultcloud-trail is multiregion and it is logging.;arn:aws:cloudtrail:us-east-1:858573892697:trail/vaultcloud-trail;cloudtrail_multi_region_enabled;False;vaultcloud-trail;FedRAMP-20x-KSI-Low;FedRAMP 20x Key Security Indicators (KSIs) - Low Impact Level v25.05C;
aws;FedRAMP 20x Key Security Indicators (KSIs) Low Impact Level represent core security indicators for cloud service providers, focusing on automation, continuous monitoring, and cloud-native security principles per FedRAMP 20x Phase One pilot requirements for Low impact systems.;858573892697;eu-west-2;2026-09-19 09:30:34.148196;ksi-mla-07;Maintain a list of information resources and event types that will be monitored, logged, and audited;Monitoring, Logging, and Auditing;;;aws;;PASS;Trail vaultcloud-trail is multiregion and it is logging.;arn:aws:cloudtrail:us-east-1:858573892697:trail/vaultcloud-trail;cloudtrail_multi_region_enabled;False;vaultcloud-trail;FedRAMP-20x-KSI-Low;FedRAMP 20x Key Security Indicators (KSIs) - Low Impact Level v25.05C;
aws;FedRAMP 20x Key Security Indicators (KSIs) Low Impact Level represent core security indicators for cloud service providers, focusing on automation, continuous monitoring, and cloud-native security principles per FedRAMP 20x Phase One pilot requirements for Low impact systems.;858573892697;eu-west-3;2026-09-19 09:30:34.148196;ksi-cmt;A secure cloud service provider will ensure that all system changes are properly documented and configuration baselines are updated accordingly;Change Management;;;aws;;PASS;Trail vaultcloud-trail is multiregion and it is logging.;arn:aws:cloudtrail:us-east-1:858573892697:trail/vaultcloud-trail;cloudtrail_multi_region_enabled;False;vaultcloud-trail;FedRAMP-20x-KSI-Low;FedRAMP 20x Key Security Indicators (KSIs) - Low Impact Level v25.05C;
aws;FedRAMP 20x Key Security Indicators (KSIs) Low Impact Level represent core security indicators for cloud service providers, focusing on automation, continuous monitoring, and cloud-native security principles per FedRAMP 20x Phase One pilot requirements for Low impact systems.;858573892697;eu-west-3;2026-09-19 09:30:34.148196;ksi-mla;A secure cloud service offering will monitor, log, and audit all important events, activity, and changes;Monitoring, Logging, and Auditing;;;aws;;PASS;Trail vaultcloud-trail is multiregion and it is logging.;arn:aws:cloudtrail:us-east-1:858573892697:trail/vaultcloud-trail;cloudtrail_multi_region_enabled;False;vaultcloud-trail;FedRAMP-20x-KSI-Low;FedRAMP 20x Key Security Indicators (KSIs) - Low Impact Level v25.05C;
aws;FedRAMP 20x Key Security Indicators (KSIs) Low Impact Level represent core security indicators for cloud service providers, focusing on automation, continuous monitoring, and cloud-native security principles per FedRAMP 20x Phase One pilot requirements for Low impact systems.;858573892697;eu-west-3;2026-09-19 09:30:34.148196;ksi-mla-07;Maintain a list of information resources and event types that will be monitored, logged, and audited;Monitoring, Logging, and Auditing;;;aws;;PASS;Trail vaultcloud-trail is multiregion and it is logging.;arn:aws:cloudtrail:us-east-1:858573892697:trail/vaultcloud-trail;cloudtrail_multi_region_enabled;False;vaultcloud-trail;FedRAMP-20x-KSI-Low;FedRAMP 20x Key Security Indicators (KSIs) - Low Impact Level v25.05C;
aws;FedRAMP 20x Key Security Indicators (KSIs) Low Impact Level represent core security indicators for cloud service providers, focusing on automation, continuous monitoring, and cloud-native security principles per FedRAMP 20x Phase One pilot requirements for Low impact systems.;858573892697;sa-east-1;2026-09-19 09:30:34.148196;ksi-cmt;A secure cloud service provider will ensure that all system changes are properly documented and configuration baselines are updated accordingly;Change Management;;;aws;;PASS;Trail vaultcloud-trail is multiregion and it is logging.;arn:aws:cloudtrail:us-east-1:858573892697:trail/vaultcloud-trail;cloudtrail_multi_region_enabled;False;vaultcloud-trail;FedRAMP-20x-KSI-Low;FedRAMP 20x Key Security Indicators (KSIs) - Low Impact Level v25.05C;
aws;FedRAMP 20x Key Security Indicators (KSIs) Low Impact Level represent core security indicators for cloud service providers, focusing on automation, continuous monitoring, and cloud-native security principles per FedRAMP 20x Phase One pilot requirements for Low impact systems.;858573892697;sa-east-1;2026-09-19 09:30:34.148196;ksi-mla;A secure cloud service offering will monitor, log, and audit all important events, activity, and changes;Monitoring, Logging, and Auditing;;;aws;;PASS;Trail vaultcloud-trail is multiregion and it is logging.;arn:aws:cloudtrail:us-east-1:858573892697:trail/vaultcloud-trail;cloudtrail_multi_region_enabled;False;vaultcloud-trail;FedRAMP-20x-KSI-Low;FedRAMP 20x Key Security Indicators (KSIs) - Low Impact Level v25.05C;
aws;FedRAMP 20x Key Security Indicators (KSIs) Low Impact Level represent core security indicators for cloud service providers, focusing on automation, continuous monitoring, and cloud-native security principles per FedRAMP 20x Phase One pilot requirements for Low impact systems.;858573892697;sa-east-1;2026-09-19 09:30:34.148196;ksi-mla-07;Maintain a list of information resources and event types that will be monitored, logged, and audited;Monitoring, Logging, and Auditing;;;aws;;PASS;Trail vaultcloud-trail is multiregion and it is logging.;arn:aws:cloudtrail:us-east-1:858573892697:trail/vaultcloud-trail;cloudtrail_multi_region_enabled;False;vaultcloud-trail;FedRAMP-20x-KSI-Low;FedRAMP 20x Key Security Indicators (KSIs) - Low Impact Level v25.05C;
aws;FedRAMP 20x Key Security Indicators (KSIs) Low Impact Level represent core security indicators for cloud service providers, focusing on automation, continuous monitoring, and cloud-native security principles per FedRAMP 20x Phase One pilot requirements for Low impact systems.;858573892697;us-east-1;2026-09-19 09:30:34.148196;ksi-cmt;A secure cloud service provider will ensure that all system changes are properly documented and configuration baselines are updated accordingly;Change Management;;;aws;;PASS;Trail vaultcloud-trail is multiregion and it is logging.;arn:aws:cloudtrail:us-east-1:858573892697:trail/vaultcloud-trail;cloudtrail_multi_region_enabled;False;vaultcloud-trail;FedRAMP-20x-KSI-Low;FedRAMP 20x Key Security Indicators (KSIs) - Low Impact Level v25.05C;
aws;FedRAMP 20x Key Security Indicators (KSIs) Low Impact Level represent core security indicators for cloud service providers, focusing on automation, continuous monitoring, and cloud-native security principles per FedRAMP 20x Phase One pilot requirements for Low impact systems.;858573892697;us-east-1;2026-09-19 09:30:34.148196;ksi-mla;A secure cloud service offering will monitor, log, and audit all important events, activity, and changes;Monitoring, Logging, and Auditing;;;aws;;PASS;Trail vaultcloud-trail is multiregion and it is logging.;arn:aws:cloudtrail:us-east-1:858573892697:trail/vaultcloud-trail;cloudtrail_multi_region_enabled;False;vaultcloud-trail;FedRAMP-20x-KSI-Low;FedRAMP 20x Key Security Indicators (KSIs) - Low Impact Level v25.05C;
aws;FedRAMP 20x Key Security Indicators (KSIs) Low Impact Level represent core security indicators for cloud service providers, focusing on automation, continuous monitoring, and cloud-native security principles per FedRAMP 20x Phase One pilot requirements for Low impact systems.;858573892697;us-east-1;2026-09-19 09:30:34.148196;ksi-mla-07;Maintain a list of information resources and event types that will be monitored, logged, and audited;Monitoring, Logging, and Auditing;;;aws;;PASS;Trail vaultcloud-trail is multiregion and it is logging.;arn:aws:cloudtrail:us-east-1:858573892697:trail/vaultcloud-trail;cloudtrail_multi_region_enabled;False;vaultcloud-trail;FedRAMP-20x-KSI-Low;FedRAMP 20x Key Security Indicators (KSIs) - Low Impact Level v25.05C;
aws;FedRAMP 20x Key Security Indicators (KSIs) Low Impact Level represent core security indicators for cloud service providers, focusing on automation, continuous monitoring, and cloud-native security principles per FedRAMP 20x Phase One pilot requirements for Low impact systems.;858573892697;us-east-2;2026-09-19 09:30:34.148196;ksi-cmt;A secure cloud service provider will ensure that all system changes are properly documented and configuration baselines are updated accordingly;Change Management;;;aws;;PASS;Trail vaultcloud-trail is multiregion and it is logging.;arn:aws:cloudtrail:us-east-1:858573892697:trail/vaultcloud-trail;cloudtrail_multi_region_enabled;False;vaultcloud-trail;FedRAMP-20x-KSI-Low;FedRAMP 20x Key Security Indicators (KSIs) - Low Impact Level v25.05C;
aws;FedRAMP 20x Key Security Indicators (KSIs) Low Impact Level represent core security indicators for cloud service providers, focusing on automation, continuous monitoring, and cloud-native security principles per FedRAMP 20x Phase One pilot requirements for Low impact systems.;858573892697;us-east-2;2026-09-19 09:30:34.148196;ksi-mla;A secure cloud service offering will monitor, log, and audit all important events, activity, and changes;Monitoring, Logging, and Auditing;;;aws;;PASS;Trail vaultcloud-trail is multiregion and it is logging.;arn:aws:cloudtrail:us-east-1:858573892697:trail/vaultcloud-trail;cloudtrail_multi_region_enabled;False;vaultcloud-trail;FedRAMP-20x-KSI-Low;FedRAMP 20x Key Security Indicators (KSIs) - Low Impact Level v25.05C;
aws;FedRAMP 20x Key Security Indicators (KSIs) Low Impact Level represent core security indicators for cloud service providers, focusing on automation, continuous monitoring, and cloud-native security principles per FedRAMP 20x Phase One pilot requirements for Low impact systems.;858573892697;us-east-2;2026-09-19 09:30:34.148196;ksi-mla-07;Maintain a list of information resources and event types that will be monitored, logged, and audited;Monitoring, Logging, and Auditing;;;aws;;PASS;Trail vaultcloud-trail is multiregion and it is logging.;arn:aws:cloudtrail:us-east-1:858573892697:trail/vaultcloud-trail;cloudtrail_multi_region_enabled;False;vaultcloud-trail;FedRAMP-20x-KSI-Low;FedRAMP 20x Key Security Indicators (KSIs) - Low Impact Level v25.05C;
aws;FedRAMP 20x Key Security Indicators (KSIs) Low Impact Level represent core security indicators for cloud service providers, focusing on automation, continuous monitoring, and cloud-native security principles per FedRAMP 20x Phase One pilot requirements for Low impact systems.;858573892697;us-west-1;2026-09-19 09:30:34.148196;ksi-cmt;A secure cloud service provider will ensure that all system changes are properly documented and configuration baselines are updated accordingly;Change Management;;;aws;;PASS;Trail vaultcloud-trail is multiregion and it is logging.;arn:aws:cloudtrail:us-east-1:858573892697:trail/vaultcloud-trail;cloudtrail_multi_region_enabled;False;vaultcloud-trail;FedRAMP-20x-KSI-Low;FedRAMP 20x Key Security Indicators (KSIs) - Low Impact Level v25.05C;
aws;FedRAMP 20x Key Security Indicators (KSIs) Low Impact Level represent core security indicators for cloud service providers, focusing on automation, continuous monitoring, and cloud-native security principles per FedRAMP 20x Phase One pilot requirements for Low impact systems.;858573892697;us-west-1;2026-09-19 09:30:34.148196;ksi-mla;A secure cloud service offering will monitor, log, and audit all important events, activity, and changes;Monitoring, Logging, and Auditing;;;aws;;PASS;Trail vaultcloud-trail is multiregion and it is logging.;arn:aws:cloudtrail:us-east-1:858573892697:trail/vaultcloud-trail;cloudtrail_multi_region_enabled;False;vaultcloud-trail;FedRAMP-20x-KSI-Low;FedRAMP 20x Key Security Indicators (KSIs) - Low Impact Level v25.05C;
aws;FedRAMP 20x Key Security Indicators (KSIs) Low Impact Level represent core security indicators for cloud service providers, focusing on automation, continuous monitoring, and cloud-native security principles per FedRAMP 20x Phase One pilot requirements for Low impact systems.;858573892697;us-west-1;2026-09-19 09:30:34.148196;ksi-mla-07;Maintain a list of information resources and event types that will be monitored, logged, and audited;Monitoring, Logging, and Auditing;;;aws;;PASS;Trail vaultcloud-trail is multiregion and it is logging.;arn:aws:cloudtrail:us-east-1:858573892697:trail/vaultcloud-trail;cloudtrail_multi_region_enabled;False;vaultcloud-trail;FedRAMP-20x-KSI-Low;FedRAMP 20x Key Security Indicators (KSIs) - Low Impact Level v25.05C;
aws;FedRAMP 20x Key Security Indicators (KSIs) Low Impact Level represent core security indicators for cloud service providers, focusing on automation, continuous monitoring, and cloud-native security principles per FedRAMP 20x Phase One pilot requirements for Low impact systems.;858573892697;us-west-2;2026-09-19 09:30:34.148196;ksi-cmt;A secure cloud service provider will ensure that all system changes are properly documented and configuration baselines are updated accordingly;Change Management;;;aws;;PASS;Trail vaultcloud-trail is multiregion and it is logging.;arn:aws:cloudtrail:us-east-1:858573892697:trail/vaultcloud-trail;cloudtrail_multi_region_enabled;False;vaultcloud-trail;FedRAMP-20x-KSI-Low;FedRAMP 20x Key Security Indicators (KSIs) - Low Impact Level v25.05C;
aws;FedRAMP 20x Key Security Indicators (KSIs) Low Impact Level represent core security indicators for cloud service providers, focusing on automation, continuous monitoring, and cloud-native security principles per FedRAMP 20x Phase One pilot requirements for Low impact systems.;858573892697;us-west-2;2026-09-19 09:30:34.148196;ksi-mla;A secure cloud service offering will monitor, log, and audit all important events, activity, and changes;Monitoring, Logging, and Auditing;;;aws;;PASS;Trail vaultcloud-trail is multiregion and it is logging.;arn:aws:cloudtrail:us-east-1:858573892697:trail/vaultcloud-trail;cloudtrail_multi_region_enabled;False;vaultcloud-trail;FedRAMP-20x-KSI-Low;FedRAMP 20x Key Security Indicators (KSIs) - Low Impact Level v25.05C;
aws;FedRAMP 20x Key Security Indicators (KSIs) Low Impact Level represent core security indicators for cloud service providers, focusing on automation, continuous monitoring, and cloud-native security principles per FedRAMP 20x Phase One pilot requirements for Low impact systems.;858573892697;us-west-2;2026-09-19 09:30:34.148196;ksi-mla-07;Maintain a list of information resources and event types that will be monitored, logged, and audited;Monitoring, Logging, and Auditing;;;aws;;PASS;Trail vaultcloud-trail is multiregion and it is logging.;arn:aws:cloudtrail:us-east-1:858573892697:trail/vaultcloud-trail;cloudtrail_multi_region_enabled;False;vaultcloud-trail;FedRAMP-20x-KSI-Low;FedRAMP 20x Key Security Indicators (KSIs) - Low Impact Level v25.05C;
aws;FedRAMP 20x Key Security Indicators (KSIs) Low Impact Level represent core security indicators for cloud service providers, focusing on automation, continuous monitoring, and cloud-native security principles per FedRAMP 20x Phase One pilot requirements for Low impact systems.;858573892697;us-east-1;2026-09-19 09:30:34.148196;ksi-cmt;A secure cloud service provider will ensure that all system changes are properly documented and configuration baselines are updated accordingly;Change Management;;;aws;;FAIL;No CloudTrail trails have a data event to record all S3 object-level API operations.;arn:aws:cloudtrail:us-east-1:858573892697:trail;cloudtrail_s3_dataevents_read_enabled;False;858573892697;FedRAMP-20x-KSI-Low;FedRAMP 20x Key Security Indicators (KSIs) - Low Impact Level v25.05C;
aws;FedRAMP 20x Key Security Indicators (KSIs) Low Impact Level represent core security indicators for cloud service providers, focusing on automation, continuous monitoring, and cloud-native security principles per FedRAMP 20x Phase One pilot requirements for Low impact systems.;858573892697;us-east-1;2026-09-19 09:30:34.148196;ksi-mla;A secure cloud service offering will monitor, log, and audit all important events, activity, and changes;Monitoring, Logging, and Auditing;;;aws;;FAIL;No CloudTrail trails have a data event to record all S3 object-level API operations.;arn:aws:cloudtrail:us-east-1:858573892697:trail;cloudtrail_s3_dataevents_read_enabled;False;858573892697;FedRAMP-20x-KSI-Low;FedRAMP 20x Key Security Indicators (KSIs) - Low Impact Level v25.05C;
aws;FedRAMP 20x Key Security Indicators (KSIs) Low Impact Level represent core security indicators for cloud service providers, focusing on automation, continuous monitoring, and cloud-native security principles per FedRAMP 20x Phase One pilot requirements for Low impact systems.;858573892697;us-east-1;2026-09-19 09:30:34.148196;ksi-cmt;A secure cloud service provider will ensure that all system changes are properly documented and configuration baselines are updated accordingly;Change Management;;;aws;;FAIL;No CloudTrail trails have a data event to record all S3 object-level API operations.;arn:aws:cloudtrail:us-east-1:858573892697:trail;cloudtrail_s3_dataevents_write_enabled;False;858573892697;FedRAMP-20x-KSI-Low;FedRAMP 20x Key Security Indicators (KSIs) - Low Impact Level v25.05C;
aws;FedRAMP 20x Key Security Indicators (KSIs) Low Impact Level represent core security indicators for cloud service providers, focusing on automation, continuous monitoring, and cloud-native security principles per FedRAMP 20x Phase One pilot requirements for Low impact systems.;858573892697;us-east-1;2026-09-19 09:30:34.148196;ksi-mla;A secure cloud service offering will monitor, log, and audit all important events, activity, and changes;Monitoring, Logging, and Auditing;;;aws;;FAIL;No CloudTrail trails have a data event to record all S3 object-level API operations.;arn:aws:cloudtrail:us-east-1:858573892697:trail;cloudtrail_s3_dataevents_write_enabled;False;858573892697;FedRAMP-20x-KSI-Low;FedRAMP 20x Key Security Indicators (KSIs) - Low Impact Level v25.05C;
aws;FedRAMP 20x Key Security Indicators (KSIs) Low Impact Level represent core security indicators for cloud service providers, focusing on automation, continuous monitoring, and cloud-native security principles per FedRAMP 20x Phase One pilot requirements for Low impact systems.;858573892697;us-east-1;2026-09-19 09:30:34.148196;ksi-cmt;A secure cloud service provider will ensure that all system changes are properly documented and configuration baselines are updated accordingly;Change Management;;;aws;;FAIL;No CloudWatch log groups found with metric filters or alarms associated.;arn:aws:logs:us-east-1:858573892697:log-group;cloudwatch_changes_to_network_acls_alarm_configured;False;858573892697;FedRAMP-20x-KSI-Low;FedRAMP 20x Key Security Indicators (KSIs) - Low Impact Level v25.05C;
aws;FedRAMP 20x Key Security Indicators (KSIs) Low Impact Level represent core security indicators for cloud service providers, focusing on automation, continuous monitoring, and cloud-native security principles per FedRAMP 20x Phase One pilot requirements for Low impact systems.;858573892697;us-east-1;2026-09-19 09:30:34.148196;ksi-cmt;A secure cloud service provider will ensure that all system changes are properly documented and configuration baselines are updated accordingly;Change Management;;;aws;;FAIL;No CloudWatch log groups found with metric filters or alarms associated.;arn:aws:logs:us-east-1:858573892697:log-group;cloudwatch_changes_to_network_gateways_alarm_configured;False;858573892697;FedRAMP-20x-KSI-Low;FedRAMP 20x Key Security Indicators (KSIs) - Low Impact Level v25.05C;
aws;FedRAMP 20x Key Security Indicators (KSIs) Low Impact Level represent core security indicators for cloud service providers, focusing on automation, continuous monitoring, and cloud-native security principles per FedRAMP 20x Phase One pilot requirements for Low impact systems.;858573892697;us-east-1;2026-09-19 09:30:34.148196;ksi-cmt;A secure cloud service provider will ensure that all system changes are properly documented and configuration baselines are updated accordingly;Change Management;;;aws;;FAIL;No CloudWatch log groups found with metric filters or alarms associated.;arn:aws:logs:us-east-1:858573892697:log-group;cloudwatch_changes_to_network_route_tables_alarm_configured;False;858573892697;FedRAMP-20x-KSI-Low;FedRAMP 20x Key Security Indicators (KSIs) - Low Impact Level v25.05C;
aws;FedRAMP 20x Key Security Indicators (KSIs) Low Impact Level represent core security indicators for cloud service providers, focusing on automation, continuous monitoring, and cloud-native security principles per FedRAMP 20x Phase One pilot requirements for Low impact systems.;858573892697;us-east-1;2026-09-19 09:30:34.148196;ksi-cmt;A secure cloud service provider will ensure that all system changes are properly documented and configuration baselines are updated accordingly;Change Management;;;aws;;FAIL;No CloudWatch log groups found with metric filters or alarms associated.;arn:aws:logs:us-east-1:858573892697:log-group;cloudwatch_changes_to_vpcs_alarm_configured;False;858573892697;FedRAMP-20x-KSI-Low;FedRAMP 20x Key Security Indicators (KSIs) - Low Impact Level v25.05C;
aws;FedRAMP 20x Key Security Indicators (KSIs) Low Impact Level represent core security indicators for cloud service providers, focusing on automation, continuous monitoring, and cloud-native security principles per FedRAMP 20x Phase One pilot requirements for Low impact systems.;858573892697;us-east-1;2026-09-19 09:30:34.148196;ksi-mla;A secure cloud service offering will monitor, log, and audit all important events, activity, and changes;Monitoring, Logging, and Auditing;;;aws;;FAIL;Log Group /aws/lambda/security-remediation-cloudtrail does not have AWS KMS keys associated.;arn:aws:logs:us-east-1:858573892697:log-group:/aws/lambda/security-remediation-cloudtrail:*;cloudwatch_log_group_kms_encryption_enabled;False;/aws/lambda/security-remediation-cloudtrail;FedRAMP-20x-KSI-Low;FedRAMP 20x Key Security Indicators (KSIs) - Low Impact Level v25.05C;
aws;FedRAMP 20x Key Security Indicators (KSIs) Low Impact Level represent core security indicators for cloud service providers, focusing on automation, continuous monitoring, and cloud-native security principles per FedRAMP 20x Phase One pilot requirements for Low impact systems.;858573892697;us-east-1;2026-09-19 09:30:34.148196;ksi-mla;A secure cloud service offering will monitor, log, and audit all important events, activity, and changes;Monitoring, Logging, and Auditing;;;aws;;FAIL;Log Group /aws/lambda/security-remediation-s3-encryption does not have AWS KMS keys associated.;arn:aws:logs:us-east-1:858573892697:log-group:/aws/lambda/security-remediation-s3-encryption:*;cloudwatch_log_group_kms_encryption_enabled;False;/aws/lambda/security-remediation-s3-encryption;FedRAMP-20x-KSI-Low;FedRAMP 20x Key Security Indicators (KSIs) - Low Impact Level v25.05C;
aws;FedRAMP 20x Key Security Indicators (KSIs) Low Impact Level represent core security indicators for cloud service providers, focusing on automation, continuous monitoring, and cloud-native security principles per FedRAMP 20x Phase One pilot requirements for Low impact systems.;858573892697;us-east-1;2026-09-19 09:30:34.148196;ksi-mla;A secure cloud service offering will monitor, log, and audit all important events, activity, and changes;Monitoring, Logging, and Auditing;;;aws;;FAIL;Log Group /aws/lambda/security-remediation-rdp does not have AWS KMS keys associated.;arn:aws:logs:us-east-1:858573892697:log-group:/aws/lambda/security-remediation-rdp:*;cloudwatch_log_group_kms_encryption_enabled;False;/aws/lambda/security-remediation-rdp;FedRAMP-20x-KSI-Low;FedRAMP 20x Key Security Indicators (KSIs) - Low Impact Level v25.05C;
aws;FedRAMP 20x Key Security Indicators (KSIs) Low Impact Level represent core security indicators for cloud service providers, focusing on automation, continuous monitoring, and cloud-native security principles per FedRAMP 20x Phase One pilot requirements for Low impact systems.;858573892697;us-east-1;2026-09-19 09:30:34.148196;ksi-mla;A secure cloud service offering will monitor, log, and audit all important events, activity, and changes;Monitoring, Logging, and Auditing;;;aws;;FAIL;Log Group /aws/lambda/security-remediation-ssh does not have AWS KMS keys associated.;arn:aws:logs:us-east-1:858573892697:log-group:/aws/lambda/security-remediation-ssh:*;cloudwatch_log_group_kms_encryption_enabled;False;/aws/lambda/security-remediation-ssh;FedRAMP-20x-KSI-Low;FedRAMP 20x Key Security Indicators (KSIs) - Low Impact Level v25.05C;
aws;FedRAMP 20x Key Security Indicators (KSIs) Low Impact Level represent core security indicators for cloud service providers, focusing on automation, continuous monitoring, and cloud-native security principles per FedRAMP 20x Phase One pilot requirements for Low impact systems.;858573892697;us-east-1;2026-09-19 09:30:34.148196;ksi-mla;A secure cloud service offering will monitor, log, and audit all important events, activity, and changes;Monitoring, Logging, and Auditing;;;aws;;FAIL;Log Group /aws/lambda/security-remediation-s3-public does not have AWS KMS keys associated.;arn:aws:logs:us-east-1:858573892697:log-group:/aws/lambda/security-remediation-s3-public:*;cloudwatch_log_group_kms_encryption_enabled;False;/aws/lambda/security-remediation-s3-public;FedRAMP-20x-KSI-Low;FedRAMP 20x Key Security Indicators (KSIs) - Low Impact Level v25.05C;
aws;FedRAMP 20x Key Security Indicators (KSIs) Low Impact Level represent core security indicators for cloud service providers, focusing on automation, continuous monitoring, and cloud-native security principles per FedRAMP 20x Phase One pilot requirements for Low impact systems.;858573892697;us-east-1;2026-09-19 09:30:34.148196;ksi-mla;A secure cloud service offering will monitor, log, and audit all important events, activity, and changes;Monitoring, Logging, and Auditing;;;aws;;FAIL;Log Group aws-cloudtrail-logs-858573892697-9a7175d0 does not have AWS KMS keys associated.;arn:aws:logs:us-east-1:858573892697:log-group:aws-cloudtrail-logs-858573892697-9a7175d0:*;cloudwatch_log_group_kms_encryption_enabled;False;aws-cloudtrail-logs-858573892697-9a7175d0;FedRAMP-20x-KSI-Low;FedRAMP 20x Key Security Indicators (KSIs) - Low Impact Level v25.05C;
aws;FedRAMP 20x Key Security Indicators (KSIs) Low Impact Level represent core security indicators for cloud service providers, focusing on automation, continuous monitoring, and cloud-native security principles per FedRAMP 20x Phase One pilot requirements for Low impact systems.;858573892697;us-east-1;2026-09-19 09:30:34.148196;ksi-mla;A secure cloud service offering will monitor, log, and audit all important events, activity, and changes;Monitoring, Logging, and Auditing;;;aws;;PASS;Log Group /aws/lambda/security-remediation-cloudtrail comply with 365 days retention period since it never expires.;arn:aws:logs:us-east-1:858573892697:log-group:/aws/lambda/security-remediation-cloudtrail:*;cloudwatch_log_group_retention_policy_specific_days_enabled;False;/aws/lambda/security-remediation-cloudtrail;FedRAMP-20x-KSI-Low;FedRAMP 20x Key Security Indicators (KSIs) - Low Impact Level v25.05C;
aws;FedRAMP 20x Key Security Indicators (KSIs) Low Impact Level represent core security indicators for cloud service providers, focusing on automation, continuous monitoring, and cloud-native security principles per FedRAMP 20x Phase One pilot requirements for Low impact systems.;858573892697;us-east-1;2026-09-19 09:30:34.148196;ksi-mla-07;Maintain a list of information resources and event types that will be monitored, logged, and audited;Monitoring, Logging, and Auditing;;;aws;;PASS;Log Group /aws/lambda/security-remediation-cloudtrail comply with 365 days retention period since it never expires.;arn:aws:logs:us-east-1:858573892697:log-group:/aws/lambda/security-remediation-cloudtrail:*;cloudwatch_log_group_retention_policy_specific_days_enabled;False;/aws/lambda/security-remediation-cloudtrail;FedRAMP-20x-KSI-Low;FedRAMP 20x Key Security Indicators (KSIs) - Low Impact Level v25.05C;
aws;FedRAMP 20x Key Security Indicators (KSIs) Low Impact Level represent core security indicators for cloud service providers, focusing on automation, continuous monitoring, and cloud-native security principles per FedRAMP 20x Phase One pilot requirements for Low impact systems.;858573892697;us-east-1;2026-09-19 09:30:34.148196;ksi-mla;A secure cloud service offering will monitor, log, and audit all important events, activity, and changes;Monitoring, Logging, and Auditing;;;aws;;PASS;Log Group /aws/lambda/security-remediation-s3-encryption comply with 365 days retention period since it never expires.;arn:aws:logs:us-east-1:858573892697:log-group:/aws/lambda/security-remediation-s3-encryption:*;cloudwatch_log_group_retention_policy_specific_days_enabled;False;/aws/lambda/security-remediation-s3-encryption;FedRAMP-20x-KSI-Low;FedRAMP 20x Key Security Indicators (KSIs) - Low Impact Level v25.05C;
aws;FedRAMP 20x Key Security Indicators (KSIs) Low Impact Level represent core security indicators for cloud service providers, focusing on automation, continuous monitoring, and cloud-native security principles per FedRAMP 20x Phase One pilot requirements for Low impact systems.;858573892697;us-east-1;2026-09-19 09:30:34.148196;ksi-mla-07;Maintain a list of information resources and event types that will be monitored, logged, and audited;Monitoring, Logging, and Auditing;;;aws;;PASS;Log Group /aws/lambda/security-remediation-s3-encryption comply with 365 days retention period since it never expires.;arn:aws:logs:us-east-1:858573892697:log-group:/aws/lambda/security-remediation-s3-encryption:*;cloudwatch_log_group_retention_policy_specific_days_enabled;False;/aws/lambda/security-remediation-s3-encryption;FedRAMP-20x-KSI-Low;FedRAMP 20x Key Security Indicators (KSIs) - Low Impact Level v25.05C;
aws;FedRAMP 20x Key Security Indicators (KSIs) Low Impact Level represent core security indicators for cloud service providers, focusing on automation, continuous monitoring, and cloud-native security principles per FedRAMP 20x Phase One pilot requirements for Low impact systems.;858573892697;us-east-1;2026-09-19 09:30:34.148196;ksi-mla;A secure cloud service offering will monitor, log, and audit all important events, activity, and changes;Monitoring, Logging, and Auditing;;;aws;;PASS;Log Group /aws/lambda/security-remediation-rdp comply with 365 days retention period since it never expires.;arn:aws:logs:us-east-1:858573892697:log-group:/aws/lambda/security-remediation-rdp:*;cloudwatch_log_group_retention_policy_specific_days_enabled;False;/aws/lambda/security-remediation-rdp;FedRAMP-20x-KSI-Low;FedRAMP 20x Key Security Indicators (KSIs) - Low Impact Level v25.05C;
aws;FedRAMP 20x Key Security Indicators (KSIs) Low Impact Level represent core security indicators for cloud service providers, focusing on automation, continuous monitoring, and cloud-native security principles per FedRAMP 20x Phase One pilot requirements for Low impact systems.;858573892697;us-east-1;2026-09-19 09:30:34.148196;ksi-mla-07;Maintain a list of information resources and event types that will be monitored, logged, and audited;Monitoring, Logging, and Auditing;;;aws;;PASS;Log Group /aws/lambda/security-remediation-rdp comply with 365 days retention period since it never expires.;arn:aws:logs:us-east-1:858573892697:log-group:/aws/lambda/security-remediation-rdp:*;cloudwatch_log_group_retention_policy_specific_days_enabled;False;/aws/lambda/security-remediation-rdp;FedRAMP-20x-KSI-Low;FedRAMP 20x Key Security Indicators (KSIs) - Low Impact Level v25.05C;
aws;FedRAMP 20x Key Security Indicators (KSIs) Low Impact Level represent core security indicators for cloud service providers, focusing on automation, continuous monitoring, and cloud-native security principles per FedRAMP 20x Phase One pilot requirements for Low impact systems.;858573892697;us-east-1;2026-09-19 09:30:34.148196;ksi-mla;A secure cloud service offering will monitor, log, and audit all important events, activity, and changes;Monitoring, Logging, and Auditing;;;aws;;PASS;Log Group /aws/lambda/security-remediation-ssh comply with 365 days retention period since it never expires.;arn:aws:logs:us-east-1:858573892697:log-group:/aws/lambda/security-remediation-ssh:*;cloudwatch_log_group_retention_policy_specific_days_enabled;False;/aws/lambda/security-remediation-ssh;FedRAMP-20x-KSI-Low;FedRAMP 20x Key Security Indicators (KSIs) - Low Impact Level v25.05C;
aws;FedRAMP 20x Key Security Indicators (KSIs) Low Impact Level represent core security indicators for cloud service providers, focusing on automation, continuous monitoring, and cloud-native security principles per FedRAMP 20x Phase One pilot requirements for Low impact systems.;858573892697;us-east-1;2026-09-19 09:30:34.148196;ksi-mla-07;Maintain a list of information resources and event types that will be monitored, logged, and audited;Monitoring, Logging, and Auditing;;;aws;;PASS;Log Group /aws/lambda/security-remediation-ssh comply with 365 days retention period since it never expires.;arn:aws:logs:us-east-1:858573892697:log-group:/aws/lambda/security-remediation-ssh:*;cloudwatch_log_group_retention_policy_specific_days_enabled;False;/aws/lambda/security-remediation-ssh;FedRAMP-20x-KSI-Low;FedRAMP 20x Key Security Indicators (KSIs) - Low Impact Level v25.05C;
aws;FedRAMP 20x Key Security Indicators (KSIs) Low Impact Level represent core security indicators for cloud service providers, focusing on automation, continuous monitoring, and cloud-native security principles per FedRAMP 20x Phase One pilot requirements for Low impact systems.;858573892697;us-east-1;2026-09-19 09:30:34.148196;ksi-mla;A secure cloud service offering will monitor, log, and audit all important events, activity, and changes;Monitoring, Logging, and Auditing;;;aws;;PASS;Log Group /aws/lambda/security-remediation-s3-public comply with 365 days retention period since it never expires.;arn:aws:logs:us-east-1:858573892697:log-group:/aws/lambda/security-remediation-s3-public:*;cloudwatch_log_group_retention_policy_specific_days_enabled;False;/aws/lambda/security-remediation-s3-public;FedRAMP-20x-KSI-Low;FedRAMP 20x Key Security Indicators (KSIs) - Low Impact Level v25.05C;
aws;FedRAMP 20x Key Security Indicators (KSIs) Low Impact Level represent core security indicators for cloud service providers, focusing on automation, continuous monitoring, and cloud-native security principles per FedRAMP 20x Phase One pilot requirements for Low impact systems.;858573892697;us-east-1;2026-09-19 09:30:34.148196;ksi-mla-07;Maintain a list of information resources and event types that will be monitored, logged, and audited;Monitoring, Logging, and Auditing;;;aws;;PASS;Log Group /aws/lambda/security-remediation-s3-public comply with 365 days retention period since it never expires.;arn:aws:logs:us-east-1:858573892697:log-group:/aws/lambda/security-remediation-s3-public:*;cloudwatch_log_group_retention_policy_specific_days_enabled;False;/aws/lambda/security-remediation-s3-public;FedRAMP-20x-KSI-Low;FedRAMP 20x Key Security Indicators (KSIs) - Low Impact Level v25.05C;
aws;FedRAMP 20x Key Security Indicators (KSIs) Low Impact Level represent core security indicators for cloud service providers, focusing on automation, continuous monitoring, and cloud-native security principles per FedRAMP 20x Phase One pilot requirements for Low impact systems.;858573892697;us-east-1;2026-09-19 09:30:34.148196;ksi-mla;A secure cloud service offering will monitor, log, and audit all important events, activity, and changes;Monitoring, Logging, and Auditing;;;aws;;PASS;Log Group aws-cloudtrail-logs-858573892697-9a7175d0 comply with 365 days retention period since it never expires.;arn:aws:logs:us-east-1:858573892697:log-group:aws-cloudtrail-logs-858573892697-9a7175d0:*;cloudwatch_log_group_retention_policy_specific_days_enabled;False;aws-cloudtrail-logs-858573892697-9a7175d0;FedRAMP-20x-KSI-Low;FedRAMP 20x Key Security Indicators (KSIs) - Low Impact Level v25.05C;
aws;FedRAMP 20x Key Security Indicators (KSIs) Low Impact Level represent core security indicators for cloud service providers, focusing on automation, continuous monitoring, and cloud-native security principles per FedRAMP 20x Phase One pilot requirements for Low impact systems.;858573892697;us-east-1;2026-09-19 09:30:34.148196;ksi-mla-07;Maintain a list of information resources and event types that will be monitored, logged, and audited;Monitoring, Logging, and Auditing;;;aws;;PASS;Log Group aws-cloudtrail-logs-858573892697-9a7175d0 comply with 365 days retention period since it never expires.;arn:aws:logs:us-east-1:858573892697:log-group:aws-cloudtrail-logs-858573892697-9a7175d0:*;cloudwatch_log_group_retention_policy_specific_days_enabled;False;aws-cloudtrail-logs-858573892697-9a7175d0;FedRAMP-20x-KSI-Low;FedRAMP 20x Key Security Indicators (KSIs) - Low Impact Level v25.05C;
aws;FedRAMP 20x Key Security Indicators (KSIs) Low Impact Level represent core security indicators for cloud service providers, focusing on automation, continuous monitoring, and cloud-native security principles per FedRAMP 20x Phase One pilot requirements for Low impact systems.;858573892697;us-east-1;2026-09-19 09:30:34.148196;ksi-cmt;A secure cloud service provider will ensure that all system changes are properly documented and configuration baselines are updated accordingly;Change Management;;;aws;;FAIL;No CloudWatch log groups found with metric filters or alarms associated.;arn:aws:logs:us-east-1:858573892697:log-group;cloudwatch_log_metric_filter_and_alarm_for_aws_config_configuration_changes_enabled;False;858573892697;FedRAMP-20x-KSI-Low;FedRAMP 20x Key Security Indicators (KSIs) - Low Impact Level v25.05C;
aws;FedRAMP 20x Key Security Indicators (KSIs) Low Impact Level represent core security indicators for cloud service providers, focusing on automation, continuous monitoring, and cloud-native security principles per FedRAMP 20x Phase One pilot requirements for Low impact systems.;858573892697;us-east-1;2026-09-19 09:30:34.148196;ksi-cmt;A secure cloud service provider will ensure that all system changes are properly documented and configuration baselines are updated accordingly;Change Management;;;aws;;FAIL;No CloudWatch log groups found with metric filters or alarms associated.;arn:aws:logs:us-east-1:858573892697:log-group;cloudwatch_log_metric_filter_and_alarm_for_cloudtrail_configuration_changes_enabled;False;858573892697;FedRAMP-20x-KSI-Low;FedRAMP 20x Key Security Indicators (KSIs) - Low Impact Level v25.05C;
aws;FedRAMP 20x Key Security Indicators (KSIs) Low Impact Level represent core security indicators for cloud service providers, focusing on automation, continuous monitoring, and cloud-native security principles per FedRAMP 20x Phase One pilot requirements for Low impact systems.;858573892697;us-east-1;2026-09-19 09:30:34.148196;ksi-cmt;A secure cloud service provider will ensure that all system changes are properly documented and configuration baselines are updated accordingly;Change Management;;;aws;;FAIL;No CloudWatch log groups found with metric filters or alarms associated.;arn:aws:logs:us-east-1:858573892697:log-group;cloudwatch_log_metric_filter_aws_organizations_changes;False;858573892697;FedRAMP-20x-KSI-Low;FedRAMP 20x Key Security Indicators (KSIs) - Low Impact Level v25.05C;
aws;FedRAMP 20x Key Security Indicators (KSIs) Low Impact Level represent core security indicators for cloud service providers, focusing on automation, continuous monitoring, and cloud-native security principles per FedRAMP 20x Phase One pilot requirements for Low impact systems.;858573892697;us-east-1;2026-09-19 09:30:34.148196;ksi-cmt;A secure cloud service provider will ensure that all system changes are properly documented and configuration baselines are updated accordingly;Change Management;;;aws;;FAIL;No CloudWatch log groups found with metric filters or alarms associated.;arn:aws:logs:us-east-1:858573892697:log-group;cloudwatch_log_metric_filter_for_s3_bucket_policy_changes;False;858573892697;FedRAMP-20x-KSI-Low;FedRAMP 20x Key Security Indicators (KSIs) - Low Impact Level v25.05C;
aws;FedRAMP 20x Key Security Indicators (KSIs) Low Impact Level represent core security indicators for cloud service providers, focusing on automation, continuous monitoring, and cloud-native security principles per FedRAMP 20x Phase One pilot requirements for Low impact systems.;858573892697;us-east-1;2026-09-19 09:30:34.148196;ksi-cmt;A secure cloud service provider will ensure that all system changes are properly documented and configuration baselines are updated accordingly;Change Management;;;aws;;FAIL;No CloudWatch log groups found with metric filters or alarms associated.;arn:aws:logs:us-east-1:858573892697:log-group;cloudwatch_log_metric_filter_policy_changes;False;858573892697;FedRAMP-20x-KSI-Low;FedRAMP 20x Key Security Indicators (KSIs) - Low Impact Level v25.05C;
aws;FedRAMP 20x Key Security Indicators (KSIs) Low Impact Level represent core security indicators for cloud service providers, focusing on automation, continuous monitoring, and cloud-native security principles per FedRAMP 20x Phase One pilot requirements for Low impact systems.;858573892697;us-east-1;2026-09-19 09:30:34.148196;ksi-cmt;A secure cloud service provider will ensure that all system changes are properly documented and configuration baselines are updated accordingly;Change Management;;;aws;;FAIL;No CloudWatch log groups found with metric filters or alarms associated.;arn:aws:logs:us-east-1:858573892697:log-group;cloudwatch_log_metric_filter_security_group_changes;False;858573892697;FedRAMP-20x-KSI-Low;FedRAMP 20x Key Security Indicators (KSIs) - Low Impact Level v25.05C;
aws;FedRAMP 20x Key Security Indicators (KSIs) Low Impact Level represent core security indicators for cloud service providers, focusing on automation, continuous monitoring, and cloud-native security principles per FedRAMP 20x Phase One pilot requirements for Low impact systems.;858573892697;ap-northeast-1;2026-09-19 09:30:34.148196;ksi-cmt;A secure cloud service provider will ensure that all system changes are properly documented and configuration baselines are updated accordingly;Change Management;;;aws;;FAIL;AWS Config recorder 858573892697 is disabled.;arn:aws:config:ap-northeast-1:858573892697:recorder;config_recorder_all_regions_enabled;False;858573892697;FedRAMP-20x-KSI-Low;FedRAMP 20x Key Security Indicators (KSIs) - Low Impact Level v25.05C;
aws;FedRAMP 20x Key Security Indicators (KSIs) Low Impact Level represent core security indicators for cloud service providers, focusing on automation, continuous monitoring, and cloud-native security principles per FedRAMP 20x Phase One pilot requirements for Low impact systems.;858573892697;ap-northeast-1;2026-09-19 09:30:34.148196;ksi-piy;A secure cloud service offering will have intentional, organized, universal guidance for how every information resource, including personnel, is secured;Policy and Inventory;;;aws;;FAIL;AWS Config recorder 858573892697 is disabled.;arn:aws:config:ap-northeast-1:858573892697:recorder;config_recorder_all_regions_enabled;False;858573892697;FedRAMP-20x-KSI-Low;FedRAMP 20x Key Security Indicators (KSIs) - Low Impact Level v25.05C;
aws;FedRAMP 20x Key Security Indicators (KSIs) Low Impact Level represent core security indicators for cloud service providers, focusing on automation, continuous monitoring, and cloud-native security principles per FedRAMP 20x Phase One pilot requirements for Low impact systems.;858573892697;ap-northeast-1;2026-09-19 09:30:34.148196;ksi-mla-07;Maintain a list of information resources and event types that will be monitored, logged, and audited;Monitoring, Logging, and Auditing;;;aws;;FAIL;AWS Config recorder 858573892697 is disabled.;arn:aws:config:ap-northeast-1:858573892697:recorder;config_recorder_all_regions_enabled;False;858573892697;FedRAMP-20x-KSI-Low;FedRAMP 20x Key Security Indicators (KSIs) - Low Impact Level v25.05C;
aws;FedRAMP 20x Key Security Indicators (KSIs) Low Impact Level represent core security indicators for cloud service providers, focusing on automation, continuous monitoring, and cloud-native security principles per FedRAMP 20x Phase One pilot requirements for Low impact systems.;858573892697;ap-northeast-2;2026-09-19 09:30:34.148196;ksi-cmt;A secure cloud service provider will ensure that all system changes are properly documented and configuration baselines are updated accordingly;Change Management;;;aws;;FAIL;AWS Config recorder 858573892697 is disabled.;arn:aws:config:ap-northeast-2:858573892697:recorder;config_recorder_all_regions_enabled;False;858573892697;FedRAMP-20x-KSI-Low;FedRAMP 20x Key Security Indicators (KSIs) - Low Impact Level v25.05C;
aws;FedRAMP 20x Key Security Indicators (KSIs) Low Impact Level represent core security indicators for cloud service providers, focusing on automation, continuous monitoring, and cloud-native security principles per FedRAMP 20x Phase One pilot requirements for Low impact systems.;858573892697;ap-northeast-2;2026-09-19 09:30:34.148196;ksi-piy;A secure cloud service offering will have intentional, organized, universal guidance for how every information resource, including personnel, is secured;Policy and Inventory;;;aws;;FAIL;AWS Config recorder 858573892697 is disabled.;arn:aws:config:ap-northeast-2:858573892697:recorder;config_recorder_all_regions_enabled;False;858573892697;FedRAMP-20x-KSI-Low;FedRAMP 20x Key Security Indicators (KSIs) - Low Impact Level v25.05C;
aws;FedRAMP 20x Key Security Indicators (KSIs) Low Impact Level represent core security indicators for cloud service providers, focusing on automation, continuous monitoring, and cloud-native security principles per FedRAMP 20x Phase One pilot requirements for Low impact systems.;858573892697;ap-northeast-2;2026-09-19 09:30:34.148196;ksi-mla-07;Maintain a list of information resources and event types that will be monitored, logged, and audited;Monitoring, Logging, and Auditing;;;aws;;FAIL;AWS Config recorder 858573892697 is disabled.;arn:aws:config:ap-northeast-2:858573892697:recorder;config_recorder_all_regions_enabled;False;858573892697;FedRAMP-20x-KSI-Low;FedRAMP 20x Key Security Indicators (KSIs) - Low Impact Level v25.05C;
aws;FedRAMP 20x Key Security Indicators (KSIs) Low Impact Level represent core security indicators for cloud service providers, focusing on automation, continuous monitoring, and cloud-native security principles per FedRAMP 20x Phase One pilot requirements for Low impact systems.;858573892697;ap-northeast-3;2026-09-19 09:30:34.148196;ksi-cmt;A secure cloud service provider will ensure that all system changes are properly documented and configuration baselines are updated accordingly;Change Management;;;aws;;FAIL;AWS Config recorder 858573892697 is disabled.;arn:aws:config:ap-northeast-3:858573892697:recorder;config_recorder_all_regions_enabled;False;858573892697;FedRAMP-20x-KSI-Low;FedRAMP 20x Key Security Indicators (KSIs) - Low Impact Level v25.05C;
aws;FedRAMP 20x Key Security Indicators (KSIs) Low Impact Level represent core security indicators for cloud service providers, focusing on automation, continuous monitoring, and cloud-native security principles per FedRAMP 20x Phase One pilot requirements for Low impact systems.;858573892697;ap-northeast-3;2026-09-19 09:30:34.148196;ksi-piy;A secure cloud service offering will have intentional, organized, universal guidance for how every information resource, including personnel, is secured;Policy and Inventory;;;aws;;FAIL;AWS Config recorder 858573892697 is disabled.;arn:aws:config:ap-northeast-3:858573892697:recorder;config_recorder_all_regions_enabled;False;858573892697;FedRAMP-20x-KSI-Low;FedRAMP 20x Key Security Indicators (KSIs) - Low Impact Level v25.05C;
aws;FedRAMP 20x Key Security Indicators (KSIs) Low Impact Level represent core security indicators for cloud service providers, focusing on automation, continuous monitoring, and cloud-native security principles per FedRAMP 20x Phase One pilot requirements for Low impact systems.;858573892697;ap-northeast-3;2026-09-19 09:30:34.148196;ksi-mla-07;Maintain a list of information resources and event types that will be monitored, logged, and audited;Monitoring, Logging, and Auditing;;;aws;;FAIL;AWS Config recorder 858573892697 is disabled.;arn:aws:config:ap-northeast-3:858573892697:recorder;config_recorder_all_regions_enabled;False;858573892697;FedRAMP-20x-KSI-Low;FedRAMP 20x Key Security Indicators (KSIs) - Low Impact Level v25.05C;
aws;FedRAMP 20x Key Security Indicators (KSIs) Low Impact Level represent core security indicators for cloud service providers, focusing on automation, continuous monitoring, and cloud-native security principles per FedRAMP 20x Phase One pilot requirements for Low impact systems.;858573892697;ap-south-1;2026-09-19 09:30:34.148196;ksi-cmt;A secure cloud service provider will ensure that all system changes are properly documented and configuration baselines are updated accordingly;Change Management;;;aws;;FAIL;AWS Config recorder 858573892697 is disabled.;arn:aws:config:ap-south-1:858573892697:recorder;config_recorder_all_regions_enabled;False;858573892697;FedRAMP-20x-KSI-Low;FedRAMP 20x Key Security Indicators (KSIs) - Low Impact Level v25.05C;
aws;FedRAMP 20x Key Security Indicators (KSIs) Low Impact Level represent core security indicators for cloud service providers, focusing on automation, continuous monitoring, and cloud-native security principles per FedRAMP 20x Phase One pilot requirements for Low impact systems.;858573892697;ap-south-1;2026-09-19 09:30:34.148196;ksi-piy;A secure cloud service offering will have intentional, organized, universal guidance for how every information resource, including personnel, is secured;Policy and Inventory;;;aws;;FAIL;AWS Config recorder 858573892697 is disabled.;arn:aws:config:ap-south-1:858573892697:recorder;config_recorder_all_regions_enabled;False;858573892697;FedRAMP-20x-KSI-Low;FedRAMP 20x Key Security Indicators (KSIs) - Low Impact Level v25.05C;
aws;FedRAMP 20x Key Security Indicators (KSIs) Low Impact Level represent core security indicators for cloud service providers, focusing on automation, continuous monitoring, and cloud-native security principles per FedRAMP 20x Phase One pilot requirements for Low impact systems.;858573892697;ap-south-1;2026-09-19 09:30:34.148196;ksi-mla-07;Maintain a list of information resources and event types that will be monitored, logged, and audited;Monitoring, Logging, and Auditing;;;aws;;FAIL;AWS Config recorder 858573892697 is disabled.;arn:aws:config:ap-south-1:858573892697:recorder;config_recorder_all_regions_enabled;False;858573892697;FedRAMP-20x-KSI-Low;FedRAMP 20x Key Security Indicators (KSIs) - Low Impact Level v25.05C;
aws;FedRAMP 20x Key Security Indicators (KSIs) Low Impact Level represent core security indicators for cloud service providers, focusing on automation, continuous monitoring, and cloud-native security principles per FedRAMP 20x Phase One pilot requirements for Low impact systems.;858573892697;ap-southeast-1;2026-09-19 09:30:34.148196;ksi-cmt;A secure cloud service provider will ensure that all system changes are properly documented and configuration baselines are updated accordingly;Change Management;;;aws;;FAIL;AWS Config recorder 858573892697 is disabled.;arn:aws:config:ap-southeast-1:858573892697:recorder;config_recorder_all_regions_enabled;False;858573892697;FedRAMP-20x-KSI-Low;FedRAMP 20x Key Security Indicators (KSIs) - Low Impact Level v25.05C;
aws;FedRAMP 20x Key Security Indicators (KSIs) Low Impact Level represent core security indicators for cloud service providers, focusing on automation, continuous monitoring, and cloud-native security principles per FedRAMP 20x Phase One pilot requirements for Low impact systems.;858573892697;ap-southeast-1;2026-09-19 09:30:34.148196;ksi-piy;A secure cloud service offering will have intentional, organized, universal guidance for how every information resource, including personnel, is secured;Policy and Inventory;;;aws;;FAIL;AWS Config recorder 858573892697 is disabled.;arn:aws:config:ap-southeast-1:858573892697:recorder;config_recorder_all_regions_enabled;False;858573892697;FedRAMP-20x-KSI-Low;FedRAMP 20x Key Security Indicators (KSIs) - Low Impact Level v25.05C;
aws;FedRAMP 20x Key Security Indicators (KSIs) Low Impact Level represent core security indicators for cloud service providers, focusing on automation, continuous monitoring, and cloud-native security principles per FedRAMP 20x Phase One pilot requirements for Low impact systems.;858573892697;ap-southeast-1;2026-09-19 09:30:34.148196;ksi-mla-07;Maintain a list of information resources and event types that will be monitored, logged, and audited;Monitoring, Logging, and Auditing;;;aws;;FAIL;AWS Config recorder 858573892697 is disabled.;arn:aws:config:ap-southeast-1:858573892697:recorder;config_recorder_all_regions_enabled;False;858573892697;FedRAMP-20x-KSI-Low;FedRAMP 20x Key Security Indicators (KSIs) - Low Impact Level v25.05C;
aws;FedRAMP 20x Key Security Indicators (KSIs) Low Impact Level represent core security indicators for cloud service providers, focusing on automation, continuous monitoring, and cloud-native security principles per FedRAMP 20x Phase One pilot requirements for Low impact systems.;858573892697;ap-southeast-2;2026-09-19 09:30:34.148196;ksi-cmt;A secure cloud service provider will ensure that all system changes are properly documented and configuration baselines are updated accordingly;Change Management;;;aws;;FAIL;AWS Config recorder 858573892697 is disabled.;arn:aws:config:ap-southeast-2:858573892697:recorder;config_recorder_all_regions_enabled;False;858573892697;FedRAMP-20x-KSI-Low;FedRAMP 20x Key Security Indicators (KSIs) - Low Impact Level v25.05C;
aws;FedRAMP 20x Key Security Indicators (KSIs) Low Impact Level represent core security indicators for cloud service providers, focusing on automation, continuous monitoring, and cloud-native security principles per FedRAMP 20x Phase One pilot requirements for Low impact systems.;858573892697;ap-southeast-2;2026-09-19 09:30:34.148196;ksi-piy;A secure cloud service offering will have intentional, organized, universal guidance for how every information resource, including personnel, is secured;Policy and Inventory;;;aws;;FAIL;AWS Config recorder 858573892697 is disabled.;arn:aws:config:ap-southeast-2:858573892697:recorder;config_recorder_all_regions_enabled;False;858573892697;FedRAMP-20x-KSI-Low;FedRAMP 20x Key Security Indicators (KSIs) - Low Impact Level v25.05C;
aws;FedRAMP 20x Key Security Indicators (KSIs) Low Impact Level represent core security indicators for cloud service providers, focusing on automation, continuous monitoring, and cloud-native security principles per FedRAMP 20x Phase One pilot requirements for Low impact systems.;858573892697;ap-southeast-2;2026-09-19 09:30:34.148196;ksi-mla-07;Maintain a list of information resources and event types that will be monitored, logged, and audited;Monitoring, Logging, and Auditing;;;aws;;FAIL;AWS Config recorder 858573892697 is disabled.;arn:aws:config:ap-southeast-2:858573892697:recorder;config_recorder_all_regions_enabled;False;858573892697;FedRAMP-20x-KSI-Low;FedRAMP 20x Key Security Indicators (KSIs) - Low Impact Level v25.05C;
aws;FedRAMP 20x Key Security Indicators (KSIs) Low Impact Level represent core security indicators for cloud service providers, focusing on automation, continuous monitoring, and cloud-native security principles per FedRAMP 20x Phase One pilot requirements for Low impact systems.;858573892697;ca-central-1;2026-09-19 09:30:34.148196;ksi-cmt;A secure cloud service provider will ensure that all system changes are properly documented and configuration baselines are updated accordingly;Change Management;;;aws;;FAIL;AWS Config recorder 858573892697 is disabled.;arn:aws:config:ca-central-1:858573892697:recorder;config_recorder_all_regions_enabled;False;858573892697;FedRAMP-20x-KSI-Low;FedRAMP 20x Key Security Indicators (KSIs) - Low Impact Level v25.05C;
aws;FedRAMP 20x Key Security Indicators (KSIs) Low Impact Level represent core security indicators for cloud service providers, focusing on automation, continuous monitoring, and cloud-native security principles per FedRAMP 20x Phase One pilot requirements for Low impact systems.;858573892697;ca-central-1;2026-09-19 09:30:34.148196;ksi-piy;A secure cloud service offering will have intentional, organized, universal guidance for how every information resource, including personnel, is secured;Policy and Inventory;;;aws;;FAIL;AWS Config recorder 858573892697 is disabled.;arn:aws:config:ca-central-1:858573892697:recorder;config_recorder_all_regions_enabled;False;858573892697;FedRAMP-20x-KSI-Low;FedRAMP 20x Key Security Indicators (KSIs) - Low Impact Level v25.05C;
aws;FedRAMP 20x Key Security Indicators (KSIs) Low Impact Level represent core security indicators for cloud service providers, focusing on automation, continuous monitoring, and cloud-native security principles per FedRAMP 20x Phase One pilot requirements for Low impact systems.;858573892697;ca-central-1;2026-09-19 09:30:34.148196;ksi-mla-07;Maintain a list of information resources and event types that will be monitored, logged, and audited;Monitoring, Logging, and Auditing;;;aws;;FAIL;AWS Config recorder 858573892697 is disabled.;arn:aws:config:ca-central-1:858573892697:recorder;config_recorder_all_regions_enabled;False;858573892697;FedRAMP-20x-KSI-Low;FedRAMP 20x Key Security Indicators (KSIs) - Low Impact Level v25.05C;
aws;FedRAMP 20x Key Security Indicators (KSIs) Low Impact Level represent core security indicators for cloud service providers, focusing on automation, continuous monitoring, and cloud-native security principles per FedRAMP 20x Phase One pilot requirements for Low impact systems.;858573892697;eu-central-1;2026-09-19 09:30:34.148196;ksi-cmt;A secure cloud service provider will ensure that all system changes are properly documented and configuration baselines are updated accordingly;Change Management;;;aws;;FAIL;AWS Config recorder 858573892697 is disabled.;arn:aws:config:eu-central-1:858573892697:recorder;config_recorder_all_regions_enabled;False;858573892697;FedRAMP-20x-KSI-Low;FedRAMP 20x Key Security Indicators (KSIs) - Low Impact Level v25.05C;
aws;FedRAMP 20x Key Security Indicators (KSIs) Low Impact Level represent core security indicators for cloud service providers, focusing on automation, continuous monitoring, and cloud-native security principles per FedRAMP 20x Phase One pilot requirements for Low impact systems.;858573892697;eu-central-1;2026-09-19 09:30:34.148196;ksi-piy;A secure cloud service offering will have intentional, organized, universal guidance for how every information resource, including personnel, is secured;Policy and Inventory;;;aws;;FAIL;AWS Config recorder 858573892697 is disabled.;arn:aws:config:eu-central-1:858573892697:recorder;config_recorder_all_regions_enabled;False;858573892697;FedRAMP-20x-KSI-Low;FedRAMP 20x Key Security Indicators (KSIs) - Low Impact Level v25.05C;
aws;FedRAMP 20x Key Security Indicators (KSIs) Low Impact Level represent core security indicators for cloud service providers, focusing on automation, continuous monitoring, and cloud-native security principles per FedRAMP 20x Phase One pilot requirements for Low impact systems.;858573892697;eu-central-1;2026-09-19 09:30:34.148196;ksi-mla-07;Maintain a list of information resources and event types that will be monitored, logged, and audited;Monitoring, Logging, and Auditing;;;aws;;FAIL;AWS Config recorder 858573892697 is disabled.;arn:aws:config:eu-central-1:858573892697:recorder;config_recorder_all_regions_enabled;False;858573892697;FedRAMP-20x-KSI-Low;FedRAMP 20x Key Security Indicators (KSIs) - Low Impact Level v25.05C;
aws;FedRAMP 20x Key Security Indicators (KSIs) Low Impact Level represent core security indicators for cloud service providers, focusing on automation, continuous monitoring, and cloud-native security principles per FedRAMP 20x Phase One pilot requirements for Low impact systems.;858573892697;eu-north-1;2026-09-19 09:30:34.148196;ksi-cmt;A secure cloud service provider will ensure that all system changes are properly documented and configuration baselines are updated accordingly;Change Management;;;aws;;FAIL;AWS Config recorder 858573892697 is disabled.;arn:aws:config:eu-north-1:858573892697:recorder;config_recorder_all_regions_enabled;False;858573892697;FedRAMP-20x-KSI-Low;FedRAMP 20x Key Security Indicators (KSIs) - Low Impact Level v25.05C;
aws;FedRAMP 20x Key Security Indicators (KSIs) Low Impact Level represent core security indicators for cloud service providers, focusing on automation, continuous monitoring, and cloud-native security principles per FedRAMP 20x Phase One pilot requirements for Low impact systems.;858573892697;eu-north-1;2026-09-19 09:30:34.148196;ksi-piy;A secure cloud service offering will have intentional, organized, universal guidance for how every information resource, including personnel, is secured;Policy and Inventory;;;aws;;FAIL;AWS Config recorder 858573892697 is disabled.;arn:aws:config:eu-north-1:858573892697:recorder;config_recorder_all_regions_enabled;False;858573892697;FedRAMP-20x-KSI-Low;FedRAMP 20x Key Security Indicators (KSIs) - Low Impact Level v25.05C;
aws;FedRAMP 20x Key Security Indicators (KSIs) Low Impact Level represent core security indicators for cloud service providers, focusing on automation, continuous monitoring, and cloud-native security principles per FedRAMP 20x Phase One pilot requirements for Low impact systems.;858573892697;eu-north-1;2026-09-19 09:30:34.148196;ksi-mla-07;Maintain a list of information resources and event types that will be monitored, logged, and audited;Monitoring, Logging, and Auditing;;;aws;;FAIL;AWS Config recorder 858573892697 is disabled.;arn:aws:config:eu-north-1:858573892697:recorder;config_recorder_all_regions_enabled;False;858573892697;FedRAMP-20x-KSI-Low;FedRAMP 20x Key Security Indicators (KSIs) - Low Impact Level v25.05C;
aws;FedRAMP 20x Key Security Indicators (KSIs) Low Impact Level represent core security indicators for cloud service providers, focusing on automation, continuous monitoring, and cloud-native security principles per FedRAMP 20x Phase One pilot requirements for Low impact systems.;858573892697;eu-west-1;2026-09-19 09:30:34.148196;ksi-cmt;A secure cloud service provider will ensure that all system changes are properly documented and configuration baselines are updated accordingly;Change Management;;;aws;;FAIL;AWS Config recorder 858573892697 is disabled.;arn:aws:config:eu-west-1:858573892697:recorder;config_recorder_all_regions_enabled;False;858573892697;FedRAMP-20x-KSI-Low;FedRAMP 20x Key Security Indicators (KSIs) - Low Impact Level v25.05C;
aws;FedRAMP 20x Key Security Indicators (KSIs) Low Impact Level represent core security indicators for cloud service providers, focusing on automation, continuous monitoring, and cloud-native security principles per FedRAMP 20x Phase One pilot requirements for Low impact systems.;858573892697;eu-west-1;2026-09-19 09:30:34.148196;ksi-piy;A secure cloud service offering will have intentional, organized, universal guidance for how every information resource, including personnel, is secured;Policy and Inventory;;;aws;;FAIL;AWS Config recorder 858573892697 is disabled.;arn:aws:config:eu-west-1:858573892697:recorder;config_recorder_all_regions_enabled;False;858573892697;FedRAMP-20x-KSI-Low;FedRAMP 20x Key Security Indicators (KSIs) - Low Impact Level v25.05C;
aws;FedRAMP 20x Key Security Indicators (KSIs) Low Impact Level represent core security indicators for cloud service providers, focusing on automation, continuous monitoring, and cloud-native security principles per FedRAMP 20x Phase One pilot requirements for Low impact systems.;858573892697;eu-west-1;2026-09-19 09:30:34.148196;ksi-mla-07;Maintain a list of information resources and event types that will be monitored, logged, and audited;Monitoring, Logging, and Auditing;;;aws;;FAIL;AWS Config recorder 858573892697 is disabled.;arn:aws:config:eu-west-1:858573892697:recorder;config_recorder_all_regions_enabled;False;858573892697;FedRAMP-20x-KSI-Low;FedRAMP 20x Key Security Indicators (KSIs) - Low Impact Level v25.05C;
aws;FedRAMP 20x Key Security Indicators (KSIs) Low Impact Level represent core security indicators for cloud service providers, focusing on automation, continuous monitoring, and cloud-native security principles per FedRAMP 20x Phase One pilot requirements for Low impact systems.;858573892697;eu-west-2;2026-09-19 09:30:34.148196;ksi-cmt;A secure cloud service provider will ensure that all system changes are properly documented and configuration baselines are updated accordingly;Change Management;;;aws;;FAIL;AWS Config recorder 858573892697 is disabled.;arn:aws:config:eu-west-2:858573892697:recorder;config_recorder_all_regions_enabled;False;858573892697;FedRAMP-20x-KSI-Low;FedRAMP 20x Key Security Indicators (KSIs) - Low Impact Level v25.05C;
aws;FedRAMP 20x Key Security Indicators (KSIs) Low Impact Level represent core security indicators for cloud service providers, focusing on automation, continuous monitoring, and cloud-native security principles per FedRAMP 20x Phase One pilot requirements for Low impact systems.;858573892697;eu-west-2;2026-09-19 09:30:34.148196;ksi-piy;A secure cloud service offering will have intentional, organized, universal guidance for how every information resource, including personnel, is secured;Policy and Inventory;;;aws;;FAIL;AWS Config recorder 858573892697 is disabled.;arn:aws:config:eu-west-2:858573892697:recorder;config_recorder_all_regions_enabled;False;858573892697;FedRAMP-20x-KSI-Low;FedRAMP 20x Key Security Indicators (KSIs) - Low Impact Level v25.05C;
aws;FedRAMP 20x Key Security Indicators (KSIs) Low Impact Level represent core security indicators for cloud service providers, focusing on automation, continuous monitoring, and cloud-native security principles per FedRAMP 20x Phase One pilot requirements for Low impact systems.;858573892697;eu-west-2;2026-09-19 09:30:34.148196;ksi-mla-07;Maintain a list of information resources and event types that will be monitored, logged, and audited;Monitoring, Logging, and Auditing;;;aws;;FAIL;AWS Config recorder 858573892697 is disabled.;arn:aws:config:eu-west-2:858573892697:recorder;config_recorder_all_regions_enabled;False;858573892697;FedRAMP-20x-KSI-Low;FedRAMP 20x Key Security Indicators (KSIs) - Low Impact Level v25.05C;
aws;FedRAMP 20x Key Security Indicators (KSIs) Low Impact Level represent core security indicators for cloud service providers, focusing on automation, continuous monitoring, and cloud-native security principles per FedRAMP 20x Phase One pilot requirements for Low impact systems.;858573892697;eu-west-3;2026-09-19 09:30:34.148196;ksi-cmt;A secure cloud service provider will ensure that all system changes are properly documented and configuration baselines are updated accordingly;Change Management;;;aws;;FAIL;AWS Config recorder 858573892697 is disabled.;arn:aws:config:eu-west-3:858573892697:recorder;config_recorder_all_regions_enabled;False;858573892697;FedRAMP-20x-KSI-Low;FedRAMP 20x Key Security Indicators (KSIs) - Low Impact Level v25.05C;
aws;FedRAMP 20x Key Security Indicators (KSIs) Low Impact Level represent core security indicators for cloud service providers, focusing on automation, continuous monitoring, and cloud-native security principles per FedRAMP 20x Phase One pilot requirements for Low impact systems.;858573892697;eu-west-3;2026-09-19 09:30:34.148196;ksi-piy;A secure cloud service offering will have intentional, organized, universal guidance for how every information resource, including personnel, is secured;Policy and Inventory;;;aws;;FAIL;AWS Config recorder 858573892697 is disabled.;arn:aws:config:eu-west-3:858573892697:recorder;config_recorder_all_regions_enabled;False;858573892697;FedRAMP-20x-KSI-Low;FedRAMP 20x Key Security Indicators (KSIs) - Low Impact Level v25.05C;
aws;FedRAMP 20x Key Security Indicators (KSIs) Low Impact Level represent core security indicators for cloud service providers, focusing on automation, continuous monitoring, and cloud-native security principles per FedRAMP 20x Phase One pilot requirements for Low impact systems.;858573892697;eu-west-3;2026-09-19 09:30:34.148196;ksi-mla-07;Maintain a list of information resources and event types that will be monitored, logged, and audited;Monitoring, Logging, and Auditing;;;aws;;FAIL;AWS Config recorder 858573892697 is disabled.;arn:aws:config:eu-west-3:858573892697:recorder;config_recorder_all_regions_enabled;False;858573892697;FedRAMP-20x-KSI-Low;FedRAMP 20x Key Security Indicators (KSIs) - Low Impact Level v25.05C;
aws;FedRAMP 20x Key Security Indicators (KSIs) Low Impact Level represent core security indicators for cloud service providers, focusing on automation, continuous monitoring, and cloud-native security principles per FedRAMP 20x Phase One pilot requirements for Low impact systems.;858573892697;sa-east-1;2026-09-19 09:30:34.148196;ksi-cmt;A secure cloud service provider will ensure that all system changes are properly documented and configuration baselines are updated accordingly;Change Management;;;aws;;FAIL;AWS Config recorder 858573892697 is disabled.;arn:aws:config:sa-east-1:858573892697:recorder;config_recorder_all_regions_enabled;False;858573892697;FedRAMP-20x-KSI-Low;FedRAMP 20x Key Security Indicators (KSIs) - Low Impact Level v25.05C;
aws;FedRAMP 20x Key Security Indicators (KSIs) Low Impact Level represent core security indicators for cloud service providers, focusing on automation, continuous monitoring, and cloud-native security principles per FedRAMP 20x Phase One pilot requirements for Low impact systems.;858573892697;sa-east-1;2026-09-19 09:30:34.148196;ksi-piy;A secure cloud service offering will have intentional, organized, universal guidance for how every information resource, including personnel, is secured;Policy and Inventory;;;aws;;FAIL;AWS Config recorder 858573892697 is disabled.;arn:aws:config:sa-east-1:858573892697:recorder;config_recorder_all_regions_enabled;False;858573892697;FedRAMP-20x-KSI-Low;FedRAMP 20x Key Security Indicators (KSIs) - Low Impact Level v25.05C;
aws;FedRAMP 20x Key Security Indicators (KSIs) Low Impact Level represent core security indicators for cloud service providers, focusing on automation, continuous monitoring, and cloud-native security principles per FedRAMP 20x Phase One pilot requirements for Low impact systems.;858573892697;sa-east-1;2026-09-19 09:30:34.148196;ksi-mla-07;Maintain a list of information resources and event types that will be monitored, logged, and audited;Monitoring, Logging, and Auditing;;;aws;;FAIL;AWS Config recorder 858573892697 is disabled.;arn:aws:config:sa-east-1:858573892697:recorder;config_recorder_all_regions_enabled;False;858573892697;FedRAMP-20x-KSI-Low;FedRAMP 20x Key Security Indicators (KSIs) - Low Impact Level v25.05C;
aws;FedRAMP 20x Key Security Indicators (KSIs) Low Impact Level represent core security indicators for cloud service providers, focusing on automation, continuous monitoring, and cloud-native security principles per FedRAMP 20x Phase One pilot requirements for Low impact systems.;858573892697;us-east-1;2026-09-19 09:30:34.148196;ksi-cmt;A secure cloud service provider will ensure that all system changes are properly documented and configuration baselines are updated accordingly;Change Management;;;aws;;PASS;AWS Config recorder default is enabled.;arn:aws:config:us-east-1:858573892697:recorder;config_recorder_all_regions_enabled;False;default;FedRAMP-20x-KSI-Low;FedRAMP 20x Key Security Indicators (KSIs) - Low Impact Level v25.05C;
aws;FedRAMP 20x Key Security Indicators (KSIs) Low Impact Level represent core security indicators for cloud service providers, focusing on automation, continuous monitoring, and cloud-native security principles per FedRAMP 20x Phase One pilot requirements for Low impact systems.;858573892697;us-east-1;2026-09-19 09:30:34.148196;ksi-piy;A secure cloud service offering will have intentional, organized, universal guidance for how every information resource, including personnel, is secured;Policy and Inventory;;;aws;;PASS;AWS Config recorder default is enabled.;arn:aws:config:us-east-1:858573892697:recorder;config_recorder_all_regions_enabled;False;default;FedRAMP-20x-KSI-Low;FedRAMP 20x Key Security Indicators (KSIs) - Low Impact Level v25.05C;
aws;FedRAMP 20x Key Security Indicators (KSIs) Low Impact Level represent core security indicators for cloud service providers, focusing on automation, continuous monitoring, and cloud-native security principles per FedRAMP 20x Phase One pilot requirements for Low impact systems.;858573892697;us-east-1;2026-09-19 09:30:34.148196;ksi-mla-07;Maintain a list of information resources and event types that will be monitored, logged, and audited;Monitoring, Logging, and Auditing;;;aws;;PASS;AWS Config recorder default is enabled.;arn:aws:config:us-east-1:858573892697:recorder;config_recorder_all_regions_enabled;False;default;FedRAMP-20x-KSI-Low;FedRAMP 20x Key Security Indicators (KSIs) - Low Impact Level v25.05C;
aws;FedRAMP 20x Key Security Indicators (KSIs) Low Impact Level represent core security indicators for cloud service providers, focusing on automation, continuous monitoring, and cloud-native security principles per FedRAMP 20x Phase One pilot requirements for Low impact systems.;858573892697;us-east-2;2026-09-19 09:30:34.148196;ksi-cmt;A secure cloud service provider will ensure that all system changes are properly documented and configuration baselines are updated accordingly;Change Management;;;aws;;FAIL;AWS Config recorder 858573892697 is disabled.;arn:aws:config:us-east-2:858573892697:recorder;config_recorder_all_regions_enabled;False;858573892697;FedRAMP-20x-KSI-Low;FedRAMP 20x Key Security Indicators (KSIs) - Low Impact Level v25.05C;
aws;FedRAMP 20x Key Security Indicators (KSIs) Low Impact Level represent core security indicators for cloud service providers, focusing on automation, continuous monitoring, and cloud-native security principles per FedRAMP 20x Phase One pilot requirements for Low impact systems.;858573892697;us-east-2;2026-09-19 09:30:34.148196;ksi-piy;A secure cloud service offering will have intentional, organized, universal guidance for how every information resource, including personnel, is secured;Policy and Inventory;;;aws;;FAIL;AWS Config recorder 858573892697 is disabled.;arn:aws:config:us-east-2:858573892697:recorder;config_recorder_all_regions_enabled;False;858573892697;FedRAMP-20x-KSI-Low;FedRAMP 20x Key Security Indicators (KSIs) - Low Impact Level v25.05C;
aws;FedRAMP 20x Key Security Indicators (KSIs) Low Impact Level represent core security indicators for cloud service providers, focusing on automation, continuous monitoring, and cloud-native security principles per FedRAMP 20x Phase One pilot requirements for Low impact systems.;858573892697;us-east-2;2026-09-19 09:30:34.148196;ksi-mla-07;Maintain a list of information resources and event types that will be monitored, logged, and audited;Monitoring, Logging, and Auditing;;;aws;;FAIL;AWS Config recorder 858573892697 is disabled.;arn:aws:config:us-east-2:858573892697:recorder;config_recorder_all_regions_enabled;False;858573892697;FedRAMP-20x-KSI-Low;FedRAMP 20x Key Security Indicators (KSIs) - Low Impact Level v25.05C;
aws;FedRAMP 20x Key Security Indicators (KSIs) Low Impact Level represent core security indicators for cloud service providers, focusing on automation, continuous monitoring, and cloud-native security principles per FedRAMP 20x Phase One pilot requirements for Low impact systems.;858573892697;us-west-1;2026-09-19 09:30:34.148196;ksi-cmt;A secure cloud service provider will ensure that all system changes are properly documented and configuration baselines are updated accordingly;Change Management;;;aws;;FAIL;AWS Config recorder 858573892697 is disabled.;arn:aws:config:us-west-1:858573892697:recorder;config_recorder_all_regions_enabled;False;858573892697;FedRAMP-20x-KSI-Low;FedRAMP 20x Key Security Indicators (KSIs) - Low Impact Level v25.05C;
aws;FedRAMP 20x Key Security Indicators (KSIs) Low Impact Level represent core security indicators for cloud service providers, focusing on automation, continuous monitoring, and cloud-native security principles per FedRAMP 20x Phase One pilot requirements for Low impact systems.;858573892697;us-west-1;2026-09-19 09:30:34.148196;ksi-piy;A secure cloud service offering will have intentional, organized, universal guidance for how every information resource, including personnel, is secured;Policy and Inventory;;;aws;;FAIL;AWS Config recorder 858573892697 is disabled.;arn:aws:config:us-west-1:858573892697:recorder;config_recorder_all_regions_enabled;False;858573892697;FedRAMP-20x-KSI-Low;FedRAMP 20x Key Security Indicators (KSIs) - Low Impact Level v25.05C;
aws;FedRAMP 20x Key Security Indicators (KSIs) Low Impact Level represent core security indicators for cloud service providers, focusing on automation, continuous monitoring, and cloud-native security principles per FedRAMP 20x Phase One pilot requirements for Low impact systems.;858573892697;us-west-1;2026-09-19 09:30:34.148196;ksi-mla-07;Maintain a list of information resources and event types that will be monitored, logged, and audited;Monitoring, Logging, and Auditing;;;aws;;FAIL;AWS Config recorder 858573892697 is disabled.;arn:aws:config:us-west-1:858573892697:recorder;config_recorder_all_regions_enabled;False;858573892697;FedRAMP-20x-KSI-Low;FedRAMP 20x Key Security Indicators (KSIs) - Low Impact Level v25.05C;
aws;FedRAMP 20x Key Security Indicators (KSIs) Low Impact Level represent core security indicators for cloud service providers, focusing on automation, continuous monitoring, and cloud-native security principles per FedRAMP 20x Phase One pilot requirements for Low impact systems.;858573892697;us-west-2;2026-09-19 09:30:34.148196;ksi-cmt;A secure cloud service provider will ensure that all system changes are properly documented and configuration baselines are updated accordingly;Change Management;;;aws;;FAIL;AWS Config recorder 858573892697 is disabled.;arn:aws:config:us-west-2:858573892697:recorder;config_recorder_all_regions_enabled;False;858573892697;FedRAMP-20x-KSI-Low;FedRAMP 20x Key Security Indicators (KSIs) - Low Impact Level v25.05C;
aws;FedRAMP 20x Key Security Indicators (KSIs) Low Impact Level represent core security indicators for cloud service providers, focusing on automation, continuous monitoring, and cloud-native security principles per FedRAMP 20x Phase One pilot requirements for Low impact systems.;858573892697;us-west-2;2026-09-19 09:30:34.148196;ksi-piy;A secure cloud service offering will have intentional, organized, universal guidance for how every information resource, including personnel, is secured;Policy and Inventory;;;aws;;FAIL;AWS Config recorder 858573892697 is disabled.;arn:aws:config:us-west-2:858573892697:recorder;config_recorder_all_regions_enabled;False;858573892697;FedRAMP-20x-KSI-Low;FedRAMP 20x Key Security Indicators (KSIs) - Low Impact Level v25.05C;
aws;FedRAMP 20x Key Security Indicators (KSIs) Low Impact Level represent core security indicators for cloud service providers, focusing on automation, continuous monitoring, and cloud-native security principles per FedRAMP 20x Phase One pilot requirements for Low impact systems.;858573892697;us-west-2;2026-09-19 09:30:34.148196;ksi-mla-07;Maintain a list of information resources and event types that will be monitored, logged, and audited;Monitoring, Logging, and Auditing;;;aws;;FAIL;AWS Config recorder 858573892697 is disabled.;arn:aws:config:us-west-2:858573892697:recorder;config_recorder_all_regions_enabled;False;858573892697;FedRAMP-20x-KSI-Low;FedRAMP 20x Key Security Indicators (KSIs) - Low Impact Level v25.05C;
aws;FedRAMP 20x Key Security Indicators (KSIs) Low Impact Level represent core security indicators for cloud service providers, focusing on automation, continuous monitoring, and cloud-native security principles per FedRAMP 20x Phase One pilot requirements for Low impact systems.;858573892697;us-east-1;2026-09-19 09:30:34.148196;ksi-piy;A secure cloud service offering will have intentional, organized, universal guidance for how every information resource, including personnel, is secured;Policy and Inventory;;;aws;;PASS;AWS Config recorder default is using AWSServiceRoleForConfig.;arn:aws:config:us-east-1:858573892697:recorder;config_recorder_using_aws_service_role;False;default;FedRAMP-20x-KSI-Low;FedRAMP 20x Key Security Indicators (KSIs) - Low Impact Level v25.05C;
aws;FedRAMP 20x Key Security Indicators (KSIs) Low Impact Level represent core security indicators for cloud service providers, focusing on automation, continuous monitoring, and cloud-native security principles per FedRAMP 20x Phase One pilot requirements for Low impact systems.;858573892697;us-east-1;2026-09-19 09:30:34.148196;ksi-svc;A secure cloud service offering will follow FedRAMP encryption policies, continuously verify information resource integrity, and restrict access to third-party information resources;Service Configuration;;;aws;;FAIL;EBS Default Encryption is not activated.;arn:aws:ec2:us-east-1:858573892697:volume;ec2_ebs_default_encryption;False;858573892697;FedRAMP-20x-KSI-Low;FedRAMP 20x Key Security Indicators (KSIs) - Low Impact Level v25.05C;
aws;FedRAMP 20x Key Security Indicators (KSIs) Low Impact Level represent core security indicators for cloud service providers, focusing on automation, continuous monitoring, and cloud-native security principles per FedRAMP 20x Phase One pilot requirements for Low impact systems.;858573892697;us-east-1;2026-09-19 09:30:34.148196;ksi-svc;A secure cloud service offering will follow FedRAMP encryption policies, continuously verify information resource integrity, and restrict access to third-party information resources;Service Configuration;;;aws;;FAIL;EBS Snapshot vol-0ec53f13bc8af8c89 is unencrypted.;arn:aws:ec2:us-east-1:858573892697:volume/vol-0ec53f13bc8af8c89;ec2_ebs_volume_encryption;False;vol-0ec53f13bc8af8c89;FedRAMP-20x-KSI-Low;FedRAMP 20x Key Security Indicators (KSIs) - Low Impact Level v25.05C;
aws;FedRAMP 20x Key Security Indicators (KSIs) Low Impact Level represent core security indicators for cloud service providers, focusing on automation, continuous monitoring, and cloud-native security principles per FedRAMP 20x Phase One pilot requirements for Low impact systems.;858573892697;us-east-1;2026-09-19 09:30:34.148196;ksi-cna;A secure cloud service offering will use cloud native architecture and design principles to enforce and enhance the Confidentiality, Integrity and Availability of the system;Cloud Native Architecture;;;aws;;PASS;EC2 Instance i-06f893ed5cf0f73fc has IMDSv2 enabled and required.;arn:aws:ec2:us-east-1:858573892697:instance/i-06f893ed5cf0f73fc;ec2_instance_imdsv2_enabled;False;i-06f893ed5cf0f73fc;FedRAMP-20x-KSI-Low;FedRAMP 20x Key Security Indicators (KSIs) - Low Impact Level v25.05C;
aws;FedRAMP 20x Key Security Indicators (KSIs) Low Impact Level represent core security indicators for cloud service providers, focusing on automation, continuous monitoring, and cloud-native security principles per FedRAMP 20x Phase One pilot requirements for Low impact systems.;858573892697;us-east-1;2026-09-19 09:30:34.148196;ksi-cmt;A secure cloud service provider will ensure that all system changes are properly documented and configuration baselines are updated accordingly;Change Management;;;aws;;PASS;EC2 Instance i-06f893ed5cf0f73fc is managed by Systems Manager.;arn:aws:ec2:us-east-1:858573892697:instance/i-06f893ed5cf0f73fc;ec2_instance_managed_by_ssm;False;i-06f893ed5cf0f73fc;FedRAMP-20x-KSI-Low;FedRAMP 20x Key Security Indicators (KSIs) - Low Impact Level v25.05C;
aws;FedRAMP 20x Key Security Indicators (KSIs) Low Impact Level represent core security indicators for cloud service providers, focusing on automation, continuous monitoring, and cloud-native security principles per FedRAMP 20x Phase One pilot requirements for Low impact systems.;858573892697;us-east-1;2026-09-19 09:30:34.148196;ksi-piy;A secure cloud service offering will have intentional, organized, universal guidance for how every information resource, including personnel, is secured;Policy and Inventory;;;aws;;PASS;EC2 Instance i-06f893ed5cf0f73fc is managed by Systems Manager.;arn:aws:ec2:us-east-1:858573892697:instance/i-06f893ed5cf0f73fc;ec2_instance_managed_by_ssm;False;i-06f893ed5cf0f73fc;FedRAMP-20x-KSI-Low;FedRAMP 20x Key Security Indicators (KSIs) - Low Impact Level v25.05C;
aws;FedRAMP 20x Key Security Indicators (KSIs) Low Impact Level represent core security indicators for cloud service providers, focusing on automation, continuous monitoring, and cloud-native security principles per FedRAMP 20x Phase One pilot requirements for Low impact systems.;858573892697;us-east-1;2026-09-19 09:30:34.148196;ksi-cmt;A secure cloud service provider will ensure that all system changes are properly documented and configuration baselines are updated accordingly;Change Management;;;aws;;PASS;EC2 Instance i-06f893ed5cf0f73fc is not older than 180 days (0 days).;arn:aws:ec2:us-east-1:858573892697:instance/i-06f893ed5cf0f73fc;ec2_instance_older_than_specific_days;False;i-06f893ed5cf0f73fc;FedRAMP-20x-KSI-Low;FedRAMP 20x Key Security Indicators (KSIs) - Low Impact Level v25.05C;
aws;FedRAMP 20x Key Security Indicators (KSIs) Low Impact Level represent core security indicators for cloud service providers, focusing on automation, continuous monitoring, and cloud-native security principles per FedRAMP 20x Phase One pilot requirements for Low impact systems.;858573892697;us-east-1;2026-09-19 09:30:34.148196;ksi-cna;A secure cloud service offering will use cloud native architecture and design principles to enforce and enhance the Confidentiality, Integrity and Availability of the system;Cloud Native Architecture;;;aws;;FAIL;Network ACL acl-0098e87093e7acb5d has every port open to the Internet.;arn:aws:ec2:us-east-1:858573892697:network-acl/acl-0098e87093e7acb5d;ec2_networkacl_allow_ingress_any_port;False;acl-0098e87093e7acb5d;FedRAMP-20x-KSI-Low;FedRAMP 20x Key Security Indicators (KSIs) - Low Impact Level v25.05C;
aws;FedRAMP 20x Key Security Indicators (KSIs) Low Impact Level represent core security indicators for cloud service providers, focusing on automation, continuous monitoring, and cloud-native security principles per FedRAMP 20x Phase One pilot requirements for Low impact systems.;858573892697;us-east-1;2026-09-19 09:30:34.148196;ksi-cna;A secure cloud service offering will use cloud native architecture and design principles to enforce and enhance the Confidentiality, Integrity and Availability of the system;Cloud Native Architecture;;;aws;;FAIL;Network ACL acl-0dd8762c751bf1faf has every port open to the Internet.;arn:aws:ec2:us-east-1:858573892697:network-acl/acl-0dd8762c751bf1faf;ec2_networkacl_allow_ingress_any_port;False;acl-0dd8762c751bf1faf;FedRAMP-20x-KSI-Low;FedRAMP 20x Key Security Indicators (KSIs) - Low Impact Level v25.05C;
aws;FedRAMP 20x Key Security Indicators (KSIs) Low Impact Level represent core security indicators for cloud service providers, focusing on automation, continuous monitoring, and cloud-native security principles per FedRAMP 20x Phase One pilot requirements for Low impact systems.;858573892697;us-east-1;2026-09-19 09:30:34.148196;ksi-cna;A secure cloud service offering will use cloud native architecture and design principles to enforce and enhance the Confidentiality, Integrity and Availability of the system;Cloud Native Architecture;;;aws;;FAIL;Network ACL acl-063278b96400cd005 has every port open to the Internet.;arn:aws:ec2:us-east-1:858573892697:network-acl/acl-063278b96400cd005;ec2_networkacl_allow_ingress_any_port;False;acl-063278b96400cd005;FedRAMP-20x-KSI-Low;FedRAMP 20x Key Security Indicators (KSIs) - Low Impact Level v25.05C;
aws;FedRAMP 20x Key Security Indicators (KSIs) Low Impact Level represent core security indicators for cloud service providers, focusing on automation, continuous monitoring, and cloud-native security principles per FedRAMP 20x Phase One pilot requirements for Low impact systems.;858573892697;us-east-1;2026-09-19 09:30:34.148196;ksi-cna;A secure cloud service offering will use cloud native architecture and design principles to enforce and enhance the Confidentiality, Integrity and Availability of the system;Cloud Native Architecture;;;aws;;FAIL;Network ACL acl-5a2cdc27 has every port open to the Internet.;arn:aws:ec2:us-east-1:858573892697:network-acl/acl-5a2cdc27;ec2_networkacl_allow_ingress_any_port;False;acl-5a2cdc27;FedRAMP-20x-KSI-Low;FedRAMP 20x Key Security Indicators (KSIs) - Low Impact Level v25.05C;
aws;FedRAMP 20x Key Security Indicators (KSIs) Low Impact Level represent core security indicators for cloud service providers, focusing on automation, continuous monitoring, and cloud-native security principles per FedRAMP 20x Phase One pilot requirements for Low impact systems.;858573892697;ap-northeast-1;2026-09-19 09:30:34.148196;ksi-inr;A secure cloud service offering will respond to incidents according to FedRAMP requirements and cloud service provider policies;Incident Response;;;aws;;FAIL;GuardDuty is not enabled.;arn:aws:guardduty:ap-northeast-1:858573892697:detector/unknown;guardduty_is_enabled;False;detector/unknown;FedRAMP-20x-KSI-Low;FedRAMP 20x Key Security Indicators (KSIs) - Low Impact Level v25.05C;
aws;FedRAMP 20x Key Security Indicators (KSIs) Low Impact Level represent core security indicators for cloud service providers, focusing on automation, continuous monitoring, and cloud-native security principles per FedRAMP 20x Phase One pilot requirements for Low impact systems.;858573892697;ap-northeast-2;2026-09-19 09:30:34.148196;ksi-inr;A secure cloud service offering will respond to incidents according to FedRAMP requirements and cloud service provider policies;Incident Response;;;aws;;FAIL;GuardDuty is not enabled.;arn:aws:guardduty:ap-northeast-2:858573892697:detector/unknown;guardduty_is_enabled;False;detector/unknown;FedRAMP-20x-KSI-Low;FedRAMP 20x Key Security Indicators (KSIs) - Low Impact Level v25.05C;
aws;FedRAMP 20x Key Security Indicators (KSIs) Low Impact Level represent core security indicators for cloud service providers, focusing on automation, continuous monitoring, and cloud-native security principles per FedRAMP 20x Phase One pilot requirements for Low impact systems.;858573892697;ap-northeast-3;2026-09-19 09:30:34.148196;ksi-inr;A secure cloud service offering will respond to incidents according to FedRAMP requirements and cloud service provider policies;Incident Response;;;aws;;FAIL;GuardDuty is not enabled.;arn:aws:guardduty:ap-northeast-3:858573892697:detector/unknown;guardduty_is_enabled;False;detector/unknown;FedRAMP-20x-KSI-Low;FedRAMP 20x Key Security Indicators (KSIs) - Low Impact Level v25.05C;
aws;FedRAMP 20x Key Security Indicators (KSIs) Low Impact Level represent core security indicators for cloud service providers, focusing on automation, continuous monitoring, and cloud-native security principles per FedRAMP 20x Phase One pilot requirements for Low impact systems.;858573892697;ap-south-1;2026-09-19 09:30:34.148196;ksi-inr;A secure cloud service offering will respond to incidents according to FedRAMP requirements and cloud service provider policies;Incident Response;;;aws;;FAIL;GuardDuty is not enabled.;arn:aws:guardduty:ap-south-1:858573892697:detector/unknown;guardduty_is_enabled;False;detector/unknown;FedRAMP-20x-KSI-Low;FedRAMP 20x Key Security Indicators (KSIs) - Low Impact Level v25.05C;
aws;FedRAMP 20x Key Security Indicators (KSIs) Low Impact Level represent core security indicators for cloud service providers, focusing on automation, continuous monitoring, and cloud-native security principles per FedRAMP 20x Phase One pilot requirements for Low impact systems.;858573892697;ap-southeast-1;2026-09-19 09:30:34.148196;ksi-inr;A secure cloud service offering will respond to incidents according to FedRAMP requirements and cloud service provider policies;Incident Response;;;aws;;FAIL;GuardDuty is not enabled.;arn:aws:guardduty:ap-southeast-1:858573892697:detector/unknown;guardduty_is_enabled;False;detector/unknown;FedRAMP-20x-KSI-Low;FedRAMP 20x Key Security Indicators (KSIs) - Low Impact Level v25.05C;
aws;FedRAMP 20x Key Security Indicators (KSIs) Low Impact Level represent core security indicators for cloud service providers, focusing on automation, continuous monitoring, and cloud-native security principles per FedRAMP 20x Phase One pilot requirements for Low impact systems.;858573892697;ap-southeast-2;2026-09-19 09:30:34.148196;ksi-inr;A secure cloud service offering will respond to incidents according to FedRAMP requirements and cloud service provider policies;Incident Response;;;aws;;FAIL;GuardDuty is not enabled.;arn:aws:guardduty:ap-southeast-2:858573892697:detector/unknown;guardduty_is_enabled;False;detector/unknown;FedRAMP-20x-KSI-Low;FedRAMP 20x Key Security Indicators (KSIs) - Low Impact Level v25.05C;
aws;FedRAMP 20x Key Security Indicators (KSIs) Low Impact Level represent core security indicators for cloud service providers, focusing on automation, continuous monitoring, and cloud-native security principles per FedRAMP 20x Phase One pilot requirements for Low impact systems.;858573892697;ca-central-1;2026-09-19 09:30:34.148196;ksi-inr;A secure cloud service offering will respond to incidents according to FedRAMP requirements and cloud service provider policies;Incident Response;;;aws;;FAIL;GuardDuty is not enabled.;arn:aws:guardduty:ca-central-1:858573892697:detector/unknown;guardduty_is_enabled;False;detector/unknown;FedRAMP-20x-KSI-Low;FedRAMP 20x Key Security Indicators (KSIs) - Low Impact Level v25.05C;
aws;FedRAMP 20x Key Security Indicators (KSIs) Low Impact Level represent core security indicators for cloud service providers, focusing on automation, continuous monitoring, and cloud-native security principles per FedRAMP 20x Phase One pilot requirements for Low impact systems.;858573892697;eu-central-1;2026-09-19 09:30:34.148196;ksi-inr;A secure cloud service offering will respond to incidents according to FedRAMP requirements and cloud service provider policies;Incident Response;;;aws;;FAIL;GuardDuty is not enabled.;arn:aws:guardduty:eu-central-1:858573892697:detector/unknown;guardduty_is_enabled;False;detector/unknown;FedRAMP-20x-KSI-Low;FedRAMP 20x Key Security Indicators (KSIs) - Low Impact Level v25.05C;
aws;FedRAMP 20x Key Security Indicators (KSIs) Low Impact Level represent core security indicators for cloud service providers, focusing on automation, continuous monitoring, and cloud-native security principles per FedRAMP 20x Phase One pilot requirements for Low impact systems.;858573892697;eu-north-1;2026-09-19 09:30:34.148196;ksi-inr;A secure cloud service offering will respond to incidents according to FedRAMP requirements and cloud service provider policies;Incident Response;;;aws;;FAIL;GuardDuty is not enabled.;arn:aws:guardduty:eu-north-1:858573892697:detector/unknown;guardduty_is_enabled;False;detector/unknown;FedRAMP-20x-KSI-Low;FedRAMP 20x Key Security Indicators (KSIs) - Low Impact Level v25.05C;
aws;FedRAMP 20x Key Security Indicators (KSIs) Low Impact Level represent core security indicators for cloud service providers, focusing on automation, continuous monitoring, and cloud-native security principles per FedRAMP 20x Phase One pilot requirements for Low impact systems.;858573892697;eu-west-1;2026-09-19 09:30:34.148196;ksi-inr;A secure cloud service offering will respond to incidents according to FedRAMP requirements and cloud service provider policies;Incident Response;;;aws;;FAIL;GuardDuty is not enabled.;arn:aws:guardduty:eu-west-1:858573892697:detector/unknown;guardduty_is_enabled;False;detector/unknown;FedRAMP-20x-KSI-Low;FedRAMP 20x Key Security Indicators (KSIs) - Low Impact Level v25.05C;
aws;FedRAMP 20x Key Security Indicators (KSIs) Low Impact Level represent core security indicators for cloud service providers, focusing on automation, continuous monitoring, and cloud-native security principles per FedRAMP 20x Phase One pilot requirements for Low impact systems.;858573892697;eu-west-2;2026-09-19 09:30:34.148196;ksi-inr;A secure cloud service offering will respond to incidents according to FedRAMP requirements and cloud service provider policies;Incident Response;;;aws;;FAIL;GuardDuty is not enabled.;arn:aws:guardduty:eu-west-2:858573892697:detector/unknown;guardduty_is_enabled;False;detector/unknown;FedRAMP-20x-KSI-Low;FedRAMP 20x Key Security Indicators (KSIs) - Low Impact Level v25.05C;
aws;FedRAMP 20x Key Security Indicators (KSIs) Low Impact Level represent core security indicators for cloud service providers, focusing on automation, continuous monitoring, and cloud-native security principles per FedRAMP 20x Phase One pilot requirements for Low impact systems.;858573892697;eu-west-3;2026-09-19 09:30:34.148196;ksi-inr;A secure cloud service offering will respond to incidents according to FedRAMP requirements and cloud service provider policies;Incident Response;;;aws;;FAIL;GuardDuty is not enabled.;arn:aws:guardduty:eu-west-3:858573892697:detector/unknown;guardduty_is_enabled;False;detector/unknown;FedRAMP-20x-KSI-Low;FedRAMP 20x Key Security Indicators (KSIs) - Low Impact Level v25.05C;
aws;FedRAMP 20x Key Security Indicators (KSIs) Low Impact Level represent core security indicators for cloud service providers, focusing on automation, continuous monitoring, and cloud-native security principles per FedRAMP 20x Phase One pilot requirements for Low impact systems.;858573892697;sa-east-1;2026-09-19 09:30:34.148196;ksi-inr;A secure cloud service offering will respond to incidents according to FedRAMP requirements and cloud service provider policies;Incident Response;;;aws;;FAIL;GuardDuty is not enabled.;arn:aws:guardduty:sa-east-1:858573892697:detector/unknown;guardduty_is_enabled;False;detector/unknown;FedRAMP-20x-KSI-Low;FedRAMP 20x Key Security Indicators (KSIs) - Low Impact Level v25.05C;
aws;FedRAMP 20x Key Security Indicators (KSIs) Low Impact Level represent core security indicators for cloud service providers, focusing on automation, continuous monitoring, and cloud-native security principles per FedRAMP 20x Phase One pilot requirements for Low impact systems.;858573892697;us-east-1;2026-09-19 09:30:34.148196;ksi-inr;A secure cloud service offering will respond to incidents according to FedRAMP requirements and cloud service provider policies;Incident Response;;;aws;;FAIL;GuardDuty is not enabled.;arn:aws:guardduty:us-east-1:858573892697:detector/unknown;guardduty_is_enabled;False;detector/unknown;FedRAMP-20x-KSI-Low;FedRAMP 20x Key Security Indicators (KSIs) - Low Impact Level v25.05C;
aws;FedRAMP 20x Key Security Indicators (KSIs) Low Impact Level represent core security indicators for cloud service providers, focusing on automation, continuous monitoring, and cloud-native security principles per FedRAMP 20x Phase One pilot requirements for Low impact systems.;858573892697;us-east-2;2026-09-19 09:30:34.148196;ksi-inr;A secure cloud service offering will respond to incidents according to FedRAMP requirements and cloud service provider policies;Incident Response;;;aws;;FAIL;GuardDuty is not enabled.;arn:aws:guardduty:us-east-2:858573892697:detector/unknown;guardduty_is_enabled;False;detector/unknown;FedRAMP-20x-KSI-Low;FedRAMP 20x Key Security Indicators (KSIs) - Low Impact Level v25.05C;
aws;FedRAMP 20x Key Security Indicators (KSIs) Low Impact Level represent core security indicators for cloud service providers, focusing on automation, continuous monitoring, and cloud-native security principles per FedRAMP 20x Phase One pilot requirements for Low impact systems.;858573892697;us-west-1;2026-09-19 09:30:34.148196;ksi-inr;A secure cloud service offering will respond to incidents according to FedRAMP requirements and cloud service provider policies;Incident Response;;;aws;;FAIL;GuardDuty is not enabled.;arn:aws:guardduty:us-west-1:858573892697:detector/unknown;guardduty_is_enabled;False;detector/unknown;FedRAMP-20x-KSI-Low;FedRAMP 20x Key Security Indicators (KSIs) - Low Impact Level v25.05C;
aws;FedRAMP 20x Key Security Indicators (KSIs) Low Impact Level represent core security indicators for cloud service providers, focusing on automation, continuous monitoring, and cloud-native security principles per FedRAMP 20x Phase One pilot requirements for Low impact systems.;858573892697;us-west-2;2026-09-19 09:30:34.148196;ksi-inr;A secure cloud service offering will respond to incidents according to FedRAMP requirements and cloud service provider policies;Incident Response;;;aws;;FAIL;GuardDuty is not enabled.;arn:aws:guardduty:us-west-2:858573892697:detector/unknown;guardduty_is_enabled;False;detector/unknown;FedRAMP-20x-KSI-Low;FedRAMP 20x Key Security Indicators (KSIs) - Low Impact Level v25.05C;
aws;FedRAMP 20x Key Security Indicators (KSIs) Low Impact Level represent core security indicators for cloud service providers, focusing on automation, continuous monitoring, and cloud-native security principles per FedRAMP 20x Phase One pilot requirements for Low impact systems.;858573892697;us-east-1;2026-09-19 09:30:34.148196;ksi-iam;A secure cloud service offering will protect user data, control access, and apply zero trust principles;Identity and Access Management;;;aws;;FAIL;Group Administrators provides administrator access to User QLabs with MFA disabled.;arn:aws:iam::858573892697:group/Administrators;iam_administrator_access_with_mfa;False;Administrators;FedRAMP-20x-KSI-Low;FedRAMP 20x Key Security Indicators (KSIs) - Low Impact Level v25.05C;
aws;FedRAMP 20x Key Security Indicators (KSIs) Low Impact Level represent core security indicators for cloud service providers, focusing on automation, continuous monitoring, and cloud-native security principles per FedRAMP 20x Phase One pilot requirements for Low impact systems.;858573892697;us-east-1;2026-09-19 09:30:34.148196;ksi-iam;A secure cloud service offering will protect user data, control access, and apply zero trust principles;Identity and Access Management;;;aws;;PASS;Group s3_BucketAccess provides non-administrative access.;arn:aws:iam::858573892697:group/s3_BucketAccess;iam_administrator_access_with_mfa;False;s3_BucketAccess;FedRAMP-20x-KSI-Low;FedRAMP 20x Key Security Indicators (KSIs) - Low Impact Level v25.05C;
aws;FedRAMP 20x Key Security Indicators (KSIs) Low Impact Level represent core security indicators for cloud service providers, focusing on automation, continuous monitoring, and cloud-native security principles per FedRAMP 20x Phase One pilot requirements for Low impact systems.;858573892697;us-east-1;2026-09-19 09:30:34.148196;ksi-iam;A secure cloud service offering will protect user data, control access, and apply zero trust principles;Identity and Access Management;;;aws;;PASS;AWS policy SystemAdministrator is attached but does not allow '*:*' administrative privileges.;arn:aws:iam::aws:policy/job-function/SystemAdministrator;iam_aws_attached_policy_no_administrative_privileges;False;SystemAdministrator;FedRAMP-20x-KSI-Low;FedRAMP 20x Key Security Indicators (KSIs) - Low Impact Level v25.05C;
aws;FedRAMP 20x Key Security Indicators (KSIs) Low Impact Level represent core security indicators for cloud service providers, focusing on automation, continuous monitoring, and cloud-native security principles per FedRAMP 20x Phase One pilot requirements for Low impact systems.;858573892697;us-east-1;2026-09-19 09:30:34.148196;ksi-iam;A secure cloud service offering will protect user data, control access, and apply zero trust principles;Identity and Access Management;;;aws;;PASS;AWS policy AmazonAPIGatewayAdministrator is attached but does not allow '*:*' administrative privileges.;arn:aws:iam::aws:policy/AmazonAPIGatewayAdministrator;iam_aws_attached_policy_no_administrative_privileges;False;AmazonAPIGatewayAdministrator;FedRAMP-20x-KSI-Low;FedRAMP 20x Key Security Indicators (KSIs) - Low Impact Level v25.05C;
aws;FedRAMP 20x Key Security Indicators (KSIs) Low Impact Level represent core security indicators for cloud service providers, focusing on automation, continuous monitoring, and cloud-native security principles per FedRAMP 20x Phase One pilot requirements for Low impact systems.;858573892697;us-east-1;2026-09-19 09:30:34.148196;ksi-iam;A secure cloud service offering will protect user data, control access, and apply zero trust principles;Identity and Access Management;;;aws;;PASS;AWS policy CloudWatchAgentServerPolicy is attached but does not allow '*:*' administrative privileges.;arn:aws:iam::aws:policy/CloudWatchAgentServerPolicy;iam_aws_attached_policy_no_administrative_privileges;False;CloudWatchAgentServerPolicy;FedRAMP-20x-KSI-Low;FedRAMP 20x Key Security Indicators (KSIs) - Low Impact Level v25.05C;
aws;FedRAMP 20x Key Security Indicators (KSIs) Low Impact Level represent core security indicators for cloud service providers, focusing on automation, continuous monitoring, and cloud-native security principles per FedRAMP 20x Phase One pilot requirements for Low impact systems.;858573892697;us-east-1;2026-09-19 09:30:34.148196;ksi-iam;A secure cloud service offering will protect user data, control access, and apply zero trust principles;Identity and Access Management;;;aws;;PASS;AWS policy AWSCloud9ServiceRolePolicy is attached but does not allow '*:*' administrative privileges.;arn:aws:iam::aws:policy/aws-service-role/AWSCloud9ServiceRolePolicy;iam_aws_attached_policy_no_administrative_privileges;False;AWSCloud9ServiceRolePolicy;FedRAMP-20x-KSI-Low;FedRAMP 20x Key Security Indicators (KSIs) - Low Impact Level v25.05C;
aws;FedRAMP 20x Key Security Indicators (KSIs) Low Impact Level represent core security indicators for cloud service providers, focusing on automation, continuous monitoring, and cloud-native security principles per FedRAMP 20x Phase One pilot requirements for Low impact systems.;858573892697;us-east-1;2026-09-19 09:30:34.148196;ksi-iam;A secure cloud service offering will protect user data, control access, and apply zero trust principles;Identity and Access Management;;;aws;;PASS;AWS policy AmazonSSMServiceRolePolicy is attached but does not allow '*:*' administrative privileges.;arn:aws:iam::aws:policy/aws-service-role/AmazonSSMServiceRolePolicy;iam_aws_attached_policy_no_administrative_privileges;False;AmazonSSMServiceRolePolicy;FedRAMP-20x-KSI-Low;FedRAMP 20x Key Security Indicators (KSIs) - Low Impact Level v25.05C;
aws;FedRAMP 20x Key Security Indicators (KSIs) Low Impact Level represent core security indicators for cloud service providers, focusing on automation, continuous monitoring, and cloud-native security principles per FedRAMP 20x Phase One pilot requirements for Low impact systems.;858573892697;us-east-1;2026-09-19 09:30:34.148196;ksi-iam;A secure cloud service offering will protect user data, control access, and apply zero trust principles;Identity and Access Management;;;aws;;PASS;AWS policy AmazonSSMManagedInstanceCore is attached but does not allow '*:*' administrative privileges.;arn:aws:iam::aws:policy/AmazonSSMManagedInstanceCore;iam_aws_attached_policy_no_administrative_privileges;False;AmazonSSMManagedInstanceCore;FedRAMP-20x-KSI-Low;FedRAMP 20x Key Security Indicators (KSIs) - Low Impact Level v25.05C;
aws;FedRAMP 20x Key Security Indicators (KSIs) Low Impact Level represent core security indicators for cloud service providers, focusing on automation, continuous monitoring, and cloud-native security principles per FedRAMP 20x Phase One pilot requirements for Low impact systems.;858573892697;us-east-1;2026-09-19 09:30:34.148196;ksi-iam;A secure cloud service offering will protect user data, control access, and apply zero trust principles;Identity and Access Management;;;aws;;PASS;AWS policy AmazonRDSServiceRolePolicy is attached but does not allow '*:*' administrative privileges.;arn:aws:iam::aws:policy/aws-service-role/AmazonRDSServiceRolePolicy;iam_aws_attached_policy_no_administrative_privileges;False;AmazonRDSServiceRolePolicy;FedRAMP-20x-KSI-Low;FedRAMP 20x Key Security Indicators (KSIs) - Low Impact Level v25.05C;
aws;FedRAMP 20x Key Security Indicators (KSIs) Low Impact Level represent core security indicators for cloud service providers, focusing on automation, continuous monitoring, and cloud-native security principles per FedRAMP 20x Phase One pilot requirements for Low impact systems.;858573892697;us-east-1;2026-09-19 09:30:34.148196;ksi-iam;A secure cloud service offering will protect user data, control access, and apply zero trust principles;Identity and Access Management;;;aws;;PASS;AWS policy AWSTrustedAdvisorServiceRolePolicy is attached but does not allow '*:*' administrative privileges.;arn:aws:iam::aws:policy/aws-service-role/AWSTrustedAdvisorServiceRolePolicy;iam_aws_attached_policy_no_administrative_privileges;False;AWSTrustedAdvisorServiceRolePolicy;FedRAMP-20x-KSI-Low;FedRAMP 20x Key Security Indicators (KSIs) - Low Impact Level v25.05C;
aws;FedRAMP 20x Key Security Indicators (KSIs) Low Impact Level represent core security indicators for cloud service providers, focusing on automation, continuous monitoring, and cloud-native security principles per FedRAMP 20x Phase One pilot requirements for Low impact systems.;858573892697;us-east-1;2026-09-19 09:30:34.148196;ksi-iam;A secure cloud service offering will protect user data, control access, and apply zero trust principles;Identity and Access Management;;;aws;;PASS;AWS policy IAMUserSSHKeys is attached but does not allow '*:*' administrative privileges.;arn:aws:iam::aws:policy/IAMUserSSHKeys;iam_aws_attached_policy_no_administrative_privileges;False;IAMUserSSHKeys;FedRAMP-20x-KSI-Low;FedRAMP 20x Key Security Indicators (KSIs) - Low Impact Level v25.05C;
aws;FedRAMP 20x Key Security Indicators (KSIs) Low Impact Level represent core security indicators for cloud service providers, focusing on automation, continuous monitoring, and cloud-native security principles per FedRAMP 20x Phase One pilot requirements for Low impact systems.;858573892697;us-east-1;2026-09-19 09:30:34.148196;ksi-iam;A secure cloud service offering will protect user data, control access, and apply zero trust principles;Identity and Access Management;;;aws;;FAIL;AWS policy AdministratorAccess is attached and allows '*:*' administrative privileges.;arn:aws:iam::aws:policy/AdministratorAccess;iam_aws_attached_policy_no_administrative_privileges;False;AdministratorAccess;FedRAMP-20x-KSI-Low;FedRAMP 20x Key Security Indicators (KSIs) - Low Impact Level v25.05C;
aws;FedRAMP 20x Key Security Indicators (KSIs) Low Impact Level represent core security indicators for cloud service providers, focusing on automation, continuous monitoring, and cloud-native security principles per FedRAMP 20x Phase One pilot requirements for Low impact systems.;858573892697;us-east-1;2026-09-19 09:30:34.148196;ksi-iam;A secure cloud service offering will protect user data, control access, and apply zero trust principles;Identity and Access Management;;;aws;;PASS;AWS policy AWSSupportServiceRolePolicy is attached but does not allow '*:*' administrative privileges.;arn:aws:iam::aws:policy/aws-service-role/AWSSupportServiceRolePolicy;iam_aws_attached_policy_no_administrative_privileges;False;AWSSupportServiceRolePolicy;FedRAMP-20x-KSI-Low;FedRAMP 20x Key Security Indicators (KSIs) - Low Impact Level v25.05C;
aws;FedRAMP 20x Key Security Indicators (KSIs) Low Impact Level represent core security indicators for cloud service providers, focusing on automation, continuous monitoring, and cloud-native security principles per FedRAMP 20x Phase One pilot requirements for Low impact systems.;858573892697;us-east-1;2026-09-19 09:30:34.148196;ksi-iam;A secure cloud service offering will protect user data, control access, and apply zero trust principles;Identity and Access Management;;;aws;;PASS;AWS policy DatabaseAdministrator is attached but does not allow '*:*' administrative privileges.;arn:aws:iam::aws:policy/job-function/DatabaseAdministrator;iam_aws_attached_policy_no_administrative_privileges;False;DatabaseAdministrator;FedRAMP-20x-KSI-Low;FedRAMP 20x Key Security Indicators (KSIs) - Low Impact Level v25.05C;
aws;FedRAMP 20x Key Security Indicators (KSIs) Low Impact Level represent core security indicators for cloud service providers, focusing on automation, continuous monitoring, and cloud-native security principles per FedRAMP 20x Phase One pilot requirements for Low impact systems.;858573892697;us-east-1;2026-09-19 09:30:34.148196;ksi-iam;A secure cloud service offering will protect user data, control access, and apply zero trust principles;Identity and Access Management;;;aws;;PASS;AWS policy AWSConfigServiceRolePolicy is attached but does not allow '*:*' administrative privileges.;arn:aws:iam::aws:policy/aws-service-role/AWSConfigServiceRolePolicy;iam_aws_attached_policy_no_administrative_privileges;False;AWSConfigServiceRolePolicy;FedRAMP-20x-KSI-Low;FedRAMP 20x Key Security Indicators (KSIs) - Low Impact Level v25.05C;
aws;FedRAMP 20x Key Security Indicators (KSIs) Low Impact Level represent core security indicators for cloud service providers, focusing on automation, continuous monitoring, and cloud-native security principles per FedRAMP 20x Phase One pilot requirements for Low impact systems.;858573892697;us-east-1;2026-09-19 09:30:34.148196;ksi-iam;A secure cloud service offering will protect user data, control access, and apply zero trust principles;Identity and Access Management;;;aws;;PASS;AWS policy IAMUserChangePassword is attached but does not allow '*:*' administrative privileges.;arn:aws:iam::aws:policy/IAMUserChangePassword;iam_aws_attached_policy_no_administrative_privileges;False;IAMUserChangePassword;FedRAMP-20x-KSI-Low;FedRAMP 20x Key Security Indicators (KSIs) - Low Impact Level v25.05C;
aws;FedRAMP 20x Key Security Indicators (KSIs) Low Impact Level represent core security indicators for cloud service providers, focusing on automation, continuous monitoring, and cloud-native security principles per FedRAMP 20x Phase One pilot requirements for Low impact systems.;858573892697;us-east-1;2026-09-19 09:30:34.148196;ksi-iam;A secure cloud service offering will protect user data, control access, and apply zero trust principles;Identity and Access Management;;;aws;;PASS;AWS policy NetworkAdministrator is attached but does not allow '*:*' administrative privileges.;arn:aws:iam::aws:policy/job-function/NetworkAdministrator;iam_aws_attached_policy_no_administrative_privileges;False;NetworkAdministrator;FedRAMP-20x-KSI-Low;FedRAMP 20x Key Security Indicators (KSIs) - Low Impact Level v25.05C;
aws;FedRAMP 20x Key Security Indicators (KSIs) Low Impact Level represent core security indicators for cloud service providers, focusing on automation, continuous monitoring, and cloud-native security principles per FedRAMP 20x Phase One pilot requirements for Low impact systems.;858573892697;us-east-1;2026-09-19 09:30:34.148196;ksi-iam;A secure cloud service offering will protect user data, control access, and apply zero trust principles;Identity and Access Management;;;aws;;PASS;AWS policy AmazonS3FullAccess is attached but does not allow '*:*' administrative privileges.;arn:aws:iam::aws:policy/AmazonS3FullAccess;iam_aws_attached_policy_no_administrative_privileges;False;AmazonS3FullAccess;FedRAMP-20x-KSI-Low;FedRAMP 20x Key Security Indicators (KSIs) - Low Impact Level v25.05C;
aws;FedRAMP 20x Key Security Indicators (KSIs) Low Impact Level represent core security indicators for cloud service providers, focusing on automation, continuous monitoring, and cloud-native security principles per FedRAMP 20x Phase One pilot requirements for Low impact systems.;858573892697;us-east-1;2026-09-19 09:30:34.148196;ksi-iam;A secure cloud service offering will protect user data, control access, and apply zero trust principles;Identity and Access Management;;;aws;;PASS;AWS policy EC2InstanceConnect is attached but does not allow '*:*' administrative privileges.;arn:aws:iam::aws:policy/EC2InstanceConnect;iam_aws_attached_policy_no_administrative_privileges;False;EC2InstanceConnect;FedRAMP-20x-KSI-Low;FedRAMP 20x Key Security Indicators (KSIs) - Low Impact Level v25.05C;
aws;FedRAMP 20x Key Security Indicators (KSIs) Low Impact Level represent core security indicators for cloud service providers, focusing on automation, continuous monitoring, and cloud-native security principles per FedRAMP 20x Phase One pilot requirements for Low impact systems.;858573892697;us-east-1;2026-09-19 09:30:34.148196;ksi-iam;A secure cloud service offering will protect user data, control access, and apply zero trust principles;Identity and Access Management;;;aws;;PASS;AWS policy AdministratorAccess-AWSElasticBeanstalk is attached but does not allow '*:*' administrative privileges.;arn:aws:iam::aws:policy/AdministratorAccess-AWSElasticBeanstalk;iam_aws_attached_policy_no_administrative_privileges;False;AdministratorAccess-AWSElasticBeanstalk;FedRAMP-20x-KSI-Low;FedRAMP 20x Key Security Indicators (KSIs) - Low Impact Level v25.05C;
aws;FedRAMP 20x Key Security Indicators (KSIs) Low Impact Level represent core security indicators for cloud service providers, focusing on automation, continuous monitoring, and cloud-native security principles per FedRAMP 20x Phase One pilot requirements for Low impact systems.;858573892697;us-east-1;2026-09-19 09:30:34.148196;ksi-iam;A secure cloud service offering will protect user data, control access, and apply zero trust principles;Identity and Access Management;;;aws;;PASS;AWS policy AWSQuickSetupSSMManageResourcesExecutionPolicy is attached but does not allow '*:*' administrative privileges.;arn:aws:iam::aws:policy/AWSQuickSetupSSMManageResourcesExecutionPolicy;iam_aws_attached_policy_no_administrative_privileges;False;AWSQuickSetupSSMManageResourcesExecutionPolicy;FedRAMP-20x-KSI-Low;FedRAMP 20x Key Security Indicators (KSIs) - Low Impact Level v25.05C;
aws;FedRAMP 20x Key Security Indicators (KSIs) Low Impact Level represent core security indicators for cloud service providers, focusing on automation, continuous monitoring, and cloud-native security principles per FedRAMP 20x Phase One pilot requirements for Low impact systems.;858573892697;us-east-1;2026-09-19 09:30:34.148196;ksi-iam;A secure cloud service offering will protect user data, control access, and apply zero trust principles;Identity and Access Management;;;aws;;PASS;AWS policy AWS-SSM-Automation-DiagnosisBucketPolicy is attached but does not allow '*:*' administrative privileges.;arn:aws:iam::aws:policy/AWS-SSM-Automation-DiagnosisBucketPolicy;iam_aws_attached_policy_no_administrative_privileges;False;AWS-SSM-Automation-DiagnosisBucketPolicy;FedRAMP-20x-KSI-Low;FedRAMP 20x Key Security Indicators (KSIs) - Low Impact Level v25.05C;
aws;FedRAMP 20x Key Security Indicators (KSIs) Low Impact Level represent core security indicators for cloud service providers, focusing on automation, continuous monitoring, and cloud-native security principles per FedRAMP 20x Phase One pilot requirements for Low impact systems.;858573892697;us-east-1;2026-09-19 09:30:34.148196;ksi-iam;A secure cloud service offering will protect user data, control access, and apply zero trust principles;Identity and Access Management;;;aws;;PASS;AWS policy AWS-SSM-DiagnosisAutomation-AdministrationRolePolicy is attached but does not allow '*:*' administrative privileges.;arn:aws:iam::aws:policy/AWS-SSM-DiagnosisAutomation-AdministrationRolePolicy;iam_aws_attached_policy_no_administrative_privileges;False;AWS-SSM-DiagnosisAutomation-AdministrationRolePolicy;FedRAMP-20x-KSI-Low;FedRAMP 20x Key Security Indicators (KSIs) - Low Impact Level v25.05C;
aws;FedRAMP 20x Key Security Indicators (KSIs) Low Impact Level represent core security indicators for cloud service providers, focusing on automation, continuous monitoring, and cloud-native security principles per FedRAMP 20x Phase One pilot requirements for Low impact systems.;858573892697;us-east-1;2026-09-19 09:30:34.148196;ksi-iam;A secure cloud service offering will protect user data, control access, and apply zero trust principles;Identity and Access Management;;;aws;;PASS;AWS policy AmazonSSMManagedEC2InstanceDefaultPolicy is attached but does not allow '*:*' administrative privileges.;arn:aws:iam::aws:policy/AmazonSSMManagedEC2InstanceDefaultPolicy;iam_aws_attached_policy_no_administrative_privileges;False;AmazonSSMManagedEC2InstanceDefaultPolicy;FedRAMP-20x-KSI-Low;FedRAMP 20x Key Security Indicators (KSIs) - Low Impact Level v25.05C;
aws;FedRAMP 20x Key Security Indicators (KSIs) Low Impact Level represent core security indicators for cloud service providers, focusing on automation, continuous monitoring, and cloud-native security principles per FedRAMP 20x Phase One pilot requirements for Low impact systems.;858573892697;us-east-1;2026-09-19 09:30:34.148196;ksi-iam;A secure cloud service offering will protect user data, control access, and apply zero trust principles;Identity and Access Management;;;aws;;PASS;AWS policy AWSQuickSetupEnableDHMCExecutionPolicy is attached but does not allow '*:*' administrative privileges.;arn:aws:iam::aws:policy/AWSQuickSetupEnableDHMCExecutionPolicy;iam_aws_attached_policy_no_administrative_privileges;False;AWSQuickSetupEnableDHMCExecutionPolicy;FedRAMP-20x-KSI-Low;FedRAMP 20x Key Security Indicators (KSIs) - Low Impact Level v25.05C;
aws;FedRAMP 20x Key Security Indicators (KSIs) Low Impact Level represent core security indicators for cloud service providers, focusing on automation, continuous monitoring, and cloud-native security principles per FedRAMP 20x Phase One pilot requirements for Low impact systems.;858573892697;us-east-1;2026-09-19 09:30:34.148196;ksi-iam;A secure cloud service offering will protect user data, control access, and apply zero trust principles;Identity and Access Management;;;aws;;PASS;AWS policy AWSQuickSetupEnableAREXExecutionPolicy is attached but does not allow '*:*' administrative privileges.;arn:aws:iam::aws:policy/AWSQuickSetupEnableAREXExecutionPolicy;iam_aws_attached_policy_no_administrative_privileges;False;AWSQuickSetupEnableAREXExecutionPolicy;FedRAMP-20x-KSI-Low;FedRAMP 20x Key Security Indicators (KSIs) - Low Impact Level v25.05C;
aws;FedRAMP 20x Key Security Indicators (KSIs) Low Impact Level represent core security indicators for cloud service providers, focusing on automation, continuous monitoring, and cloud-native security principles per FedRAMP 20x Phase One pilot requirements for Low impact systems.;858573892697;us-east-1;2026-09-19 09:30:34.148196;ksi-iam;A secure cloud service offering will protect user data, control access, and apply zero trust principles;Identity and Access Management;;;aws;;PASS;AWS policy AWSQuickSetupSSMDeploymentS3BucketRolePolicy is attached but does not allow '*:*' administrative privileges.;arn:aws:iam::aws:policy/AWSQuickSetupSSMDeploymentS3BucketRolePolicy;iam_aws_attached_policy_no_administrative_privileges;False;AWSQuickSetupSSMDeploymentS3BucketRolePolicy;FedRAMP-20x-KSI-Low;FedRAMP 20x Key Security Indicators (KSIs) - Low Impact Level v25.05C;
aws;FedRAMP 20x Key Security Indicators (KSIs) Low Impact Level represent core security indicators for cloud service providers, focusing on automation, continuous monitoring, and cloud-native security principles per FedRAMP 20x Phase One pilot requirements for Low impact systems.;858573892697;us-east-1;2026-09-19 09:30:34.148196;ksi-iam;A secure cloud service offering will protect user data, control access, and apply zero trust principles;Identity and Access Management;;;aws;;PASS;AWS policy AWSResourceExplorerServiceRolePolicy is attached but does not allow '*:*' administrative privileges.;arn:aws:iam::aws:policy/aws-service-role/AWSResourceExplorerServiceRolePolicy;iam_aws_attached_policy_no_administrative_privileges;False;AWSResourceExplorerServiceRolePolicy;FedRAMP-20x-KSI-Low;FedRAMP 20x Key Security Indicators (KSIs) - Low Impact Level v25.05C;
aws;FedRAMP 20x Key Security Indicators (KSIs) Low Impact Level represent core security indicators for cloud service providers, focusing on automation, continuous monitoring, and cloud-native security principles per FedRAMP 20x Phase One pilot requirements for Low impact systems.;858573892697;us-east-1;2026-09-19 09:30:34.148196;ksi-iam;A secure cloud service offering will protect user data, control access, and apply zero trust principles;Identity and Access Management;;;aws;;PASS;AWS policy AWS-SSM-RemediationAutomation-AdministrationRolePolicy is attached but does not allow '*:*' administrative privileges.;arn:aws:iam::aws:policy/AWS-SSM-RemediationAutomation-AdministrationRolePolicy;iam_aws_attached_policy_no_administrative_privileges;False;AWS-SSM-RemediationAutomation-AdministrationRolePolicy;FedRAMP-20x-KSI-Low;FedRAMP 20x Key Security Indicators (KSIs) - Low Impact Level v25.05C;
aws;FedRAMP 20x Key Security Indicators (KSIs) Low Impact Level represent core security indicators for cloud service providers, focusing on automation, continuous monitoring, and cloud-native security principles per FedRAMP 20x Phase One pilot requirements for Low impact systems.;858573892697;us-east-1;2026-09-19 09:30:34.148196;ksi-iam;A secure cloud service offering will protect user data, control access, and apply zero trust principles;Identity and Access Management;;;aws;;PASS;AWS policy AWS-SSM-RemediationAutomation-ExecutionRolePolicy is attached but does not allow '*:*' administrative privileges.;arn:aws:iam::aws:policy/AWS-SSM-RemediationAutomation-ExecutionRolePolicy;iam_aws_attached_policy_no_administrative_privileges;False;AWS-SSM-RemediationAutomation-ExecutionRolePolicy;FedRAMP-20x-KSI-Low;FedRAMP 20x Key Security Indicators (KSIs) - Low Impact Level v25.05C;
aws;FedRAMP 20x Key Security Indicators (KSIs) Low Impact Level represent core security indicators for cloud service providers, focusing on automation, continuous monitoring, and cloud-native security principles per FedRAMP 20x Phase One pilot requirements for Low impact systems.;858573892697;us-east-1;2026-09-19 09:30:34.148196;ksi-iam;A secure cloud service offering will protect user data, control access, and apply zero trust principles;Identity and Access Management;;;aws;;PASS;AWS policy AWS-SSM-DiagnosisAutomation-ExecutionRolePolicy is attached but does not allow '*:*' administrative privileges.;arn:aws:iam::aws:policy/AWS-SSM-DiagnosisAutomation-ExecutionRolePolicy;iam_aws_attached_policy_no_administrative_privileges;False;AWS-SSM-DiagnosisAutomation-ExecutionRolePolicy;FedRAMP-20x-KSI-Low;FedRAMP 20x Key Security Indicators (KSIs) - Low Impact Level v25.05C;
aws;FedRAMP 20x Key Security Indicators (KSIs) Low Impact Level represent core security indicators for cloud service providers, focusing on automation, continuous monitoring, and cloud-native security principles per FedRAMP 20x Phase One pilot requirements for Low impact systems.;858573892697;us-east-1;2026-09-19 09:30:34.148196;ksi-iam;A secure cloud service offering will protect user data, control access, and apply zero trust principles;Identity and Access Management;;;aws;;PASS;AWS policy AWSSystemsManagerEnableExplorerExecutionPolicy is attached but does not allow '*:*' administrative privileges.;arn:aws:iam::aws:policy/AWSSystemsManagerEnableExplorerExecutionPolicy;iam_aws_attached_policy_no_administrative_privileges;False;AWSSystemsManagerEnableExplorerExecutionPolicy;FedRAMP-20x-KSI-Low;FedRAMP 20x Key Security Indicators (KSIs) - Low Impact Level v25.05C;
aws;FedRAMP 20x Key Security Indicators (KSIs) Low Impact Level represent core security indicators for cloud service providers, focusing on automation, continuous monitoring, and cloud-native security principles per FedRAMP 20x Phase One pilot requirements for Low impact systems.;858573892697;us-east-1;2026-09-19 09:30:34.148196;ksi-iam;A secure cloud service offering will protect user data, control access, and apply zero trust principles;Identity and Access Management;;;aws;;PASS;AWS policy AWSServiceRoleForAIDevOpsPolicy is attached but does not allow '*:*' administrative privileges.;arn:aws:iam::aws:policy/aws-service-role/AWSServiceRoleForAIDevOpsPolicy;iam_aws_attached_policy_no_administrative_privileges;False;AWSServiceRoleForAIDevOpsPolicy;FedRAMP-20x-KSI-Low;FedRAMP 20x Key Security Indicators (KSIs) - Low Impact Level v25.05C;
aws;FedRAMP 20x Key Security Indicators (KSIs) Low Impact Level represent core security indicators for cloud service providers, focusing on automation, continuous monitoring, and cloud-native security principles per FedRAMP 20x Phase One pilot requirements for Low impact systems.;858573892697;us-east-1;2026-09-19 09:30:34.148196;ksi-iam;A secure cloud service offering will protect user data, control access, and apply zero trust principles;Identity and Access Management;;;aws;;PASS;AWS policy AdministratorAccess-Amplify is attached but does not allow '*:*' administrative privileges.;arn:aws:iam::aws:policy/AdministratorAccess-Amplify;iam_aws_attached_policy_no_administrative_privileges;False;AdministratorAccess-Amplify;FedRAMP-20x-KSI-Low;FedRAMP 20x Key Security Indicators (KSIs) - Low Impact Level v25.05C;
aws;FedRAMP 20x Key Security Indicators (KSIs) Low Impact Level represent core security indicators for cloud service providers, focusing on automation, continuous monitoring, and cloud-native security principles per FedRAMP 20x Phase One pilot requirements for Low impact systems.;858573892697;us-east-1;2026-09-19 09:30:34.148196;ksi-iam;A secure cloud service offering will protect user data, control access, and apply zero trust principles;Identity and Access Management;;;aws;;PASS;AWS policy AIDevOpsAgentAccessPolicy is attached but does not allow '*:*' administrative privileges.;arn:aws:iam::aws:policy/AIDevOpsAgentAccessPolicy;iam_aws_attached_policy_no_administrative_privileges;False;AIDevOpsAgentAccessPolicy;FedRAMP-20x-KSI-Low;FedRAMP 20x Key Security Indicators (KSIs) - Low Impact Level v25.05C;
aws;FedRAMP 20x Key Security Indicators (KSIs) Low Impact Level represent core security indicators for cloud service providers, focusing on automation, continuous monitoring, and cloud-native security principles per FedRAMP 20x Phase One pilot requirements for Low impact systems.;858573892697;us-east-1;2026-09-19 09:30:34.148196;ksi-iam;A secure cloud service offering will protect user data, control access, and apply zero trust principles;Identity and Access Management;;;aws;;PASS;AWS policy CostOptimizationHubServiceRolePolicy is attached but does not allow '*:*' administrative privileges.;arn:aws:iam::aws:policy/aws-service-role/CostOptimizationHubServiceRolePolicy;iam_aws_attached_policy_no_administrative_privileges;False;CostOptimizationHubServiceRolePolicy;FedRAMP-20x-KSI-Low;FedRAMP 20x Key Security Indicators (KSIs) - Low Impact Level v25.05C;
aws;FedRAMP 20x Key Security Indicators (KSIs) Low Impact Level represent core security indicators for cloud service providers, focusing on automation, continuous monitoring, and cloud-native security principles per FedRAMP 20x Phase One pilot requirements for Low impact systems.;858573892697;us-east-1;2026-09-19 09:30:34.148196;ksi-iam;A secure cloud service offering will protect user data, control access, and apply zero trust principles;Identity and Access Management;;;aws;;PASS;AWS policy SSMQuickSetupRolePolicy is attached but does not allow '*:*' administrative privileges.;arn:aws:iam::aws:policy/aws-service-role/SSMQuickSetupRolePolicy;iam_aws_attached_policy_no_administrative_privileges;False;SSMQuickSetupRolePolicy;FedRAMP-20x-KSI-Low;FedRAMP 20x Key Security Indicators (KSIs) - Low Impact Level v25.05C;
aws;FedRAMP 20x Key Security Indicators (KSIs) Low Impact Level represent core security indicators for cloud service providers, focusing on automation, continuous monitoring, and cloud-native security principles per FedRAMP 20x Phase One pilot requirements for Low impact systems.;858573892697;us-east-1;2026-09-19 09:30:34.148196;ksi-iam;A secure cloud service offering will protect user data, control access, and apply zero trust principles;Identity and Access Management;;;aws;;PASS;AWS policy AWSQuickSetupSSMDeploymentRolePolicy is attached but does not allow '*:*' administrative privileges.;arn:aws:iam::aws:policy/AWSQuickSetupSSMDeploymentRolePolicy;iam_aws_attached_policy_no_administrative_privileges;False;AWSQuickSetupSSMDeploymentRolePolicy;FedRAMP-20x-KSI-Low;FedRAMP 20x Key Security Indicators (KSIs) - Low Impact Level v25.05C;
aws;FedRAMP 20x Key Security Indicators (KSIs) Low Impact Level represent core security indicators for cloud service providers, focusing on automation, continuous monitoring, and cloud-native security principles per FedRAMP 20x Phase One pilot requirements for Low impact systems.;858573892697;us-east-1;2026-09-19 09:30:34.148196;ksi-iam;A secure cloud service offering will protect user data, control access, and apply zero trust principles;Identity and Access Management;;;aws;;PASS;AWS policy AccessAnalyzerServiceRolePolicy is attached but does not allow '*:*' administrative privileges.;arn:aws:iam::aws:policy/aws-service-role/AccessAnalyzerServiceRolePolicy;iam_aws_attached_policy_no_administrative_privileges;False;AccessAnalyzerServiceRolePolicy;FedRAMP-20x-KSI-Low;FedRAMP 20x Key Security Indicators (KSIs) - Low Impact Level v25.05C;
aws;FedRAMP 20x Key Security Indicators (KSIs) Low Impact Level represent core security indicators for cloud service providers, focusing on automation, continuous monitoring, and cloud-native security principles per FedRAMP 20x Phase One pilot requirements for Low impact systems.;858573892697;us-east-1;2026-09-19 09:30:34.148196;ksi-iam;A secure cloud service offering will protect user data, control access, and apply zero trust principles;Identity and Access Management;;;aws;;PASS;AWS policy AWSAuditManagerAdministratorAccess is attached but does not allow '*:*' administrative privileges.;arn:aws:iam::aws:policy/AWSAuditManagerAdministratorAccess;iam_aws_attached_policy_no_administrative_privileges;False;AWSAuditManagerAdministratorAccess;FedRAMP-20x-KSI-Low;FedRAMP 20x Key Security Indicators (KSIs) - Low Impact Level v25.05C;
aws;FedRAMP 20x Key Security Indicators (KSIs) Low Impact Level represent core security indicators for cloud service providers, focusing on automation, continuous monitoring, and cloud-native security principles per FedRAMP 20x Phase One pilot requirements for Low impact systems.;858573892697;us-east-1;2026-09-19 09:30:34.148196;ksi-iam;A secure cloud service offering will protect user data, control access, and apply zero trust principles;Identity and Access Management;;;aws;;PASS;Custom policy Amazon_EventBridge_Invoke_Lambda_1306283406 is attached but does not allow '*:*' administrative privileges.;arn:aws:iam::858573892697:policy/service-role/Amazon_EventBridge_Invoke_Lambda_1306283406;iam_customer_attached_policy_no_administrative_privileges;False;Amazon_EventBridge_Invoke_Lambda_1306283406;FedRAMP-20x-KSI-Low;FedRAMP 20x Key Security Indicators (KSIs) - Low Impact Level v25.05C;
aws;FedRAMP 20x Key Security Indicators (KSIs) Low Impact Level represent core security indicators for cloud service providers, focusing on automation, continuous monitoring, and cloud-native security principles per FedRAMP 20x Phase One pilot requirements for Low impact systems.;858573892697;us-east-1;2026-09-19 09:30:34.148196;ksi-iam;A secure cloud service offering will protect user data, control access, and apply zero trust principles;Identity and Access Management;;;aws;;PASS;Custom policy AWSLambdaBasicExecutionRole-ee2eebaa-4751-45f4-9bbc-d53f9f672931 is attached but does not allow '*:*' administrative privileges.;arn:aws:iam::858573892697:policy/service-role/AWSLambdaBasicExecutionRole-ee2eebaa-4751-45f4-9bbc-d53f9f672931;iam_customer_attached_policy_no_administrative_privileges;False;AWSLambdaBasicExecutionRole-ee2eebaa-4751-45f4-9bbc-d53f9f672931;FedRAMP-20x-KSI-Low;FedRAMP 20x Key Security Indicators (KSIs) - Low Impact Level v25.05C;
aws;FedRAMP 20x Key Security Indicators (KSIs) Low Impact Level represent core security indicators for cloud service providers, focusing on automation, continuous monitoring, and cloud-native security principles per FedRAMP 20x Phase One pilot requirements for Low impact systems.;858573892697;us-east-1;2026-09-19 09:30:34.148196;ksi-iam;A secure cloud service offering will protect user data, control access, and apply zero trust principles;Identity and Access Management;;;aws;;PASS;Custom policy AWSLambdaBasicExecutionRole-7d74575a-cae7-422c-8d71-058f2d4beb2c is attached but does not allow '*:*' administrative privileges.;arn:aws:iam::858573892697:policy/service-role/AWSLambdaBasicExecutionRole-7d74575a-cae7-422c-8d71-058f2d4beb2c;iam_customer_attached_policy_no_administrative_privileges;False;AWSLambdaBasicExecutionRole-7d74575a-cae7-422c-8d71-058f2d4beb2c;FedRAMP-20x-KSI-Low;FedRAMP 20x Key Security Indicators (KSIs) - Low Impact Level v25.05C;
aws;FedRAMP 20x Key Security Indicators (KSIs) Low Impact Level represent core security indicators for cloud service providers, focusing on automation, continuous monitoring, and cloud-native security principles per FedRAMP 20x Phase One pilot requirements for Low impact systems.;858573892697;us-east-1;2026-09-19 09:30:34.148196;ksi-iam;A secure cloud service offering will protect user data, control access, and apply zero trust principles;Identity and Access Management;;;aws;;PASS;Custom policy vaultcloud-app-permissions is attached but does not allow '*:*' administrative privileges.;arn:aws:iam::858573892697:policy/vaultcloud-app-permissions;iam_customer_attached_policy_no_administrative_privileges;False;vaultcloud-app-permissions;FedRAMP-20x-KSI-Low;FedRAMP 20x Key Security Indicators (KSIs) - Low Impact Level v25.05C;
aws;FedRAMP 20x Key Security Indicators (KSIs) Low Impact Level represent core security indicators for cloud service providers, focusing on automation, continuous monitoring, and cloud-native security principles per FedRAMP 20x Phase One pilot requirements for Low impact systems.;858573892697;us-east-1;2026-09-19 09:30:34.148196;ksi-iam;A secure cloud service offering will protect user data, control access, and apply zero trust principles;Identity and Access Management;;;aws;;PASS;Custom policy Amazon_EventBridge_Invoke_Lambda_898108175 is attached but does not allow '*:*' administrative privileges.;arn:aws:iam::858573892697:policy/service-role/Amazon_EventBridge_Invoke_Lambda_898108175;iam_customer_attached_policy_no_administrative_privileges;False;Amazon_EventBridge_Invoke_Lambda_898108175;FedRAMP-20x-KSI-Low;FedRAMP 20x Key Security Indicators (KSIs) - Low Impact Level v25.05C;
aws;FedRAMP 20x Key Security Indicators (KSIs) Low Impact Level represent core security indicators for cloud service providers, focusing on automation, continuous monitoring, and cloud-native security principles per FedRAMP 20x Phase One pilot requirements for Low impact systems.;858573892697;us-east-1;2026-09-19 09:30:34.148196;ksi-iam;A secure cloud service offering will protect user data, control access, and apply zero trust principles;Identity and Access Management;;;aws;;PASS;Custom policy AWSLambdaBasicExecutionRole-6fb6d332-adaa-4573-995c-3e7219d176fa is attached but does not allow '*:*' administrative privileges.;arn:aws:iam::858573892697:policy/service-role/AWSLambdaBasicExecutionRole-6fb6d332-adaa-4573-995c-3e7219d176fa;iam_customer_attached_policy_no_administrative_privileges;False;AWSLambdaBasicExecutionRole-6fb6d332-adaa-4573-995c-3e7219d176fa;FedRAMP-20x-KSI-Low;FedRAMP 20x Key Security Indicators (KSIs) - Low Impact Level v25.05C;
aws;FedRAMP 20x Key Security Indicators (KSIs) Low Impact Level represent core security indicators for cloud service providers, focusing on automation, continuous monitoring, and cloud-native security principles per FedRAMP 20x Phase One pilot requirements for Low impact systems.;858573892697;us-east-1;2026-09-19 09:30:34.148196;ksi-iam;A secure cloud service offering will protect user data, control access, and apply zero trust principles;Identity and Access Management;;;aws;;PASS;Custom policy AWSLambdaBasicExecutionRole-20cb299b-56e3-4e01-8dfa-5272cf36e044 is attached but does not allow '*:*' administrative privileges.;arn:aws:iam::858573892697:policy/service-role/AWSLambdaBasicExecutionRole-20cb299b-56e3-4e01-8dfa-5272cf36e044;iam_customer_attached_policy_no_administrative_privileges;False;AWSLambdaBasicExecutionRole-20cb299b-56e3-4e01-8dfa-5272cf36e044;FedRAMP-20x-KSI-Low;FedRAMP 20x Key Security Indicators (KSIs) - Low Impact Level v25.05C;
aws;FedRAMP 20x Key Security Indicators (KSIs) Low Impact Level represent core security indicators for cloud service providers, focusing on automation, continuous monitoring, and cloud-native security principles per FedRAMP 20x Phase One pilot requirements for Low impact systems.;858573892697;us-east-1;2026-09-19 09:30:34.148196;ksi-iam;A secure cloud service offering will protect user data, control access, and apply zero trust principles;Identity and Access Management;;;aws;;PASS;Custom policy AWSLambdaBasicExecutionRole-59081244-3520-408e-ae00-4303bff1f475 is attached but does not allow '*:*' administrative privileges.;arn:aws:iam::858573892697:policy/service-role/AWSLambdaBasicExecutionRole-59081244-3520-408e-ae00-4303bff1f475;iam_customer_attached_policy_no_administrative_privileges;False;AWSLambdaBasicExecutionRole-59081244-3520-408e-ae00-4303bff1f475;FedRAMP-20x-KSI-Low;FedRAMP 20x Key Security Indicators (KSIs) - Low Impact Level v25.05C;
aws;FedRAMP 20x Key Security Indicators (KSIs) Low Impact Level represent core security indicators for cloud service providers, focusing on automation, continuous monitoring, and cloud-native security principles per FedRAMP 20x Phase One pilot requirements for Low impact systems.;858573892697;us-east-1;2026-09-19 09:30:34.148196;ksi-iam;A secure cloud service offering will protect user data, control access, and apply zero trust principles;Identity and Access Management;;;aws;;PASS;Custom policy Amazon_EventBridge_Invoke_Lambda_1966832455 is attached but does not allow '*:*' administrative privileges.;arn:aws:iam::858573892697:policy/service-role/Amazon_EventBridge_Invoke_Lambda_1966832455;iam_customer_attached_policy_no_administrative_privileges;False;Amazon_EventBridge_Invoke_Lambda_1966832455;FedRAMP-20x-KSI-Low;FedRAMP 20x Key Security Indicators (KSIs) - Low Impact Level v25.05C;
aws;FedRAMP 20x Key Security Indicators (KSIs) Low Impact Level represent core security indicators for cloud service providers, focusing on automation, continuous monitoring, and cloud-native security principles per FedRAMP 20x Phase One pilot requirements for Low impact systems.;858573892697;us-east-1;2026-09-19 09:30:34.148196;ksi-iam;A secure cloud service offering will protect user data, control access, and apply zero trust principles;Identity and Access Management;;;aws;;PASS;Custom policy Amazon_EventBridge_Invoke_Lambda_864756260 is attached but does not allow '*:*' administrative privileges.;arn:aws:iam::858573892697:policy/service-role/Amazon_EventBridge_Invoke_Lambda_864756260;iam_customer_attached_policy_no_administrative_privileges;False;Amazon_EventBridge_Invoke_Lambda_864756260;FedRAMP-20x-KSI-Low;FedRAMP 20x Key Security Indicators (KSIs) - Low Impact Level v25.05C;
aws;FedRAMP 20x Key Security Indicators (KSIs) Low Impact Level represent core security indicators for cloud service providers, focusing on automation, continuous monitoring, and cloud-native security principles per FedRAMP 20x Phase One pilot requirements for Low impact systems.;858573892697;us-east-1;2026-09-19 09:30:34.148196;ksi-iam;A secure cloud service offering will protect user data, control access, and apply zero trust principles;Identity and Access Management;;;aws;;PASS;Custom policy Cloudtrail-CW-access-policy-vaultcloud-trail-1ba6a52c-f889-4356-9afa-d3d1989f71bd is attached but does not allow '*:*' administrative privileges.;arn:aws:iam::858573892697:policy/service-role/Cloudtrail-CW-access-policy-vaultcloud-trail-1ba6a52c-f889-4356-9afa-d3d1989f71bd;iam_customer_attached_policy_no_administrative_privileges;False;Cloudtrail-CW-access-policy-vaultcloud-trail-1ba6a52c-f889-4356-9afa-d3d1989f71bd;FedRAMP-20x-KSI-Low;FedRAMP 20x Key Security Indicators (KSIs) - Low Impact Level v25.05C;
aws;FedRAMP 20x Key Security Indicators (KSIs) Low Impact Level represent core security indicators for cloud service providers, focusing on automation, continuous monitoring, and cloud-native security principles per FedRAMP 20x Phase One pilot requirements for Low impact systems.;858573892697;us-east-1;2026-09-19 09:30:34.148196;ksi-iam;A secure cloud service offering will protect user data, control access, and apply zero trust principles;Identity and Access Management;;;aws;;PASS;Custom policy Amazon_EventBridge_Invoke_Lambda_1070163897 is attached but does not allow '*:*' administrative privileges.;arn:aws:iam::858573892697:policy/service-role/Amazon_EventBridge_Invoke_Lambda_1070163897;iam_customer_attached_policy_no_administrative_privileges;False;Amazon_EventBridge_Invoke_Lambda_1070163897;FedRAMP-20x-KSI-Low;FedRAMP 20x Key Security Indicators (KSIs) - Low Impact Level v25.05C;
aws;FedRAMP 20x Key Security Indicators (KSIs) Low Impact Level represent core security indicators for cloud service providers, focusing on automation, continuous monitoring, and cloud-native security principles per FedRAMP 20x Phase One pilot requirements for Low impact systems.;858573892697;us-east-1;2026-09-19 09:30:34.148196;ksi-iam;A secure cloud service offering will protect user data, control access, and apply zero trust principles;Identity and Access Management;;;aws;;PASS;Inline policy AssumeExecutionRolePermissions attached to role AWS-QuickSetup-SSM-LocalAdministrationRole does not allow '*:*' administrative privileges.;arn:aws:iam::858573892697:role/AWS-QuickSetup-SSM-LocalAdministrationRole;iam_inline_policy_no_administrative_privileges;False;AWS-QuickSetup-SSM-LocalAdministrationRole/AssumeExecutionRolePermissions;FedRAMP-20x-KSI-Low;FedRAMP 20x Key Security Indicators (KSIs) - Low Impact Level v25.05C;
aws;FedRAMP 20x Key Security Indicators (KSIs) Low Impact Level represent core security indicators for cloud service providers, focusing on automation, continuous monitoring, and cloud-native security principles per FedRAMP 20x Phase One pilot requirements for Low impact systems.;858573892697;us-east-1;2026-09-19 09:30:34.148196;ksi-iam;A secure cloud service offering will protect user data, control access, and apply zero trust principles;Identity and Access Management;;;aws;;PASS;Inline policy S3PublicAccessRemediationPolicy attached to role security-remediation-s3-public-role-2v0hi21k does not allow '*:*' administrative privileges.;arn:aws:iam::858573892697:role/service-role/security-remediation-s3-public-role-2v0hi21k;iam_inline_policy_no_administrative_privileges;False;security-remediation-s3-public-role-2v0hi21k/S3PublicAccessRemediationPolicy;FedRAMP-20x-KSI-Low;FedRAMP 20x Key Security Indicators (KSIs) - Low Impact Level v25.05C;
aws;FedRAMP 20x Key Security Indicators (KSIs) Low Impact Level represent core security indicators for cloud service providers, focusing on automation, continuous monitoring, and cloud-native security principles per FedRAMP 20x Phase One pilot requirements for Low impact systems.;858573892697;us-east-1;2026-09-19 09:30:34.148196;ksi-iam;A secure cloud service offering will protect user data, control access, and apply zero trust principles;Identity and Access Management;;;aws;;PASS;Inline policy AssumeExecutionRolePermissions attached to role AWS-QuickSetup-SSM-LocalAdministrationRole does not allow 'aws-marketplace:Subscribe' on all resources.;arn:aws:iam::858573892697:role/AWS-QuickSetup-SSM-LocalAdministrationRole;iam_inline_policy_no_wildcard_marketplace_subscribe;False;AWS-QuickSetup-SSM-LocalAdministrationRole/AssumeExecutionRolePermissions;FedRAMP-20x-KSI-Low;FedRAMP 20x Key Security Indicators (KSIs) - Low Impact Level v25.05C;
aws;FedRAMP 20x Key Security Indicators (KSIs) Low Impact Level represent core security indicators for cloud service providers, focusing on automation, continuous monitoring, and cloud-native security principles per FedRAMP 20x Phase One pilot requirements for Low impact systems.;858573892697;us-east-1;2026-09-19 09:30:34.148196;ksi-iam;A secure cloud service offering will protect user data, control access, and apply zero trust principles;Identity and Access Management;;;aws;;PASS;Inline policy S3PublicAccessRemediationPolicy attached to role security-remediation-s3-public-role-2v0hi21k does not allow 'aws-marketplace:Subscribe' on all resources.;arn:aws:iam::858573892697:role/service-role/security-remediation-s3-public-role-2v0hi21k;iam_inline_policy_no_wildcard_marketplace_subscribe;False;security-remediation-s3-public-role-2v0hi21k/S3PublicAccessRemediationPolicy;FedRAMP-20x-KSI-Low;FedRAMP 20x Key Security Indicators (KSIs) - Low Impact Level v25.05C;
aws;FedRAMP 20x Key Security Indicators (KSIs) Low Impact Level represent core security indicators for cloud service providers, focusing on automation, continuous monitoring, and cloud-native security principles per FedRAMP 20x Phase One pilot requirements for Low impact systems.;858573892697;us-east-1;2026-09-19 09:30:34.148196;ksi-iam;A secure cloud service offering will protect user data, control access, and apply zero trust principles;Identity and Access Management;;;aws;;PASS;Custom Policy Amazon_EventBridge_Invoke_Lambda_1306283406 does not allow permissive STS Role assumption.;arn:aws:iam::858573892697:policy/service-role/Amazon_EventBridge_Invoke_Lambda_1306283406;iam_no_custom_policy_permissive_role_assumption;False;Amazon_EventBridge_Invoke_Lambda_1306283406;FedRAMP-20x-KSI-Low;FedRAMP 20x Key Security Indicators (KSIs) - Low Impact Level v25.05C;
aws;FedRAMP 20x Key Security Indicators (KSIs) Low Impact Level represent core security indicators for cloud service providers, focusing on automation, continuous monitoring, and cloud-native security principles per FedRAMP 20x Phase One pilot requirements for Low impact systems.;858573892697;us-east-1;2026-09-19 09:30:34.148196;ksi-iam;A secure cloud service offering will protect user data, control access, and apply zero trust principles;Identity and Access Management;;;aws;;PASS;Custom Policy AWSLambdaBasicExecutionRole-ee2eebaa-4751-45f4-9bbc-d53f9f672931 does not allow permissive STS Role assumption.;arn:aws:iam::858573892697:policy/service-role/AWSLambdaBasicExecutionRole-ee2eebaa-4751-45f4-9bbc-d53f9f672931;iam_no_custom_policy_permissive_role_assumption;False;AWSLambdaBasicExecutionRole-ee2eebaa-4751-45f4-9bbc-d53f9f672931;FedRAMP-20x-KSI-Low;FedRAMP 20x Key Security Indicators (KSIs) - Low Impact Level v25.05C;
aws;FedRAMP 20x Key Security Indicators (KSIs) Low Impact Level represent core security indicators for cloud service providers, focusing on automation, continuous monitoring, and cloud-native security principles per FedRAMP 20x Phase One pilot requirements for Low impact systems.;858573892697;us-east-1;2026-09-19 09:30:34.148196;ksi-iam;A secure cloud service offering will protect user data, control access, and apply zero trust principles;Identity and Access Management;;;aws;;PASS;Custom Policy AWSLambdaBasicExecutionRole-7d74575a-cae7-422c-8d71-058f2d4beb2c does not allow permissive STS Role assumption.;arn:aws:iam::858573892697:policy/service-role/AWSLambdaBasicExecutionRole-7d74575a-cae7-422c-8d71-058f2d4beb2c;iam_no_custom_policy_permissive_role_assumption;False;AWSLambdaBasicExecutionRole-7d74575a-cae7-422c-8d71-058f2d4beb2c;FedRAMP-20x-KSI-Low;FedRAMP 20x Key Security Indicators (KSIs) - Low Impact Level v25.05C;
aws;FedRAMP 20x Key Security Indicators (KSIs) Low Impact Level represent core security indicators for cloud service providers, focusing on automation, continuous monitoring, and cloud-native security principles per FedRAMP 20x Phase One pilot requirements for Low impact systems.;858573892697;us-east-1;2026-09-19 09:30:34.148196;ksi-iam;A secure cloud service offering will protect user data, control access, and apply zero trust principles;Identity and Access Management;;;aws;;PASS;Custom Policy vaultcloud-app-permissions does not allow permissive STS Role assumption.;arn:aws:iam::858573892697:policy/vaultcloud-app-permissions;iam_no_custom_policy_permissive_role_assumption;False;vaultcloud-app-permissions;FedRAMP-20x-KSI-Low;FedRAMP 20x Key Security Indicators (KSIs) - Low Impact Level v25.05C;
aws;FedRAMP 20x Key Security Indicators (KSIs) Low Impact Level represent core security indicators for cloud service providers, focusing on automation, continuous monitoring, and cloud-native security principles per FedRAMP 20x Phase One pilot requirements for Low impact systems.;858573892697;us-east-1;2026-09-19 09:30:34.148196;ksi-iam;A secure cloud service offering will protect user data, control access, and apply zero trust principles;Identity and Access Management;;;aws;;PASS;Custom Policy Amazon_EventBridge_Invoke_Lambda_898108175 does not allow permissive STS Role assumption.;arn:aws:iam::858573892697:policy/service-role/Amazon_EventBridge_Invoke_Lambda_898108175;iam_no_custom_policy_permissive_role_assumption;False;Amazon_EventBridge_Invoke_Lambda_898108175;FedRAMP-20x-KSI-Low;FedRAMP 20x Key Security Indicators (KSIs) - Low Impact Level v25.05C;
aws;FedRAMP 20x Key Security Indicators (KSIs) Low Impact Level represent core security indicators for cloud service providers, focusing on automation, continuous monitoring, and cloud-native security principles per FedRAMP 20x Phase One pilot requirements for Low impact systems.;858573892697;us-east-1;2026-09-19 09:30:34.148196;ksi-iam;A secure cloud service offering will protect user data, control access, and apply zero trust principles;Identity and Access Management;;;aws;;PASS;Custom Policy AWSLambdaBasicExecutionRole-6fb6d332-adaa-4573-995c-3e7219d176fa does not allow permissive STS Role assumption.;arn:aws:iam::858573892697:policy/service-role/AWSLambdaBasicExecutionRole-6fb6d332-adaa-4573-995c-3e7219d176fa;iam_no_custom_policy_permissive_role_assumption;False;AWSLambdaBasicExecutionRole-6fb6d332-adaa-4573-995c-3e7219d176fa;FedRAMP-20x-KSI-Low;FedRAMP 20x Key Security Indicators (KSIs) - Low Impact Level v25.05C;
aws;FedRAMP 20x Key Security Indicators (KSIs) Low Impact Level represent core security indicators for cloud service providers, focusing on automation, continuous monitoring, and cloud-native security principles per FedRAMP 20x Phase One pilot requirements for Low impact systems.;858573892697;us-east-1;2026-09-19 09:30:34.148196;ksi-iam;A secure cloud service offering will protect user data, control access, and apply zero trust principles;Identity and Access Management;;;aws;;PASS;Custom Policy AWSLambdaBasicExecutionRole-20cb299b-56e3-4e01-8dfa-5272cf36e044 does not allow permissive STS Role assumption.;arn:aws:iam::858573892697:policy/service-role/AWSLambdaBasicExecutionRole-20cb299b-56e3-4e01-8dfa-5272cf36e044;iam_no_custom_policy_permissive_role_assumption;False;AWSLambdaBasicExecutionRole-20cb299b-56e3-4e01-8dfa-5272cf36e044;FedRAMP-20x-KSI-Low;FedRAMP 20x Key Security Indicators (KSIs) - Low Impact Level v25.05C;
aws;FedRAMP 20x Key Security Indicators (KSIs) Low Impact Level represent core security indicators for cloud service providers, focusing on automation, continuous monitoring, and cloud-native security principles per FedRAMP 20x Phase One pilot requirements for Low impact systems.;858573892697;us-east-1;2026-09-19 09:30:34.148196;ksi-iam;A secure cloud service offering will protect user data, control access, and apply zero trust principles;Identity and Access Management;;;aws;;PASS;Custom Policy AWSLambdaBasicExecutionRole-59081244-3520-408e-ae00-4303bff1f475 does not allow permissive STS Role assumption.;arn:aws:iam::858573892697:policy/service-role/AWSLambdaBasicExecutionRole-59081244-3520-408e-ae00-4303bff1f475;iam_no_custom_policy_permissive_role_assumption;False;AWSLambdaBasicExecutionRole-59081244-3520-408e-ae00-4303bff1f475;FedRAMP-20x-KSI-Low;FedRAMP 20x Key Security Indicators (KSIs) - Low Impact Level v25.05C;
aws;FedRAMP 20x Key Security Indicators (KSIs) Low Impact Level represent core security indicators for cloud service providers, focusing on automation, continuous monitoring, and cloud-native security principles per FedRAMP 20x Phase One pilot requirements for Low impact systems.;858573892697;us-east-1;2026-09-19 09:30:34.148196;ksi-iam;A secure cloud service offering will protect user data, control access, and apply zero trust principles;Identity and Access Management;;;aws;;PASS;Custom Policy Amazon_EventBridge_Invoke_Lambda_1966832455 does not allow permissive STS Role assumption.;arn:aws:iam::858573892697:policy/service-role/Amazon_EventBridge_Invoke_Lambda_1966832455;iam_no_custom_policy_permissive_role_assumption;False;Amazon_EventBridge_Invoke_Lambda_1966832455;FedRAMP-20x-KSI-Low;FedRAMP 20x Key Security Indicators (KSIs) - Low Impact Level v25.05C;
aws;FedRAMP 20x Key Security Indicators (KSIs) Low Impact Level represent core security indicators for cloud service providers, focusing on automation, continuous monitoring, and cloud-native security principles per FedRAMP 20x Phase One pilot requirements for Low impact systems.;858573892697;us-east-1;2026-09-19 09:30:34.148196;ksi-iam;A secure cloud service offering will protect user data, control access, and apply zero trust principles;Identity and Access Management;;;aws;;PASS;Custom Policy Amazon_EventBridge_Invoke_Lambda_864756260 does not allow permissive STS Role assumption.;arn:aws:iam::858573892697:policy/service-role/Amazon_EventBridge_Invoke_Lambda_864756260;iam_no_custom_policy_permissive_role_assumption;False;Amazon_EventBridge_Invoke_Lambda_864756260;FedRAMP-20x-KSI-Low;FedRAMP 20x Key Security Indicators (KSIs) - Low Impact Level v25.05C;
aws;FedRAMP 20x Key Security Indicators (KSIs) Low Impact Level represent core security indicators for cloud service providers, focusing on automation, continuous monitoring, and cloud-native security principles per FedRAMP 20x Phase One pilot requirements for Low impact systems.;858573892697;us-east-1;2026-09-19 09:30:34.148196;ksi-iam;A secure cloud service offering will protect user data, control access, and apply zero trust principles;Identity and Access Management;;;aws;;PASS;Custom Policy Cloudtrail-CW-access-policy-vaultcloud-trail-1ba6a52c-f889-4356-9afa-d3d1989f71bd does not allow permissive STS Role assumption.;arn:aws:iam::858573892697:policy/service-role/Cloudtrail-CW-access-policy-vaultcloud-trail-1ba6a52c-f889-4356-9afa-d3d1989f71bd;iam_no_custom_policy_permissive_role_assumption;False;Cloudtrail-CW-access-policy-vaultcloud-trail-1ba6a52c-f889-4356-9afa-d3d1989f71bd;FedRAMP-20x-KSI-Low;FedRAMP 20x Key Security Indicators (KSIs) - Low Impact Level v25.05C;
aws;FedRAMP 20x Key Security Indicators (KSIs) Low Impact Level represent core security indicators for cloud service providers, focusing on automation, continuous monitoring, and cloud-native security principles per FedRAMP 20x Phase One pilot requirements for Low impact systems.;858573892697;us-east-1;2026-09-19 09:30:34.148196;ksi-iam;A secure cloud service offering will protect user data, control access, and apply zero trust principles;Identity and Access Management;;;aws;;PASS;Custom Policy Amazon_EventBridge_Invoke_Lambda_1070163897 does not allow permissive STS Role assumption.;arn:aws:iam::858573892697:policy/service-role/Amazon_EventBridge_Invoke_Lambda_1070163897;iam_no_custom_policy_permissive_role_assumption;False;Amazon_EventBridge_Invoke_Lambda_1070163897;FedRAMP-20x-KSI-Low;FedRAMP 20x Key Security Indicators (KSIs) - Low Impact Level v25.05C;
aws;FedRAMP 20x Key Security Indicators (KSIs) Low Impact Level represent core security indicators for cloud service providers, focusing on automation, continuous monitoring, and cloud-native security principles per FedRAMP 20x Phase One pilot requirements for Low impact systems.;858573892697;us-east-1;2026-09-19 09:30:34.148196;ksi-iam;A secure cloud service offering will protect user data, control access, and apply zero trust principles;Identity and Access Management;;;aws;;PASS;Root account does not have access keys.;arn:aws:iam::858573892697:root;iam_no_root_access_key;False;<root_account>;FedRAMP-20x-KSI-Low;FedRAMP 20x Key Security Indicators (KSIs) - Low Impact Level v25.05C;
aws;FedRAMP 20x Key Security Indicators (KSIs) Low Impact Level represent core security indicators for cloud service providers, focusing on automation, continuous monitoring, and cloud-native security principles per FedRAMP 20x Phase One pilot requirements for Low impact systems.;858573892697;us-east-1;2026-09-19 09:30:34.148196;ksi-iam-07;Securely manage the lifecycle and privileges of all accounts, roles, and groups;Identity and Access Management;;;aws;;PASS;Root account does not have access keys.;arn:aws:iam::858573892697:root;iam_no_root_access_key;False;<root_account>;FedRAMP-20x-KSI-Low;FedRAMP 20x Key Security Indicators (KSIs) - Low Impact Level v25.05C;
aws;FedRAMP 20x Key Security Indicators (KSIs) Low Impact Level represent core security indicators for cloud service providers, focusing on automation, continuous monitoring, and cloud-native security principles per FedRAMP 20x Phase One pilot requirements for Low impact systems.;858573892697;us-east-1;2026-09-19 09:30:34.148196;ksi-iam;A secure cloud service offering will protect user data, control access, and apply zero trust principles;Identity and Access Management;;;aws;;FAIL;Password expiration is set greater than 90 days (100 days).;arn:aws:iam:us-east-1:858573892697:password-policy;iam_password_policy_expires_passwords_within_90_days_or_less;False;858573892697;FedRAMP-20x-KSI-Low;FedRAMP 20x Key Security Indicators (KSIs) - Low Impact Level v25.05C;
aws;FedRAMP 20x Key Security Indicators (KSIs) Low Impact Level represent core security indicators for cloud service providers, focusing on automation, continuous monitoring, and cloud-native security principles per FedRAMP 20x Phase One pilot requirements for Low impact systems.;858573892697;us-east-1;2026-09-19 09:30:34.148196;ksi-iam;A secure cloud service offering will protect user data, control access, and apply zero trust principles;Identity and Access Management;;;aws;;FAIL;IAM password policy does not require at least one lowercase letter.;arn:aws:iam:us-east-1:858573892697:password-policy;iam_password_policy_lowercase;False;858573892697;FedRAMP-20x-KSI-Low;FedRAMP 20x Key Security Indicators (KSIs) - Low Impact Level v25.05C;
aws;FedRAMP 20x Key Security Indicators (KSIs) Low Impact Level represent core security indicators for cloud service providers, focusing on automation, continuous monitoring, and cloud-native security principles per FedRAMP 20x Phase One pilot requirements for Low impact systems.;858573892697;us-east-1;2026-09-19 09:30:34.148196;ksi-iam;A secure cloud service offering will protect user data, control access, and apply zero trust principles;Identity and Access Management;;;aws;;FAIL;IAM password policy does not require minimum length of 14 characters.;arn:aws:iam:us-east-1:858573892697:password-policy;iam_password_policy_minimum_length_14;False;858573892697;FedRAMP-20x-KSI-Low;FedRAMP 20x Key Security Indicators (KSIs) - Low Impact Level v25.05C;
aws;FedRAMP 20x Key Security Indicators (KSIs) Low Impact Level represent core security indicators for cloud service providers, focusing on automation, continuous monitoring, and cloud-native security principles per FedRAMP 20x Phase One pilot requirements for Low impact systems.;858573892697;us-east-1;2026-09-19 09:30:34.148196;ksi-iam;A secure cloud service offering will protect user data, control access, and apply zero trust principles;Identity and Access Management;;;aws;;PASS;IAM password policy requires at least one number.;arn:aws:iam:us-east-1:858573892697:password-policy;iam_password_policy_number;False;858573892697;FedRAMP-20x-KSI-Low;FedRAMP 20x Key Security Indicators (KSIs) - Low Impact Level v25.05C;
aws;FedRAMP 20x Key Security Indicators (KSIs) Low Impact Level represent core security indicators for cloud service providers, focusing on automation, continuous monitoring, and cloud-native security principles per FedRAMP 20x Phase One pilot requirements for Low impact systems.;858573892697;us-east-1;2026-09-19 09:30:34.148196;ksi-iam;A secure cloud service offering will protect user data, control access, and apply zero trust principles;Identity and Access Management;;;aws;;FAIL;IAM password policy reuse prevention is less than 24 or not set.;arn:aws:iam:us-east-1:858573892697:password-policy;iam_password_policy_reuse_24;False;858573892697;FedRAMP-20x-KSI-Low;FedRAMP 20x Key Security Indicators (KSIs) - Low Impact Level v25.05C;
aws;FedRAMP 20x Key Security Indicators (KSIs) Low Impact Level represent core security indicators for cloud service providers, focusing on automation, continuous monitoring, and cloud-native security principles per FedRAMP 20x Phase One pilot requirements for Low impact systems.;858573892697;us-east-1;2026-09-19 09:30:34.148196;ksi-iam;A secure cloud service offering will protect user data, control access, and apply zero trust principles;Identity and Access Management;;;aws;;PASS;IAM password policy requires at least one symbol.;arn:aws:iam:us-east-1:858573892697:password-policy;iam_password_policy_symbol;False;858573892697;FedRAMP-20x-KSI-Low;FedRAMP 20x Key Security Indicators (KSIs) - Low Impact Level v25.05C;
aws;FedRAMP 20x Key Security Indicators (KSIs) Low Impact Level represent core security indicators for cloud service providers, focusing on automation, continuous monitoring, and cloud-native security principles per FedRAMP 20x Phase One pilot requirements for Low impact systems.;858573892697;us-east-1;2026-09-19 09:30:34.148196;ksi-iam;A secure cloud service offering will protect user data, control access, and apply zero trust principles;Identity and Access Management;;;aws;;PASS;IAM password policy requires at least one uppercase letter.;arn:aws:iam:us-east-1:858573892697:password-policy;iam_password_policy_uppercase;False;858573892697;FedRAMP-20x-KSI-Low;FedRAMP 20x Key Security Indicators (KSIs) - Low Impact Level v25.05C;
aws;FedRAMP 20x Key Security Indicators (KSIs) Low Impact Level represent core security indicators for cloud service providers, focusing on automation, continuous monitoring, and cloud-native security principles per FedRAMP 20x Phase One pilot requirements for Low impact systems.;858573892697;us-east-1;2026-09-19 09:30:34.148196;ksi-iam;A secure cloud service offering will protect user data, control access, and apply zero trust principles;Identity and Access Management;;;aws;;PASS;User QLabs has no inline or attached policies.;arn:aws:iam::858573892697:user/QLabs;iam_policy_attached_only_to_group_or_roles;False;QLabs;FedRAMP-20x-KSI-Low;FedRAMP 20x Key Security Indicators (KSIs) - Low Impact Level v25.05C;
aws;FedRAMP 20x Key Security Indicators (KSIs) Low Impact Level represent core security indicators for cloud service providers, focusing on automation, continuous monitoring, and cloud-native security principles per FedRAMP 20x Phase One pilot requirements for Low impact systems.;858573892697;us-east-1;2026-09-19 09:30:34.148196;ksi-iam-07;Securely manage the lifecycle and privileges of all accounts, roles, and groups;Identity and Access Management;;;aws;;PASS;User QLabs has no inline or attached policies.;arn:aws:iam::858573892697:user/QLabs;iam_policy_attached_only_to_group_or_roles;False;QLabs;FedRAMP-20x-KSI-Low;FedRAMP 20x Key Security Indicators (KSIs) - Low Impact Level v25.05C;
aws;FedRAMP 20x Key Security Indicators (KSIs) Low Impact Level represent core security indicators for cloud service providers, focusing on automation, continuous monitoring, and cloud-native security principles per FedRAMP 20x Phase One pilot requirements for Low impact systems.;858573892697;us-east-1;2026-09-19 09:30:34.148196;ksi-iam;A secure cloud service offering will protect user data, control access, and apply zero trust principles;Identity and Access Management;;;aws;;PASS;Custom Policy Amazon_EventBridge_Invoke_Lambda_1306283406 does not allow 'cloudtrail:*' privileges.;arn:aws:iam::858573892697:policy/service-role/Amazon_EventBridge_Invoke_Lambda_1306283406;iam_policy_no_full_access_to_cloudtrail;False;Amazon_EventBridge_Invoke_Lambda_1306283406;FedRAMP-20x-KSI-Low;FedRAMP 20x Key Security Indicators (KSIs) - Low Impact Level v25.05C;
aws;FedRAMP 20x Key Security Indicators (KSIs) Low Impact Level represent core security indicators for cloud service providers, focusing on automation, continuous monitoring, and cloud-native security principles per FedRAMP 20x Phase One pilot requirements for Low impact systems.;858573892697;us-east-1;2026-09-19 09:30:34.148196;ksi-iam;A secure cloud service offering will protect user data, control access, and apply zero trust principles;Identity and Access Management;;;aws;;PASS;Custom Policy AWSLambdaBasicExecutionRole-ee2eebaa-4751-45f4-9bbc-d53f9f672931 does not allow 'cloudtrail:*' privileges.;arn:aws:iam::858573892697:policy/service-role/AWSLambdaBasicExecutionRole-ee2eebaa-4751-45f4-9bbc-d53f9f672931;iam_policy_no_full_access_to_cloudtrail;False;AWSLambdaBasicExecutionRole-ee2eebaa-4751-45f4-9bbc-d53f9f672931;FedRAMP-20x-KSI-Low;FedRAMP 20x Key Security Indicators (KSIs) - Low Impact Level v25.05C;
aws;FedRAMP 20x Key Security Indicators (KSIs) Low Impact Level represent core security indicators for cloud service providers, focusing on automation, continuous monitoring, and cloud-native security principles per FedRAMP 20x Phase One pilot requirements for Low impact systems.;858573892697;us-east-1;2026-09-19 09:30:34.148196;ksi-iam;A secure cloud service offering will protect user data, control access, and apply zero trust principles;Identity and Access Management;;;aws;;PASS;Custom Policy AWSLambdaBasicExecutionRole-7d74575a-cae7-422c-8d71-058f2d4beb2c does not allow 'cloudtrail:*' privileges.;arn:aws:iam::858573892697:policy/service-role/AWSLambdaBasicExecutionRole-7d74575a-cae7-422c-8d71-058f2d4beb2c;iam_policy_no_full_access_to_cloudtrail;False;AWSLambdaBasicExecutionRole-7d74575a-cae7-422c-8d71-058f2d4beb2c;FedRAMP-20x-KSI-Low;FedRAMP 20x Key Security Indicators (KSIs) - Low Impact Level v25.05C;
aws;FedRAMP 20x Key Security Indicators (KSIs) Low Impact Level represent core security indicators for cloud service providers, focusing on automation, continuous monitoring, and cloud-native security principles per FedRAMP 20x Phase One pilot requirements for Low impact systems.;858573892697;us-east-1;2026-09-19 09:30:34.148196;ksi-iam;A secure cloud service offering will protect user data, control access, and apply zero trust principles;Identity and Access Management;;;aws;;PASS;Custom Policy vaultcloud-app-permissions does not allow 'cloudtrail:*' privileges.;arn:aws:iam::858573892697:policy/vaultcloud-app-permissions;iam_policy_no_full_access_to_cloudtrail;False;vaultcloud-app-permissions;FedRAMP-20x-KSI-Low;FedRAMP 20x Key Security Indicators (KSIs) - Low Impact Level v25.05C;
aws;FedRAMP 20x Key Security Indicators (KSIs) Low Impact Level represent core security indicators for cloud service providers, focusing on automation, continuous monitoring, and cloud-native security principles per FedRAMP 20x Phase One pilot requirements for Low impact systems.;858573892697;us-east-1;2026-09-19 09:30:34.148196;ksi-iam;A secure cloud service offering will protect user data, control access, and apply zero trust principles;Identity and Access Management;;;aws;;PASS;Custom Policy Amazon_EventBridge_Invoke_Lambda_898108175 does not allow 'cloudtrail:*' privileges.;arn:aws:iam::858573892697:policy/service-role/Amazon_EventBridge_Invoke_Lambda_898108175;iam_policy_no_full_access_to_cloudtrail;False;Amazon_EventBridge_Invoke_Lambda_898108175;FedRAMP-20x-KSI-Low;FedRAMP 20x Key Security Indicators (KSIs) - Low Impact Level v25.05C;
aws;FedRAMP 20x Key Security Indicators (KSIs) Low Impact Level represent core security indicators for cloud service providers, focusing on automation, continuous monitoring, and cloud-native security principles per FedRAMP 20x Phase One pilot requirements for Low impact systems.;858573892697;us-east-1;2026-09-19 09:30:34.148196;ksi-iam;A secure cloud service offering will protect user data, control access, and apply zero trust principles;Identity and Access Management;;;aws;;PASS;Custom Policy AWSLambdaBasicExecutionRole-6fb6d332-adaa-4573-995c-3e7219d176fa does not allow 'cloudtrail:*' privileges.;arn:aws:iam::858573892697:policy/service-role/AWSLambdaBasicExecutionRole-6fb6d332-adaa-4573-995c-3e7219d176fa;iam_policy_no_full_access_to_cloudtrail;False;AWSLambdaBasicExecutionRole-6fb6d332-adaa-4573-995c-3e7219d176fa;FedRAMP-20x-KSI-Low;FedRAMP 20x Key Security Indicators (KSIs) - Low Impact Level v25.05C;
aws;FedRAMP 20x Key Security Indicators (KSIs) Low Impact Level represent core security indicators for cloud service providers, focusing on automation, continuous monitoring, and cloud-native security principles per FedRAMP 20x Phase One pilot requirements for Low impact systems.;858573892697;us-east-1;2026-09-19 09:30:34.148196;ksi-iam;A secure cloud service offering will protect user data, control access, and apply zero trust principles;Identity and Access Management;;;aws;;PASS;Custom Policy AWSLambdaBasicExecutionRole-20cb299b-56e3-4e01-8dfa-5272cf36e044 does not allow 'cloudtrail:*' privileges.;arn:aws:iam::858573892697:policy/service-role/AWSLambdaBasicExecutionRole-20cb299b-56e3-4e01-8dfa-5272cf36e044;iam_policy_no_full_access_to_cloudtrail;False;AWSLambdaBasicExecutionRole-20cb299b-56e3-4e01-8dfa-5272cf36e044;FedRAMP-20x-KSI-Low;FedRAMP 20x Key Security Indicators (KSIs) - Low Impact Level v25.05C;
aws;FedRAMP 20x Key Security Indicators (KSIs) Low Impact Level represent core security indicators for cloud service providers, focusing on automation, continuous monitoring, and cloud-native security principles per FedRAMP 20x Phase One pilot requirements for Low impact systems.;858573892697;us-east-1;2026-09-19 09:30:34.148196;ksi-iam;A secure cloud service offering will protect user data, control access, and apply zero trust principles;Identity and Access Management;;;aws;;PASS;Custom Policy AWSLambdaBasicExecutionRole-59081244-3520-408e-ae00-4303bff1f475 does not allow 'cloudtrail:*' privileges.;arn:aws:iam::858573892697:policy/service-role/AWSLambdaBasicExecutionRole-59081244-3520-408e-ae00-4303bff1f475;iam_policy_no_full_access_to_cloudtrail;False;AWSLambdaBasicExecutionRole-59081244-3520-408e-ae00-4303bff1f475;FedRAMP-20x-KSI-Low;FedRAMP 20x Key Security Indicators (KSIs) - Low Impact Level v25.05C;
aws;FedRAMP 20x Key Security Indicators (KSIs) Low Impact Level represent core security indicators for cloud service providers, focusing on automation, continuous monitoring, and cloud-native security principles per FedRAMP 20x Phase One pilot requirements for Low impact systems.;858573892697;us-east-1;2026-09-19 09:30:34.148196;ksi-iam;A secure cloud service offering will protect user data, control access, and apply zero trust principles;Identity and Access Management;;;aws;;PASS;Custom Policy Amazon_EventBridge_Invoke_Lambda_1966832455 does not allow 'cloudtrail:*' privileges.;arn:aws:iam::858573892697:policy/service-role/Amazon_EventBridge_Invoke_Lambda_1966832455;iam_policy_no_full_access_to_cloudtrail;False;Amazon_EventBridge_Invoke_Lambda_1966832455;FedRAMP-20x-KSI-Low;FedRAMP 20x Key Security Indicators (KSIs) - Low Impact Level v25.05C;
aws;FedRAMP 20x Key Security Indicators (KSIs) Low Impact Level represent core security indicators for cloud service providers, focusing on automation, continuous monitoring, and cloud-native security principles per FedRAMP 20x Phase One pilot requirements for Low impact systems.;858573892697;us-east-1;2026-09-19 09:30:34.148196;ksi-iam;A secure cloud service offering will protect user data, control access, and apply zero trust principles;Identity and Access Management;;;aws;;PASS;Custom Policy Amazon_EventBridge_Invoke_Lambda_864756260 does not allow 'cloudtrail:*' privileges.;arn:aws:iam::858573892697:policy/service-role/Amazon_EventBridge_Invoke_Lambda_864756260;iam_policy_no_full_access_to_cloudtrail;False;Amazon_EventBridge_Invoke_Lambda_864756260;FedRAMP-20x-KSI-Low;FedRAMP 20x Key Security Indicators (KSIs) - Low Impact Level v25.05C;
aws;FedRAMP 20x Key Security Indicators (KSIs) Low Impact Level represent core security indicators for cloud service providers, focusing on automation, continuous monitoring, and cloud-native security principles per FedRAMP 20x Phase One pilot requirements for Low impact systems.;858573892697;us-east-1;2026-09-19 09:30:34.148196;ksi-iam;A secure cloud service offering will protect user data, control access, and apply zero trust principles;Identity and Access Management;;;aws;;PASS;Custom Policy Cloudtrail-CW-access-policy-vaultcloud-trail-1ba6a52c-f889-4356-9afa-d3d1989f71bd does not allow 'cloudtrail:*' privileges.;arn:aws:iam::858573892697:policy/service-role/Cloudtrail-CW-access-policy-vaultcloud-trail-1ba6a52c-f889-4356-9afa-d3d1989f71bd;iam_policy_no_full_access_to_cloudtrail;False;Cloudtrail-CW-access-policy-vaultcloud-trail-1ba6a52c-f889-4356-9afa-d3d1989f71bd;FedRAMP-20x-KSI-Low;FedRAMP 20x Key Security Indicators (KSIs) - Low Impact Level v25.05C;
aws;FedRAMP 20x Key Security Indicators (KSIs) Low Impact Level represent core security indicators for cloud service providers, focusing on automation, continuous monitoring, and cloud-native security principles per FedRAMP 20x Phase One pilot requirements for Low impact systems.;858573892697;us-east-1;2026-09-19 09:30:34.148196;ksi-iam;A secure cloud service offering will protect user data, control access, and apply zero trust principles;Identity and Access Management;;;aws;;PASS;Custom Policy Amazon_EventBridge_Invoke_Lambda_1070163897 does not allow 'cloudtrail:*' privileges.;arn:aws:iam::858573892697:policy/service-role/Amazon_EventBridge_Invoke_Lambda_1070163897;iam_policy_no_full_access_to_cloudtrail;False;Amazon_EventBridge_Invoke_Lambda_1070163897;FedRAMP-20x-KSI-Low;FedRAMP 20x Key Security Indicators (KSIs) - Low Impact Level v25.05C;
aws;FedRAMP 20x Key Security Indicators (KSIs) Low Impact Level represent core security indicators for cloud service providers, focusing on automation, continuous monitoring, and cloud-native security principles per FedRAMP 20x Phase One pilot requirements for Low impact systems.;858573892697;us-east-1;2026-09-19 09:30:34.148196;ksi-iam;A secure cloud service offering will protect user data, control access, and apply zero trust principles;Identity and Access Management;;;aws;;PASS;Custom Policy Amazon_EventBridge_Invoke_Lambda_1306283406 does not allow 'kms:*' privileges.;arn:aws:iam::858573892697:policy/service-role/Amazon_EventBridge_Invoke_Lambda_1306283406;iam_policy_no_full_access_to_kms;False;Amazon_EventBridge_Invoke_Lambda_1306283406;FedRAMP-20x-KSI-Low;FedRAMP 20x Key Security Indicators (KSIs) - Low Impact Level v25.05C;
aws;FedRAMP 20x Key Security Indicators (KSIs) Low Impact Level represent core security indicators for cloud service providers, focusing on automation, continuous monitoring, and cloud-native security principles per FedRAMP 20x Phase One pilot requirements for Low impact systems.;858573892697;us-east-1;2026-09-19 09:30:34.148196;ksi-iam;A secure cloud service offering will protect user data, control access, and apply zero trust principles;Identity and Access Management;;;aws;;PASS;Custom Policy AWSLambdaBasicExecutionRole-ee2eebaa-4751-45f4-9bbc-d53f9f672931 does not allow 'kms:*' privileges.;arn:aws:iam::858573892697:policy/service-role/AWSLambdaBasicExecutionRole-ee2eebaa-4751-45f4-9bbc-d53f9f672931;iam_policy_no_full_access_to_kms;False;AWSLambdaBasicExecutionRole-ee2eebaa-4751-45f4-9bbc-d53f9f672931;FedRAMP-20x-KSI-Low;FedRAMP 20x Key Security Indicators (KSIs) - Low Impact Level v25.05C;
aws;FedRAMP 20x Key Security Indicators (KSIs) Low Impact Level represent core security indicators for cloud service providers, focusing on automation, continuous monitoring, and cloud-native security principles per FedRAMP 20x Phase One pilot requirements for Low impact systems.;858573892697;us-east-1;2026-09-19 09:30:34.148196;ksi-iam;A secure cloud service offering will protect user data, control access, and apply zero trust principles;Identity and Access Management;;;aws;;PASS;Custom Policy AWSLambdaBasicExecutionRole-7d74575a-cae7-422c-8d71-058f2d4beb2c does not allow 'kms:*' privileges.;arn:aws:iam::858573892697:policy/service-role/AWSLambdaBasicExecutionRole-7d74575a-cae7-422c-8d71-058f2d4beb2c;iam_policy_no_full_access_to_kms;False;AWSLambdaBasicExecutionRole-7d74575a-cae7-422c-8d71-058f2d4beb2c;FedRAMP-20x-KSI-Low;FedRAMP 20x Key Security Indicators (KSIs) - Low Impact Level v25.05C;
aws;FedRAMP 20x Key Security Indicators (KSIs) Low Impact Level represent core security indicators for cloud service providers, focusing on automation, continuous monitoring, and cloud-native security principles per FedRAMP 20x Phase One pilot requirements for Low impact systems.;858573892697;us-east-1;2026-09-19 09:30:34.148196;ksi-iam;A secure cloud service offering will protect user data, control access, and apply zero trust principles;Identity and Access Management;;;aws;;PASS;Custom Policy vaultcloud-app-permissions does not allow 'kms:*' privileges.;arn:aws:iam::858573892697:policy/vaultcloud-app-permissions;iam_policy_no_full_access_to_kms;False;vaultcloud-app-permissions;FedRAMP-20x-KSI-Low;FedRAMP 20x Key Security Indicators (KSIs) - Low Impact Level v25.05C;
aws;FedRAMP 20x Key Security Indicators (KSIs) Low Impact Level represent core security indicators for cloud service providers, focusing on automation, continuous monitoring, and cloud-native security principles per FedRAMP 20x Phase One pilot requirements for Low impact systems.;858573892697;us-east-1;2026-09-19 09:30:34.148196;ksi-iam;A secure cloud service offering will protect user data, control access, and apply zero trust principles;Identity and Access Management;;;aws;;PASS;Custom Policy Amazon_EventBridge_Invoke_Lambda_898108175 does not allow 'kms:*' privileges.;arn:aws:iam::858573892697:policy/service-role/Amazon_EventBridge_Invoke_Lambda_898108175;iam_policy_no_full_access_to_kms;False;Amazon_EventBridge_Invoke_Lambda_898108175;FedRAMP-20x-KSI-Low;FedRAMP 20x Key Security Indicators (KSIs) - Low Impact Level v25.05C;
aws;FedRAMP 20x Key Security Indicators (KSIs) Low Impact Level represent core security indicators for cloud service providers, focusing on automation, continuous monitoring, and cloud-native security principles per FedRAMP 20x Phase One pilot requirements for Low impact systems.;858573892697;us-east-1;2026-09-19 09:30:34.148196;ksi-iam;A secure cloud service offering will protect user data, control access, and apply zero trust principles;Identity and Access Management;;;aws;;PASS;Custom Policy AWSLambdaBasicExecutionRole-6fb6d332-adaa-4573-995c-3e7219d176fa does not allow 'kms:*' privileges.;arn:aws:iam::858573892697:policy/service-role/AWSLambdaBasicExecutionRole-6fb6d332-adaa-4573-995c-3e7219d176fa;iam_policy_no_full_access_to_kms;False;AWSLambdaBasicExecutionRole-6fb6d332-adaa-4573-995c-3e7219d176fa;FedRAMP-20x-KSI-Low;FedRAMP 20x Key Security Indicators (KSIs) - Low Impact Level v25.05C;
aws;FedRAMP 20x Key Security Indicators (KSIs) Low Impact Level represent core security indicators for cloud service providers, focusing on automation, continuous monitoring, and cloud-native security principles per FedRAMP 20x Phase One pilot requirements for Low impact systems.;858573892697;us-east-1;2026-09-19 09:30:34.148196;ksi-iam;A secure cloud service offering will protect user data, control access, and apply zero trust principles;Identity and Access Management;;;aws;;PASS;Custom Policy AWSLambdaBasicExecutionRole-20cb299b-56e3-4e01-8dfa-5272cf36e044 does not allow 'kms:*' privileges.;arn:aws:iam::858573892697:policy/service-role/AWSLambdaBasicExecutionRole-20cb299b-56e3-4e01-8dfa-5272cf36e044;iam_policy_no_full_access_to_kms;False;AWSLambdaBasicExecutionRole-20cb299b-56e3-4e01-8dfa-5272cf36e044;FedRAMP-20x-KSI-Low;FedRAMP 20x Key Security Indicators (KSIs) - Low Impact Level v25.05C;
aws;FedRAMP 20x Key Security Indicators (KSIs) Low Impact Level represent core security indicators for cloud service providers, focusing on automation, continuous monitoring, and cloud-native security principles per FedRAMP 20x Phase One pilot requirements for Low impact systems.;858573892697;us-east-1;2026-09-19 09:30:34.148196;ksi-iam;A secure cloud service offering will protect user data, control access, and apply zero trust principles;Identity and Access Management;;;aws;;PASS;Custom Policy AWSLambdaBasicExecutionRole-59081244-3520-408e-ae00-4303bff1f475 does not allow 'kms:*' privileges.;arn:aws:iam::858573892697:policy/service-role/AWSLambdaBasicExecutionRole-59081244-3520-408e-ae00-4303bff1f475;iam_policy_no_full_access_to_kms;False;AWSLambdaBasicExecutionRole-59081244-3520-408e-ae00-4303bff1f475;FedRAMP-20x-KSI-Low;FedRAMP 20x Key Security Indicators (KSIs) - Low Impact Level v25.05C;
aws;FedRAMP 20x Key Security Indicators (KSIs) Low Impact Level represent core security indicators for cloud service providers, focusing on automation, continuous monitoring, and cloud-native security principles per FedRAMP 20x Phase One pilot requirements for Low impact systems.;858573892697;us-east-1;2026-09-19 09:30:34.148196;ksi-iam;A secure cloud service offering will protect user data, control access, and apply zero trust principles;Identity and Access Management;;;aws;;PASS;Custom Policy Amazon_EventBridge_Invoke_Lambda_1966832455 does not allow 'kms:*' privileges.;arn:aws:iam::858573892697:policy/service-role/Amazon_EventBridge_Invoke_Lambda_1966832455;iam_policy_no_full_access_to_kms;False;Amazon_EventBridge_Invoke_Lambda_1966832455;FedRAMP-20x-KSI-Low;FedRAMP 20x Key Security Indicators (KSIs) - Low Impact Level v25.05C;
aws;FedRAMP 20x Key Security Indicators (KSIs) Low Impact Level represent core security indicators for cloud service providers, focusing on automation, continuous monitoring, and cloud-native security principles per FedRAMP 20x Phase One pilot requirements for Low impact systems.;858573892697;us-east-1;2026-09-19 09:30:34.148196;ksi-iam;A secure cloud service offering will protect user data, control access, and apply zero trust principles;Identity and Access Management;;;aws;;PASS;Custom Policy Amazon_EventBridge_Invoke_Lambda_864756260 does not allow 'kms:*' privileges.;arn:aws:iam::858573892697:policy/service-role/Amazon_EventBridge_Invoke_Lambda_864756260;iam_policy_no_full_access_to_kms;False;Amazon_EventBridge_Invoke_Lambda_864756260;FedRAMP-20x-KSI-Low;FedRAMP 20x Key Security Indicators (KSIs) - Low Impact Level v25.05C;
aws;FedRAMP 20x Key Security Indicators (KSIs) Low Impact Level represent core security indicators for cloud service providers, focusing on automation, continuous monitoring, and cloud-native security principles per FedRAMP 20x Phase One pilot requirements for Low impact systems.;858573892697;us-east-1;2026-09-19 09:30:34.148196;ksi-iam;A secure cloud service offering will protect user data, control access, and apply zero trust principles;Identity and Access Management;;;aws;;PASS;Custom Policy Cloudtrail-CW-access-policy-vaultcloud-trail-1ba6a52c-f889-4356-9afa-d3d1989f71bd does not allow 'kms:*' privileges.;arn:aws:iam::858573892697:policy/service-role/Cloudtrail-CW-access-policy-vaultcloud-trail-1ba6a52c-f889-4356-9afa-d3d1989f71bd;iam_policy_no_full_access_to_kms;False;Cloudtrail-CW-access-policy-vaultcloud-trail-1ba6a52c-f889-4356-9afa-d3d1989f71bd;FedRAMP-20x-KSI-Low;FedRAMP 20x Key Security Indicators (KSIs) - Low Impact Level v25.05C;
aws;FedRAMP 20x Key Security Indicators (KSIs) Low Impact Level represent core security indicators for cloud service providers, focusing on automation, continuous monitoring, and cloud-native security principles per FedRAMP 20x Phase One pilot requirements for Low impact systems.;858573892697;us-east-1;2026-09-19 09:30:34.148196;ksi-iam;A secure cloud service offering will protect user data, control access, and apply zero trust principles;Identity and Access Management;;;aws;;PASS;Custom Policy Amazon_EventBridge_Invoke_Lambda_1070163897 does not allow 'kms:*' privileges.;arn:aws:iam::858573892697:policy/service-role/Amazon_EventBridge_Invoke_Lambda_1070163897;iam_policy_no_full_access_to_kms;False;Amazon_EventBridge_Invoke_Lambda_1070163897;FedRAMP-20x-KSI-Low;FedRAMP 20x Key Security Indicators (KSIs) - Low Impact Level v25.05C;
aws;FedRAMP 20x Key Security Indicators (KSIs) Low Impact Level represent core security indicators for cloud service providers, focusing on automation, continuous monitoring, and cloud-native security principles per FedRAMP 20x Phase One pilot requirements for Low impact systems.;858573892697;us-east-1;2026-09-19 09:30:34.148196;ksi-iam;A secure cloud service offering will protect user data, control access, and apply zero trust principles;Identity and Access Management;;;aws;;PASS;Custom Policy Amazon_EventBridge_Invoke_Lambda_1306283406 does not allow 'aws-marketplace:Subscribe' on all resources.;arn:aws:iam::858573892697:policy/service-role/Amazon_EventBridge_Invoke_Lambda_1306283406;iam_policy_no_wildcard_marketplace_subscribe;False;Amazon_EventBridge_Invoke_Lambda_1306283406;FedRAMP-20x-KSI-Low;FedRAMP 20x Key Security Indicators (KSIs) - Low Impact Level v25.05C;
aws;FedRAMP 20x Key Security Indicators (KSIs) Low Impact Level represent core security indicators for cloud service providers, focusing on automation, continuous monitoring, and cloud-native security principles per FedRAMP 20x Phase One pilot requirements for Low impact systems.;858573892697;us-east-1;2026-09-19 09:30:34.148196;ksi-iam;A secure cloud service offering will protect user data, control access, and apply zero trust principles;Identity and Access Management;;;aws;;PASS;Custom Policy AWSLambdaBasicExecutionRole-ee2eebaa-4751-45f4-9bbc-d53f9f672931 does not allow 'aws-marketplace:Subscribe' on all resources.;arn:aws:iam::858573892697:policy/service-role/AWSLambdaBasicExecutionRole-ee2eebaa-4751-45f4-9bbc-d53f9f672931;iam_policy_no_wildcard_marketplace_subscribe;False;AWSLambdaBasicExecutionRole-ee2eebaa-4751-45f4-9bbc-d53f9f672931;FedRAMP-20x-KSI-Low;FedRAMP 20x Key Security Indicators (KSIs) - Low Impact Level v25.05C;
aws;FedRAMP 20x Key Security Indicators (KSIs) Low Impact Level represent core security indicators for cloud service providers, focusing on automation, continuous monitoring, and cloud-native security principles per FedRAMP 20x Phase One pilot requirements for Low impact systems.;858573892697;us-east-1;2026-09-19 09:30:34.148196;ksi-iam;A secure cloud service offering will protect user data, control access, and apply zero trust principles;Identity and Access Management;;;aws;;PASS;Custom Policy AWSLambdaBasicExecutionRole-7d74575a-cae7-422c-8d71-058f2d4beb2c does not allow 'aws-marketplace:Subscribe' on all resources.;arn:aws:iam::858573892697:policy/service-role/AWSLambdaBasicExecutionRole-7d74575a-cae7-422c-8d71-058f2d4beb2c;iam_policy_no_wildcard_marketplace_subscribe;False;AWSLambdaBasicExecutionRole-7d74575a-cae7-422c-8d71-058f2d4beb2c;FedRAMP-20x-KSI-Low;FedRAMP 20x Key Security Indicators (KSIs) - Low Impact Level v25.05C;
aws;FedRAMP 20x Key Security Indicators (KSIs) Low Impact Level represent core security indicators for cloud service providers, focusing on automation, continuous monitoring, and cloud-native security principles per FedRAMP 20x Phase One pilot requirements for Low impact systems.;858573892697;us-east-1;2026-09-19 09:30:34.148196;ksi-iam;A secure cloud service offering will protect user data, control access, and apply zero trust principles;Identity and Access Management;;;aws;;PASS;Custom Policy vaultcloud-app-permissions does not allow 'aws-marketplace:Subscribe' on all resources.;arn:aws:iam::858573892697:policy/vaultcloud-app-permissions;iam_policy_no_wildcard_marketplace_subscribe;False;vaultcloud-app-permissions;FedRAMP-20x-KSI-Low;FedRAMP 20x Key Security Indicators (KSIs) - Low Impact Level v25.05C;
aws;FedRAMP 20x Key Security Indicators (KSIs) Low Impact Level represent core security indicators for cloud service providers, focusing on automation, continuous monitoring, and cloud-native security principles per FedRAMP 20x Phase One pilot requirements for Low impact systems.;858573892697;us-east-1;2026-09-19 09:30:34.148196;ksi-iam;A secure cloud service offering will protect user data, control access, and apply zero trust principles;Identity and Access Management;;;aws;;PASS;Custom Policy Amazon_EventBridge_Invoke_Lambda_898108175 does not allow 'aws-marketplace:Subscribe' on all resources.;arn:aws:iam::858573892697:policy/service-role/Amazon_EventBridge_Invoke_Lambda_898108175;iam_policy_no_wildcard_marketplace_subscribe;False;Amazon_EventBridge_Invoke_Lambda_898108175;FedRAMP-20x-KSI-Low;FedRAMP 20x Key Security Indicators (KSIs) - Low Impact Level v25.05C;
aws;FedRAMP 20x Key Security Indicators (KSIs) Low Impact Level represent core security indicators for cloud service providers, focusing on automation, continuous monitoring, and cloud-native security principles per FedRAMP 20x Phase One pilot requirements for Low impact systems.;858573892697;us-east-1;2026-09-19 09:30:34.148196;ksi-iam;A secure cloud service offering will protect user data, control access, and apply zero trust principles;Identity and Access Management;;;aws;;PASS;Custom Policy AWSLambdaBasicExecutionRole-6fb6d332-adaa-4573-995c-3e7219d176fa does not allow 'aws-marketplace:Subscribe' on all resources.;arn:aws:iam::858573892697:policy/service-role/AWSLambdaBasicExecutionRole-6fb6d332-adaa-4573-995c-3e7219d176fa;iam_policy_no_wildcard_marketplace_subscribe;False;AWSLambdaBasicExecutionRole-6fb6d332-adaa-4573-995c-3e7219d176fa;FedRAMP-20x-KSI-Low;FedRAMP 20x Key Security Indicators (KSIs) - Low Impact Level v25.05C;
aws;FedRAMP 20x Key Security Indicators (KSIs) Low Impact Level represent core security indicators for cloud service providers, focusing on automation, continuous monitoring, and cloud-native security principles per FedRAMP 20x Phase One pilot requirements for Low impact systems.;858573892697;us-east-1;2026-09-19 09:30:34.148196;ksi-iam;A secure cloud service offering will protect user data, control access, and apply zero trust principles;Identity and Access Management;;;aws;;PASS;Custom Policy AWSLambdaBasicExecutionRole-20cb299b-56e3-4e01-8dfa-5272cf36e044 does not allow 'aws-marketplace:Subscribe' on all resources.;arn:aws:iam::858573892697:policy/service-role/AWSLambdaBasicExecutionRole-20cb299b-56e3-4e01-8dfa-5272cf36e044;iam_policy_no_wildcard_marketplace_subscribe;False;AWSLambdaBasicExecutionRole-20cb299b-56e3-4e01-8dfa-5272cf36e044;FedRAMP-20x-KSI-Low;FedRAMP 20x Key Security Indicators (KSIs) - Low Impact Level v25.05C;
aws;FedRAMP 20x Key Security Indicators (KSIs) Low Impact Level represent core security indicators for cloud service providers, focusing on automation, continuous monitoring, and cloud-native security principles per FedRAMP 20x Phase One pilot requirements for Low impact systems.;858573892697;us-east-1;2026-09-19 09:30:34.148196;ksi-iam;A secure cloud service offering will protect user data, control access, and apply zero trust principles;Identity and Access Management;;;aws;;PASS;Custom Policy AWSLambdaBasicExecutionRole-59081244-3520-408e-ae00-4303bff1f475 does not allow 'aws-marketplace:Subscribe' on all resources.;arn:aws:iam::858573892697:policy/service-role/AWSLambdaBasicExecutionRole-59081244-3520-408e-ae00-4303bff1f475;iam_policy_no_wildcard_marketplace_subscribe;False;AWSLambdaBasicExecutionRole-59081244-3520-408e-ae00-4303bff1f475;FedRAMP-20x-KSI-Low;FedRAMP 20x Key Security Indicators (KSIs) - Low Impact Level v25.05C;
aws;FedRAMP 20x Key Security Indicators (KSIs) Low Impact Level represent core security indicators for cloud service providers, focusing on automation, continuous monitoring, and cloud-native security principles per FedRAMP 20x Phase One pilot requirements for Low impact systems.;858573892697;us-east-1;2026-09-19 09:30:34.148196;ksi-iam;A secure cloud service offering will protect user data, control access, and apply zero trust principles;Identity and Access Management;;;aws;;PASS;Custom Policy Amazon_EventBridge_Invoke_Lambda_1966832455 does not allow 'aws-marketplace:Subscribe' on all resources.;arn:aws:iam::858573892697:policy/service-role/Amazon_EventBridge_Invoke_Lambda_1966832455;iam_policy_no_wildcard_marketplace_subscribe;False;Amazon_EventBridge_Invoke_Lambda_1966832455;FedRAMP-20x-KSI-Low;FedRAMP 20x Key Security Indicators (KSIs) - Low Impact Level v25.05C;
aws;FedRAMP 20x Key Security Indicators (KSIs) Low Impact Level represent core security indicators for cloud service providers, focusing on automation, continuous monitoring, and cloud-native security principles per FedRAMP 20x Phase One pilot requirements for Low impact systems.;858573892697;us-east-1;2026-09-19 09:30:34.148196;ksi-iam;A secure cloud service offering will protect user data, control access, and apply zero trust principles;Identity and Access Management;;;aws;;PASS;Custom Policy Amazon_EventBridge_Invoke_Lambda_864756260 does not allow 'aws-marketplace:Subscribe' on all resources.;arn:aws:iam::858573892697:policy/service-role/Amazon_EventBridge_Invoke_Lambda_864756260;iam_policy_no_wildcard_marketplace_subscribe;False;Amazon_EventBridge_Invoke_Lambda_864756260;FedRAMP-20x-KSI-Low;FedRAMP 20x Key Security Indicators (KSIs) - Low Impact Level v25.05C;
aws;FedRAMP 20x Key Security Indicators (KSIs) Low Impact Level represent core security indicators for cloud service providers, focusing on automation, continuous monitoring, and cloud-native security principles per FedRAMP 20x Phase One pilot requirements for Low impact systems.;858573892697;us-east-1;2026-09-19 09:30:34.148196;ksi-iam;A secure cloud service offering will protect user data, control access, and apply zero trust principles;Identity and Access Management;;;aws;;PASS;Custom Policy Cloudtrail-CW-access-policy-vaultcloud-trail-1ba6a52c-f889-4356-9afa-d3d1989f71bd does not allow 'aws-marketplace:Subscribe' on all resources.;arn:aws:iam::858573892697:policy/service-role/Cloudtrail-CW-access-policy-vaultcloud-trail-1ba6a52c-f889-4356-9afa-d3d1989f71bd;iam_policy_no_wildcard_marketplace_subscribe;False;Cloudtrail-CW-access-policy-vaultcloud-trail-1ba6a52c-f889-4356-9afa-d3d1989f71bd;FedRAMP-20x-KSI-Low;FedRAMP 20x Key Security Indicators (KSIs) - Low Impact Level v25.05C;
aws;FedRAMP 20x Key Security Indicators (KSIs) Low Impact Level represent core security indicators for cloud service providers, focusing on automation, continuous monitoring, and cloud-native security principles per FedRAMP 20x Phase One pilot requirements for Low impact systems.;858573892697;us-east-1;2026-09-19 09:30:34.148196;ksi-iam;A secure cloud service offering will protect user data, control access, and apply zero trust principles;Identity and Access Management;;;aws;;PASS;Custom Policy Amazon_EventBridge_Invoke_Lambda_1070163897 does not allow 'aws-marketplace:Subscribe' on all resources.;arn:aws:iam::858573892697:policy/service-role/Amazon_EventBridge_Invoke_Lambda_1070163897;iam_policy_no_wildcard_marketplace_subscribe;False;Amazon_EventBridge_Invoke_Lambda_1070163897;FedRAMP-20x-KSI-Low;FedRAMP 20x Key Security Indicators (KSIs) - Low Impact Level v25.05C;
aws;FedRAMP 20x Key Security Indicators (KSIs) Low Impact Level represent core security indicators for cloud service providers, focusing on automation, continuous monitoring, and cloud-native security principles per FedRAMP 20x Phase One pilot requirements for Low impact systems.;858573892697;us-east-1;2026-09-19 09:30:34.148196;ksi-iam;A secure cloud service offering will protect user data, control access, and apply zero trust principles;Identity and Access Management;;;aws;;PASS;IAM Role AWSServiceRoleForConfig accessed Bedrock 0 days ago (threshold: 60 days).;arn:aws:iam::858573892697:role/aws-service-role/config.amazonaws.com/AWSServiceRoleForConfig;iam_role_access_not_stale_to_bedrock;False;AWSServiceRoleForConfig;FedRAMP-20x-KSI-Low;FedRAMP 20x Key Security Indicators (KSIs) - Low Impact Level v25.05C;
aws;FedRAMP 20x Key Security Indicators (KSIs) Low Impact Level represent core security indicators for cloud service providers, focusing on automation, continuous monitoring, and cloud-native security principles per FedRAMP 20x Phase One pilot requirements for Low impact systems.;858573892697;us-east-1;2026-09-19 09:30:34.148196;ksi-iam-07;Securely manage the lifecycle and privileges of all accounts, roles, and groups;Identity and Access Management;;;aws;;PASS;IAM Role AWSServiceRoleForConfig accessed Bedrock 0 days ago (threshold: 60 days).;arn:aws:iam::858573892697:role/aws-service-role/config.amazonaws.com/AWSServiceRoleForConfig;iam_role_access_not_stale_to_bedrock;False;AWSServiceRoleForConfig;FedRAMP-20x-KSI-Low;FedRAMP 20x Key Security Indicators (KSIs) - Low Impact Level v25.05C;
aws;FedRAMP 20x Key Security Indicators (KSIs) Low Impact Level represent core security indicators for cloud service providers, focusing on automation, continuous monitoring, and cloud-native security principles per FedRAMP 20x Phase One pilot requirements for Low impact systems.;858573892697;us-east-1;2026-09-19 09:30:34.148196;ksi-iam;A secure cloud service offering will protect user data, control access, and apply zero trust principles;Identity and Access Management;;;aws;;PASS;IAM Role AWSServiceRoleForResourceExplorer accessed Bedrock 0 days ago (threshold: 60 days).;arn:aws:iam::858573892697:role/aws-service-role/resource-explorer-2.amazonaws.com/AWSServiceRoleForResourceExplorer;iam_role_access_not_stale_to_bedrock;False;AWSServiceRoleForResourceExplorer;FedRAMP-20x-KSI-Low;FedRAMP 20x Key Security Indicators (KSIs) - Low Impact Level v25.05C;
aws;FedRAMP 20x Key Security Indicators (KSIs) Low Impact Level represent core security indicators for cloud service providers, focusing on automation, continuous monitoring, and cloud-native security principles per FedRAMP 20x Phase One pilot requirements for Low impact systems.;858573892697;us-east-1;2026-09-19 09:30:34.148196;ksi-iam-07;Securely manage the lifecycle and privileges of all accounts, roles, and groups;Identity and Access Management;;;aws;;PASS;IAM Role AWSServiceRoleForResourceExplorer accessed Bedrock 0 days ago (threshold: 60 days).;arn:aws:iam::858573892697:role/aws-service-role/resource-explorer-2.amazonaws.com/AWSServiceRoleForResourceExplorer;iam_role_access_not_stale_to_bedrock;False;AWSServiceRoleForResourceExplorer;FedRAMP-20x-KSI-Low;FedRAMP 20x Key Security Indicators (KSIs) - Low Impact Level v25.05C;
aws;FedRAMP 20x Key Security Indicators (KSIs) Low Impact Level represent core security indicators for cloud service providers, focusing on automation, continuous monitoring, and cloud-native security principles per FedRAMP 20x Phase One pilot requirements for Low impact systems.;858573892697;us-east-1;2026-09-19 09:30:34.148196;ksi-iam;A secure cloud service offering will protect user data, control access, and apply zero trust principles;Identity and Access Management;;;aws;;FAIL;IAM Role AWSServiceRoleForSupport has Bedrock permissions but has never used them.;arn:aws:iam::858573892697:role/aws-service-role/support.amazonaws.com/AWSServiceRoleForSupport;iam_role_access_not_stale_to_bedrock;False;AWSServiceRoleForSupport;FedRAMP-20x-KSI-Low;FedRAMP 20x Key Security Indicators (KSIs) - Low Impact Level v25.05C;
aws;FedRAMP 20x Key Security Indicators (KSIs) Low Impact Level represent core security indicators for cloud service providers, focusing on automation, continuous monitoring, and cloud-native security principles per FedRAMP 20x Phase One pilot requirements for Low impact systems.;858573892697;us-east-1;2026-09-19 09:30:34.148196;ksi-iam-07;Securely manage the lifecycle and privileges of all accounts, roles, and groups;Identity and Access Management;;;aws;;FAIL;IAM Role AWSServiceRoleForSupport has Bedrock permissions but has never used them.;arn:aws:iam::858573892697:role/aws-service-role/support.amazonaws.com/AWSServiceRoleForSupport;iam_role_access_not_stale_to_bedrock;False;AWSServiceRoleForSupport;FedRAMP-20x-KSI-Low;FedRAMP 20x Key Security Indicators (KSIs) - Low Impact Level v25.05C;
aws;FedRAMP 20x Key Security Indicators (KSIs) Low Impact Level represent core security indicators for cloud service providers, focusing on automation, continuous monitoring, and cloud-native security principles per FedRAMP 20x Phase One pilot requirements for Low impact systems.;858573892697;us-east-1;2026-09-19 09:30:34.148196;ksi-iam;A secure cloud service offering will protect user data, control access, and apply zero trust principles;Identity and Access Management;;;aws;;FAIL;IAM Role ec2-console-devops-agent-us-east-1 has Bedrock permissions but has never used them.;arn:aws:iam::858573892697:role/service-role/ec2-console-devops-agent-us-east-1;iam_role_access_not_stale_to_bedrock;False;ec2-console-devops-agent-us-east-1;FedRAMP-20x-KSI-Low;FedRAMP 20x Key Security Indicators (KSIs) - Low Impact Level v25.05C;
aws;FedRAMP 20x Key Security Indicators (KSIs) Low Impact Level represent core security indicators for cloud service providers, focusing on automation, continuous monitoring, and cloud-native security principles per FedRAMP 20x Phase One pilot requirements for Low impact systems.;858573892697;us-east-1;2026-09-19 09:30:34.148196;ksi-iam-07;Securely manage the lifecycle and privileges of all accounts, roles, and groups;Identity and Access Management;;;aws;;FAIL;IAM Role ec2-console-devops-agent-us-east-1 has Bedrock permissions but has never used them.;arn:aws:iam::858573892697:role/service-role/ec2-console-devops-agent-us-east-1;iam_role_access_not_stale_to_bedrock;False;ec2-console-devops-agent-us-east-1;FedRAMP-20x-KSI-Low;FedRAMP 20x Key Security Indicators (KSIs) - Low Impact Level v25.05C;
aws;FedRAMP 20x Key Security Indicators (KSIs) Low Impact Level represent core security indicators for cloud service providers, focusing on automation, continuous monitoring, and cloud-native security principles per FedRAMP 20x Phase One pilot requirements for Low impact systems.;858573892697;us-east-1;2026-09-19 09:30:34.148196;ksi-iam;A secure cloud service offering will protect user data, control access, and apply zero trust principles;Identity and Access Management;;;aws;;FAIL;Root account has a virtual MFA instead of a hardware MFA device enabled.;arn:aws:iam::858573892697:mfa;iam_root_hardware_mfa_enabled;False;<root_account>;FedRAMP-20x-KSI-Low;FedRAMP 20x Key Security Indicators (KSIs) - Low Impact Level v25.05C;
aws;FedRAMP 20x Key Security Indicators (KSIs) Low Impact Level represent core security indicators for cloud service providers, focusing on automation, continuous monitoring, and cloud-native security principles per FedRAMP 20x Phase One pilot requirements for Low impact systems.;858573892697;us-east-1;2026-09-19 09:30:34.148196;ksi-iam;A secure cloud service offering will protect user data, control access, and apply zero trust principles;Identity and Access Management;;;aws;;PASS;MFA is enabled for root account.;arn:aws:iam::858573892697:root;iam_root_mfa_enabled;False;<root_account>;FedRAMP-20x-KSI-Low;FedRAMP 20x Key Security Indicators (KSIs) - Low Impact Level v25.05C;
aws;FedRAMP 20x Key Security Indicators (KSIs) Low Impact Level represent core security indicators for cloud service providers, focusing on automation, continuous monitoring, and cloud-native security principles per FedRAMP 20x Phase One pilot requirements for Low impact systems.;858573892697;us-east-1;2026-09-19 09:30:34.148196;ksi-iam;A secure cloud service offering will protect user data, control access, and apply zero trust principles;Identity and Access Management;;;aws;;PASS;User <root_account> does not have access keys.;arn:aws:iam::858573892697:root;iam_rotate_access_key_90_days;False;<root_account>;FedRAMP-20x-KSI-Low;FedRAMP 20x Key Security Indicators (KSIs) - Low Impact Level v25.05C;
aws;FedRAMP 20x Key Security Indicators (KSIs) Low Impact Level represent core security indicators for cloud service providers, focusing on automation, continuous monitoring, and cloud-native security principles per FedRAMP 20x Phase One pilot requirements for Low impact systems.;858573892697;us-east-1;2026-09-19 09:30:34.148196;ksi-iam-07;Securely manage the lifecycle and privileges of all accounts, roles, and groups;Identity and Access Management;;;aws;;PASS;User <root_account> does not have access keys.;arn:aws:iam::858573892697:root;iam_rotate_access_key_90_days;False;<root_account>;FedRAMP-20x-KSI-Low;FedRAMP 20x Key Security Indicators (KSIs) - Low Impact Level v25.05C;
aws;FedRAMP 20x Key Security Indicators (KSIs) Low Impact Level represent core security indicators for cloud service providers, focusing on automation, continuous monitoring, and cloud-native security principles per FedRAMP 20x Phase One pilot requirements for Low impact systems.;858573892697;us-east-1;2026-09-19 09:30:34.148196;ksi-iam;A secure cloud service offering will protect user data, control access, and apply zero trust principles;Identity and Access Management;;;aws;;PASS;User QLabs does not have access keys older than 90 days.;arn:aws:iam::858573892697:user/QLabs;iam_rotate_access_key_90_days;False;QLabs;FedRAMP-20x-KSI-Low;FedRAMP 20x Key Security Indicators (KSIs) - Low Impact Level v25.05C;
aws;FedRAMP 20x Key Security Indicators (KSIs) Low Impact Level represent core security indicators for cloud service providers, focusing on automation, continuous monitoring, and cloud-native security principles per FedRAMP 20x Phase One pilot requirements for Low impact systems.;858573892697;us-east-1;2026-09-19 09:30:34.148196;ksi-iam-07;Securely manage the lifecycle and privileges of all accounts, roles, and groups;Identity and Access Management;;;aws;;PASS;User QLabs does not have access keys older than 90 days.;arn:aws:iam::858573892697:user/QLabs;iam_rotate_access_key_90_days;False;QLabs;FedRAMP-20x-KSI-Low;FedRAMP 20x Key Security Indicators (KSIs) - Low Impact Level v25.05C;
aws;FedRAMP 20x Key Security Indicators (KSIs) Low Impact Level represent core security indicators for cloud service providers, focusing on automation, continuous monitoring, and cloud-native security principles per FedRAMP 20x Phase One pilot requirements for Low impact systems.;858573892697;us-east-1;2026-09-19 09:30:34.148196;ksi-iam;A secure cloud service offering will protect user data, control access, and apply zero trust principles;Identity and Access Management;;;aws;;PASS;IAM User QLabs accessed Bedrock 1 days ago (threshold: 60 days).;arn:aws:iam::858573892697:user/QLabs;iam_user_access_not_stale_to_bedrock;False;QLabs;FedRAMP-20x-KSI-Low;FedRAMP 20x Key Security Indicators (KSIs) - Low Impact Level v25.05C;
aws;FedRAMP 20x Key Security Indicators (KSIs) Low Impact Level represent core security indicators for cloud service providers, focusing on automation, continuous monitoring, and cloud-native security principles per FedRAMP 20x Phase One pilot requirements for Low impact systems.;858573892697;us-east-1;2026-09-19 09:30:34.148196;ksi-iam-07;Securely manage the lifecycle and privileges of all accounts, roles, and groups;Identity and Access Management;;;aws;;PASS;IAM User QLabs accessed Bedrock 1 days ago (threshold: 60 days).;arn:aws:iam::858573892697:user/QLabs;iam_user_access_not_stale_to_bedrock;False;QLabs;FedRAMP-20x-KSI-Low;FedRAMP 20x Key Security Indicators (KSIs) - Low Impact Level v25.05C;
aws;FedRAMP 20x Key Security Indicators (KSIs) Low Impact Level represent core security indicators for cloud service providers, focusing on automation, continuous monitoring, and cloud-native security principles per FedRAMP 20x Phase One pilot requirements for Low impact systems.;858573892697;us-east-1;2026-09-19 09:30:34.148196;ksi-iam;A secure cloud service offering will protect user data, control access, and apply zero trust principles;Identity and Access Management;;;aws;;PASS;User <root_account> does not have access keys.;arn:aws:iam::858573892697:root;iam_user_accesskey_unused;False;<root_account>;FedRAMP-20x-KSI-Low;FedRAMP 20x Key Security Indicators (KSIs) - Low Impact Level v25.05C;
aws;FedRAMP 20x Key Security Indicators (KSIs) Low Impact Level represent core security indicators for cloud service providers, focusing on automation, continuous monitoring, and cloud-native security principles per FedRAMP 20x Phase One pilot requirements for Low impact systems.;858573892697;us-east-1;2026-09-19 09:30:34.148196;ksi-iam-07;Securely manage the lifecycle and privileges of all accounts, roles, and groups;Identity and Access Management;;;aws;;PASS;User <root_account> does not have access keys.;arn:aws:iam::858573892697:root;iam_user_accesskey_unused;False;<root_account>;FedRAMP-20x-KSI-Low;FedRAMP 20x Key Security Indicators (KSIs) - Low Impact Level v25.05C;
aws;FedRAMP 20x Key Security Indicators (KSIs) Low Impact Level represent core security indicators for cloud service providers, focusing on automation, continuous monitoring, and cloud-native security principles per FedRAMP 20x Phase One pilot requirements for Low impact systems.;858573892697;us-east-1;2026-09-19 09:30:34.148196;ksi-iam;A secure cloud service offering will protect user data, control access, and apply zero trust principles;Identity and Access Management;;;aws;;PASS;User QLabs does not have unused access keys for 45 days.;arn:aws:iam::858573892697:user/QLabs;iam_user_accesskey_unused;False;QLabs;FedRAMP-20x-KSI-Low;FedRAMP 20x Key Security Indicators (KSIs) - Low Impact Level v25.05C;
aws;FedRAMP 20x Key Security Indicators (KSIs) Low Impact Level represent core security indicators for cloud service providers, focusing on automation, continuous monitoring, and cloud-native security principles per FedRAMP 20x Phase One pilot requirements for Low impact systems.;858573892697;us-east-1;2026-09-19 09:30:34.148196;ksi-iam-07;Securely manage the lifecycle and privileges of all accounts, roles, and groups;Identity and Access Management;;;aws;;PASS;User QLabs does not have unused access keys for 45 days.;arn:aws:iam::858573892697:user/QLabs;iam_user_accesskey_unused;False;QLabs;FedRAMP-20x-KSI-Low;FedRAMP 20x Key Security Indicators (KSIs) - Low Impact Level v25.05C;
aws;FedRAMP 20x Key Security Indicators (KSIs) Low Impact Level represent core security indicators for cloud service providers, focusing on automation, continuous monitoring, and cloud-native security principles per FedRAMP 20x Phase One pilot requirements for Low impact systems.;858573892697;us-east-1;2026-09-19 09:30:34.148196;ksi-iam;A secure cloud service offering will protect user data, control access, and apply zero trust principles;Identity and Access Management;;;aws;;PASS;User QLabs has logged in to the console in the past 45 days (0 days).;arn:aws:iam::858573892697:user/QLabs;iam_user_console_access_unused;False;QLabs;FedRAMP-20x-KSI-Low;FedRAMP 20x Key Security Indicators (KSIs) - Low Impact Level v25.05C;
aws;FedRAMP 20x Key Security Indicators (KSIs) Low Impact Level represent core security indicators for cloud service providers, focusing on automation, continuous monitoring, and cloud-native security principles per FedRAMP 20x Phase One pilot requirements for Low impact systems.;858573892697;us-east-1;2026-09-19 09:30:34.148196;ksi-iam-07;Securely manage the lifecycle and privileges of all accounts, roles, and groups;Identity and Access Management;;;aws;;PASS;User QLabs has logged in to the console in the past 45 days (0 days).;arn:aws:iam::858573892697:user/QLabs;iam_user_console_access_unused;False;QLabs;FedRAMP-20x-KSI-Low;FedRAMP 20x Key Security Indicators (KSIs) - Low Impact Level v25.05C;
aws;FedRAMP 20x Key Security Indicators (KSIs) Low Impact Level represent core security indicators for cloud service providers, focusing on automation, continuous monitoring, and cloud-native security principles per FedRAMP 20x Phase One pilot requirements for Low impact systems.;858573892697;us-east-1;2026-09-19 09:30:34.148196;ksi-iam;A secure cloud service offering will protect user data, control access, and apply zero trust principles;Identity and Access Management;;;aws;;FAIL;User QLabs does not have any type of MFA enabled.;arn:aws:iam::858573892697:user/QLabs;iam_user_hardware_mfa_enabled;False;QLabs;FedRAMP-20x-KSI-Low;FedRAMP 20x Key Security Indicators (KSIs) - Low Impact Level v25.05C;
aws;FedRAMP 20x Key Security Indicators (KSIs) Low Impact Level represent core security indicators for cloud service providers, focusing on automation, continuous monitoring, and cloud-native security principles per FedRAMP 20x Phase One pilot requirements for Low impact systems.;858573892697;us-east-1;2026-09-19 09:30:34.148196;ksi-iam;A secure cloud service offering will protect user data, control access, and apply zero trust principles;Identity and Access Management;;;aws;;FAIL;User QLabs has Console Password enabled but MFA disabled.;arn:aws:iam::858573892697:user/QLabs;iam_user_mfa_enabled_console_access;False;QLabs;FedRAMP-20x-KSI-Low;FedRAMP 20x Key Security Indicators (KSIs) - Low Impact Level v25.05C;
aws;FedRAMP 20x Key Security Indicators (KSIs) Low Impact Level represent core security indicators for cloud service providers, focusing on automation, continuous monitoring, and cloud-native security principles per FedRAMP 20x Phase One pilot requirements for Low impact systems.;858573892697;us-east-1;2026-09-19 09:30:34.148196;ksi-iam;A secure cloud service offering will protect user data, control access, and apply zero trust principles;Identity and Access Management;;;aws;;PASS;User <root_account> does not have 2 active access keys.;arn:aws:iam::858573892697:root;iam_user_two_active_access_key;False;<root_account>;FedRAMP-20x-KSI-Low;FedRAMP 20x Key Security Indicators (KSIs) - Low Impact Level v25.05C;
aws;FedRAMP 20x Key Security Indicators (KSIs) Low Impact Level represent core security indicators for cloud service providers, focusing on automation, continuous monitoring, and cloud-native security principles per FedRAMP 20x Phase One pilot requirements for Low impact systems.;858573892697;us-east-1;2026-09-19 09:30:34.148196;ksi-iam;A secure cloud service offering will protect user data, control access, and apply zero trust principles;Identity and Access Management;;;aws;;FAIL;User QLabs has 2 active access keys.;arn:aws:iam::858573892697:user/QLabs;iam_user_two_active_access_key;False;QLabs;FedRAMP-20x-KSI-Low;FedRAMP 20x Key Security Indicators (KSIs) - Low Impact Level v25.05C;
aws;FedRAMP 20x Key Security Indicators (KSIs) Low Impact Level represent core security indicators for cloud service providers, focusing on automation, continuous monitoring, and cloud-native security principles per FedRAMP 20x Phase One pilot requirements for Low impact systems.;858573892697;ap-northeast-1;2026-09-19 09:30:34.148196;ksi-inr;A secure cloud service offering will respond to incidents according to FedRAMP requirements and cloud service provider policies;Incident Response;;;aws;;FAIL;Inspector2 is not enabled in this account.;arn:aws:inspector2:ap-northeast-1:858573892697:inspector2;inspector2_is_enabled;False;Inspector2;FedRAMP-20x-KSI-Low;FedRAMP 20x Key Security Indicators (KSIs) - Low Impact Level v25.05C;
aws;FedRAMP 20x Key Security Indicators (KSIs) Low Impact Level represent core security indicators for cloud service providers, focusing on automation, continuous monitoring, and cloud-native security principles per FedRAMP 20x Phase One pilot requirements for Low impact systems.;858573892697;ap-northeast-1;2026-09-19 09:30:34.148196;ksi-mla;A secure cloud service offering will monitor, log, and audit all important events, activity, and changes;Monitoring, Logging, and Auditing;;;aws;;FAIL;Inspector2 is not enabled in this account.;arn:aws:inspector2:ap-northeast-1:858573892697:inspector2;inspector2_is_enabled;False;Inspector2;FedRAMP-20x-KSI-Low;FedRAMP 20x Key Security Indicators (KSIs) - Low Impact Level v25.05C;
aws;FedRAMP 20x Key Security Indicators (KSIs) Low Impact Level represent core security indicators for cloud service providers, focusing on automation, continuous monitoring, and cloud-native security principles per FedRAMP 20x Phase One pilot requirements for Low impact systems.;858573892697;ap-northeast-1;2026-09-19 09:30:34.148196;ksi-tpr;A secure cloud service offering will understand, monitor, and manage supply chain risks from third-party information resources;Third-Party Information Resources;;;aws;;FAIL;Inspector2 is not enabled in this account.;arn:aws:inspector2:ap-northeast-1:858573892697:inspector2;inspector2_is_enabled;False;Inspector2;FedRAMP-20x-KSI-Low;FedRAMP 20x Key Security Indicators (KSIs) - Low Impact Level v25.05C;
aws;FedRAMP 20x Key Security Indicators (KSIs) Low Impact Level represent core security indicators for cloud service providers, focusing on automation, continuous monitoring, and cloud-native security principles per FedRAMP 20x Phase One pilot requirements for Low impact systems.;858573892697;ap-northeast-1;2026-09-19 09:30:34.148196;ksi-mla-07;Maintain a list of information resources and event types that will be monitored, logged, and audited;Monitoring, Logging, and Auditing;;;aws;;FAIL;Inspector2 is not enabled in this account.;arn:aws:inspector2:ap-northeast-1:858573892697:inspector2;inspector2_is_enabled;False;Inspector2;FedRAMP-20x-KSI-Low;FedRAMP 20x Key Security Indicators (KSIs) - Low Impact Level v25.05C;
aws;FedRAMP 20x Key Security Indicators (KSIs) Low Impact Level represent core security indicators for cloud service providers, focusing on automation, continuous monitoring, and cloud-native security principles per FedRAMP 20x Phase One pilot requirements for Low impact systems.;858573892697;ap-northeast-2;2026-09-19 09:30:34.148196;ksi-inr;A secure cloud service offering will respond to incidents according to FedRAMP requirements and cloud service provider policies;Incident Response;;;aws;;FAIL;Inspector2 is not enabled in this account.;arn:aws:inspector2:ap-northeast-2:858573892697:inspector2;inspector2_is_enabled;False;Inspector2;FedRAMP-20x-KSI-Low;FedRAMP 20x Key Security Indicators (KSIs) - Low Impact Level v25.05C;
aws;FedRAMP 20x Key Security Indicators (KSIs) Low Impact Level represent core security indicators for cloud service providers, focusing on automation, continuous monitoring, and cloud-native security principles per FedRAMP 20x Phase One pilot requirements for Low impact systems.;858573892697;ap-northeast-2;2026-09-19 09:30:34.148196;ksi-mla;A secure cloud service offering will monitor, log, and audit all important events, activity, and changes;Monitoring, Logging, and Auditing;;;aws;;FAIL;Inspector2 is not enabled in this account.;arn:aws:inspector2:ap-northeast-2:858573892697:inspector2;inspector2_is_enabled;False;Inspector2;FedRAMP-20x-KSI-Low;FedRAMP 20x Key Security Indicators (KSIs) - Low Impact Level v25.05C;
aws;FedRAMP 20x Key Security Indicators (KSIs) Low Impact Level represent core security indicators for cloud service providers, focusing on automation, continuous monitoring, and cloud-native security principles per FedRAMP 20x Phase One pilot requirements for Low impact systems.;858573892697;ap-northeast-2;2026-09-19 09:30:34.148196;ksi-tpr;A secure cloud service offering will understand, monitor, and manage supply chain risks from third-party information resources;Third-Party Information Resources;;;aws;;FAIL;Inspector2 is not enabled in this account.;arn:aws:inspector2:ap-northeast-2:858573892697:inspector2;inspector2_is_enabled;False;Inspector2;FedRAMP-20x-KSI-Low;FedRAMP 20x Key Security Indicators (KSIs) - Low Impact Level v25.05C;
aws;FedRAMP 20x Key Security Indicators (KSIs) Low Impact Level represent core security indicators for cloud service providers, focusing on automation, continuous monitoring, and cloud-native security principles per FedRAMP 20x Phase One pilot requirements for Low impact systems.;858573892697;ap-northeast-2;2026-09-19 09:30:34.148196;ksi-mla-07;Maintain a list of information resources and event types that will be monitored, logged, and audited;Monitoring, Logging, and Auditing;;;aws;;FAIL;Inspector2 is not enabled in this account.;arn:aws:inspector2:ap-northeast-2:858573892697:inspector2;inspector2_is_enabled;False;Inspector2;FedRAMP-20x-KSI-Low;FedRAMP 20x Key Security Indicators (KSIs) - Low Impact Level v25.05C;
aws;FedRAMP 20x Key Security Indicators (KSIs) Low Impact Level represent core security indicators for cloud service providers, focusing on automation, continuous monitoring, and cloud-native security principles per FedRAMP 20x Phase One pilot requirements for Low impact systems.;858573892697;ap-northeast-3;2026-09-19 09:30:34.148196;ksi-inr;A secure cloud service offering will respond to incidents according to FedRAMP requirements and cloud service provider policies;Incident Response;;;aws;;FAIL;Inspector2 is not enabled in this account.;arn:aws:inspector2:ap-northeast-3:858573892697:inspector2;inspector2_is_enabled;False;Inspector2;FedRAMP-20x-KSI-Low;FedRAMP 20x Key Security Indicators (KSIs) - Low Impact Level v25.05C;
aws;FedRAMP 20x Key Security Indicators (KSIs) Low Impact Level represent core security indicators for cloud service providers, focusing on automation, continuous monitoring, and cloud-native security principles per FedRAMP 20x Phase One pilot requirements for Low impact systems.;858573892697;ap-northeast-3;2026-09-19 09:30:34.148196;ksi-mla;A secure cloud service offering will monitor, log, and audit all important events, activity, and changes;Monitoring, Logging, and Auditing;;;aws;;FAIL;Inspector2 is not enabled in this account.;arn:aws:inspector2:ap-northeast-3:858573892697:inspector2;inspector2_is_enabled;False;Inspector2;FedRAMP-20x-KSI-Low;FedRAMP 20x Key Security Indicators (KSIs) - Low Impact Level v25.05C;
aws;FedRAMP 20x Key Security Indicators (KSIs) Low Impact Level represent core security indicators for cloud service providers, focusing on automation, continuous monitoring, and cloud-native security principles per FedRAMP 20x Phase One pilot requirements for Low impact systems.;858573892697;ap-northeast-3;2026-09-19 09:30:34.148196;ksi-tpr;A secure cloud service offering will understand, monitor, and manage supply chain risks from third-party information resources;Third-Party Information Resources;;;aws;;FAIL;Inspector2 is not enabled in this account.;arn:aws:inspector2:ap-northeast-3:858573892697:inspector2;inspector2_is_enabled;False;Inspector2;FedRAMP-20x-KSI-Low;FedRAMP 20x Key Security Indicators (KSIs) - Low Impact Level v25.05C;
aws;FedRAMP 20x Key Security Indicators (KSIs) Low Impact Level represent core security indicators for cloud service providers, focusing on automation, continuous monitoring, and cloud-native security principles per FedRAMP 20x Phase One pilot requirements for Low impact systems.;858573892697;ap-northeast-3;2026-09-19 09:30:34.148196;ksi-mla-07;Maintain a list of information resources and event types that will be monitored, logged, and audited;Monitoring, Logging, and Auditing;;;aws;;FAIL;Inspector2 is not enabled in this account.;arn:aws:inspector2:ap-northeast-3:858573892697:inspector2;inspector2_is_enabled;False;Inspector2;FedRAMP-20x-KSI-Low;FedRAMP 20x Key Security Indicators (KSIs) - Low Impact Level v25.05C;
aws;FedRAMP 20x Key Security Indicators (KSIs) Low Impact Level represent core security indicators for cloud service providers, focusing on automation, continuous monitoring, and cloud-native security principles per FedRAMP 20x Phase One pilot requirements for Low impact systems.;858573892697;ap-south-1;2026-09-19 09:30:34.148196;ksi-inr;A secure cloud service offering will respond to incidents according to FedRAMP requirements and cloud service provider policies;Incident Response;;;aws;;FAIL;Inspector2 is not enabled in this account.;arn:aws:inspector2:ap-south-1:858573892697:inspector2;inspector2_is_enabled;False;Inspector2;FedRAMP-20x-KSI-Low;FedRAMP 20x Key Security Indicators (KSIs) - Low Impact Level v25.05C;
aws;FedRAMP 20x Key Security Indicators (KSIs) Low Impact Level represent core security indicators for cloud service providers, focusing on automation, continuous monitoring, and cloud-native security principles per FedRAMP 20x Phase One pilot requirements for Low impact systems.;858573892697;ap-south-1;2026-09-19 09:30:34.148196;ksi-mla;A secure cloud service offering will monitor, log, and audit all important events, activity, and changes;Monitoring, Logging, and Auditing;;;aws;;FAIL;Inspector2 is not enabled in this account.;arn:aws:inspector2:ap-south-1:858573892697:inspector2;inspector2_is_enabled;False;Inspector2;FedRAMP-20x-KSI-Low;FedRAMP 20x Key Security Indicators (KSIs) - Low Impact Level v25.05C;
aws;FedRAMP 20x Key Security Indicators (KSIs) Low Impact Level represent core security indicators for cloud service providers, focusing on automation, continuous monitoring, and cloud-native security principles per FedRAMP 20x Phase One pilot requirements for Low impact systems.;858573892697;ap-south-1;2026-09-19 09:30:34.148196;ksi-tpr;A secure cloud service offering will understand, monitor, and manage supply chain risks from third-party information resources;Third-Party Information Resources;;;aws;;FAIL;Inspector2 is not enabled in this account.;arn:aws:inspector2:ap-south-1:858573892697:inspector2;inspector2_is_enabled;False;Inspector2;FedRAMP-20x-KSI-Low;FedRAMP 20x Key Security Indicators (KSIs) - Low Impact Level v25.05C;
aws;FedRAMP 20x Key Security Indicators (KSIs) Low Impact Level represent core security indicators for cloud service providers, focusing on automation, continuous monitoring, and cloud-native security principles per FedRAMP 20x Phase One pilot requirements for Low impact systems.;858573892697;ap-south-1;2026-09-19 09:30:34.148196;ksi-mla-07;Maintain a list of information resources and event types that will be monitored, logged, and audited;Monitoring, Logging, and Auditing;;;aws;;FAIL;Inspector2 is not enabled in this account.;arn:aws:inspector2:ap-south-1:858573892697:inspector2;inspector2_is_enabled;False;Inspector2;FedRAMP-20x-KSI-Low;FedRAMP 20x Key Security Indicators (KSIs) - Low Impact Level v25.05C;
aws;FedRAMP 20x Key Security Indicators (KSIs) Low Impact Level represent core security indicators for cloud service providers, focusing on automation, continuous monitoring, and cloud-native security principles per FedRAMP 20x Phase One pilot requirements for Low impact systems.;858573892697;ap-southeast-1;2026-09-19 09:30:34.148196;ksi-inr;A secure cloud service offering will respond to incidents according to FedRAMP requirements and cloud service provider policies;Incident Response;;;aws;;FAIL;Inspector2 is not enabled in this account.;arn:aws:inspector2:ap-southeast-1:858573892697:inspector2;inspector2_is_enabled;False;Inspector2;FedRAMP-20x-KSI-Low;FedRAMP 20x Key Security Indicators (KSIs) - Low Impact Level v25.05C;
aws;FedRAMP 20x Key Security Indicators (KSIs) Low Impact Level represent core security indicators for cloud service providers, focusing on automation, continuous monitoring, and cloud-native security principles per FedRAMP 20x Phase One pilot requirements for Low impact systems.;858573892697;ap-southeast-1;2026-09-19 09:30:34.148196;ksi-mla;A secure cloud service offering will monitor, log, and audit all important events, activity, and changes;Monitoring, Logging, and Auditing;;;aws;;FAIL;Inspector2 is not enabled in this account.;arn:aws:inspector2:ap-southeast-1:858573892697:inspector2;inspector2_is_enabled;False;Inspector2;FedRAMP-20x-KSI-Low;FedRAMP 20x Key Security Indicators (KSIs) - Low Impact Level v25.05C;
aws;FedRAMP 20x Key Security Indicators (KSIs) Low Impact Level represent core security indicators for cloud service providers, focusing on automation, continuous monitoring, and cloud-native security principles per FedRAMP 20x Phase One pilot requirements for Low impact systems.;858573892697;ap-southeast-1;2026-09-19 09:30:34.148196;ksi-tpr;A secure cloud service offering will understand, monitor, and manage supply chain risks from third-party information resources;Third-Party Information Resources;;;aws;;FAIL;Inspector2 is not enabled in this account.;arn:aws:inspector2:ap-southeast-1:858573892697:inspector2;inspector2_is_enabled;False;Inspector2;FedRAMP-20x-KSI-Low;FedRAMP 20x Key Security Indicators (KSIs) - Low Impact Level v25.05C;
aws;FedRAMP 20x Key Security Indicators (KSIs) Low Impact Level represent core security indicators for cloud service providers, focusing on automation, continuous monitoring, and cloud-native security principles per FedRAMP 20x Phase One pilot requirements for Low impact systems.;858573892697;ap-southeast-1;2026-09-19 09:30:34.148196;ksi-mla-07;Maintain a list of information resources and event types that will be monitored, logged, and audited;Monitoring, Logging, and Auditing;;;aws;;FAIL;Inspector2 is not enabled in this account.;arn:aws:inspector2:ap-southeast-1:858573892697:inspector2;inspector2_is_enabled;False;Inspector2;FedRAMP-20x-KSI-Low;FedRAMP 20x Key Security Indicators (KSIs) - Low Impact Level v25.05C;
aws;FedRAMP 20x Key Security Indicators (KSIs) Low Impact Level represent core security indicators for cloud service providers, focusing on automation, continuous monitoring, and cloud-native security principles per FedRAMP 20x Phase One pilot requirements for Low impact systems.;858573892697;ap-southeast-2;2026-09-19 09:30:34.148196;ksi-inr;A secure cloud service offering will respond to incidents according to FedRAMP requirements and cloud service provider policies;Incident Response;;;aws;;FAIL;Inspector2 is not enabled in this account.;arn:aws:inspector2:ap-southeast-2:858573892697:inspector2;inspector2_is_enabled;False;Inspector2;FedRAMP-20x-KSI-Low;FedRAMP 20x Key Security Indicators (KSIs) - Low Impact Level v25.05C;
aws;FedRAMP 20x Key Security Indicators (KSIs) Low Impact Level represent core security indicators for cloud service providers, focusing on automation, continuous monitoring, and cloud-native security principles per FedRAMP 20x Phase One pilot requirements for Low impact systems.;858573892697;ap-southeast-2;2026-09-19 09:30:34.148196;ksi-mla;A secure cloud service offering will monitor, log, and audit all important events, activity, and changes;Monitoring, Logging, and Auditing;;;aws;;FAIL;Inspector2 is not enabled in this account.;arn:aws:inspector2:ap-southeast-2:858573892697:inspector2;inspector2_is_enabled;False;Inspector2;FedRAMP-20x-KSI-Low;FedRAMP 20x Key Security Indicators (KSIs) - Low Impact Level v25.05C;
aws;FedRAMP 20x Key Security Indicators (KSIs) Low Impact Level represent core security indicators for cloud service providers, focusing on automation, continuous monitoring, and cloud-native security principles per FedRAMP 20x Phase One pilot requirements for Low impact systems.;858573892697;ap-southeast-2;2026-09-19 09:30:34.148196;ksi-tpr;A secure cloud service offering will understand, monitor, and manage supply chain risks from third-party information resources;Third-Party Information Resources;;;aws;;FAIL;Inspector2 is not enabled in this account.;arn:aws:inspector2:ap-southeast-2:858573892697:inspector2;inspector2_is_enabled;False;Inspector2;FedRAMP-20x-KSI-Low;FedRAMP 20x Key Security Indicators (KSIs) - Low Impact Level v25.05C;
aws;FedRAMP 20x Key Security Indicators (KSIs) Low Impact Level represent core security indicators for cloud service providers, focusing on automation, continuous monitoring, and cloud-native security principles per FedRAMP 20x Phase One pilot requirements for Low impact systems.;858573892697;ap-southeast-2;2026-09-19 09:30:34.148196;ksi-mla-07;Maintain a list of information resources and event types that will be monitored, logged, and audited;Monitoring, Logging, and Auditing;;;aws;;FAIL;Inspector2 is not enabled in this account.;arn:aws:inspector2:ap-southeast-2:858573892697:inspector2;inspector2_is_enabled;False;Inspector2;FedRAMP-20x-KSI-Low;FedRAMP 20x Key Security Indicators (KSIs) - Low Impact Level v25.05C;
aws;FedRAMP 20x Key Security Indicators (KSIs) Low Impact Level represent core security indicators for cloud service providers, focusing on automation, continuous monitoring, and cloud-native security principles per FedRAMP 20x Phase One pilot requirements for Low impact systems.;858573892697;ca-central-1;2026-09-19 09:30:34.148196;ksi-inr;A secure cloud service offering will respond to incidents according to FedRAMP requirements and cloud service provider policies;Incident Response;;;aws;;FAIL;Inspector2 is not enabled in this account.;arn:aws:inspector2:ca-central-1:858573892697:inspector2;inspector2_is_enabled;False;Inspector2;FedRAMP-20x-KSI-Low;FedRAMP 20x Key Security Indicators (KSIs) - Low Impact Level v25.05C;
aws;FedRAMP 20x Key Security Indicators (KSIs) Low Impact Level represent core security indicators for cloud service providers, focusing on automation, continuous monitoring, and cloud-native security principles per FedRAMP 20x Phase One pilot requirements for Low impact systems.;858573892697;ca-central-1;2026-09-19 09:30:34.148196;ksi-mla;A secure cloud service offering will monitor, log, and audit all important events, activity, and changes;Monitoring, Logging, and Auditing;;;aws;;FAIL;Inspector2 is not enabled in this account.;arn:aws:inspector2:ca-central-1:858573892697:inspector2;inspector2_is_enabled;False;Inspector2;FedRAMP-20x-KSI-Low;FedRAMP 20x Key Security Indicators (KSIs) - Low Impact Level v25.05C;
aws;FedRAMP 20x Key Security Indicators (KSIs) Low Impact Level represent core security indicators for cloud service providers, focusing on automation, continuous monitoring, and cloud-native security principles per FedRAMP 20x Phase One pilot requirements for Low impact systems.;858573892697;ca-central-1;2026-09-19 09:30:34.148196;ksi-tpr;A secure cloud service offering will understand, monitor, and manage supply chain risks from third-party information resources;Third-Party Information Resources;;;aws;;FAIL;Inspector2 is not enabled in this account.;arn:aws:inspector2:ca-central-1:858573892697:inspector2;inspector2_is_enabled;False;Inspector2;FedRAMP-20x-KSI-Low;FedRAMP 20x Key Security Indicators (KSIs) - Low Impact Level v25.05C;
aws;FedRAMP 20x Key Security Indicators (KSIs) Low Impact Level represent core security indicators for cloud service providers, focusing on automation, continuous monitoring, and cloud-native security principles per FedRAMP 20x Phase One pilot requirements for Low impact systems.;858573892697;ca-central-1;2026-09-19 09:30:34.148196;ksi-mla-07;Maintain a list of information resources and event types that will be monitored, logged, and audited;Monitoring, Logging, and Auditing;;;aws;;FAIL;Inspector2 is not enabled in this account.;arn:aws:inspector2:ca-central-1:858573892697:inspector2;inspector2_is_enabled;False;Inspector2;FedRAMP-20x-KSI-Low;FedRAMP 20x Key Security Indicators (KSIs) - Low Impact Level v25.05C;
aws;FedRAMP 20x Key Security Indicators (KSIs) Low Impact Level represent core security indicators for cloud service providers, focusing on automation, continuous monitoring, and cloud-native security principles per FedRAMP 20x Phase One pilot requirements for Low impact systems.;858573892697;eu-central-1;2026-09-19 09:30:34.148196;ksi-inr;A secure cloud service offering will respond to incidents according to FedRAMP requirements and cloud service provider policies;Incident Response;;;aws;;FAIL;Inspector2 is not enabled in this account.;arn:aws:inspector2:eu-central-1:858573892697:inspector2;inspector2_is_enabled;False;Inspector2;FedRAMP-20x-KSI-Low;FedRAMP 20x Key Security Indicators (KSIs) - Low Impact Level v25.05C;
aws;FedRAMP 20x Key Security Indicators (KSIs) Low Impact Level represent core security indicators for cloud service providers, focusing on automation, continuous monitoring, and cloud-native security principles per FedRAMP 20x Phase One pilot requirements for Low impact systems.;858573892697;eu-central-1;2026-09-19 09:30:34.148196;ksi-mla;A secure cloud service offering will monitor, log, and audit all important events, activity, and changes;Monitoring, Logging, and Auditing;;;aws;;FAIL;Inspector2 is not enabled in this account.;arn:aws:inspector2:eu-central-1:858573892697:inspector2;inspector2_is_enabled;False;Inspector2;FedRAMP-20x-KSI-Low;FedRAMP 20x Key Security Indicators (KSIs) - Low Impact Level v25.05C;
aws;FedRAMP 20x Key Security Indicators (KSIs) Low Impact Level represent core security indicators for cloud service providers, focusing on automation, continuous monitoring, and cloud-native security principles per FedRAMP 20x Phase One pilot requirements for Low impact systems.;858573892697;eu-central-1;2026-09-19 09:30:34.148196;ksi-tpr;A secure cloud service offering will understand, monitor, and manage supply chain risks from third-party information resources;Third-Party Information Resources;;;aws;;FAIL;Inspector2 is not enabled in this account.;arn:aws:inspector2:eu-central-1:858573892697:inspector2;inspector2_is_enabled;False;Inspector2;FedRAMP-20x-KSI-Low;FedRAMP 20x Key Security Indicators (KSIs) - Low Impact Level v25.05C;
aws;FedRAMP 20x Key Security Indicators (KSIs) Low Impact Level represent core security indicators for cloud service providers, focusing on automation, continuous monitoring, and cloud-native security principles per FedRAMP 20x Phase One pilot requirements for Low impact systems.;858573892697;eu-central-1;2026-09-19 09:30:34.148196;ksi-mla-07;Maintain a list of information resources and event types that will be monitored, logged, and audited;Monitoring, Logging, and Auditing;;;aws;;FAIL;Inspector2 is not enabled in this account.;arn:aws:inspector2:eu-central-1:858573892697:inspector2;inspector2_is_enabled;False;Inspector2;FedRAMP-20x-KSI-Low;FedRAMP 20x Key Security Indicators (KSIs) - Low Impact Level v25.05C;
aws;FedRAMP 20x Key Security Indicators (KSIs) Low Impact Level represent core security indicators for cloud service providers, focusing on automation, continuous monitoring, and cloud-native security principles per FedRAMP 20x Phase One pilot requirements for Low impact systems.;858573892697;eu-north-1;2026-09-19 09:30:34.148196;ksi-inr;A secure cloud service offering will respond to incidents according to FedRAMP requirements and cloud service provider policies;Incident Response;;;aws;;FAIL;Inspector2 is not enabled in this account.;arn:aws:inspector2:eu-north-1:858573892697:inspector2;inspector2_is_enabled;False;Inspector2;FedRAMP-20x-KSI-Low;FedRAMP 20x Key Security Indicators (KSIs) - Low Impact Level v25.05C;
aws;FedRAMP 20x Key Security Indicators (KSIs) Low Impact Level represent core security indicators for cloud service providers, focusing on automation, continuous monitoring, and cloud-native security principles per FedRAMP 20x Phase One pilot requirements for Low impact systems.;858573892697;eu-north-1;2026-09-19 09:30:34.148196;ksi-mla;A secure cloud service offering will monitor, log, and audit all important events, activity, and changes;Monitoring, Logging, and Auditing;;;aws;;FAIL;Inspector2 is not enabled in this account.;arn:aws:inspector2:eu-north-1:858573892697:inspector2;inspector2_is_enabled;False;Inspector2;FedRAMP-20x-KSI-Low;FedRAMP 20x Key Security Indicators (KSIs) - Low Impact Level v25.05C;
aws;FedRAMP 20x Key Security Indicators (KSIs) Low Impact Level represent core security indicators for cloud service providers, focusing on automation, continuous monitoring, and cloud-native security principles per FedRAMP 20x Phase One pilot requirements for Low impact systems.;858573892697;eu-north-1;2026-09-19 09:30:34.148196;ksi-tpr;A secure cloud service offering will understand, monitor, and manage supply chain risks from third-party information resources;Third-Party Information Resources;;;aws;;FAIL;Inspector2 is not enabled in this account.;arn:aws:inspector2:eu-north-1:858573892697:inspector2;inspector2_is_enabled;False;Inspector2;FedRAMP-20x-KSI-Low;FedRAMP 20x Key Security Indicators (KSIs) - Low Impact Level v25.05C;
aws;FedRAMP 20x Key Security Indicators (KSIs) Low Impact Level represent core security indicators for cloud service providers, focusing on automation, continuous monitoring, and cloud-native security principles per FedRAMP 20x Phase One pilot requirements for Low impact systems.;858573892697;eu-north-1;2026-09-19 09:30:34.148196;ksi-mla-07;Maintain a list of information resources and event types that will be monitored, logged, and audited;Monitoring, Logging, and Auditing;;;aws;;FAIL;Inspector2 is not enabled in this account.;arn:aws:inspector2:eu-north-1:858573892697:inspector2;inspector2_is_enabled;False;Inspector2;FedRAMP-20x-KSI-Low;FedRAMP 20x Key Security Indicators (KSIs) - Low Impact Level v25.05C;
aws;FedRAMP 20x Key Security Indicators (KSIs) Low Impact Level represent core security indicators for cloud service providers, focusing on automation, continuous monitoring, and cloud-native security principles per FedRAMP 20x Phase One pilot requirements for Low impact systems.;858573892697;eu-west-1;2026-09-19 09:30:34.148196;ksi-inr;A secure cloud service offering will respond to incidents according to FedRAMP requirements and cloud service provider policies;Incident Response;;;aws;;FAIL;Inspector2 is not enabled in this account.;arn:aws:inspector2:eu-west-1:858573892697:inspector2;inspector2_is_enabled;False;Inspector2;FedRAMP-20x-KSI-Low;FedRAMP 20x Key Security Indicators (KSIs) - Low Impact Level v25.05C;
aws;FedRAMP 20x Key Security Indicators (KSIs) Low Impact Level represent core security indicators for cloud service providers, focusing on automation, continuous monitoring, and cloud-native security principles per FedRAMP 20x Phase One pilot requirements for Low impact systems.;858573892697;eu-west-1;2026-09-19 09:30:34.148196;ksi-mla;A secure cloud service offering will monitor, log, and audit all important events, activity, and changes;Monitoring, Logging, and Auditing;;;aws;;FAIL;Inspector2 is not enabled in this account.;arn:aws:inspector2:eu-west-1:858573892697:inspector2;inspector2_is_enabled;False;Inspector2;FedRAMP-20x-KSI-Low;FedRAMP 20x Key Security Indicators (KSIs) - Low Impact Level v25.05C;
aws;FedRAMP 20x Key Security Indicators (KSIs) Low Impact Level represent core security indicators for cloud service providers, focusing on automation, continuous monitoring, and cloud-native security principles per FedRAMP 20x Phase One pilot requirements for Low impact systems.;858573892697;eu-west-1;2026-09-19 09:30:34.148196;ksi-tpr;A secure cloud service offering will understand, monitor, and manage supply chain risks from third-party information resources;Third-Party Information Resources;;;aws;;FAIL;Inspector2 is not enabled in this account.;arn:aws:inspector2:eu-west-1:858573892697:inspector2;inspector2_is_enabled;False;Inspector2;FedRAMP-20x-KSI-Low;FedRAMP 20x Key Security Indicators (KSIs) - Low Impact Level v25.05C;
aws;FedRAMP 20x Key Security Indicators (KSIs) Low Impact Level represent core security indicators for cloud service providers, focusing on automation, continuous monitoring, and cloud-native security principles per FedRAMP 20x Phase One pilot requirements for Low impact systems.;858573892697;eu-west-1;2026-09-19 09:30:34.148196;ksi-mla-07;Maintain a list of information resources and event types that will be monitored, logged, and audited;Monitoring, Logging, and Auditing;;;aws;;FAIL;Inspector2 is not enabled in this account.;arn:aws:inspector2:eu-west-1:858573892697:inspector2;inspector2_is_enabled;False;Inspector2;FedRAMP-20x-KSI-Low;FedRAMP 20x Key Security Indicators (KSIs) - Low Impact Level v25.05C;
aws;FedRAMP 20x Key Security Indicators (KSIs) Low Impact Level represent core security indicators for cloud service providers, focusing on automation, continuous monitoring, and cloud-native security principles per FedRAMP 20x Phase One pilot requirements for Low impact systems.;858573892697;eu-west-2;2026-09-19 09:30:34.148196;ksi-inr;A secure cloud service offering will respond to incidents according to FedRAMP requirements and cloud service provider policies;Incident Response;;;aws;;FAIL;Inspector2 is not enabled in this account.;arn:aws:inspector2:eu-west-2:858573892697:inspector2;inspector2_is_enabled;False;Inspector2;FedRAMP-20x-KSI-Low;FedRAMP 20x Key Security Indicators (KSIs) - Low Impact Level v25.05C;
aws;FedRAMP 20x Key Security Indicators (KSIs) Low Impact Level represent core security indicators for cloud service providers, focusing on automation, continuous monitoring, and cloud-native security principles per FedRAMP 20x Phase One pilot requirements for Low impact systems.;858573892697;eu-west-2;2026-09-19 09:30:34.148196;ksi-mla;A secure cloud service offering will monitor, log, and audit all important events, activity, and changes;Monitoring, Logging, and Auditing;;;aws;;FAIL;Inspector2 is not enabled in this account.;arn:aws:inspector2:eu-west-2:858573892697:inspector2;inspector2_is_enabled;False;Inspector2;FedRAMP-20x-KSI-Low;FedRAMP 20x Key Security Indicators (KSIs) - Low Impact Level v25.05C;
aws;FedRAMP 20x Key Security Indicators (KSIs) Low Impact Level represent core security indicators for cloud service providers, focusing on automation, continuous monitoring, and cloud-native security principles per FedRAMP 20x Phase One pilot requirements for Low impact systems.;858573892697;eu-west-2;2026-09-19 09:30:34.148196;ksi-tpr;A secure cloud service offering will understand, monitor, and manage supply chain risks from third-party information resources;Third-Party Information Resources;;;aws;;FAIL;Inspector2 is not enabled in this account.;arn:aws:inspector2:eu-west-2:858573892697:inspector2;inspector2_is_enabled;False;Inspector2;FedRAMP-20x-KSI-Low;FedRAMP 20x Key Security Indicators (KSIs) - Low Impact Level v25.05C;
aws;FedRAMP 20x Key Security Indicators (KSIs) Low Impact Level represent core security indicators for cloud service providers, focusing on automation, continuous monitoring, and cloud-native security principles per FedRAMP 20x Phase One pilot requirements for Low impact systems.;858573892697;eu-west-2;2026-09-19 09:30:34.148196;ksi-mla-07;Maintain a list of information resources and event types that will be monitored, logged, and audited;Monitoring, Logging, and Auditing;;;aws;;FAIL;Inspector2 is not enabled in this account.;arn:aws:inspector2:eu-west-2:858573892697:inspector2;inspector2_is_enabled;False;Inspector2;FedRAMP-20x-KSI-Low;FedRAMP 20x Key Security Indicators (KSIs) - Low Impact Level v25.05C;
aws;FedRAMP 20x Key Security Indicators (KSIs) Low Impact Level represent core security indicators for cloud service providers, focusing on automation, continuous monitoring, and cloud-native security principles per FedRAMP 20x Phase One pilot requirements for Low impact systems.;858573892697;eu-west-3;2026-09-19 09:30:34.148196;ksi-inr;A secure cloud service offering will respond to incidents according to FedRAMP requirements and cloud service provider policies;Incident Response;;;aws;;FAIL;Inspector2 is not enabled in this account.;arn:aws:inspector2:eu-west-3:858573892697:inspector2;inspector2_is_enabled;False;Inspector2;FedRAMP-20x-KSI-Low;FedRAMP 20x Key Security Indicators (KSIs) - Low Impact Level v25.05C;
aws;FedRAMP 20x Key Security Indicators (KSIs) Low Impact Level represent core security indicators for cloud service providers, focusing on automation, continuous monitoring, and cloud-native security principles per FedRAMP 20x Phase One pilot requirements for Low impact systems.;858573892697;eu-west-3;2026-09-19 09:30:34.148196;ksi-mla;A secure cloud service offering will monitor, log, and audit all important events, activity, and changes;Monitoring, Logging, and Auditing;;;aws;;FAIL;Inspector2 is not enabled in this account.;arn:aws:inspector2:eu-west-3:858573892697:inspector2;inspector2_is_enabled;False;Inspector2;FedRAMP-20x-KSI-Low;FedRAMP 20x Key Security Indicators (KSIs) - Low Impact Level v25.05C;
aws;FedRAMP 20x Key Security Indicators (KSIs) Low Impact Level represent core security indicators for cloud service providers, focusing on automation, continuous monitoring, and cloud-native security principles per FedRAMP 20x Phase One pilot requirements for Low impact systems.;858573892697;eu-west-3;2026-09-19 09:30:34.148196;ksi-tpr;A secure cloud service offering will understand, monitor, and manage supply chain risks from third-party information resources;Third-Party Information Resources;;;aws;;FAIL;Inspector2 is not enabled in this account.;arn:aws:inspector2:eu-west-3:858573892697:inspector2;inspector2_is_enabled;False;Inspector2;FedRAMP-20x-KSI-Low;FedRAMP 20x Key Security Indicators (KSIs) - Low Impact Level v25.05C;
aws;FedRAMP 20x Key Security Indicators (KSIs) Low Impact Level represent core security indicators for cloud service providers, focusing on automation, continuous monitoring, and cloud-native security principles per FedRAMP 20x Phase One pilot requirements for Low impact systems.;858573892697;eu-west-3;2026-09-19 09:30:34.148196;ksi-mla-07;Maintain a list of information resources and event types that will be monitored, logged, and audited;Monitoring, Logging, and Auditing;;;aws;;FAIL;Inspector2 is not enabled in this account.;arn:aws:inspector2:eu-west-3:858573892697:inspector2;inspector2_is_enabled;False;Inspector2;FedRAMP-20x-KSI-Low;FedRAMP 20x Key Security Indicators (KSIs) - Low Impact Level v25.05C;
aws;FedRAMP 20x Key Security Indicators (KSIs) Low Impact Level represent core security indicators for cloud service providers, focusing on automation, continuous monitoring, and cloud-native security principles per FedRAMP 20x Phase One pilot requirements for Low impact systems.;858573892697;sa-east-1;2026-09-19 09:30:34.148196;ksi-inr;A secure cloud service offering will respond to incidents according to FedRAMP requirements and cloud service provider policies;Incident Response;;;aws;;FAIL;Inspector2 is not enabled in this account.;arn:aws:inspector2:sa-east-1:858573892697:inspector2;inspector2_is_enabled;False;Inspector2;FedRAMP-20x-KSI-Low;FedRAMP 20x Key Security Indicators (KSIs) - Low Impact Level v25.05C;
aws;FedRAMP 20x Key Security Indicators (KSIs) Low Impact Level represent core security indicators for cloud service providers, focusing on automation, continuous monitoring, and cloud-native security principles per FedRAMP 20x Phase One pilot requirements for Low impact systems.;858573892697;sa-east-1;2026-09-19 09:30:34.148196;ksi-mla;A secure cloud service offering will monitor, log, and audit all important events, activity, and changes;Monitoring, Logging, and Auditing;;;aws;;FAIL;Inspector2 is not enabled in this account.;arn:aws:inspector2:sa-east-1:858573892697:inspector2;inspector2_is_enabled;False;Inspector2;FedRAMP-20x-KSI-Low;FedRAMP 20x Key Security Indicators (KSIs) - Low Impact Level v25.05C;
aws;FedRAMP 20x Key Security Indicators (KSIs) Low Impact Level represent core security indicators for cloud service providers, focusing on automation, continuous monitoring, and cloud-native security principles per FedRAMP 20x Phase One pilot requirements for Low impact systems.;858573892697;sa-east-1;2026-09-19 09:30:34.148196;ksi-tpr;A secure cloud service offering will understand, monitor, and manage supply chain risks from third-party information resources;Third-Party Information Resources;;;aws;;FAIL;Inspector2 is not enabled in this account.;arn:aws:inspector2:sa-east-1:858573892697:inspector2;inspector2_is_enabled;False;Inspector2;FedRAMP-20x-KSI-Low;FedRAMP 20x Key Security Indicators (KSIs) - Low Impact Level v25.05C;
aws;FedRAMP 20x Key Security Indicators (KSIs) Low Impact Level represent core security indicators for cloud service providers, focusing on automation, continuous monitoring, and cloud-native security principles per FedRAMP 20x Phase One pilot requirements for Low impact systems.;858573892697;sa-east-1;2026-09-19 09:30:34.148196;ksi-mla-07;Maintain a list of information resources and event types that will be monitored, logged, and audited;Monitoring, Logging, and Auditing;;;aws;;FAIL;Inspector2 is not enabled in this account.;arn:aws:inspector2:sa-east-1:858573892697:inspector2;inspector2_is_enabled;False;Inspector2;FedRAMP-20x-KSI-Low;FedRAMP 20x Key Security Indicators (KSIs) - Low Impact Level v25.05C;
aws;FedRAMP 20x Key Security Indicators (KSIs) Low Impact Level represent core security indicators for cloud service providers, focusing on automation, continuous monitoring, and cloud-native security principles per FedRAMP 20x Phase One pilot requirements for Low impact systems.;858573892697;us-east-1;2026-09-19 09:30:34.148196;ksi-inr;A secure cloud service offering will respond to incidents according to FedRAMP requirements and cloud service provider policies;Incident Response;;;aws;;FAIL;Inspector2 is not enabled in this account.;arn:aws:inspector2:us-east-1:858573892697:inspector2;inspector2_is_enabled;False;Inspector2;FedRAMP-20x-KSI-Low;FedRAMP 20x Key Security Indicators (KSIs) - Low Impact Level v25.05C;
aws;FedRAMP 20x Key Security Indicators (KSIs) Low Impact Level represent core security indicators for cloud service providers, focusing on automation, continuous monitoring, and cloud-native security principles per FedRAMP 20x Phase One pilot requirements for Low impact systems.;858573892697;us-east-1;2026-09-19 09:30:34.148196;ksi-mla;A secure cloud service offering will monitor, log, and audit all important events, activity, and changes;Monitoring, Logging, and Auditing;;;aws;;FAIL;Inspector2 is not enabled in this account.;arn:aws:inspector2:us-east-1:858573892697:inspector2;inspector2_is_enabled;False;Inspector2;FedRAMP-20x-KSI-Low;FedRAMP 20x Key Security Indicators (KSIs) - Low Impact Level v25.05C;
aws;FedRAMP 20x Key Security Indicators (KSIs) Low Impact Level represent core security indicators for cloud service providers, focusing on automation, continuous monitoring, and cloud-native security principles per FedRAMP 20x Phase One pilot requirements for Low impact systems.;858573892697;us-east-1;2026-09-19 09:30:34.148196;ksi-tpr;A secure cloud service offering will understand, monitor, and manage supply chain risks from third-party information resources;Third-Party Information Resources;;;aws;;FAIL;Inspector2 is not enabled in this account.;arn:aws:inspector2:us-east-1:858573892697:inspector2;inspector2_is_enabled;False;Inspector2;FedRAMP-20x-KSI-Low;FedRAMP 20x Key Security Indicators (KSIs) - Low Impact Level v25.05C;
aws;FedRAMP 20x Key Security Indicators (KSIs) Low Impact Level represent core security indicators for cloud service providers, focusing on automation, continuous monitoring, and cloud-native security principles per FedRAMP 20x Phase One pilot requirements for Low impact systems.;858573892697;us-east-1;2026-09-19 09:30:34.148196;ksi-mla-07;Maintain a list of information resources and event types that will be monitored, logged, and audited;Monitoring, Logging, and Auditing;;;aws;;FAIL;Inspector2 is not enabled in this account.;arn:aws:inspector2:us-east-1:858573892697:inspector2;inspector2_is_enabled;False;Inspector2;FedRAMP-20x-KSI-Low;FedRAMP 20x Key Security Indicators (KSIs) - Low Impact Level v25.05C;
aws;FedRAMP 20x Key Security Indicators (KSIs) Low Impact Level represent core security indicators for cloud service providers, focusing on automation, continuous monitoring, and cloud-native security principles per FedRAMP 20x Phase One pilot requirements for Low impact systems.;858573892697;us-east-2;2026-09-19 09:30:34.148196;ksi-inr;A secure cloud service offering will respond to incidents according to FedRAMP requirements and cloud service provider policies;Incident Response;;;aws;;FAIL;Inspector2 is not enabled in this account.;arn:aws:inspector2:us-east-2:858573892697:inspector2;inspector2_is_enabled;False;Inspector2;FedRAMP-20x-KSI-Low;FedRAMP 20x Key Security Indicators (KSIs) - Low Impact Level v25.05C;
aws;FedRAMP 20x Key Security Indicators (KSIs) Low Impact Level represent core security indicators for cloud service providers, focusing on automation, continuous monitoring, and cloud-native security principles per FedRAMP 20x Phase One pilot requirements for Low impact systems.;858573892697;us-east-2;2026-09-19 09:30:34.148196;ksi-mla;A secure cloud service offering will monitor, log, and audit all important events, activity, and changes;Monitoring, Logging, and Auditing;;;aws;;FAIL;Inspector2 is not enabled in this account.;arn:aws:inspector2:us-east-2:858573892697:inspector2;inspector2_is_enabled;False;Inspector2;FedRAMP-20x-KSI-Low;FedRAMP 20x Key Security Indicators (KSIs) - Low Impact Level v25.05C;
aws;FedRAMP 20x Key Security Indicators (KSIs) Low Impact Level represent core security indicators for cloud service providers, focusing on automation, continuous monitoring, and cloud-native security principles per FedRAMP 20x Phase One pilot requirements for Low impact systems.;858573892697;us-east-2;2026-09-19 09:30:34.148196;ksi-tpr;A secure cloud service offering will understand, monitor, and manage supply chain risks from third-party information resources;Third-Party Information Resources;;;aws;;FAIL;Inspector2 is not enabled in this account.;arn:aws:inspector2:us-east-2:858573892697:inspector2;inspector2_is_enabled;False;Inspector2;FedRAMP-20x-KSI-Low;FedRAMP 20x Key Security Indicators (KSIs) - Low Impact Level v25.05C;
aws;FedRAMP 20x Key Security Indicators (KSIs) Low Impact Level represent core security indicators for cloud service providers, focusing on automation, continuous monitoring, and cloud-native security principles per FedRAMP 20x Phase One pilot requirements for Low impact systems.;858573892697;us-east-2;2026-09-19 09:30:34.148196;ksi-mla-07;Maintain a list of information resources and event types that will be monitored, logged, and audited;Monitoring, Logging, and Auditing;;;aws;;FAIL;Inspector2 is not enabled in this account.;arn:aws:inspector2:us-east-2:858573892697:inspector2;inspector2_is_enabled;False;Inspector2;FedRAMP-20x-KSI-Low;FedRAMP 20x Key Security Indicators (KSIs) - Low Impact Level v25.05C;
aws;FedRAMP 20x Key Security Indicators (KSIs) Low Impact Level represent core security indicators for cloud service providers, focusing on automation, continuous monitoring, and cloud-native security principles per FedRAMP 20x Phase One pilot requirements for Low impact systems.;858573892697;us-west-1;2026-09-19 09:30:34.148196;ksi-inr;A secure cloud service offering will respond to incidents according to FedRAMP requirements and cloud service provider policies;Incident Response;;;aws;;FAIL;Inspector2 is not enabled in this account.;arn:aws:inspector2:us-west-1:858573892697:inspector2;inspector2_is_enabled;False;Inspector2;FedRAMP-20x-KSI-Low;FedRAMP 20x Key Security Indicators (KSIs) - Low Impact Level v25.05C;
aws;FedRAMP 20x Key Security Indicators (KSIs) Low Impact Level represent core security indicators for cloud service providers, focusing on automation, continuous monitoring, and cloud-native security principles per FedRAMP 20x Phase One pilot requirements for Low impact systems.;858573892697;us-west-1;2026-09-19 09:30:34.148196;ksi-mla;A secure cloud service offering will monitor, log, and audit all important events, activity, and changes;Monitoring, Logging, and Auditing;;;aws;;FAIL;Inspector2 is not enabled in this account.;arn:aws:inspector2:us-west-1:858573892697:inspector2;inspector2_is_enabled;False;Inspector2;FedRAMP-20x-KSI-Low;FedRAMP 20x Key Security Indicators (KSIs) - Low Impact Level v25.05C;
aws;FedRAMP 20x Key Security Indicators (KSIs) Low Impact Level represent core security indicators for cloud service providers, focusing on automation, continuous monitoring, and cloud-native security principles per FedRAMP 20x Phase One pilot requirements for Low impact systems.;858573892697;us-west-1;2026-09-19 09:30:34.148196;ksi-tpr;A secure cloud service offering will understand, monitor, and manage supply chain risks from third-party information resources;Third-Party Information Resources;;;aws;;FAIL;Inspector2 is not enabled in this account.;arn:aws:inspector2:us-west-1:858573892697:inspector2;inspector2_is_enabled;False;Inspector2;FedRAMP-20x-KSI-Low;FedRAMP 20x Key Security Indicators (KSIs) - Low Impact Level v25.05C;
aws;FedRAMP 20x Key Security Indicators (KSIs) Low Impact Level represent core security indicators for cloud service providers, focusing on automation, continuous monitoring, and cloud-native security principles per FedRAMP 20x Phase One pilot requirements for Low impact systems.;858573892697;us-west-1;2026-09-19 09:30:34.148196;ksi-mla-07;Maintain a list of information resources and event types that will be monitored, logged, and audited;Monitoring, Logging, and Auditing;;;aws;;FAIL;Inspector2 is not enabled in this account.;arn:aws:inspector2:us-west-1:858573892697:inspector2;inspector2_is_enabled;False;Inspector2;FedRAMP-20x-KSI-Low;FedRAMP 20x Key Security Indicators (KSIs) - Low Impact Level v25.05C;
aws;FedRAMP 20x Key Security Indicators (KSIs) Low Impact Level represent core security indicators for cloud service providers, focusing on automation, continuous monitoring, and cloud-native security principles per FedRAMP 20x Phase One pilot requirements for Low impact systems.;858573892697;us-west-2;2026-09-19 09:30:34.148196;ksi-inr;A secure cloud service offering will respond to incidents according to FedRAMP requirements and cloud service provider policies;Incident Response;;;aws;;FAIL;Inspector2 is not enabled in this account.;arn:aws:inspector2:us-west-2:858573892697:inspector2;inspector2_is_enabled;False;Inspector2;FedRAMP-20x-KSI-Low;FedRAMP 20x Key Security Indicators (KSIs) - Low Impact Level v25.05C;
aws;FedRAMP 20x Key Security Indicators (KSIs) Low Impact Level represent core security indicators for cloud service providers, focusing on automation, continuous monitoring, and cloud-native security principles per FedRAMP 20x Phase One pilot requirements for Low impact systems.;858573892697;us-west-2;2026-09-19 09:30:34.148196;ksi-mla;A secure cloud service offering will monitor, log, and audit all important events, activity, and changes;Monitoring, Logging, and Auditing;;;aws;;FAIL;Inspector2 is not enabled in this account.;arn:aws:inspector2:us-west-2:858573892697:inspector2;inspector2_is_enabled;False;Inspector2;FedRAMP-20x-KSI-Low;FedRAMP 20x Key Security Indicators (KSIs) - Low Impact Level v25.05C;
aws;FedRAMP 20x Key Security Indicators (KSIs) Low Impact Level represent core security indicators for cloud service providers, focusing on automation, continuous monitoring, and cloud-native security principles per FedRAMP 20x Phase One pilot requirements for Low impact systems.;858573892697;us-west-2;2026-09-19 09:30:34.148196;ksi-tpr;A secure cloud service offering will understand, monitor, and manage supply chain risks from third-party information resources;Third-Party Information Resources;;;aws;;FAIL;Inspector2 is not enabled in this account.;arn:aws:inspector2:us-west-2:858573892697:inspector2;inspector2_is_enabled;False;Inspector2;FedRAMP-20x-KSI-Low;FedRAMP 20x Key Security Indicators (KSIs) - Low Impact Level v25.05C;
aws;FedRAMP 20x Key Security Indicators (KSIs) Low Impact Level represent core security indicators for cloud service providers, focusing on automation, continuous monitoring, and cloud-native security principles per FedRAMP 20x Phase One pilot requirements for Low impact systems.;858573892697;us-west-2;2026-09-19 09:30:34.148196;ksi-mla-07;Maintain a list of information resources and event types that will be monitored, logged, and audited;Monitoring, Logging, and Auditing;;;aws;;FAIL;Inspector2 is not enabled in this account.;arn:aws:inspector2:us-west-2:858573892697:inspector2;inspector2_is_enabled;False;Inspector2;FedRAMP-20x-KSI-Low;FedRAMP 20x Key Security Indicators (KSIs) - Low Impact Level v25.05C;
aws;FedRAMP 20x Key Security Indicators (KSIs) Low Impact Level represent core security indicators for cloud service providers, focusing on automation, continuous monitoring, and cloud-native security principles per FedRAMP 20x Phase One pilot requirements for Low impact systems.;858573892697;us-east-1;2026-09-19 09:30:34.148196;ksi-mla;A secure cloud service offering will monitor, log, and audit all important events, activity, and changes;Monitoring, Logging, and Auditing;;;aws;;MANUAL;Cannot verify unknown-image attestation activity: no 'enclave_golden_pcr_values' configured. Set a golden PCR list in audit_config and re-run this check.;arn:aws:kms:us-east-1:858573892697:enclave-debug-attestation;kms_key_enclave_attestation_unknown_image;False;arn:aws:kms:us-east-1:858573892697:enclave-debug-attestation;FedRAMP-20x-KSI-Low;FedRAMP 20x Key Security Indicators (KSIs) - Low Impact Level v25.05C;
aws;FedRAMP 20x Key Security Indicators (KSIs) Low Impact Level represent core security indicators for cloud service providers, focusing on automation, continuous monitoring, and cloud-native security principles per FedRAMP 20x Phase One pilot requirements for Low impact systems.;858573892697;us-east-1;2026-09-19 09:30:34.148196;ksi-mla;A secure cloud service offering will monitor, log, and audit all important events, activity, and changes;Monitoring, Logging, and Auditing;;;aws;;MANUAL;"No KMS-from-enclave attestation events found in the last 2160h. Debug-mode status cannot be determined from available data; enclaves that never call KMS in the window are not observable via this check.";arn:aws:kms:us-east-1:858573892697:enclave-debug-attestation;kms_key_enclave_debug_attestation_detected;False;arn:aws:kms:us-east-1:858573892697:enclave-debug-attestation;FedRAMP-20x-KSI-Low;FedRAMP 20x Key Security Indicators (KSIs) - Low Impact Level v25.05C;
aws;FedRAMP 20x Key Security Indicators (KSIs) Low Impact Level represent core security indicators for cloud service providers, focusing on automation, continuous monitoring, and cloud-native security principles per FedRAMP 20x Phase One pilot requirements for Low impact systems.;858573892697;us-east-1;2026-09-19 09:30:34.148196;ksi-piy;A secure cloud service offering will have intentional, organized, universal guidance for how every information resource, including personnel, is secured;Policy and Inventory;;;aws;;FAIL;AWS Organizations is not in-use for this AWS Account.;arn:aws:organizations::858573892697:unknown;organizations_account_part_of_organizations;False;unknown;FedRAMP-20x-KSI-Low;FedRAMP 20x Key Security Indicators (KSIs) - Low Impact Level v25.05C;
aws;FedRAMP 20x Key Security Indicators (KSIs) Low Impact Level represent core security indicators for cloud service providers, focusing on automation, continuous monitoring, and cloud-native security principles per FedRAMP 20x Phase One pilot requirements for Low impact systems.;858573892697;us-east-1;2026-09-19 09:30:34.148196;ksi-iam;A secure cloud service offering will protect user data, control access, and apply zero trust principles;Identity and Access Management;;;aws;;FAIL;AWS Organizations is not in-use for this AWS Account.;arn:aws:organizations::858573892697:unknown;organizations_opt_out_ai_services_policy;False;unknown;FedRAMP-20x-KSI-Low;FedRAMP 20x Key Security Indicators (KSIs) - Low Impact Level v25.05C;
aws;FedRAMP 20x Key Security Indicators (KSIs) Low Impact Level represent core security indicators for cloud service providers, focusing on automation, continuous monitoring, and cloud-native security principles per FedRAMP 20x Phase One pilot requirements for Low impact systems.;858573892697;us-east-1;2026-09-19 09:30:34.148196;ksi-iam;A secure cloud service offering will protect user data, control access, and apply zero trust principles;Identity and Access Management;;;aws;;FAIL;AWS Organizations is not in-use for this AWS Account.;arn:aws:organizations::858573892697:unknown;organizations_scp_check_deny_regions;False;unknown;FedRAMP-20x-KSI-Low;FedRAMP 20x Key Security Indicators (KSIs) - Low Impact Level v25.05C;
aws;FedRAMP 20x Key Security Indicators (KSIs) Low Impact Level represent core security indicators for cloud service providers, focusing on automation, continuous monitoring, and cloud-native security principles per FedRAMP 20x Phase One pilot requirements for Low impact systems.;858573892697;us-east-1;2026-09-19 09:30:34.148196;ksi-piy;A secure cloud service offering will have intentional, organized, universal guidance for how every information resource, including personnel, is secured;Policy and Inventory;;;aws;;FAIL;AWS Organizations is not in-use for this AWS Account.;arn:aws:organizations::858573892697:unknown;organizations_scp_check_deny_regions;False;unknown;FedRAMP-20x-KSI-Low;FedRAMP 20x Key Security Indicators (KSIs) - Low Impact Level v25.05C;
aws;FedRAMP 20x Key Security Indicators (KSIs) Low Impact Level represent core security indicators for cloud service providers, focusing on automation, continuous monitoring, and cloud-native security principles per FedRAMP 20x Phase One pilot requirements for Low impact systems.;858573892697;us-east-1;2026-09-19 09:30:34.148196;ksi-piy;A secure cloud service offering will have intentional, organized, universal guidance for how every information resource, including personnel, is secured;Policy and Inventory;;;aws;;FAIL;AWS Organizations is not in-use for this AWS Account.;arn:aws:organizations::858573892697:unknown;organizations_tags_policies_enabled_and_attached;False;unknown;FedRAMP-20x-KSI-Low;FedRAMP 20x Key Security Indicators (KSIs) - Low Impact Level v25.05C;
aws;FedRAMP 20x Key Security Indicators (KSIs) Low Impact Level represent core security indicators for cloud service providers, focusing on automation, continuous monitoring, and cloud-native security principles per FedRAMP 20x Phase One pilot requirements for Low impact systems.;858573892697;us-east-1;2026-09-19 09:30:34.148196;ksi-rpl;A secure cloud service offering will define, maintain, and test incident response plan(s) and recovery capabilities to ensure minimal service disruption and data loss;Recovery Planning;;;aws;;FAIL;RDS Instance vaultcloud-prod-db does not have backup enabled.;arn:aws:rds:us-east-1:858573892697:db:vaultcloud-prod-db;rds_instance_backup_enabled;False;vaultcloud-prod-db;FedRAMP-20x-KSI-Low;FedRAMP 20x Key Security Indicators (KSIs) - Low Impact Level v25.05C;
aws;FedRAMP 20x Key Security Indicators (KSIs) Low Impact Level represent core security indicators for cloud service providers, focusing on automation, continuous monitoring, and cloud-native security principles per FedRAMP 20x Phase One pilot requirements for Low impact systems.;858573892697;us-east-1;2026-09-19 09:30:34.148196;ksi-rpl;A secure cloud service offering will define, maintain, and test incident response plan(s) and recovery capabilities to ensure minimal service disruption and data loss;Recovery Planning;;;aws;;FAIL;RDS Instance vaultcloud-prod-db deletion protection is not enabled.;arn:aws:rds:us-east-1:858573892697:db:vaultcloud-prod-db;rds_instance_deletion_protection;False;vaultcloud-prod-db;FedRAMP-20x-KSI-Low;FedRAMP 20x Key Security Indicators (KSIs) - Low Impact Level v25.05C;
aws;FedRAMP 20x Key Security Indicators (KSIs) Low Impact Level represent core security indicators for cloud service providers, focusing on automation, continuous monitoring, and cloud-native security principles per FedRAMP 20x Phase One pilot requirements for Low impact systems.;858573892697;us-east-1;2026-09-19 09:30:34.148196;ksi-mla;A secure cloud service offering will monitor, log, and audit all important events, activity, and changes;Monitoring, Logging, and Auditing;;;aws;;FAIL;RDS Instance vaultcloud-prod-db does not have enhanced monitoring enabled.;arn:aws:rds:us-east-1:858573892697:db:vaultcloud-prod-db;rds_instance_enhanced_monitoring_enabled;False;vaultcloud-prod-db;FedRAMP-20x-KSI-Low;FedRAMP 20x Key Security Indicators (KSIs) - Low Impact Level v25.05C;
aws;FedRAMP 20x Key Security Indicators (KSIs) Low Impact Level represent core security indicators for cloud service providers, focusing on automation, continuous monitoring, and cloud-native security principles per FedRAMP 20x Phase One pilot requirements for Low impact systems.;858573892697;us-east-1;2026-09-19 09:30:34.148196;ksi-mla;A secure cloud service offering will monitor, log, and audit all important events, activity, and changes;Monitoring, Logging, and Auditing;;;aws;;FAIL;RDS Instance vaultcloud-prod-db does not have CloudWatch Logs enabled.;arn:aws:rds:us-east-1:858573892697:db:vaultcloud-prod-db;rds_instance_integration_cloudwatch_logs;False;vaultcloud-prod-db;FedRAMP-20x-KSI-Low;FedRAMP 20x Key Security Indicators (KSIs) - Low Impact Level v25.05C;
aws;FedRAMP 20x Key Security Indicators (KSIs) Low Impact Level represent core security indicators for cloud service providers, focusing on automation, continuous monitoring, and cloud-native security principles per FedRAMP 20x Phase One pilot requirements for Low impact systems.;858573892697;us-east-1;2026-09-19 09:30:34.148196;ksi-cna;A secure cloud service offering will use cloud native architecture and design principles to enforce and enhance the Confidentiality, Integrity and Availability of the system;Cloud Native Architecture;;;aws;;FAIL;RDS Instance vaultcloud-prod-db does not have multi-AZ enabled.;arn:aws:rds:us-east-1:858573892697:db:vaultcloud-prod-db;rds_instance_multi_az;False;vaultcloud-prod-db;FedRAMP-20x-KSI-Low;FedRAMP 20x Key Security Indicators (KSIs) - Low Impact Level v25.05C;
aws;FedRAMP 20x Key Security Indicators (KSIs) Low Impact Level represent core security indicators for cloud service providers, focusing on automation, continuous monitoring, and cloud-native security principles per FedRAMP 20x Phase One pilot requirements for Low impact systems.;858573892697;us-east-1;2026-09-19 09:30:34.148196;ksi-svc;A secure cloud service offering will follow FedRAMP encryption policies, continuously verify information resource integrity, and restrict access to third-party information resources;Service Configuration;;;aws;;FAIL;RDS Instance vaultcloud-prod-db is not encrypted.;arn:aws:rds:us-east-1:858573892697:db:vaultcloud-prod-db;rds_instance_storage_encrypted;False;vaultcloud-prod-db;FedRAMP-20x-KSI-Low;FedRAMP 20x Key Security Indicators (KSIs) - Low Impact Level v25.05C;
aws;FedRAMP 20x Key Security Indicators (KSIs) Low Impact Level represent core security indicators for cloud service providers, focusing on automation, continuous monitoring, and cloud-native security principles per FedRAMP 20x Phase One pilot requirements for Low impact systems.;858573892697;ap-northeast-1;2026-09-19 09:30:34.148196;ksi-piy;A secure cloud service offering will have intentional, organized, universal guidance for how every information resource, including personnel, is secured;Policy and Inventory;;;aws;;PASS;Resource Explorer Indexes found: 289.;arn:aws:resource-explorer-2:ap-northeast-1:858573892697:index/35e3dc41-e2a4-4ae9-93a7-4f0617108414;resourceexplorer2_indexes_found;False;858573892697;FedRAMP-20x-KSI-Low;FedRAMP 20x Key Security Indicators (KSIs) - Low Impact Level v25.05C;
aws;FedRAMP 20x Key Security Indicators (KSIs) Low Impact Level represent core security indicators for cloud service providers, focusing on automation, continuous monitoring, and cloud-native security principles per FedRAMP 20x Phase One pilot requirements for Low impact systems.;858573892697;ap-northeast-1;2026-09-19 09:30:34.148196;ksi-mla-07;Maintain a list of information resources and event types that will be monitored, logged, and audited;Monitoring, Logging, and Auditing;;;aws;;PASS;Resource Explorer Indexes found: 289.;arn:aws:resource-explorer-2:ap-northeast-1:858573892697:index/35e3dc41-e2a4-4ae9-93a7-4f0617108414;resourceexplorer2_indexes_found;False;858573892697;FedRAMP-20x-KSI-Low;FedRAMP 20x Key Security Indicators (KSIs) - Low Impact Level v25.05C;
aws;FedRAMP 20x Key Security Indicators (KSIs) Low Impact Level represent core security indicators for cloud service providers, focusing on automation, continuous monitoring, and cloud-native security principles per FedRAMP 20x Phase One pilot requirements for Low impact systems.;858573892697;us-east-1;2026-09-19 09:30:34.148196;ksi-svc;A secure cloud service offering will follow FedRAMP encryption policies, continuously verify information resource integrity, and restrict access to third-party information resources;Service Configuration;;;aws;;PASS;S3 Bucket aws-cloudtrail-logs-858573892697-969e040d has Server Side Encryption with AES256.;arn:aws:s3:::aws-cloudtrail-logs-858573892697-969e040d;s3_bucket_default_encryption;False;aws-cloudtrail-logs-858573892697-969e040d;FedRAMP-20x-KSI-Low;FedRAMP 20x Key Security Indicators (KSIs) - Low Impact Level v25.05C;
aws;FedRAMP 20x Key Security Indicators (KSIs) Low Impact Level represent core security indicators for cloud service providers, focusing on automation, continuous monitoring, and cloud-native security principles per FedRAMP 20x Phase One pilot requirements for Low impact systems.;858573892697;us-east-1;2026-09-19 09:30:34.148196;ksi-svc;A secure cloud service offering will follow FedRAMP encryption policies, continuously verify information resource integrity, and restrict access to third-party information resources;Service Configuration;;;aws;;PASS;S3 Bucket config-bucket-858573892697 has Server Side Encryption with AES256.;arn:aws:s3:::config-bucket-858573892697;s3_bucket_default_encryption;False;config-bucket-858573892697;FedRAMP-20x-KSI-Low;FedRAMP 20x Key Security Indicators (KSIs) - Low Impact Level v25.05C;
aws;FedRAMP 20x Key Security Indicators (KSIs) Low Impact Level represent core security indicators for cloud service providers, focusing on automation, continuous monitoring, and cloud-native security principles per FedRAMP 20x Phase One pilot requirements for Low impact systems.;858573892697;us-east-1;2026-09-19 09:30:34.148196;ksi-svc;A secure cloud service offering will follow FedRAMP encryption policies, continuously verify information resource integrity, and restrict access to third-party information resources;Service Configuration;;;aws;;PASS;S3 Bucket do-not-delete-ssm-diagnosis-858573892697-us-east-1-g2j2x has Server Side Encryption with AES256.;arn:aws:s3:::do-not-delete-ssm-diagnosis-858573892697-us-east-1-g2j2x;s3_bucket_default_encryption;False;do-not-delete-ssm-diagnosis-858573892697-us-east-1-g2j2x;FedRAMP-20x-KSI-Low;FedRAMP 20x Key Security Indicators (KSIs) - Low Impact Level v25.05C;
aws;FedRAMP 20x Key Security Indicators (KSIs) Low Impact Level represent core security indicators for cloud service providers, focusing on automation, continuous monitoring, and cloud-native security principles per FedRAMP 20x Phase One pilot requirements for Low impact systems.;858573892697;us-east-1;2026-09-19 09:30:34.148196;ksi-svc;A secure cloud service offering will follow FedRAMP encryption policies, continuously verify information resource integrity, and restrict access to third-party information resources;Service Configuration;;;aws;;PASS;S3 Bucket vaultcloud-logs-prod-2024 has Server Side Encryption with AES256.;arn:aws:s3:::vaultcloud-logs-prod-2024;s3_bucket_default_encryption;False;vaultcloud-logs-prod-2024;FedRAMP-20x-KSI-Low;FedRAMP 20x Key Security Indicators (KSIs) - Low Impact Level v25.05C;
aws;FedRAMP 20x Key Security Indicators (KSIs) Low Impact Level represent core security indicators for cloud service providers, focusing on automation, continuous monitoring, and cloud-native security principles per FedRAMP 20x Phase One pilot requirements for Low impact systems.;858573892697;us-east-1;2026-09-19 09:30:34.148196;ksi-svc;A secure cloud service offering will follow FedRAMP encryption policies, continuously verify information resource integrity, and restrict access to third-party information resources;Service Configuration;;;aws;;PASS;S3 Bucket vaultcloud-remediation-test has Server Side Encryption with AES256.;arn:aws:s3:::vaultcloud-remediation-test;s3_bucket_default_encryption;False;vaultcloud-remediation-test;FedRAMP-20x-KSI-Low;FedRAMP 20x Key Security Indicators (KSIs) - Low Impact Level v25.05C;
aws;FedRAMP 20x Key Security Indicators (KSIs) Low Impact Level represent core security indicators for cloud service providers, focusing on automation, continuous monitoring, and cloud-native security principles per FedRAMP 20x Phase One pilot requirements for Low impact systems.;858573892697;us-east-1;2026-09-19 09:30:34.148196;ksi-svc;A secure cloud service offering will follow FedRAMP encryption policies, continuously verify information resource integrity, and restrict access to third-party information resources;Service Configuration;;;aws;;PASS;S3 Bucket vaultcloud-uploads-prod-2024 has Server Side Encryption with AES256.;arn:aws:s3:::vaultcloud-uploads-prod-2024;s3_bucket_default_encryption;False;vaultcloud-uploads-prod-2024;FedRAMP-20x-KSI-Low;FedRAMP 20x Key Security Indicators (KSIs) - Low Impact Level v25.05C;
aws;FedRAMP 20x Key Security Indicators (KSIs) Low Impact Level represent core security indicators for cloud service providers, focusing on automation, continuous monitoring, and cloud-native security principles per FedRAMP 20x Phase One pilot requirements for Low impact systems.;858573892697;us-east-1;2026-09-19 09:30:34.148196;ksi-svc;A secure cloud service offering will follow FedRAMP encryption policies, continuously verify information resource integrity, and restrict access to third-party information resources;Service Configuration;;;aws;;FAIL;S3 Bucket aws-cloudtrail-logs-858573892697-969e040d allows requests over insecure transport in the bucket policy.;arn:aws:s3:::aws-cloudtrail-logs-858573892697-969e040d;s3_bucket_secure_transport_policy;False;aws-cloudtrail-logs-858573892697-969e040d;FedRAMP-20x-KSI-Low;FedRAMP 20x Key Security Indicators (KSIs) - Low Impact Level v25.05C;
aws;FedRAMP 20x Key Security Indicators (KSIs) Low Impact Level represent core security indicators for cloud service providers, focusing on automation, continuous monitoring, and cloud-native security principles per FedRAMP 20x Phase One pilot requirements for Low impact systems.;858573892697;us-east-1;2026-09-19 09:30:34.148196;ksi-svc;A secure cloud service offering will follow FedRAMP encryption policies, continuously verify information resource integrity, and restrict access to third-party information resources;Service Configuration;;;aws;;FAIL;S3 Bucket config-bucket-858573892697 allows requests over insecure transport in the bucket policy.;arn:aws:s3:::config-bucket-858573892697;s3_bucket_secure_transport_policy;False;config-bucket-858573892697;FedRAMP-20x-KSI-Low;FedRAMP 20x Key Security Indicators (KSIs) - Low Impact Level v25.05C;
aws;FedRAMP 20x Key Security Indicators (KSIs) Low Impact Level represent core security indicators for cloud service providers, focusing on automation, continuous monitoring, and cloud-native security principles per FedRAMP 20x Phase One pilot requirements for Low impact systems.;858573892697;us-east-1;2026-09-19 09:30:34.148196;ksi-svc;A secure cloud service offering will follow FedRAMP encryption policies, continuously verify information resource integrity, and restrict access to third-party information resources;Service Configuration;;;aws;;PASS;S3 Bucket do-not-delete-ssm-diagnosis-858573892697-us-east-1-g2j2x has a bucket policy to deny requests over insecure transport.;arn:aws:s3:::do-not-delete-ssm-diagnosis-858573892697-us-east-1-g2j2x;s3_bucket_secure_transport_policy;False;do-not-delete-ssm-diagnosis-858573892697-us-east-1-g2j2x;FedRAMP-20x-KSI-Low;FedRAMP 20x Key Security Indicators (KSIs) - Low Impact Level v25.05C;
aws;FedRAMP 20x Key Security Indicators (KSIs) Low Impact Level represent core security indicators for cloud service providers, focusing on automation, continuous monitoring, and cloud-native security principles per FedRAMP 20x Phase One pilot requirements for Low impact systems.;858573892697;us-east-1;2026-09-19 09:30:34.148196;ksi-svc;A secure cloud service offering will follow FedRAMP encryption policies, continuously verify information resource integrity, and restrict access to third-party information resources;Service Configuration;;;aws;;FAIL;S3 Bucket vaultcloud-logs-prod-2024 does not have a bucket policy, thus it allows HTTP requests.;arn:aws:s3:::vaultcloud-logs-prod-2024;s3_bucket_secure_transport_policy;False;vaultcloud-logs-prod-2024;FedRAMP-20x-KSI-Low;FedRAMP 20x Key Security Indicators (KSIs) - Low Impact Level v25.05C;
aws;FedRAMP 20x Key Security Indicators (KSIs) Low Impact Level represent core security indicators for cloud service providers, focusing on automation, continuous monitoring, and cloud-native security principles per FedRAMP 20x Phase One pilot requirements for Low impact systems.;858573892697;us-east-1;2026-09-19 09:30:34.148196;ksi-svc;A secure cloud service offering will follow FedRAMP encryption policies, continuously verify information resource integrity, and restrict access to third-party information resources;Service Configuration;;;aws;;FAIL;S3 Bucket vaultcloud-remediation-test allows requests over insecure transport in the bucket policy.;arn:aws:s3:::vaultcloud-remediation-test;s3_bucket_secure_transport_policy;False;vaultcloud-remediation-test;FedRAMP-20x-KSI-Low;FedRAMP 20x Key Security Indicators (KSIs) - Low Impact Level v25.05C;
aws;FedRAMP 20x Key Security Indicators (KSIs) Low Impact Level represent core security indicators for cloud service providers, focusing on automation, continuous monitoring, and cloud-native security principles per FedRAMP 20x Phase One pilot requirements for Low impact systems.;858573892697;us-east-1;2026-09-19 09:30:34.148196;ksi-svc;A secure cloud service offering will follow FedRAMP encryption policies, continuously verify information resource integrity, and restrict access to third-party information resources;Service Configuration;;;aws;;FAIL;S3 Bucket vaultcloud-uploads-prod-2024 does not have a bucket policy, thus it allows HTTP requests.;arn:aws:s3:::vaultcloud-uploads-prod-2024;s3_bucket_secure_transport_policy;False;vaultcloud-uploads-prod-2024;FedRAMP-20x-KSI-Low;FedRAMP 20x Key Security Indicators (KSIs) - Low Impact Level v25.05C;
aws;FedRAMP 20x Key Security Indicators (KSIs) Low Impact Level represent core security indicators for cloud service providers, focusing on automation, continuous monitoring, and cloud-native security principles per FedRAMP 20x Phase One pilot requirements for Low impact systems.;858573892697;us-east-1;2026-09-19 09:30:34.148196;ksi-mla;A secure cloud service offering will monitor, log, and audit all important events, activity, and changes;Monitoring, Logging, and Auditing;;;aws;;FAIL;S3 Bucket aws-cloudtrail-logs-858573892697-969e040d has server access logging disabled.;arn:aws:s3:::aws-cloudtrail-logs-858573892697-969e040d;s3_bucket_server_access_logging_enabled;False;aws-cloudtrail-logs-858573892697-969e040d;FedRAMP-20x-KSI-Low;FedRAMP 20x Key Security Indicators (KSIs) - Low Impact Level v25.05C;
aws;FedRAMP 20x Key Security Indicators (KSIs) Low Impact Level represent core security indicators for cloud service providers, focusing on automation, continuous monitoring, and cloud-native security principles per FedRAMP 20x Phase One pilot requirements for Low impact systems.;858573892697;us-east-1;2026-09-19 09:30:34.148196;ksi-mla;A secure cloud service offering will monitor, log, and audit all important events, activity, and changes;Monitoring, Logging, and Auditing;;;aws;;FAIL;S3 Bucket config-bucket-858573892697 has server access logging disabled.;arn:aws:s3:::config-bucket-858573892697;s3_bucket_server_access_logging_enabled;False;config-bucket-858573892697;FedRAMP-20x-KSI-Low;FedRAMP 20x Key Security Indicators (KSIs) - Low Impact Level v25.05C;
aws;FedRAMP 20x Key Security Indicators (KSIs) Low Impact Level represent core security indicators for cloud service providers, focusing on automation, continuous monitoring, and cloud-native security principles per FedRAMP 20x Phase One pilot requirements for Low impact systems.;858573892697;us-east-1;2026-09-19 09:30:34.148196;ksi-mla;A secure cloud service offering will monitor, log, and audit all important events, activity, and changes;Monitoring, Logging, and Auditing;;;aws;;FAIL;S3 Bucket do-not-delete-ssm-diagnosis-858573892697-us-east-1-g2j2x has server access logging disabled.;arn:aws:s3:::do-not-delete-ssm-diagnosis-858573892697-us-east-1-g2j2x;s3_bucket_server_access_logging_enabled;False;do-not-delete-ssm-diagnosis-858573892697-us-east-1-g2j2x;FedRAMP-20x-KSI-Low;FedRAMP 20x Key Security Indicators (KSIs) - Low Impact Level v25.05C;
aws;FedRAMP 20x Key Security Indicators (KSIs) Low Impact Level represent core security indicators for cloud service providers, focusing on automation, continuous monitoring, and cloud-native security principles per FedRAMP 20x Phase One pilot requirements for Low impact systems.;858573892697;us-east-1;2026-09-19 09:30:34.148196;ksi-mla;A secure cloud service offering will monitor, log, and audit all important events, activity, and changes;Monitoring, Logging, and Auditing;;;aws;;FAIL;S3 Bucket vaultcloud-logs-prod-2024 has server access logging disabled.;arn:aws:s3:::vaultcloud-logs-prod-2024;s3_bucket_server_access_logging_enabled;False;vaultcloud-logs-prod-2024;FedRAMP-20x-KSI-Low;FedRAMP 20x Key Security Indicators (KSIs) - Low Impact Level v25.05C;
aws;FedRAMP 20x Key Security Indicators (KSIs) Low Impact Level represent core security indicators for cloud service providers, focusing on automation, continuous monitoring, and cloud-native security principles per FedRAMP 20x Phase One pilot requirements for Low impact systems.;858573892697;us-east-1;2026-09-19 09:30:34.148196;ksi-mla;A secure cloud service offering will monitor, log, and audit all important events, activity, and changes;Monitoring, Logging, and Auditing;;;aws;;FAIL;S3 Bucket vaultcloud-remediation-test has server access logging disabled.;arn:aws:s3:::vaultcloud-remediation-test;s3_bucket_server_access_logging_enabled;False;vaultcloud-remediation-test;FedRAMP-20x-KSI-Low;FedRAMP 20x Key Security Indicators (KSIs) - Low Impact Level v25.05C;
aws;FedRAMP 20x Key Security Indicators (KSIs) Low Impact Level represent core security indicators for cloud service providers, focusing on automation, continuous monitoring, and cloud-native security principles per FedRAMP 20x Phase One pilot requirements for Low impact systems.;858573892697;us-east-1;2026-09-19 09:30:34.148196;ksi-mla;A secure cloud service offering will monitor, log, and audit all important events, activity, and changes;Monitoring, Logging, and Auditing;;;aws;;FAIL;S3 Bucket vaultcloud-uploads-prod-2024 has server access logging disabled.;arn:aws:s3:::vaultcloud-uploads-prod-2024;s3_bucket_server_access_logging_enabled;False;vaultcloud-uploads-prod-2024;FedRAMP-20x-KSI-Low;FedRAMP 20x Key Security Indicators (KSIs) - Low Impact Level v25.05C;
aws;FedRAMP 20x Key Security Indicators (KSIs) Low Impact Level represent core security indicators for cloud service providers, focusing on automation, continuous monitoring, and cloud-native security principles per FedRAMP 20x Phase One pilot requirements for Low impact systems.;858573892697;ap-northeast-1;2026-09-19 09:30:34.148196;ksi-inr;A secure cloud service offering will respond to incidents according to FedRAMP requirements and cloud service provider policies;Incident Response;;;aws;;FAIL;Security Hub is not enabled.;arn:aws:securityhub:ap-northeast-1:858573892697:hub/unknown;securityhub_enabled;False;hub/unknown;FedRAMP-20x-KSI-Low;FedRAMP 20x Key Security Indicators (KSIs) - Low Impact Level v25.05C;
aws;FedRAMP 20x Key Security Indicators (KSIs) Low Impact Level represent core security indicators for cloud service providers, focusing on automation, continuous monitoring, and cloud-native security principles per FedRAMP 20x Phase One pilot requirements for Low impact systems.;858573892697;ap-northeast-2;2026-09-19 09:30:34.148196;ksi-inr;A secure cloud service offering will respond to incidents according to FedRAMP requirements and cloud service provider policies;Incident Response;;;aws;;FAIL;Security Hub is not enabled.;arn:aws:securityhub:ap-northeast-2:858573892697:hub/unknown;securityhub_enabled;False;hub/unknown;FedRAMP-20x-KSI-Low;FedRAMP 20x Key Security Indicators (KSIs) - Low Impact Level v25.05C;
aws;FedRAMP 20x Key Security Indicators (KSIs) Low Impact Level represent core security indicators for cloud service providers, focusing on automation, continuous monitoring, and cloud-native security principles per FedRAMP 20x Phase One pilot requirements for Low impact systems.;858573892697;ap-northeast-3;2026-09-19 09:30:34.148196;ksi-inr;A secure cloud service offering will respond to incidents according to FedRAMP requirements and cloud service provider policies;Incident Response;;;aws;;FAIL;Security Hub is not enabled.;arn:aws:securityhub:ap-northeast-3:858573892697:hub/unknown;securityhub_enabled;False;hub/unknown;FedRAMP-20x-KSI-Low;FedRAMP 20x Key Security Indicators (KSIs) - Low Impact Level v25.05C;
aws;FedRAMP 20x Key Security Indicators (KSIs) Low Impact Level represent core security indicators for cloud service providers, focusing on automation, continuous monitoring, and cloud-native security principles per FedRAMP 20x Phase One pilot requirements for Low impact systems.;858573892697;ap-south-1;2026-09-19 09:30:34.148196;ksi-inr;A secure cloud service offering will respond to incidents according to FedRAMP requirements and cloud service provider policies;Incident Response;;;aws;;FAIL;Security Hub is not enabled.;arn:aws:securityhub:ap-south-1:858573892697:hub/unknown;securityhub_enabled;False;hub/unknown;FedRAMP-20x-KSI-Low;FedRAMP 20x Key Security Indicators (KSIs) - Low Impact Level v25.05C;
aws;FedRAMP 20x Key Security Indicators (KSIs) Low Impact Level represent core security indicators for cloud service providers, focusing on automation, continuous monitoring, and cloud-native security principles per FedRAMP 20x Phase One pilot requirements for Low impact systems.;858573892697;ap-southeast-1;2026-09-19 09:30:34.148196;ksi-inr;A secure cloud service offering will respond to incidents according to FedRAMP requirements and cloud service provider policies;Incident Response;;;aws;;FAIL;Security Hub is not enabled.;arn:aws:securityhub:ap-southeast-1:858573892697:hub/unknown;securityhub_enabled;False;hub/unknown;FedRAMP-20x-KSI-Low;FedRAMP 20x Key Security Indicators (KSIs) - Low Impact Level v25.05C;
aws;FedRAMP 20x Key Security Indicators (KSIs) Low Impact Level represent core security indicators for cloud service providers, focusing on automation, continuous monitoring, and cloud-native security principles per FedRAMP 20x Phase One pilot requirements for Low impact systems.;858573892697;ap-southeast-2;2026-09-19 09:30:34.148196;ksi-inr;A secure cloud service offering will respond to incidents according to FedRAMP requirements and cloud service provider policies;Incident Response;;;aws;;FAIL;Security Hub is not enabled.;arn:aws:securityhub:ap-southeast-2:858573892697:hub/unknown;securityhub_enabled;False;hub/unknown;FedRAMP-20x-KSI-Low;FedRAMP 20x Key Security Indicators (KSIs) - Low Impact Level v25.05C;
aws;FedRAMP 20x Key Security Indicators (KSIs) Low Impact Level represent core security indicators for cloud service providers, focusing on automation, continuous monitoring, and cloud-native security principles per FedRAMP 20x Phase One pilot requirements for Low impact systems.;858573892697;ca-central-1;2026-09-19 09:30:34.148196;ksi-inr;A secure cloud service offering will respond to incidents according to FedRAMP requirements and cloud service provider policies;Incident Response;;;aws;;FAIL;Security Hub is not enabled.;arn:aws:securityhub:ca-central-1:858573892697:hub/unknown;securityhub_enabled;False;hub/unknown;FedRAMP-20x-KSI-Low;FedRAMP 20x Key Security Indicators (KSIs) - Low Impact Level v25.05C;
aws;FedRAMP 20x Key Security Indicators (KSIs) Low Impact Level represent core security indicators for cloud service providers, focusing on automation, continuous monitoring, and cloud-native security principles per FedRAMP 20x Phase One pilot requirements for Low impact systems.;858573892697;eu-central-1;2026-09-19 09:30:34.148196;ksi-inr;A secure cloud service offering will respond to incidents according to FedRAMP requirements and cloud service provider policies;Incident Response;;;aws;;FAIL;Security Hub is not enabled.;arn:aws:securityhub:eu-central-1:858573892697:hub/unknown;securityhub_enabled;False;hub/unknown;FedRAMP-20x-KSI-Low;FedRAMP 20x Key Security Indicators (KSIs) - Low Impact Level v25.05C;
aws;FedRAMP 20x Key Security Indicators (KSIs) Low Impact Level represent core security indicators for cloud service providers, focusing on automation, continuous monitoring, and cloud-native security principles per FedRAMP 20x Phase One pilot requirements for Low impact systems.;858573892697;eu-north-1;2026-09-19 09:30:34.148196;ksi-inr;A secure cloud service offering will respond to incidents according to FedRAMP requirements and cloud service provider policies;Incident Response;;;aws;;FAIL;Security Hub is not enabled.;arn:aws:securityhub:eu-north-1:858573892697:hub/unknown;securityhub_enabled;False;hub/unknown;FedRAMP-20x-KSI-Low;FedRAMP 20x Key Security Indicators (KSIs) - Low Impact Level v25.05C;
aws;FedRAMP 20x Key Security Indicators (KSIs) Low Impact Level represent core security indicators for cloud service providers, focusing on automation, continuous monitoring, and cloud-native security principles per FedRAMP 20x Phase One pilot requirements for Low impact systems.;858573892697;eu-west-1;2026-09-19 09:30:34.148196;ksi-inr;A secure cloud service offering will respond to incidents according to FedRAMP requirements and cloud service provider policies;Incident Response;;;aws;;FAIL;Security Hub is not enabled.;arn:aws:securityhub:eu-west-1:858573892697:hub/unknown;securityhub_enabled;False;hub/unknown;FedRAMP-20x-KSI-Low;FedRAMP 20x Key Security Indicators (KSIs) - Low Impact Level v25.05C;
aws;FedRAMP 20x Key Security Indicators (KSIs) Low Impact Level represent core security indicators for cloud service providers, focusing on automation, continuous monitoring, and cloud-native security principles per FedRAMP 20x Phase One pilot requirements for Low impact systems.;858573892697;eu-west-2;2026-09-19 09:30:34.148196;ksi-inr;A secure cloud service offering will respond to incidents according to FedRAMP requirements and cloud service provider policies;Incident Response;;;aws;;FAIL;Security Hub is not enabled.;arn:aws:securityhub:eu-west-2:858573892697:hub/unknown;securityhub_enabled;False;hub/unknown;FedRAMP-20x-KSI-Low;FedRAMP 20x Key Security Indicators (KSIs) - Low Impact Level v25.05C;
aws;FedRAMP 20x Key Security Indicators (KSIs) Low Impact Level represent core security indicators for cloud service providers, focusing on automation, continuous monitoring, and cloud-native security principles per FedRAMP 20x Phase One pilot requirements for Low impact systems.;858573892697;eu-west-3;2026-09-19 09:30:34.148196;ksi-inr;A secure cloud service offering will respond to incidents according to FedRAMP requirements and cloud service provider policies;Incident Response;;;aws;;FAIL;Security Hub is not enabled.;arn:aws:securityhub:eu-west-3:858573892697:hub/unknown;securityhub_enabled;False;hub/unknown;FedRAMP-20x-KSI-Low;FedRAMP 20x Key Security Indicators (KSIs) - Low Impact Level v25.05C;
aws;FedRAMP 20x Key Security Indicators (KSIs) Low Impact Level represent core security indicators for cloud service providers, focusing on automation, continuous monitoring, and cloud-native security principles per FedRAMP 20x Phase One pilot requirements for Low impact systems.;858573892697;sa-east-1;2026-09-19 09:30:34.148196;ksi-inr;A secure cloud service offering will respond to incidents according to FedRAMP requirements and cloud service provider policies;Incident Response;;;aws;;FAIL;Security Hub is not enabled.;arn:aws:securityhub:sa-east-1:858573892697:hub/unknown;securityhub_enabled;False;hub/unknown;FedRAMP-20x-KSI-Low;FedRAMP 20x Key Security Indicators (KSIs) - Low Impact Level v25.05C;
aws;FedRAMP 20x Key Security Indicators (KSIs) Low Impact Level represent core security indicators for cloud service providers, focusing on automation, continuous monitoring, and cloud-native security principles per FedRAMP 20x Phase One pilot requirements for Low impact systems.;858573892697;us-east-1;2026-09-19 09:30:34.148196;ksi-inr;A secure cloud service offering will respond to incidents according to FedRAMP requirements and cloud service provider policies;Incident Response;;;aws;;FAIL;Security Hub is not enabled.;arn:aws:securityhub:us-east-1:858573892697:hub/unknown;securityhub_enabled;False;hub/unknown;FedRAMP-20x-KSI-Low;FedRAMP 20x Key Security Indicators (KSIs) - Low Impact Level v25.05C;
aws;FedRAMP 20x Key Security Indicators (KSIs) Low Impact Level represent core security indicators for cloud service providers, focusing on automation, continuous monitoring, and cloud-native security principles per FedRAMP 20x Phase One pilot requirements for Low impact systems.;858573892697;us-east-2;2026-09-19 09:30:34.148196;ksi-inr;A secure cloud service offering will respond to incidents according to FedRAMP requirements and cloud service provider policies;Incident Response;;;aws;;FAIL;Security Hub is not enabled.;arn:aws:securityhub:us-east-2:858573892697:hub/unknown;securityhub_enabled;False;hub/unknown;FedRAMP-20x-KSI-Low;FedRAMP 20x Key Security Indicators (KSIs) - Low Impact Level v25.05C;
aws;FedRAMP 20x Key Security Indicators (KSIs) Low Impact Level represent core security indicators for cloud service providers, focusing on automation, continuous monitoring, and cloud-native security principles per FedRAMP 20x Phase One pilot requirements for Low impact systems.;858573892697;us-west-1;2026-09-19 09:30:34.148196;ksi-inr;A secure cloud service offering will respond to incidents according to FedRAMP requirements and cloud service provider policies;Incident Response;;;aws;;FAIL;Security Hub is not enabled.;arn:aws:securityhub:us-west-1:858573892697:hub/unknown;securityhub_enabled;False;hub/unknown;FedRAMP-20x-KSI-Low;FedRAMP 20x Key Security Indicators (KSIs) - Low Impact Level v25.05C;
aws;FedRAMP 20x Key Security Indicators (KSIs) Low Impact Level represent core security indicators for cloud service providers, focusing on automation, continuous monitoring, and cloud-native security principles per FedRAMP 20x Phase One pilot requirements for Low impact systems.;858573892697;us-west-2;2026-09-19 09:30:34.148196;ksi-inr;A secure cloud service offering will respond to incidents according to FedRAMP requirements and cloud service provider policies;Incident Response;;;aws;;FAIL;Security Hub is not enabled.;arn:aws:securityhub:us-west-2:858573892697:hub/unknown;securityhub_enabled;False;hub/unknown;FedRAMP-20x-KSI-Low;FedRAMP 20x Key Security Indicators (KSIs) - Low Impact Level v25.05C;
aws;FedRAMP 20x Key Security Indicators (KSIs) Low Impact Level represent core security indicators for cloud service providers, focusing on automation, continuous monitoring, and cloud-native security principles per FedRAMP 20x Phase One pilot requirements for Low impact systems.;858573892697;us-east-1;2026-09-19 09:30:34.148196;ksi-inr;A secure cloud service offering will respond to incidents according to FedRAMP requirements and cloud service provider policies;Incident Response;;;aws;;FAIL;SNS topic BillingAlarm is not encrypted.;arn:aws:sns:us-east-1:858573892697:BillingAlarm;sns_topics_kms_encryption_at_rest_enabled;False;BillingAlarm;FedRAMP-20x-KSI-Low;FedRAMP 20x Key Security Indicators (KSIs) - Low Impact Level v25.05C;
aws;FedRAMP 20x Key Security Indicators (KSIs) Low Impact Level represent core security indicators for cloud service providers, focusing on automation, continuous monitoring, and cloud-native security principles per FedRAMP 20x Phase One pilot requirements for Low impact systems.;858573892697;us-east-1;2026-09-19 09:30:34.148196;ksi-svc;A secure cloud service offering will follow FedRAMP encryption policies, continuously verify information resource integrity, and restrict access to third-party information resources;Service Configuration;;;aws;;FAIL;SNS topic BillingAlarm is not encrypted.;arn:aws:sns:us-east-1:858573892697:BillingAlarm;sns_topics_kms_encryption_at_rest_enabled;False;BillingAlarm;FedRAMP-20x-KSI-Low;FedRAMP 20x Key Security Indicators (KSIs) - Low Impact Level v25.05C;
aws;FedRAMP 20x Key Security Indicators (KSIs) Low Impact Level represent core security indicators for cloud service providers, focusing on automation, continuous monitoring, and cloud-native security principles per FedRAMP 20x Phase One pilot requirements for Low impact systems.;858573892697;us-east-1;2026-09-19 09:30:34.148196;ksi-inr;A secure cloud service offering will respond to incidents according to FedRAMP requirements and cloud service provider policies;Incident Response;;;aws;;FAIL;SNS topic Billing_Alarm is not encrypted.;arn:aws:sns:us-east-1:858573892697:Billing_Alarm;sns_topics_kms_encryption_at_rest_enabled;False;Billing_Alarm;FedRAMP-20x-KSI-Low;FedRAMP 20x Key Security Indicators (KSIs) - Low Impact Level v25.05C;
aws;FedRAMP 20x Key Security Indicators (KSIs) Low Impact Level represent core security indicators for cloud service providers, focusing on automation, continuous monitoring, and cloud-native security principles per FedRAMP 20x Phase One pilot requirements for Low impact systems.;858573892697;us-east-1;2026-09-19 09:30:34.148196;ksi-svc;A secure cloud service offering will follow FedRAMP encryption policies, continuously verify information resource integrity, and restrict access to third-party information resources;Service Configuration;;;aws;;FAIL;SNS topic Billing_Alarm is not encrypted.;arn:aws:sns:us-east-1:858573892697:Billing_Alarm;sns_topics_kms_encryption_at_rest_enabled;False;Billing_Alarm;FedRAMP-20x-KSI-Low;FedRAMP 20x Key Security Indicators (KSIs) - Low Impact Level v25.05C;
aws;FedRAMP 20x Key Security Indicators (KSIs) Low Impact Level represent core security indicators for cloud service providers, focusing on automation, continuous monitoring, and cloud-native security principles per FedRAMP 20x Phase One pilot requirements for Low impact systems.;858573892697;us-east-1;2026-09-19 09:30:34.148196;ksi-cmt;A secure cloud service provider will ensure that all system changes are properly documented and configuration baselines are updated accordingly;Change Management;;;aws;;FAIL;EC2 managed instance i-06f893ed5cf0f73fc is non-compliant.;arn:aws:ec2:us-east-1:858573892697:instance/i-06f893ed5cf0f73fc;ssm_managed_compliant_patching;False;i-06f893ed5cf0f73fc;FedRAMP-20x-KSI-Low;FedRAMP 20x Key Security Indicators (KSIs) - Low Impact Level v25.05C;
aws;FedRAMP 20x Key Security Indicators (KSIs) Low Impact Level represent core security indicators for cloud service providers, focusing on automation, continuous monitoring, and cloud-native security principles per FedRAMP 20x Phase One pilot requirements for Low impact systems.;858573892697;us-east-1;2026-09-19 09:30:34.148196;ksi-tpr;A secure cloud service offering will understand, monitor, and manage supply chain risks from third-party information resources;Third-Party Information Resources;;;aws;;FAIL;EC2 managed instance i-06f893ed5cf0f73fc is non-compliant.;arn:aws:ec2:us-east-1:858573892697:instance/i-06f893ed5cf0f73fc;ssm_managed_compliant_patching;False;i-06f893ed5cf0f73fc;FedRAMP-20x-KSI-Low;FedRAMP 20x Key Security Indicators (KSIs) - Low Impact Level v25.05C;
aws;FedRAMP 20x Key Security Indicators (KSIs) Low Impact Level represent core security indicators for cloud service providers, focusing on automation, continuous monitoring, and cloud-native security principles per FedRAMP 20x Phase One pilot requirements for Low impact systems.;858573892697;us-east-1;2026-09-19 09:30:34.148196;ksi-piy;A secure cloud service offering will have intentional, organized, universal guidance for how every information resource, including personnel, is secured;Policy and Inventory;;;aws;;FAIL;Amazon Web Services Premium Support Plan isn't subscribed.;arn:aws:trusted-advisor:us-east-1:858573892697:account;trustedadvisor_premium_support_plan_subscribed;False;858573892697;FedRAMP-20x-KSI-Low;FedRAMP 20x Key Security Indicators (KSIs) - Low Impact Level v25.05C;
aws;FedRAMP 20x Key Security Indicators (KSIs) Low Impact Level represent core security indicators for cloud service providers, focusing on automation, continuous monitoring, and cloud-native security principles per FedRAMP 20x Phase One pilot requirements for Low impact systems.;858573892697;us-east-1;2026-09-19 09:30:34.148196;ksi-tpr;A secure cloud service offering will understand, monitor, and manage supply chain risks from third-party information resources;Third-Party Information Resources;;;aws;;FAIL;Amazon Web Services Premium Support Plan isn't subscribed.;arn:aws:trusted-advisor:us-east-1:858573892697:account;trustedadvisor_premium_support_plan_subscribed;False;858573892697;FedRAMP-20x-KSI-Low;FedRAMP 20x Key Security Indicators (KSIs) - Low Impact Level v25.05C;
aws;FedRAMP 20x Key Security Indicators (KSIs) Low Impact Level represent core security indicators for cloud service providers, focusing on automation, continuous monitoring, and cloud-native security principles per FedRAMP 20x Phase One pilot requirements for Low impact systems.;858573892697;us-east-1;2026-09-19 09:30:34.148196;ksi-mla;A secure cloud service offering will monitor, log, and audit all important events, activity, and changes;Monitoring, Logging, and Auditing;;;aws;;FAIL;VPC vaultcloud-vpc Flow logs are disabled.;arn:aws:ec2:us-east-1:858573892697:vpc/vpc-05003d63d9533f68c;vpc_flow_logs_enabled;False;vpc-05003d63d9533f68c;FedRAMP-20x-KSI-Low;FedRAMP 20x Key Security Indicators (KSIs) - Low Impact Level v25.05C;
aws;FedRAMP 20x Key Security Indicators (KSIs) Low Impact Level represent core security indicators for cloud service providers, focusing on automation, continuous monitoring, and cloud-native security principles per FedRAMP 20x Phase One pilot requirements for Low impact systems.;858573892697;us-east-1;2026-09-19 09:30:34.148196;ksi-cna;A secure cloud service offering will use cloud native architecture and design principles to enforce and enhance the Confidentiality, Integrity and Availability of the system;Cloud Native Architecture;;;aws;;FAIL;VPC subnet subnet-060b354bc8a3f274c assigns public IP by default.;arn:aws:ec2:us-east-1:858573892697:subnet/subnet-060b354bc8a3f274c;vpc_subnet_no_public_ip_by_default;False;subnet-060b354bc8a3f274c;FedRAMP-20x-KSI-Low;FedRAMP 20x Key Security Indicators (KSIs) - Low Impact Level v25.05C;
aws;FedRAMP 20x Key Security Indicators (KSIs) Low Impact Level represent core security indicators for cloud service providers, focusing on automation, continuous monitoring, and cloud-native security principles per FedRAMP 20x Phase One pilot requirements for Low impact systems.;858573892697;us-east-1;2026-09-19 09:30:34.148196;ksi-cna;A secure cloud service offering will use cloud native architecture and design principles to enforce and enhance the Confidentiality, Integrity and Availability of the system;Cloud Native Architecture;;;aws;;FAIL;VPC subnet subnet-005a60da96b387d85 assigns public IP by default.;arn:aws:ec2:us-east-1:858573892697:subnet/subnet-005a60da96b387d85;vpc_subnet_no_public_ip_by_default;False;subnet-005a60da96b387d85;FedRAMP-20x-KSI-Low;FedRAMP 20x Key Security Indicators (KSIs) - Low Impact Level v25.05C;
