PROVIDER;DESCRIPTION;ACCOUNTID;REGION;ASSESSMENTDATE;REQUIREMENTS_ID;REQUIREMENTS_DESCRIPTION;REQUIREMENTS_ATTRIBUTES_PILLAR;REQUIREMENTS_ATTRIBUTES_ARTICLE;REQUIREMENTS_ATTRIBUTES_ARTICLETITLE;STATUS;STATUSEXTENDED;RESOURCEID;RESOURCENAME;CHECKID;MUTED;FRAMEWORK;NAME
aws;"The Digital Operational Resilience Act (DORA) is a European Union regulation (Regulation (EU) 2022/2554) that sets a uniform framework for the digital operational resilience of the EU financial sector. Mandatory since 17 January 2025, it applies to financial entities (banks, insurers, investment firms, payment institutions, etc.) and to ICT third-party service providers. DORA is structured around five pillars: ICT risk management, ICT-related incident reporting, digital operational resilience testing, ICT third-party risk management, and information sharing. This Prowler mapping covers the technical controls auditable from cloud configuration; the organisational, contractual and supervisory obligations defined in DORA must be addressed outside of Prowler.";858573892697;us-east-1;2026-09-13 22:26:32.575478;DORA-Art6;Financial entities shall have an ICT risk management framework that is sound, comprehensive and well-documented, enabling them to address ICT risk quickly, efficiently and comprehensively and to ensure a high level of digital operational resilience. This includes continuous configuration recording, security findings aggregation and an enterprise-wide visibility plane.;ICT Risk Management;Article 6;ICT risk management framework;FAIL;IAM Access Analyzer in account 858573892697 is not enabled.;arn:aws:accessanalyzer:us-east-1:858573892697:analyzer/unknown;analyzer/unknown;accessanalyzer_enabled;False;DORA;Digital Operational Resilience Act (Regulation (EU) 2022/2554)
aws;"The Digital Operational Resilience Act (DORA) is a European Union regulation (Regulation (EU) 2022/2554) that sets a uniform framework for the digital operational resilience of the EU financial sector. Mandatory since 17 January 2025, it applies to financial entities (banks, insurers, investment firms, payment institutions, etc.) and to ICT third-party service providers. DORA is structured around five pillars: ICT risk management, ICT-related incident reporting, digital operational resilience testing, ICT third-party risk management, and information sharing. This Prowler mapping covers the technical controls auditable from cloud configuration; the organisational, contractual and supervisory obligations defined in DORA must be addressed outside of Prowler.";858573892697;us-east-1;2026-09-13 22:26:32.575478;DORA-Art8;Financial entities shall identify, classify and adequately document all ICT supported business functions, roles and responsibilities, the information assets and ICT assets supporting them, and their interdependencies. They shall on a continuous basis identify all sources of ICT risk, in particular the risk exposure to and from other financial entities.;ICT Risk Management;Article 8;Identification;FAIL;IAM Access Analyzer in account 858573892697 is not enabled.;arn:aws:accessanalyzer:us-east-1:858573892697:analyzer/unknown;analyzer/unknown;accessanalyzer_enabled;False;DORA;Digital Operational Resilience Act (Regulation (EU) 2022/2554)
aws;"The Digital Operational Resilience Act (DORA) is a European Union regulation (Regulation (EU) 2022/2554) that sets a uniform framework for the digital operational resilience of the EU financial sector. Mandatory since 17 January 2025, it applies to financial entities (banks, insurers, investment firms, payment institutions, etc.) and to ICT third-party service providers. DORA is structured around five pillars: ICT risk management, ICT-related incident reporting, digital operational resilience testing, ICT third-party risk management, and information sharing. This Prowler mapping covers the technical controls auditable from cloud configuration; the organisational, contractual and supervisory obligations defined in DORA must be addressed outside of Prowler.";858573892697;us-east-1;2026-09-13 22:26:32.575478;DORA-Art28;Financial entities shall manage ICT third-party risk as an integral component of ICT risk within their ICT risk management framework. Cross-account access, trust boundaries, organization-level controls and dependency visibility are critical to monitor third-party exposure on AWS.;ICT Third-Party Risk Management;Article 28;General principles (ICT third-party risk);FAIL;IAM Access Analyzer in account 858573892697 is not enabled.;arn:aws:accessanalyzer:us-east-1:858573892697:analyzer/unknown;analyzer/unknown;accessanalyzer_enabled;False;DORA;Digital Operational Resilience Act (Regulation (EU) 2022/2554)
aws;"The Digital Operational Resilience Act (DORA) is a European Union regulation (Regulation (EU) 2022/2554) that sets a uniform framework for the digital operational resilience of the EU financial sector. Mandatory since 17 January 2025, it applies to financial entities (banks, insurers, investment firms, payment institutions, etc.) and to ICT third-party service providers. DORA is structured around five pillars: ICT risk management, ICT-related incident reporting, digital operational resilience testing, ICT third-party risk management, and information sharing. This Prowler mapping covers the technical controls auditable from cloud configuration; the organisational, contractual and supervisory obligations defined in DORA must be addressed outside of Prowler.";858573892697;us-east-1;2026-09-13 22:26:32.575478;DORA-Art30;Contractual arrangements with ICT third-party service providers shall be set out in writing and include, at minimum, agreed service levels and clear allocation of rights and obligations. Privilege boundaries, least-privilege policies and absence of administrative wildcards are the technical guardrails that enforce these contractual constraints inside AWS.;ICT Third-Party Risk Management;Article 30;Key contractual provisions;FAIL;IAM Access Analyzer in account 858573892697 is not enabled.;arn:aws:accessanalyzer:us-east-1:858573892697:analyzer/unknown;analyzer/unknown;accessanalyzer_enabled;False;DORA;Digital Operational Resilience Act (Regulation (EU) 2022/2554)
aws;"The Digital Operational Resilience Act (DORA) is a European Union regulation (Regulation (EU) 2022/2554) that sets a uniform framework for the digital operational resilience of the EU financial sector. Mandatory since 17 January 2025, it applies to financial entities (banks, insurers, investment firms, payment institutions, etc.) and to ICT third-party service providers. DORA is structured around five pillars: ICT risk management, ICT-related incident reporting, digital operational resilience testing, ICT third-party risk management, and information sharing. This Prowler mapping covers the technical controls auditable from cloud configuration; the organisational, contractual and supervisory obligations defined in DORA must be addressed outside of Prowler.";858573892697;us-east-1;2026-09-13 22:26:32.575478;DORA-Art9;Financial entities shall continuously monitor and control the security and functioning of ICT systems and tools and minimise the impact of ICT risk by deploying appropriate ICT security tools, policies and procedures. Encryption at rest and in transit, blocking of public exposure, network access controls, secret management and instance hardening are central to this article.;ICT Risk Management;Article 9;Protection and prevention;PASS;Lambda function aws-deepracer-reward-fn-b97e40d7-25de-4452-8b6e-9cee76f5bae0 has a resource-based policy without public access.;arn:aws:lambda:us-east-1:858573892697:function:aws-deepracer-reward-fn-b97e40d7-25de-4452-8b6e-9cee76f5bae0;aws-deepracer-reward-fn-b97e40d7-25de-4452-8b6e-9cee76f5bae0;awslambda_function_not_publicly_accessible;False;DORA;Digital Operational Resilience Act (Regulation (EU) 2022/2554)
aws;"The Digital Operational Resilience Act (DORA) is a European Union regulation (Regulation (EU) 2022/2554) that sets a uniform framework for the digital operational resilience of the EU financial sector. Mandatory since 17 January 2025, it applies to financial entities (banks, insurers, investment firms, payment institutions, etc.) and to ICT third-party service providers. DORA is structured around five pillars: ICT risk management, ICT-related incident reporting, digital operational resilience testing, ICT third-party risk management, and information sharing. This Prowler mapping covers the technical controls auditable from cloud configuration; the organisational, contractual and supervisory obligations defined in DORA must be addressed outside of Prowler.";858573892697;us-east-1;2026-09-13 22:26:32.575478;DORA-Art28;Financial entities shall manage ICT third-party risk as an integral component of ICT risk within their ICT risk management framework. Cross-account access, trust boundaries, organization-level controls and dependency visibility are critical to monitor third-party exposure on AWS.;ICT Third-Party Risk Management;Article 28;General principles (ICT third-party risk);PASS;Lambda function aws-deepracer-reward-fn-b97e40d7-25de-4452-8b6e-9cee76f5bae0 does not use any layers.;arn:aws:lambda:us-east-1:858573892697:function:aws-deepracer-reward-fn-b97e40d7-25de-4452-8b6e-9cee76f5bae0;aws-deepracer-reward-fn-b97e40d7-25de-4452-8b6e-9cee76f5bae0;awslambda_function_using_cross_account_layers;False;DORA;Digital Operational Resilience Act (Regulation (EU) 2022/2554)
aws;"The Digital Operational Resilience Act (DORA) is a European Union regulation (Regulation (EU) 2022/2554) that sets a uniform framework for the digital operational resilience of the EU financial sector. Mandatory since 17 January 2025, it applies to financial entities (banks, insurers, investment firms, payment institutions, etc.) and to ICT third-party service providers. DORA is structured around five pillars: ICT risk management, ICT-related incident reporting, digital operational resilience testing, ICT third-party risk management, and information sharing. This Prowler mapping covers the technical controls auditable from cloud configuration; the organisational, contractual and supervisory obligations defined in DORA must be addressed outside of Prowler.";858573892697;us-east-1;2026-09-13 22:26:32.575478;DORA-Art11;Financial entities shall put in place a comprehensive ICT business continuity policy, including ICT response and recovery plans, that ensures the continuity of ICT-supported critical or important functions. Operational alarming, automated event routing and tested recovery actions are essential.;ICT Risk Management;Article 11;Response and recovery;FAIL;No Backup Vault exist.;arn:aws:backup:us-east-1:858573892697:backup-vault;858573892697;backup_vaults_exist;False;DORA;Digital Operational Resilience Act (Regulation (EU) 2022/2554)
aws;"The Digital Operational Resilience Act (DORA) is a European Union regulation (Regulation (EU) 2022/2554) that sets a uniform framework for the digital operational resilience of the EU financial sector. Mandatory since 17 January 2025, it applies to financial entities (banks, insurers, investment firms, payment institutions, etc.) and to ICT third-party service providers. DORA is structured around five pillars: ICT risk management, ICT-related incident reporting, digital operational resilience testing, ICT third-party risk management, and information sharing. This Prowler mapping covers the technical controls auditable from cloud configuration; the organisational, contractual and supervisory obligations defined in DORA must be addressed outside of Prowler.";858573892697;us-east-1;2026-09-13 22:26:32.575478;DORA-Art12;Financial entities shall develop and document backup policies and procedures specifying the scope of data subject to backup and the minimum frequency of the backup, as well as restoration and recovery procedures and methods. Backups must be encrypted, retained, and resources must be designed for recoverability across availability zones and regions.;ICT Risk Management;Article 12;Backup policies and procedures, restoration and recovery procedures and methods;FAIL;No Backup Vault exist.;arn:aws:backup:us-east-1:858573892697:backup-vault;858573892697;backup_vaults_exist;False;DORA;Digital Operational Resilience Act (Regulation (EU) 2022/2554)
aws;"The Digital Operational Resilience Act (DORA) is a European Union regulation (Regulation (EU) 2022/2554) that sets a uniform framework for the digital operational resilience of the EU financial sector. Mandatory since 17 January 2025, it applies to financial entities (banks, insurers, investment firms, payment institutions, etc.) and to ICT third-party service providers. DORA is structured around five pillars: ICT risk management, ICT-related incident reporting, digital operational resilience testing, ICT third-party risk management, and information sharing. This Prowler mapping covers the technical controls auditable from cloud configuration; the organisational, contractual and supervisory obligations defined in DORA must be addressed outside of Prowler.";858573892697;us-east-1;2026-09-13 22:26:32.575478;DORA-Art17;Financial entities shall define, establish and implement an ICT-related incident management process to detect, manage and notify ICT-related incidents. Comprehensive trail logging, log integrity protection, retention and centralisation of ICT events are foundational requirements.;ICT-Related Incident Reporting;Article 17;ICT-related incident management process;FAIL;No CloudTrail trails are configured to log Amazon Bedrock API calls.;arn:aws:cloudtrail:us-east-1:858573892697:trail;858573892697;cloudtrail_bedrock_logging_enabled;False;DORA;Digital Operational Resilience Act (Regulation (EU) 2022/2554)
aws;"The Digital Operational Resilience Act (DORA) is a European Union regulation (Regulation (EU) 2022/2554) that sets a uniform framework for the digital operational resilience of the EU financial sector. Mandatory since 17 January 2025, it applies to financial entities (banks, insurers, investment firms, payment institutions, etc.) and to ICT third-party service providers. DORA is structured around five pillars: ICT risk management, ICT-related incident reporting, digital operational resilience testing, ICT third-party risk management, and information sharing. This Prowler mapping covers the technical controls auditable from cloud configuration; the organisational, contractual and supervisory obligations defined in DORA must be addressed outside of Prowler.";858573892697;us-east-1;2026-09-13 22:26:32.575478;DORA-Art17;Financial entities shall define, establish and implement an ICT-related incident management process to detect, manage and notify ICT-related incidents. Comprehensive trail logging, log integrity protection, retention and centralisation of ICT events are foundational requirements.;ICT-Related Incident Reporting;Article 17;ICT-related incident management process;FAIL;No CloudTrail trails enabled with logging were found.;arn:aws:cloudtrail:us-east-1:858573892697:trail;858573892697;cloudtrail_multi_region_enabled;False;DORA;Digital Operational Resilience Act (Regulation (EU) 2022/2554)
aws;"The Digital Operational Resilience Act (DORA) is a European Union regulation (Regulation (EU) 2022/2554) that sets a uniform framework for the digital operational resilience of the EU financial sector. Mandatory since 17 January 2025, it applies to financial entities (banks, insurers, investment firms, payment institutions, etc.) and to ICT third-party service providers. DORA is structured around five pillars: ICT risk management, ICT-related incident reporting, digital operational resilience testing, ICT third-party risk management, and information sharing. This Prowler mapping covers the technical controls auditable from cloud configuration; the organisational, contractual and supervisory obligations defined in DORA must be addressed outside of Prowler.";858573892697;us-east-1;2026-09-13 22:26:32.575478;DORA-Art17;Financial entities shall define, establish and implement an ICT-related incident management process to detect, manage and notify ICT-related incidents. Comprehensive trail logging, log integrity protection, retention and centralisation of ICT events are foundational requirements.;ICT-Related Incident Reporting;Article 17;ICT-related incident management process;FAIL;No CloudTrail trails enabled and logging management events were found.;arn:aws:cloudtrail:us-east-1:858573892697:trail;858573892697;cloudtrail_multi_region_enabled_logging_management_events;False;DORA;Digital Operational Resilience Act (Regulation (EU) 2022/2554)
aws;"The Digital Operational Resilience Act (DORA) is a European Union regulation (Regulation (EU) 2022/2554) that sets a uniform framework for the digital operational resilience of the EU financial sector. Mandatory since 17 January 2025, it applies to financial entities (banks, insurers, investment firms, payment institutions, etc.) and to ICT third-party service providers. DORA is structured around five pillars: ICT risk management, ICT-related incident reporting, digital operational resilience testing, ICT third-party risk management, and information sharing. This Prowler mapping covers the technical controls auditable from cloud configuration; the organisational, contractual and supervisory obligations defined in DORA must be addressed outside of Prowler.";858573892697;us-east-1;2026-09-13 22:26:32.575478;DORA-Art17;Financial entities shall define, establish and implement an ICT-related incident management process to detect, manage and notify ICT-related incidents. Comprehensive trail logging, log integrity protection, retention and centralisation of ICT events are foundational requirements.;ICT-Related Incident Reporting;Article 17;ICT-related incident management process;FAIL;No CloudTrail trails have a data event to record all S3 object-level API operations.;arn:aws:cloudtrail:us-east-1:858573892697:trail;858573892697;cloudtrail_s3_dataevents_read_enabled;False;DORA;Digital Operational Resilience Act (Regulation (EU) 2022/2554)
aws;"The Digital Operational Resilience Act (DORA) is a European Union regulation (Regulation (EU) 2022/2554) that sets a uniform framework for the digital operational resilience of the EU financial sector. Mandatory since 17 January 2025, it applies to financial entities (banks, insurers, investment firms, payment institutions, etc.) and to ICT third-party service providers. DORA is structured around five pillars: ICT risk management, ICT-related incident reporting, digital operational resilience testing, ICT third-party risk management, and information sharing. This Prowler mapping covers the technical controls auditable from cloud configuration; the organisational, contractual and supervisory obligations defined in DORA must be addressed outside of Prowler.";858573892697;us-east-1;2026-09-13 22:26:32.575478;DORA-Art17;Financial entities shall define, establish and implement an ICT-related incident management process to detect, manage and notify ICT-related incidents. Comprehensive trail logging, log integrity protection, retention and centralisation of ICT events are foundational requirements.;ICT-Related Incident Reporting;Article 17;ICT-related incident management process;FAIL;No CloudTrail trails have a data event to record all S3 object-level API operations.;arn:aws:cloudtrail:us-east-1:858573892697:trail;858573892697;cloudtrail_s3_dataevents_write_enabled;False;DORA;Digital Operational Resilience Act (Regulation (EU) 2022/2554)
aws;"The Digital Operational Resilience Act (DORA) is a European Union regulation (Regulation (EU) 2022/2554) that sets a uniform framework for the digital operational resilience of the EU financial sector. Mandatory since 17 January 2025, it applies to financial entities (banks, insurers, investment firms, payment institutions, etc.) and to ICT third-party service providers. DORA is structured around five pillars: ICT risk management, ICT-related incident reporting, digital operational resilience testing, ICT third-party risk management, and information sharing. This Prowler mapping covers the technical controls auditable from cloud configuration; the organisational, contractual and supervisory obligations defined in DORA must be addressed outside of Prowler.";858573892697;us-east-1;2026-09-13 22:26:32.575478;DORA-Art11;Financial entities shall put in place a comprehensive ICT business continuity policy, including ICT response and recovery plans, that ensures the continuity of ICT-supported critical or important functions. Operational alarming, automated event routing and tested recovery actions are essential.;ICT Risk Management;Article 11;Response and recovery;PASS;CloudWatch metric alarm BillingAlarm has actions configured for the ALARM state.;arn:aws:cloudwatch:us-east-1:858573892697:alarm:BillingAlarm;BillingAlarm;cloudwatch_alarm_actions_alarm_state_configured;False;DORA;Digital Operational Resilience Act (Regulation (EU) 2022/2554)
aws;"The Digital Operational Resilience Act (DORA) is a European Union regulation (Regulation (EU) 2022/2554) that sets a uniform framework for the digital operational resilience of the EU financial sector. Mandatory since 17 January 2025, it applies to financial entities (banks, insurers, investment firms, payment institutions, etc.) and to ICT third-party service providers. DORA is structured around five pillars: ICT risk management, ICT-related incident reporting, digital operational resilience testing, ICT third-party risk management, and information sharing. This Prowler mapping covers the technical controls auditable from cloud configuration; the organisational, contractual and supervisory obligations defined in DORA must be addressed outside of Prowler.";858573892697;us-east-1;2026-09-13 22:26:32.575478;DORA-Art14;As part of the ICT risk management framework, financial entities shall have in place crisis communication plans enabling a responsible disclosure of ICT-related incidents or major vulnerabilities to clients, counterparts and the public. Reliable, encrypted and access-controlled notification channels are required.;ICT Risk Management;Article 14;Communication;PASS;CloudWatch metric alarm BillingAlarm has actions configured for the ALARM state.;arn:aws:cloudwatch:us-east-1:858573892697:alarm:BillingAlarm;BillingAlarm;cloudwatch_alarm_actions_alarm_state_configured;False;DORA;Digital Operational Resilience Act (Regulation (EU) 2022/2554)
aws;"The Digital Operational Resilience Act (DORA) is a European Union regulation (Regulation (EU) 2022/2554) that sets a uniform framework for the digital operational resilience of the EU financial sector. Mandatory since 17 January 2025, it applies to financial entities (banks, insurers, investment firms, payment institutions, etc.) and to ICT third-party service providers. DORA is structured around five pillars: ICT risk management, ICT-related incident reporting, digital operational resilience testing, ICT third-party risk management, and information sharing. This Prowler mapping covers the technical controls auditable from cloud configuration; the organisational, contractual and supervisory obligations defined in DORA must be addressed outside of Prowler.";858573892697;us-east-1;2026-09-13 22:26:32.575478;DORA-Art11;Financial entities shall put in place a comprehensive ICT business continuity policy, including ICT response and recovery plans, that ensures the continuity of ICT-supported critical or important functions. Operational alarming, automated event routing and tested recovery actions are essential.;ICT Risk Management;Article 11;Response and recovery;PASS;CloudWatch metric alarm BillingAlarm has actions enabled.;arn:aws:cloudwatch:us-east-1:858573892697:alarm:BillingAlarm;BillingAlarm;cloudwatch_alarm_actions_enabled;False;DORA;Digital Operational Resilience Act (Regulation (EU) 2022/2554)
aws;"The Digital Operational Resilience Act (DORA) is a European Union regulation (Regulation (EU) 2022/2554) that sets a uniform framework for the digital operational resilience of the EU financial sector. Mandatory since 17 January 2025, it applies to financial entities (banks, insurers, investment firms, payment institutions, etc.) and to ICT third-party service providers. DORA is structured around five pillars: ICT risk management, ICT-related incident reporting, digital operational resilience testing, ICT third-party risk management, and information sharing. This Prowler mapping covers the technical controls auditable from cloud configuration; the organisational, contractual and supervisory obligations defined in DORA must be addressed outside of Prowler.";858573892697;us-east-1;2026-09-13 22:26:32.575478;DORA-Art14;As part of the ICT risk management framework, financial entities shall have in place crisis communication plans enabling a responsible disclosure of ICT-related incidents or major vulnerabilities to clients, counterparts and the public. Reliable, encrypted and access-controlled notification channels are required.;ICT Risk Management;Article 14;Communication;PASS;CloudWatch metric alarm BillingAlarm has actions enabled.;arn:aws:cloudwatch:us-east-1:858573892697:alarm:BillingAlarm;BillingAlarm;cloudwatch_alarm_actions_enabled;False;DORA;Digital Operational Resilience Act (Regulation (EU) 2022/2554)
aws;"The Digital Operational Resilience Act (DORA) is a European Union regulation (Regulation (EU) 2022/2554) that sets a uniform framework for the digital operational resilience of the EU financial sector. Mandatory since 17 January 2025, it applies to financial entities (banks, insurers, investment firms, payment institutions, etc.) and to ICT third-party service providers. DORA is structured around five pillars: ICT risk management, ICT-related incident reporting, digital operational resilience testing, ICT third-party risk management, and information sharing. This Prowler mapping covers the technical controls auditable from cloud configuration; the organisational, contractual and supervisory obligations defined in DORA must be addressed outside of Prowler.";858573892697;us-east-1;2026-09-13 22:26:32.575478;DORA-Art19;Financial entities shall report major ICT-related incidents to the relevant competent authority and may, on a voluntary basis, notify significant cyber threats. Detective metric filters, change-tracking alarms and reliable notification topics are needed to surface and route reportable events.;ICT-Related Incident Reporting;Article 19;Reporting of major ICT-related incidents and voluntary notification of significant cyber threats;FAIL;No CloudWatch log groups found with metric filters or alarms associated.;arn:aws:logs:us-east-1:858573892697:log-group;858573892697;cloudwatch_changes_to_network_acls_alarm_configured;False;DORA;Digital Operational Resilience Act (Regulation (EU) 2022/2554)
aws;"The Digital Operational Resilience Act (DORA) is a European Union regulation (Regulation (EU) 2022/2554) that sets a uniform framework for the digital operational resilience of the EU financial sector. Mandatory since 17 January 2025, it applies to financial entities (banks, insurers, investment firms, payment institutions, etc.) and to ICT third-party service providers. DORA is structured around five pillars: ICT risk management, ICT-related incident reporting, digital operational resilience testing, ICT third-party risk management, and information sharing. This Prowler mapping covers the technical controls auditable from cloud configuration; the organisational, contractual and supervisory obligations defined in DORA must be addressed outside of Prowler.";858573892697;us-east-1;2026-09-13 22:26:32.575478;DORA-Art19;Financial entities shall report major ICT-related incidents to the relevant competent authority and may, on a voluntary basis, notify significant cyber threats. Detective metric filters, change-tracking alarms and reliable notification topics are needed to surface and route reportable events.;ICT-Related Incident Reporting;Article 19;Reporting of major ICT-related incidents and voluntary notification of significant cyber threats;FAIL;No CloudWatch log groups found with metric filters or alarms associated.;arn:aws:logs:us-east-1:858573892697:log-group;858573892697;cloudwatch_changes_to_network_gateways_alarm_configured;False;DORA;Digital Operational Resilience Act (Regulation (EU) 2022/2554)
aws;"The Digital Operational Resilience Act (DORA) is a European Union regulation (Regulation (EU) 2022/2554) that sets a uniform framework for the digital operational resilience of the EU financial sector. Mandatory since 17 January 2025, it applies to financial entities (banks, insurers, investment firms, payment institutions, etc.) and to ICT third-party service providers. DORA is structured around five pillars: ICT risk management, ICT-related incident reporting, digital operational resilience testing, ICT third-party risk management, and information sharing. This Prowler mapping covers the technical controls auditable from cloud configuration; the organisational, contractual and supervisory obligations defined in DORA must be addressed outside of Prowler.";858573892697;us-east-1;2026-09-13 22:26:32.575478;DORA-Art19;Financial entities shall report major ICT-related incidents to the relevant competent authority and may, on a voluntary basis, notify significant cyber threats. Detective metric filters, change-tracking alarms and reliable notification topics are needed to surface and route reportable events.;ICT-Related Incident Reporting;Article 19;Reporting of major ICT-related incidents and voluntary notification of significant cyber threats;FAIL;No CloudWatch log groups found with metric filters or alarms associated.;arn:aws:logs:us-east-1:858573892697:log-group;858573892697;cloudwatch_changes_to_network_route_tables_alarm_configured;False;DORA;Digital Operational Resilience Act (Regulation (EU) 2022/2554)
aws;"The Digital Operational Resilience Act (DORA) is a European Union regulation (Regulation (EU) 2022/2554) that sets a uniform framework for the digital operational resilience of the EU financial sector. Mandatory since 17 January 2025, it applies to financial entities (banks, insurers, investment firms, payment institutions, etc.) and to ICT third-party service providers. DORA is structured around five pillars: ICT risk management, ICT-related incident reporting, digital operational resilience testing, ICT third-party risk management, and information sharing. This Prowler mapping covers the technical controls auditable from cloud configuration; the organisational, contractual and supervisory obligations defined in DORA must be addressed outside of Prowler.";858573892697;us-east-1;2026-09-13 22:26:32.575478;DORA-Art19;Financial entities shall report major ICT-related incidents to the relevant competent authority and may, on a voluntary basis, notify significant cyber threats. Detective metric filters, change-tracking alarms and reliable notification topics are needed to surface and route reportable events.;ICT-Related Incident Reporting;Article 19;Reporting of major ICT-related incidents and voluntary notification of significant cyber threats;FAIL;No CloudWatch log groups found with metric filters or alarms associated.;arn:aws:logs:us-east-1:858573892697:log-group;858573892697;cloudwatch_changes_to_vpcs_alarm_configured;False;DORA;Digital Operational Resilience Act (Regulation (EU) 2022/2554)
aws;"The Digital Operational Resilience Act (DORA) is a European Union regulation (Regulation (EU) 2022/2554) that sets a uniform framework for the digital operational resilience of the EU financial sector. Mandatory since 17 January 2025, it applies to financial entities (banks, insurers, investment firms, payment institutions, etc.) and to ICT third-party service providers. DORA is structured around five pillars: ICT risk management, ICT-related incident reporting, digital operational resilience testing, ICT third-party risk management, and information sharing. This Prowler mapping covers the technical controls auditable from cloud configuration; the organisational, contractual and supervisory obligations defined in DORA must be addressed outside of Prowler.";858573892697;us-east-1;2026-09-13 22:26:32.575478;DORA-Art28;Financial entities shall manage ICT third-party risk as an integral component of ICT risk within their ICT risk management framework. Cross-account access, trust boundaries, organization-level controls and dependency visibility are critical to monitor third-party exposure on AWS.;ICT Third-Party Risk Management;Article 28;General principles (ICT third-party risk);PASS;CloudWatch doesn't allow cross-account sharing.;arn:aws:iam:us-east-1:858573892697:role;858573892697;cloudwatch_cross_account_sharing_disabled;False;DORA;Digital Operational Resilience Act (Regulation (EU) 2022/2554)
aws;"The Digital Operational Resilience Act (DORA) is a European Union regulation (Regulation (EU) 2022/2554) that sets a uniform framework for the digital operational resilience of the EU financial sector. Mandatory since 17 January 2025, it applies to financial entities (banks, insurers, investment firms, payment institutions, etc.) and to ICT third-party service providers. DORA is structured around five pillars: ICT risk management, ICT-related incident reporting, digital operational resilience testing, ICT third-party risk management, and information sharing. This Prowler mapping covers the technical controls auditable from cloud configuration; the organisational, contractual and supervisory obligations defined in DORA must be addressed outside of Prowler.";858573892697;us-east-1;2026-09-13 22:26:32.575478;DORA-Art19;Financial entities shall report major ICT-related incidents to the relevant competent authority and may, on a voluntary basis, notify significant cyber threats. Detective metric filters, change-tracking alarms and reliable notification topics are needed to surface and route reportable events.;ICT-Related Incident Reporting;Article 19;Reporting of major ICT-related incidents and voluntary notification of significant cyber threats;FAIL;No CloudWatch log groups found with metric filters or alarms associated.;arn:aws:logs:us-east-1:858573892697:log-group;858573892697;cloudwatch_log_metric_filter_and_alarm_for_aws_config_configuration_changes_enabled;False;DORA;Digital Operational Resilience Act (Regulation (EU) 2022/2554)
aws;"The Digital Operational Resilience Act (DORA) is a European Union regulation (Regulation (EU) 2022/2554) that sets a uniform framework for the digital operational resilience of the EU financial sector. Mandatory since 17 January 2025, it applies to financial entities (banks, insurers, investment firms, payment institutions, etc.) and to ICT third-party service providers. DORA is structured around five pillars: ICT risk management, ICT-related incident reporting, digital operational resilience testing, ICT third-party risk management, and information sharing. This Prowler mapping covers the technical controls auditable from cloud configuration; the organisational, contractual and supervisory obligations defined in DORA must be addressed outside of Prowler.";858573892697;us-east-1;2026-09-13 22:26:32.575478;DORA-Art19;Financial entities shall report major ICT-related incidents to the relevant competent authority and may, on a voluntary basis, notify significant cyber threats. Detective metric filters, change-tracking alarms and reliable notification topics are needed to surface and route reportable events.;ICT-Related Incident Reporting;Article 19;Reporting of major ICT-related incidents and voluntary notification of significant cyber threats;FAIL;No CloudWatch log groups found with metric filters or alarms associated.;arn:aws:logs:us-east-1:858573892697:log-group;858573892697;cloudwatch_log_metric_filter_and_alarm_for_cloudtrail_configuration_changes_enabled;False;DORA;Digital Operational Resilience Act (Regulation (EU) 2022/2554)
aws;"The Digital Operational Resilience Act (DORA) is a European Union regulation (Regulation (EU) 2022/2554) that sets a uniform framework for the digital operational resilience of the EU financial sector. Mandatory since 17 January 2025, it applies to financial entities (banks, insurers, investment firms, payment institutions, etc.) and to ICT third-party service providers. DORA is structured around five pillars: ICT risk management, ICT-related incident reporting, digital operational resilience testing, ICT third-party risk management, and information sharing. This Prowler mapping covers the technical controls auditable from cloud configuration; the organisational, contractual and supervisory obligations defined in DORA must be addressed outside of Prowler.";858573892697;us-east-1;2026-09-13 22:26:32.575478;DORA-Art19;Financial entities shall report major ICT-related incidents to the relevant competent authority and may, on a voluntary basis, notify significant cyber threats. Detective metric filters, change-tracking alarms and reliable notification topics are needed to surface and route reportable events.;ICT-Related Incident Reporting;Article 19;Reporting of major ICT-related incidents and voluntary notification of significant cyber threats;FAIL;No CloudWatch log groups found with metric filters or alarms associated.;arn:aws:logs:us-east-1:858573892697:log-group;858573892697;cloudwatch_log_metric_filter_authentication_failures;False;DORA;Digital Operational Resilience Act (Regulation (EU) 2022/2554)
aws;"The Digital Operational Resilience Act (DORA) is a European Union regulation (Regulation (EU) 2022/2554) that sets a uniform framework for the digital operational resilience of the EU financial sector. Mandatory since 17 January 2025, it applies to financial entities (banks, insurers, investment firms, payment institutions, etc.) and to ICT third-party service providers. DORA is structured around five pillars: ICT risk management, ICT-related incident reporting, digital operational resilience testing, ICT third-party risk management, and information sharing. This Prowler mapping covers the technical controls auditable from cloud configuration; the organisational, contractual and supervisory obligations defined in DORA must be addressed outside of Prowler.";858573892697;us-east-1;2026-09-13 22:26:32.575478;DORA-Art19;Financial entities shall report major ICT-related incidents to the relevant competent authority and may, on a voluntary basis, notify significant cyber threats. Detective metric filters, change-tracking alarms and reliable notification topics are needed to surface and route reportable events.;ICT-Related Incident Reporting;Article 19;Reporting of major ICT-related incidents and voluntary notification of significant cyber threats;FAIL;No CloudWatch log groups found with metric filters or alarms associated.;arn:aws:logs:us-east-1:858573892697:log-group;858573892697;cloudwatch_log_metric_filter_aws_organizations_changes;False;DORA;Digital Operational Resilience Act (Regulation (EU) 2022/2554)
aws;"The Digital Operational Resilience Act (DORA) is a European Union regulation (Regulation (EU) 2022/2554) that sets a uniform framework for the digital operational resilience of the EU financial sector. Mandatory since 17 January 2025, it applies to financial entities (banks, insurers, investment firms, payment institutions, etc.) and to ICT third-party service providers. DORA is structured around five pillars: ICT risk management, ICT-related incident reporting, digital operational resilience testing, ICT third-party risk management, and information sharing. This Prowler mapping covers the technical controls auditable from cloud configuration; the organisational, contractual and supervisory obligations defined in DORA must be addressed outside of Prowler.";858573892697;us-east-1;2026-09-13 22:26:32.575478;DORA-Art19;Financial entities shall report major ICT-related incidents to the relevant competent authority and may, on a voluntary basis, notify significant cyber threats. Detective metric filters, change-tracking alarms and reliable notification topics are needed to surface and route reportable events.;ICT-Related Incident Reporting;Article 19;Reporting of major ICT-related incidents and voluntary notification of significant cyber threats;FAIL;No CloudWatch log groups found with metric filters or alarms associated.;arn:aws:logs:us-east-1:858573892697:log-group;858573892697;cloudwatch_log_metric_filter_disable_or_scheduled_deletion_of_kms_cmk;False;DORA;Digital Operational Resilience Act (Regulation (EU) 2022/2554)
aws;"The Digital Operational Resilience Act (DORA) is a European Union regulation (Regulation (EU) 2022/2554) that sets a uniform framework for the digital operational resilience of the EU financial sector. Mandatory since 17 January 2025, it applies to financial entities (banks, insurers, investment firms, payment institutions, etc.) and to ICT third-party service providers. DORA is structured around five pillars: ICT risk management, ICT-related incident reporting, digital operational resilience testing, ICT third-party risk management, and information sharing. This Prowler mapping covers the technical controls auditable from cloud configuration; the organisational, contractual and supervisory obligations defined in DORA must be addressed outside of Prowler.";858573892697;us-east-1;2026-09-13 22:26:32.575478;DORA-Art19;Financial entities shall report major ICT-related incidents to the relevant competent authority and may, on a voluntary basis, notify significant cyber threats. Detective metric filters, change-tracking alarms and reliable notification topics are needed to surface and route reportable events.;ICT-Related Incident Reporting;Article 19;Reporting of major ICT-related incidents and voluntary notification of significant cyber threats;FAIL;No CloudWatch log groups found with metric filters or alarms associated.;arn:aws:logs:us-east-1:858573892697:log-group;858573892697;cloudwatch_log_metric_filter_for_s3_bucket_policy_changes;False;DORA;Digital Operational Resilience Act (Regulation (EU) 2022/2554)
aws;"The Digital Operational Resilience Act (DORA) is a European Union regulation (Regulation (EU) 2022/2554) that sets a uniform framework for the digital operational resilience of the EU financial sector. Mandatory since 17 January 2025, it applies to financial entities (banks, insurers, investment firms, payment institutions, etc.) and to ICT third-party service providers. DORA is structured around five pillars: ICT risk management, ICT-related incident reporting, digital operational resilience testing, ICT third-party risk management, and information sharing. This Prowler mapping covers the technical controls auditable from cloud configuration; the organisational, contractual and supervisory obligations defined in DORA must be addressed outside of Prowler.";858573892697;us-east-1;2026-09-13 22:26:32.575478;DORA-Art19;Financial entities shall report major ICT-related incidents to the relevant competent authority and may, on a voluntary basis, notify significant cyber threats. Detective metric filters, change-tracking alarms and reliable notification topics are needed to surface and route reportable events.;ICT-Related Incident Reporting;Article 19;Reporting of major ICT-related incidents and voluntary notification of significant cyber threats;FAIL;No CloudWatch log groups found with metric filters or alarms associated.;arn:aws:logs:us-east-1:858573892697:log-group;858573892697;cloudwatch_log_metric_filter_policy_changes;False;DORA;Digital Operational Resilience Act (Regulation (EU) 2022/2554)
aws;"The Digital Operational Resilience Act (DORA) is a European Union regulation (Regulation (EU) 2022/2554) that sets a uniform framework for the digital operational resilience of the EU financial sector. Mandatory since 17 January 2025, it applies to financial entities (banks, insurers, investment firms, payment institutions, etc.) and to ICT third-party service providers. DORA is structured around five pillars: ICT risk management, ICT-related incident reporting, digital operational resilience testing, ICT third-party risk management, and information sharing. This Prowler mapping covers the technical controls auditable from cloud configuration; the organisational, contractual and supervisory obligations defined in DORA must be addressed outside of Prowler.";858573892697;us-east-1;2026-09-13 22:26:32.575478;DORA-Art19;Financial entities shall report major ICT-related incidents to the relevant competent authority and may, on a voluntary basis, notify significant cyber threats. Detective metric filters, change-tracking alarms and reliable notification topics are needed to surface and route reportable events.;ICT-Related Incident Reporting;Article 19;Reporting of major ICT-related incidents and voluntary notification of significant cyber threats;FAIL;No CloudWatch log groups found with metric filters or alarms associated.;arn:aws:logs:us-east-1:858573892697:log-group;858573892697;cloudwatch_log_metric_filter_root_usage;False;DORA;Digital Operational Resilience Act (Regulation (EU) 2022/2554)
aws;"The Digital Operational Resilience Act (DORA) is a European Union regulation (Regulation (EU) 2022/2554) that sets a uniform framework for the digital operational resilience of the EU financial sector. Mandatory since 17 January 2025, it applies to financial entities (banks, insurers, investment firms, payment institutions, etc.) and to ICT third-party service providers. DORA is structured around five pillars: ICT risk management, ICT-related incident reporting, digital operational resilience testing, ICT third-party risk management, and information sharing. This Prowler mapping covers the technical controls auditable from cloud configuration; the organisational, contractual and supervisory obligations defined in DORA must be addressed outside of Prowler.";858573892697;us-east-1;2026-09-13 22:26:32.575478;DORA-Art19;Financial entities shall report major ICT-related incidents to the relevant competent authority and may, on a voluntary basis, notify significant cyber threats. Detective metric filters, change-tracking alarms and reliable notification topics are needed to surface and route reportable events.;ICT-Related Incident Reporting;Article 19;Reporting of major ICT-related incidents and voluntary notification of significant cyber threats;FAIL;No CloudWatch log groups found with metric filters or alarms associated.;arn:aws:logs:us-east-1:858573892697:log-group;858573892697;cloudwatch_log_metric_filter_security_group_changes;False;DORA;Digital Operational Resilience Act (Regulation (EU) 2022/2554)
aws;"The Digital Operational Resilience Act (DORA) is a European Union regulation (Regulation (EU) 2022/2554) that sets a uniform framework for the digital operational resilience of the EU financial sector. Mandatory since 17 January 2025, it applies to financial entities (banks, insurers, investment firms, payment institutions, etc.) and to ICT third-party service providers. DORA is structured around five pillars: ICT risk management, ICT-related incident reporting, digital operational resilience testing, ICT third-party risk management, and information sharing. This Prowler mapping covers the technical controls auditable from cloud configuration; the organisational, contractual and supervisory obligations defined in DORA must be addressed outside of Prowler.";858573892697;us-east-1;2026-09-13 22:26:32.575478;DORA-Art19;Financial entities shall report major ICT-related incidents to the relevant competent authority and may, on a voluntary basis, notify significant cyber threats. Detective metric filters, change-tracking alarms and reliable notification topics are needed to surface and route reportable events.;ICT-Related Incident Reporting;Article 19;Reporting of major ICT-related incidents and voluntary notification of significant cyber threats;FAIL;No CloudWatch log groups found with metric filters or alarms associated.;arn:aws:logs:us-east-1:858573892697:log-group;858573892697;cloudwatch_log_metric_filter_sign_in_without_mfa;False;DORA;Digital Operational Resilience Act (Regulation (EU) 2022/2554)
aws;"The Digital Operational Resilience Act (DORA) is a European Union regulation (Regulation (EU) 2022/2554) that sets a uniform framework for the digital operational resilience of the EU financial sector. Mandatory since 17 January 2025, it applies to financial entities (banks, insurers, investment firms, payment institutions, etc.) and to ICT third-party service providers. DORA is structured around five pillars: ICT risk management, ICT-related incident reporting, digital operational resilience testing, ICT third-party risk management, and information sharing. This Prowler mapping covers the technical controls auditable from cloud configuration; the organisational, contractual and supervisory obligations defined in DORA must be addressed outside of Prowler.";858573892697;us-east-1;2026-09-13 22:26:32.575478;DORA-Art19;Financial entities shall report major ICT-related incidents to the relevant competent authority and may, on a voluntary basis, notify significant cyber threats. Detective metric filters, change-tracking alarms and reliable notification topics are needed to surface and route reportable events.;ICT-Related Incident Reporting;Article 19;Reporting of major ICT-related incidents and voluntary notification of significant cyber threats;FAIL;No CloudWatch log groups found with metric filters or alarms associated.;arn:aws:logs:us-east-1:858573892697:log-group;858573892697;cloudwatch_log_metric_filter_unauthorized_api_calls;False;DORA;Digital Operational Resilience Act (Regulation (EU) 2022/2554)
aws;"The Digital Operational Resilience Act (DORA) is a European Union regulation (Regulation (EU) 2022/2554) that sets a uniform framework for the digital operational resilience of the EU financial sector. Mandatory since 17 January 2025, it applies to financial entities (banks, insurers, investment firms, payment institutions, etc.) and to ICT third-party service providers. DORA is structured around five pillars: ICT risk management, ICT-related incident reporting, digital operational resilience testing, ICT third-party risk management, and information sharing. This Prowler mapping covers the technical controls auditable from cloud configuration; the organisational, contractual and supervisory obligations defined in DORA must be addressed outside of Prowler.";858573892697;us-east-1;2026-09-13 22:26:32.575478;DORA-Art6;Financial entities shall have an ICT risk management framework that is sound, comprehensive and well-documented, enabling them to address ICT risk quickly, efficiently and comprehensively and to ensure a high level of digital operational resilience. This includes continuous configuration recording, security findings aggregation and an enterprise-wide visibility plane.;ICT Risk Management;Article 6;ICT risk management framework;FAIL;AWS Config recorder 858573892697 is disabled.;arn:aws:config:us-east-1:858573892697:recorder;858573892697;config_recorder_all_regions_enabled;False;DORA;Digital Operational Resilience Act (Regulation (EU) 2022/2554)
aws;"The Digital Operational Resilience Act (DORA) is a European Union regulation (Regulation (EU) 2022/2554) that sets a uniform framework for the digital operational resilience of the EU financial sector. Mandatory since 17 January 2025, it applies to financial entities (banks, insurers, investment firms, payment institutions, etc.) and to ICT third-party service providers. DORA is structured around five pillars: ICT risk management, ICT-related incident reporting, digital operational resilience testing, ICT third-party risk management, and information sharing. This Prowler mapping covers the technical controls auditable from cloud configuration; the organisational, contractual and supervisory obligations defined in DORA must be addressed outside of Prowler.";858573892697;us-east-1;2026-09-13 22:26:32.575478;DORA-Art25;Financial entities shall ensure that tests are undertaken on ICT tools and systems, on critical ICT systems supporting all critical or important functions, at least yearly. Vulnerability assessments, deprecated component detection and certificate hygiene must be tracked.;Digital Operational Resilience Testing;Article 25;Testing of ICT tools and systems;FAIL;AWS Config recorder 858573892697 is disabled.;arn:aws:config:us-east-1:858573892697:recorder;858573892697;config_recorder_all_regions_enabled;False;DORA;Digital Operational Resilience Act (Regulation (EU) 2022/2554)
aws;"The Digital Operational Resilience Act (DORA) is a European Union regulation (Regulation (EU) 2022/2554) that sets a uniform framework for the digital operational resilience of the EU financial sector. Mandatory since 17 January 2025, it applies to financial entities (banks, insurers, investment firms, payment institutions, etc.) and to ICT third-party service providers. DORA is structured around five pillars: ICT risk management, ICT-related incident reporting, digital operational resilience testing, ICT third-party risk management, and information sharing. This Prowler mapping covers the technical controls auditable from cloud configuration; the organisational, contractual and supervisory obligations defined in DORA must be addressed outside of Prowler.";858573892697;us-east-1;2026-09-13 22:26:32.575478;DORA-Art7;Financial entities shall use and maintain updated ICT systems, protocols and tools that are appropriate to the magnitude of operations supporting ICT functions, technologically resilient, and adequately equipped to securely process data. Cryptographic primitives, certificate hygiene and network segmentation are core to this requirement.;ICT Risk Management;Article 7;ICT systems, protocols and tools;FAIL;EBS Default Encryption is not activated.;arn:aws:ec2:us-east-1:858573892697:volume;858573892697;ec2_ebs_default_encryption;False;DORA;Digital Operational Resilience Act (Regulation (EU) 2022/2554)
aws;"The Digital Operational Resilience Act (DORA) is a European Union regulation (Regulation (EU) 2022/2554) that sets a uniform framework for the digital operational resilience of the EU financial sector. Mandatory since 17 January 2025, it applies to financial entities (banks, insurers, investment firms, payment institutions, etc.) and to ICT third-party service providers. DORA is structured around five pillars: ICT risk management, ICT-related incident reporting, digital operational resilience testing, ICT third-party risk management, and information sharing. This Prowler mapping covers the technical controls auditable from cloud configuration; the organisational, contractual and supervisory obligations defined in DORA must be addressed outside of Prowler.";858573892697;us-east-1;2026-09-13 22:26:32.575478;DORA-Art9;Financial entities shall continuously monitor and control the security and functioning of ICT systems and tools and minimise the impact of ICT risk by deploying appropriate ICT security tools, policies and procedures. Encryption at rest and in transit, blocking of public exposure, network access controls, secret management and instance hardening are central to this article.;ICT Risk Management;Article 9;Protection and prevention;FAIL;EBS Snapshot vol-0eb1883546aae7c2c is unencrypted.;arn:aws:ec2:us-east-1:858573892697:volume/vol-0eb1883546aae7c2c;vol-0eb1883546aae7c2c;ec2_ebs_volume_encryption;False;DORA;Digital Operational Resilience Act (Regulation (EU) 2022/2554)
aws;"The Digital Operational Resilience Act (DORA) is a European Union regulation (Regulation (EU) 2022/2554) that sets a uniform framework for the digital operational resilience of the EU financial sector. Mandatory since 17 January 2025, it applies to financial entities (banks, insurers, investment firms, payment institutions, etc.) and to ICT third-party service providers. DORA is structured around five pillars: ICT risk management, ICT-related incident reporting, digital operational resilience testing, ICT third-party risk management, and information sharing. This Prowler mapping covers the technical controls auditable from cloud configuration; the organisational, contractual and supervisory obligations defined in DORA must be addressed outside of Prowler.";858573892697;us-east-1;2026-09-13 22:26:32.575478;DORA-Art12;Financial entities shall develop and document backup policies and procedures specifying the scope of data subject to backup and the minimum frequency of the backup, as well as restoration and recovery procedures and methods. Backups must be encrypted, retained, and resources must be designed for recoverability across availability zones and regions.;ICT Risk Management;Article 12;Backup policies and procedures, restoration and recovery procedures and methods;FAIL;EBS Volume vol-0eb1883546aae7c2c is not protected by a backup plan.;arn:aws:ec2:us-east-1:858573892697:volume/vol-0eb1883546aae7c2c;vol-0eb1883546aae7c2c;ec2_ebs_volume_protected_by_backup_plan;False;DORA;Digital Operational Resilience Act (Regulation (EU) 2022/2554)
aws;"The Digital Operational Resilience Act (DORA) is a European Union regulation (Regulation (EU) 2022/2554) that sets a uniform framework for the digital operational resilience of the EU financial sector. Mandatory since 17 January 2025, it applies to financial entities (banks, insurers, investment firms, payment institutions, etc.) and to ICT third-party service providers. DORA is structured around five pillars: ICT risk management, ICT-related incident reporting, digital operational resilience testing, ICT third-party risk management, and information sharing. This Prowler mapping covers the technical controls auditable from cloud configuration; the organisational, contractual and supervisory obligations defined in DORA must be addressed outside of Prowler.";858573892697;us-east-1;2026-09-13 22:26:32.575478;DORA-Art12;Financial entities shall develop and document backup policies and procedures specifying the scope of data subject to backup and the minimum frequency of the backup, as well as restoration and recovery procedures and methods. Backups must be encrypted, retained, and resources must be designed for recoverability across availability zones and regions.;ICT Risk Management;Article 12;Backup policies and procedures, restoration and recovery procedures and methods;FAIL;Snapshots not found for the EBS volume vol-0eb1883546aae7c2c.;arn:aws:ec2:us-east-1:858573892697:volume/vol-0eb1883546aae7c2c;vol-0eb1883546aae7c2c;ec2_ebs_volume_snapshots_exists;False;DORA;Digital Operational Resilience Act (Regulation (EU) 2022/2554)
aws;"The Digital Operational Resilience Act (DORA) is a European Union regulation (Regulation (EU) 2022/2554) that sets a uniform framework for the digital operational resilience of the EU financial sector. Mandatory since 17 January 2025, it applies to financial entities (banks, insurers, investment firms, payment institutions, etc.) and to ICT third-party service providers. DORA is structured around five pillars: ICT risk management, ICT-related incident reporting, digital operational resilience testing, ICT third-party risk management, and information sharing. This Prowler mapping covers the technical controls auditable from cloud configuration; the organisational, contractual and supervisory obligations defined in DORA must be addressed outside of Prowler.";858573892697;us-east-1;2026-09-13 22:26:32.575478;DORA-Art8;Financial entities shall identify, classify and adequately document all ICT supported business functions, roles and responsibilities, the information assets and ICT assets supporting them, and their interdependencies. They shall on a continuous basis identify all sources of ICT risk, in particular the risk exposure to and from other financial entities.;ICT Risk Management;Article 8;Identification;PASS;Elastic IP 98.95.151.174 is associated with an instance or network interface.;arn:aws:ec2:us-east-1:858573892697:eip-allocation/eipalloc-0d129f5484bb5b337;98.95.151.174;ec2_elastic_ip_unassigned;False;DORA;Digital Operational Resilience Act (Regulation (EU) 2022/2554)
aws;"The Digital Operational Resilience Act (DORA) is a European Union regulation (Regulation (EU) 2022/2554) that sets a uniform framework for the digital operational resilience of the EU financial sector. Mandatory since 17 January 2025, it applies to financial entities (banks, insurers, investment firms, payment institutions, etc.) and to ICT third-party service providers. DORA is structured around five pillars: ICT risk management, ICT-related incident reporting, digital operational resilience testing, ICT third-party risk management, and information sharing. This Prowler mapping covers the technical controls auditable from cloud configuration; the organisational, contractual and supervisory obligations defined in DORA must be addressed outside of Prowler.";858573892697;us-east-1;2026-09-13 22:26:32.575478;DORA-Art9;Financial entities shall continuously monitor and control the security and functioning of ICT systems and tools and minimise the impact of ICT risk by deploying appropriate ICT security tools, policies and procedures. Encryption at rest and in transit, blocking of public exposure, network access controls, secret management and instance hardening are central to this article.;ICT Risk Management;Article 9;Protection and prevention;FAIL;IMDSv2 is not enabled by default for EC2 instances.;arn:aws:ec2:us-east-1:858573892697:account;858573892697;ec2_instance_account_imdsv2_enabled;False;DORA;Digital Operational Resilience Act (Regulation (EU) 2022/2554)
aws;"The Digital Operational Resilience Act (DORA) is a European Union regulation (Regulation (EU) 2022/2554) that sets a uniform framework for the digital operational resilience of the EU financial sector. Mandatory since 17 January 2025, it applies to financial entities (banks, insurers, investment firms, payment institutions, etc.) and to ICT third-party service providers. DORA is structured around five pillars: ICT risk management, ICT-related incident reporting, digital operational resilience testing, ICT third-party risk management, and information sharing. This Prowler mapping covers the technical controls auditable from cloud configuration; the organisational, contractual and supervisory obligations defined in DORA must be addressed outside of Prowler.";858573892697;us-east-1;2026-09-13 22:26:32.575478;DORA-Art9;Financial entities shall continuously monitor and control the security and functioning of ICT systems and tools and minimise the impact of ICT risk by deploying appropriate ICT security tools, policies and procedures. Encryption at rest and in transit, blocking of public exposure, network access controls, secret management and instance hardening are central to this article.;ICT Risk Management;Article 9;Protection and prevention;PASS;EC2 Instance i-09f50c4dba74b8608 has IMDSv2 enabled and required.;arn:aws:ec2:us-east-1:858573892697:instance/i-09f50c4dba74b8608;i-09f50c4dba74b8608;ec2_instance_imdsv2_enabled;False;DORA;Digital Operational Resilience Act (Regulation (EU) 2022/2554)
aws;"The Digital Operational Resilience Act (DORA) is a European Union regulation (Regulation (EU) 2022/2554) that sets a uniform framework for the digital operational resilience of the EU financial sector. Mandatory since 17 January 2025, it applies to financial entities (banks, insurers, investment firms, payment institutions, etc.) and to ICT third-party service providers. DORA is structured around five pillars: ICT risk management, ICT-related incident reporting, digital operational resilience testing, ICT third-party risk management, and information sharing. This Prowler mapping covers the technical controls auditable from cloud configuration; the organisational, contractual and supervisory obligations defined in DORA must be addressed outside of Prowler.";858573892697;us-east-1;2026-09-13 22:26:32.575478;DORA-Art24;Financial entities shall establish, maintain and review a sound and comprehensive digital operational resilience testing programme, as an integral part of the ICT risk management framework. Continuous vulnerability discovery, configuration assessment and instance manageability are foundational.;Digital Operational Resilience Testing;Article 24;General requirements for the performance of digital operational resilience testing;FAIL;EC2 Instance i-09f50c4dba74b8608 is not managed by Systems Manager.;arn:aws:ec2:us-east-1:858573892697:instance/i-09f50c4dba74b8608;i-09f50c4dba74b8608;ec2_instance_managed_by_ssm;False;DORA;Digital Operational Resilience Act (Regulation (EU) 2022/2554)
aws;"The Digital Operational Resilience Act (DORA) is a European Union regulation (Regulation (EU) 2022/2554) that sets a uniform framework for the digital operational resilience of the EU financial sector. Mandatory since 17 January 2025, it applies to financial entities (banks, insurers, investment firms, payment institutions, etc.) and to ICT third-party service providers. DORA is structured around five pillars: ICT risk management, ICT-related incident reporting, digital operational resilience testing, ICT third-party risk management, and information sharing. This Prowler mapping covers the technical controls auditable from cloud configuration; the organisational, contractual and supervisory obligations defined in DORA must be addressed outside of Prowler.";858573892697;us-east-1;2026-09-13 22:26:32.575478;DORA-Art25;Financial entities shall ensure that tests are undertaken on ICT tools and systems, on critical ICT systems supporting all critical or important functions, at least yearly. Vulnerability assessments, deprecated component detection and certificate hygiene must be tracked.;Digital Operational Resilience Testing;Article 25;Testing of ICT tools and systems;FAIL;EC2 Instance i-09f50c4dba74b8608 is not managed by Systems Manager.;arn:aws:ec2:us-east-1:858573892697:instance/i-09f50c4dba74b8608;i-09f50c4dba74b8608;ec2_instance_managed_by_ssm;False;DORA;Digital Operational Resilience Act (Regulation (EU) 2022/2554)
aws;"The Digital Operational Resilience Act (DORA) is a European Union regulation (Regulation (EU) 2022/2554) that sets a uniform framework for the digital operational resilience of the EU financial sector. Mandatory since 17 January 2025, it applies to financial entities (banks, insurers, investment firms, payment institutions, etc.) and to ICT third-party service providers. DORA is structured around five pillars: ICT risk management, ICT-related incident reporting, digital operational resilience testing, ICT third-party risk management, and information sharing. This Prowler mapping covers the technical controls auditable from cloud configuration; the organisational, contractual and supervisory obligations defined in DORA must be addressed outside of Prowler.";858573892697;us-east-1;2026-09-13 22:26:32.575478;DORA-Art25;Financial entities shall ensure that tests are undertaken on ICT tools and systems, on critical ICT systems supporting all critical or important functions, at least yearly. Vulnerability assessments, deprecated component detection and certificate hygiene must be tracked.;Digital Operational Resilience Testing;Article 25;Testing of ICT tools and systems;PASS;EC2 Instance i-09f50c4dba74b8608 virtualization type is set to HVM.;arn:aws:ec2:us-east-1:858573892697:instance/i-09f50c4dba74b8608;i-09f50c4dba74b8608;ec2_instance_paravirtual_type;False;DORA;Digital Operational Resilience Act (Regulation (EU) 2022/2554)
aws;"The Digital Operational Resilience Act (DORA) is a European Union regulation (Regulation (EU) 2022/2554) that sets a uniform framework for the digital operational resilience of the EU financial sector. Mandatory since 17 January 2025, it applies to financial entities (banks, insurers, investment firms, payment institutions, etc.) and to ICT third-party service providers. DORA is structured around five pillars: ICT risk management, ICT-related incident reporting, digital operational resilience testing, ICT third-party risk management, and information sharing. This Prowler mapping covers the technical controls auditable from cloud configuration; the organisational, contractual and supervisory obligations defined in DORA must be addressed outside of Prowler.";858573892697;us-east-1;2026-09-13 22:26:32.575478;DORA-Art24;Financial entities shall establish, maintain and review a sound and comprehensive digital operational resilience testing programme, as an integral part of the ICT risk management framework. Continuous vulnerability discovery, configuration assessment and instance manageability are foundational.;Digital Operational Resilience Testing;Article 24;General requirements for the performance of digital operational resilience testing;PASS;EC2 Instance i-09f50c4dba74b8608 is not using an outdated AMI.;arn:aws:ec2:us-east-1:858573892697:instance/i-09f50c4dba74b8608;i-09f50c4dba74b8608;ec2_instance_with_outdated_ami;False;DORA;Digital Operational Resilience Act (Regulation (EU) 2022/2554)
aws;"The Digital Operational Resilience Act (DORA) is a European Union regulation (Regulation (EU) 2022/2554) that sets a uniform framework for the digital operational resilience of the EU financial sector. Mandatory since 17 January 2025, it applies to financial entities (banks, insurers, investment firms, payment institutions, etc.) and to ICT third-party service providers. DORA is structured around five pillars: ICT risk management, ICT-related incident reporting, digital operational resilience testing, ICT third-party risk management, and information sharing. This Prowler mapping covers the technical controls auditable from cloud configuration; the organisational, contractual and supervisory obligations defined in DORA must be addressed outside of Prowler.";858573892697;us-east-1;2026-09-13 22:26:32.575478;DORA-Art25;Financial entities shall ensure that tests are undertaken on ICT tools and systems, on critical ICT systems supporting all critical or important functions, at least yearly. Vulnerability assessments, deprecated component detection and certificate hygiene must be tracked.;Digital Operational Resilience Testing;Article 25;Testing of ICT tools and systems;PASS;EC2 Instance i-09f50c4dba74b8608 is not using an outdated AMI.;arn:aws:ec2:us-east-1:858573892697:instance/i-09f50c4dba74b8608;i-09f50c4dba74b8608;ec2_instance_with_outdated_ami;False;DORA;Digital Operational Resilience Act (Regulation (EU) 2022/2554)
aws;"The Digital Operational Resilience Act (DORA) is a European Union regulation (Regulation (EU) 2022/2554) that sets a uniform framework for the digital operational resilience of the EU financial sector. Mandatory since 17 January 2025, it applies to financial entities (banks, insurers, investment firms, payment institutions, etc.) and to ICT third-party service providers. DORA is structured around five pillars: ICT risk management, ICT-related incident reporting, digital operational resilience testing, ICT third-party risk management, and information sharing. This Prowler mapping covers the technical controls auditable from cloud configuration; the organisational, contractual and supervisory obligations defined in DORA must be addressed outside of Prowler.";858573892697;us-east-1;2026-09-13 22:26:32.575478;DORA-Art8;Financial entities shall identify, classify and adequately document all ICT supported business functions, roles and responsibilities, the information assets and ICT assets supporting them, and their interdependencies. They shall on a continuous basis identify all sources of ICT risk, in particular the risk exposure to and from other financial entities.;ICT Risk Management;Article 8;Identification;PASS;Network ACL acl-0098e87093e7acb5d is associated with a subnet.;arn:aws:ec2:us-east-1:858573892697:network-acl/acl-0098e87093e7acb5d;acl-0098e87093e7acb5d;ec2_networkacl_unused;False;DORA;Digital Operational Resilience Act (Regulation (EU) 2022/2554)
aws;"The Digital Operational Resilience Act (DORA) is a European Union regulation (Regulation (EU) 2022/2554) that sets a uniform framework for the digital operational resilience of the EU financial sector. Mandatory since 17 January 2025, it applies to financial entities (banks, insurers, investment firms, payment institutions, etc.) and to ICT third-party service providers. DORA is structured around five pillars: ICT risk management, ICT-related incident reporting, digital operational resilience testing, ICT third-party risk management, and information sharing. This Prowler mapping covers the technical controls auditable from cloud configuration; the organisational, contractual and supervisory obligations defined in DORA must be addressed outside of Prowler.";858573892697;us-east-1;2026-09-13 22:26:32.575478;DORA-Art9;Financial entities shall continuously monitor and control the security and functioning of ICT systems and tools and minimise the impact of ICT risk by deploying appropriate ICT security tools, policies and procedures. Encryption at rest and in transit, blocking of public exposure, network access controls, secret management and instance hardening are central to this article.;ICT Risk Management;Article 9;Protection and prevention;FAIL;Security group vaultcloud-db-sg (sg-059591e29c62e2064) has all ports open to the Internet.;arn:aws:ec2:us-east-1:858573892697:security-group/sg-059591e29c62e2064;sg-059591e29c62e2064;ec2_securitygroup_allow_ingress_from_internet_to_all_ports;False;DORA;Digital Operational Resilience Act (Regulation (EU) 2022/2554)
aws;"The Digital Operational Resilience Act (DORA) is a European Union regulation (Regulation (EU) 2022/2554) that sets a uniform framework for the digital operational resilience of the EU financial sector. Mandatory since 17 January 2025, it applies to financial entities (banks, insurers, investment firms, payment institutions, etc.) and to ICT third-party service providers. DORA is structured around five pillars: ICT risk management, ICT-related incident reporting, digital operational resilience testing, ICT third-party risk management, and information sharing. This Prowler mapping covers the technical controls auditable from cloud configuration; the organisational, contractual and supervisory obligations defined in DORA must be addressed outside of Prowler.";858573892697;us-east-1;2026-09-13 22:26:32.575478;DORA-Art9;Financial entities shall continuously monitor and control the security and functioning of ICT systems and tools and minimise the impact of ICT risk by deploying appropriate ICT security tools, policies and procedures. Encryption at rest and in transit, blocking of public exposure, network access controls, secret management and instance hardening are central to this article.;ICT Risk Management;Article 9;Protection and prevention;FAIL;Security group vaultcloud-app-sg (sg-0ef0bb575caf64a16) has all ports open to the Internet.;arn:aws:ec2:us-east-1:858573892697:security-group/sg-0ef0bb575caf64a16;sg-0ef0bb575caf64a16;ec2_securitygroup_allow_ingress_from_internet_to_all_ports;False;DORA;Digital Operational Resilience Act (Regulation (EU) 2022/2554)
aws;"The Digital Operational Resilience Act (DORA) is a European Union regulation (Regulation (EU) 2022/2554) that sets a uniform framework for the digital operational resilience of the EU financial sector. Mandatory since 17 January 2025, it applies to financial entities (banks, insurers, investment firms, payment institutions, etc.) and to ICT third-party service providers. DORA is structured around five pillars: ICT risk management, ICT-related incident reporting, digital operational resilience testing, ICT third-party risk management, and information sharing. This Prowler mapping covers the technical controls auditable from cloud configuration; the organisational, contractual and supervisory obligations defined in DORA must be addressed outside of Prowler.";858573892697;us-east-1;2026-09-13 22:26:32.575478;DORA-Art9;Financial entities shall continuously monitor and control the security and functioning of ICT systems and tools and minimise the impact of ICT risk by deploying appropriate ICT security tools, policies and procedures. Encryption at rest and in transit, blocking of public exposure, network access controls, secret management and instance hardening are central to this article.;ICT Risk Management;Article 9;Protection and prevention;PASS;Security group vaultcloud-db-sg (sg-059591e29c62e2064) has all ports open to the Internet and therefore was not checked against high-risk ports.;arn:aws:ec2:us-east-1:858573892697:security-group/sg-059591e29c62e2064;sg-059591e29c62e2064;ec2_securitygroup_allow_ingress_from_internet_to_high_risk_tcp_ports;False;DORA;Digital Operational Resilience Act (Regulation (EU) 2022/2554)
aws;"The Digital Operational Resilience Act (DORA) is a European Union regulation (Regulation (EU) 2022/2554) that sets a uniform framework for the digital operational resilience of the EU financial sector. Mandatory since 17 January 2025, it applies to financial entities (banks, insurers, investment firms, payment institutions, etc.) and to ICT third-party service providers. DORA is structured around five pillars: ICT risk management, ICT-related incident reporting, digital operational resilience testing, ICT third-party risk management, and information sharing. This Prowler mapping covers the technical controls auditable from cloud configuration; the organisational, contractual and supervisory obligations defined in DORA must be addressed outside of Prowler.";858573892697;us-east-1;2026-09-13 22:26:32.575478;DORA-Art9;Financial entities shall continuously monitor and control the security and functioning of ICT systems and tools and minimise the impact of ICT risk by deploying appropriate ICT security tools, policies and procedures. Encryption at rest and in transit, blocking of public exposure, network access controls, secret management and instance hardening are central to this article.;ICT Risk Management;Article 9;Protection and prevention;PASS;Security group vaultcloud-app-sg (sg-0ef0bb575caf64a16) has all ports open to the Internet and therefore was not checked against high-risk ports.;arn:aws:ec2:us-east-1:858573892697:security-group/sg-0ef0bb575caf64a16;sg-0ef0bb575caf64a16;ec2_securitygroup_allow_ingress_from_internet_to_high_risk_tcp_ports;False;DORA;Digital Operational Resilience Act (Regulation (EU) 2022/2554)
aws;"The Digital Operational Resilience Act (DORA) is a European Union regulation (Regulation (EU) 2022/2554) that sets a uniform framework for the digital operational resilience of the EU financial sector. Mandatory since 17 January 2025, it applies to financial entities (banks, insurers, investment firms, payment institutions, etc.) and to ICT third-party service providers. DORA is structured around five pillars: ICT risk management, ICT-related incident reporting, digital operational resilience testing, ICT third-party risk management, and information sharing. This Prowler mapping covers the technical controls auditable from cloud configuration; the organisational, contractual and supervisory obligations defined in DORA must be addressed outside of Prowler.";858573892697;us-east-1;2026-09-13 22:26:32.575478;DORA-Art9;Financial entities shall continuously monitor and control the security and functioning of ICT systems and tools and minimise the impact of ICT risk by deploying appropriate ICT security tools, policies and procedures. Encryption at rest and in transit, blocking of public exposure, network access controls, secret management and instance hardening are central to this article.;ICT Risk Management;Article 9;Protection and prevention;PASS;Security group vaultcloud-db-sg (sg-059591e29c62e2064) has all ports open to the Internet and therefore was not checked against the specific SSH port 22.;arn:aws:ec2:us-east-1:858573892697:security-group/sg-059591e29c62e2064;sg-059591e29c62e2064;ec2_securitygroup_allow_ingress_from_internet_to_tcp_port_22;False;DORA;Digital Operational Resilience Act (Regulation (EU) 2022/2554)
aws;"The Digital Operational Resilience Act (DORA) is a European Union regulation (Regulation (EU) 2022/2554) that sets a uniform framework for the digital operational resilience of the EU financial sector. Mandatory since 17 January 2025, it applies to financial entities (banks, insurers, investment firms, payment institutions, etc.) and to ICT third-party service providers. DORA is structured around five pillars: ICT risk management, ICT-related incident reporting, digital operational resilience testing, ICT third-party risk management, and information sharing. This Prowler mapping covers the technical controls auditable from cloud configuration; the organisational, contractual and supervisory obligations defined in DORA must be addressed outside of Prowler.";858573892697;us-east-1;2026-09-13 22:26:32.575478;DORA-Art9;Financial entities shall continuously monitor and control the security and functioning of ICT systems and tools and minimise the impact of ICT risk by deploying appropriate ICT security tools, policies and procedures. Encryption at rest and in transit, blocking of public exposure, network access controls, secret management and instance hardening are central to this article.;ICT Risk Management;Article 9;Protection and prevention;PASS;Security group vaultcloud-app-sg (sg-0ef0bb575caf64a16) has all ports open to the Internet and therefore was not checked against the specific SSH port 22.;arn:aws:ec2:us-east-1:858573892697:security-group/sg-0ef0bb575caf64a16;sg-0ef0bb575caf64a16;ec2_securitygroup_allow_ingress_from_internet_to_tcp_port_22;False;DORA;Digital Operational Resilience Act (Regulation (EU) 2022/2554)
aws;"The Digital Operational Resilience Act (DORA) is a European Union regulation (Regulation (EU) 2022/2554) that sets a uniform framework for the digital operational resilience of the EU financial sector. Mandatory since 17 January 2025, it applies to financial entities (banks, insurers, investment firms, payment institutions, etc.) and to ICT third-party service providers. DORA is structured around five pillars: ICT risk management, ICT-related incident reporting, digital operational resilience testing, ICT third-party risk management, and information sharing. This Prowler mapping covers the technical controls auditable from cloud configuration; the organisational, contractual and supervisory obligations defined in DORA must be addressed outside of Prowler.";858573892697;us-east-1;2026-09-13 22:26:32.575478;DORA-Art9;Financial entities shall continuously monitor and control the security and functioning of ICT systems and tools and minimise the impact of ICT risk by deploying appropriate ICT security tools, policies and procedures. Encryption at rest and in transit, blocking of public exposure, network access controls, secret management and instance hardening are central to this article.;ICT Risk Management;Article 9;Protection and prevention;PASS;Security group vaultcloud-db-sg (sg-059591e29c62e2064) has all ports open to the Internet and therefore was not checked against the specific Microsoft RDP port 3389.;arn:aws:ec2:us-east-1:858573892697:security-group/sg-059591e29c62e2064;sg-059591e29c62e2064;ec2_securitygroup_allow_ingress_from_internet_to_tcp_port_3389;False;DORA;Digital Operational Resilience Act (Regulation (EU) 2022/2554)
aws;"The Digital Operational Resilience Act (DORA) is a European Union regulation (Regulation (EU) 2022/2554) that sets a uniform framework for the digital operational resilience of the EU financial sector. Mandatory since 17 January 2025, it applies to financial entities (banks, insurers, investment firms, payment institutions, etc.) and to ICT third-party service providers. DORA is structured around five pillars: ICT risk management, ICT-related incident reporting, digital operational resilience testing, ICT third-party risk management, and information sharing. This Prowler mapping covers the technical controls auditable from cloud configuration; the organisational, contractual and supervisory obligations defined in DORA must be addressed outside of Prowler.";858573892697;us-east-1;2026-09-13 22:26:32.575478;DORA-Art9;Financial entities shall continuously monitor and control the security and functioning of ICT systems and tools and minimise the impact of ICT risk by deploying appropriate ICT security tools, policies and procedures. Encryption at rest and in transit, blocking of public exposure, network access controls, secret management and instance hardening are central to this article.;ICT Risk Management;Article 9;Protection and prevention;PASS;Security group vaultcloud-app-sg (sg-0ef0bb575caf64a16) has all ports open to the Internet and therefore was not checked against the specific Microsoft RDP port 3389.;arn:aws:ec2:us-east-1:858573892697:security-group/sg-0ef0bb575caf64a16;sg-0ef0bb575caf64a16;ec2_securitygroup_allow_ingress_from_internet_to_tcp_port_3389;False;DORA;Digital Operational Resilience Act (Regulation (EU) 2022/2554)
aws;"The Digital Operational Resilience Act (DORA) is a European Union regulation (Regulation (EU) 2022/2554) that sets a uniform framework for the digital operational resilience of the EU financial sector. Mandatory since 17 January 2025, it applies to financial entities (banks, insurers, investment firms, payment institutions, etc.) and to ICT third-party service providers. DORA is structured around five pillars: ICT risk management, ICT-related incident reporting, digital operational resilience testing, ICT third-party risk management, and information sharing. This Prowler mapping covers the technical controls auditable from cloud configuration; the organisational, contractual and supervisory obligations defined in DORA must be addressed outside of Prowler.";858573892697;us-east-1;2026-09-13 22:26:32.575478;DORA-Art8;Financial entities shall identify, classify and adequately document all ICT supported business functions, roles and responsibilities, the information assets and ICT assets supporting them, and their interdependencies. They shall on a continuous basis identify all sources of ICT risk, in particular the risk exposure to and from other financial entities.;ICT Risk Management;Article 8;Identification;FAIL;Security group launch-wizard-1 (sg-0b5fb260acb4477a1) it is not being used.;arn:aws:ec2:us-east-1:858573892697:security-group/sg-0b5fb260acb4477a1;sg-0b5fb260acb4477a1;ec2_securitygroup_not_used;False;DORA;Digital Operational Resilience Act (Regulation (EU) 2022/2554)
aws;"The Digital Operational Resilience Act (DORA) is a European Union regulation (Regulation (EU) 2022/2554) that sets a uniform framework for the digital operational resilience of the EU financial sector. Mandatory since 17 January 2025, it applies to financial entities (banks, insurers, investment firms, payment institutions, etc.) and to ICT third-party service providers. DORA is structured around five pillars: ICT risk management, ICT-related incident reporting, digital operational resilience testing, ICT third-party risk management, and information sharing. This Prowler mapping covers the technical controls auditable from cloud configuration; the organisational, contractual and supervisory obligations defined in DORA must be addressed outside of Prowler.";858573892697;us-east-1;2026-09-13 22:26:32.575478;DORA-Art8;Financial entities shall identify, classify and adequately document all ICT supported business functions, roles and responsibilities, the information assets and ICT assets supporting them, and their interdependencies. They shall on a continuous basis identify all sources of ICT risk, in particular the risk exposure to and from other financial entities.;ICT Risk Management;Article 8;Identification;PASS;Security group vaultcloud-db-sg (sg-059591e29c62e2064) it is being used.;arn:aws:ec2:us-east-1:858573892697:security-group/sg-059591e29c62e2064;sg-059591e29c62e2064;ec2_securitygroup_not_used;False;DORA;Digital Operational Resilience Act (Regulation (EU) 2022/2554)
aws;"The Digital Operational Resilience Act (DORA) is a European Union regulation (Regulation (EU) 2022/2554) that sets a uniform framework for the digital operational resilience of the EU financial sector. Mandatory since 17 January 2025, it applies to financial entities (banks, insurers, investment firms, payment institutions, etc.) and to ICT third-party service providers. DORA is structured around five pillars: ICT risk management, ICT-related incident reporting, digital operational resilience testing, ICT third-party risk management, and information sharing. This Prowler mapping covers the technical controls auditable from cloud configuration; the organisational, contractual and supervisory obligations defined in DORA must be addressed outside of Prowler.";858573892697;us-east-1;2026-09-13 22:26:32.575478;DORA-Art8;Financial entities shall identify, classify and adequately document all ICT supported business functions, roles and responsibilities, the information assets and ICT assets supporting them, and their interdependencies. They shall on a continuous basis identify all sources of ICT risk, in particular the risk exposure to and from other financial entities.;ICT Risk Management;Article 8;Identification;PASS;Security group aws-deepracer-resources-d057346b-c924-4524-9618-96f2f420f24a-SecurityGroup-S9PB9X8G6TIZ (sg-0f21c8864dda41e39) it is being used.;arn:aws:ec2:us-east-1:858573892697:security-group/sg-0f21c8864dda41e39;sg-0f21c8864dda41e39;ec2_securitygroup_not_used;False;DORA;Digital Operational Resilience Act (Regulation (EU) 2022/2554)
aws;"The Digital Operational Resilience Act (DORA) is a European Union regulation (Regulation (EU) 2022/2554) that sets a uniform framework for the digital operational resilience of the EU financial sector. Mandatory since 17 January 2025, it applies to financial entities (banks, insurers, investment firms, payment institutions, etc.) and to ICT third-party service providers. DORA is structured around five pillars: ICT risk management, ICT-related incident reporting, digital operational resilience testing, ICT third-party risk management, and information sharing. This Prowler mapping covers the technical controls auditable from cloud configuration; the organisational, contractual and supervisory obligations defined in DORA must be addressed outside of Prowler.";858573892697;us-east-1;2026-09-13 22:26:32.575478;DORA-Art8;Financial entities shall identify, classify and adequately document all ICT supported business functions, roles and responsibilities, the information assets and ICT assets supporting them, and their interdependencies. They shall on a continuous basis identify all sources of ICT risk, in particular the risk exposure to and from other financial entities.;ICT Risk Management;Article 8;Identification;FAIL;Security group launch-wizard-2 (sg-0c19aaed6baef84b4) it is not being used.;arn:aws:ec2:us-east-1:858573892697:security-group/sg-0c19aaed6baef84b4;sg-0c19aaed6baef84b4;ec2_securitygroup_not_used;False;DORA;Digital Operational Resilience Act (Regulation (EU) 2022/2554)
aws;"The Digital Operational Resilience Act (DORA) is a European Union regulation (Regulation (EU) 2022/2554) that sets a uniform framework for the digital operational resilience of the EU financial sector. Mandatory since 17 January 2025, it applies to financial entities (banks, insurers, investment firms, payment institutions, etc.) and to ICT third-party service providers. DORA is structured around five pillars: ICT risk management, ICT-related incident reporting, digital operational resilience testing, ICT third-party risk management, and information sharing. This Prowler mapping covers the technical controls auditable from cloud configuration; the organisational, contractual and supervisory obligations defined in DORA must be addressed outside of Prowler.";858573892697;us-east-1;2026-09-13 22:26:32.575478;DORA-Art8;Financial entities shall identify, classify and adequately document all ICT supported business functions, roles and responsibilities, the information assets and ICT assets supporting them, and their interdependencies. They shall on a continuous basis identify all sources of ICT risk, in particular the risk exposure to and from other financial entities.;ICT Risk Management;Article 8;Identification;PASS;Security group vaultcloud-app-sg (sg-0ef0bb575caf64a16) it is being used.;arn:aws:ec2:us-east-1:858573892697:security-group/sg-0ef0bb575caf64a16;sg-0ef0bb575caf64a16;ec2_securitygroup_not_used;False;DORA;Digital Operational Resilience Act (Regulation (EU) 2022/2554)
aws;"The Digital Operational Resilience Act (DORA) is a European Union regulation (Regulation (EU) 2022/2554) that sets a uniform framework for the digital operational resilience of the EU financial sector. Mandatory since 17 January 2025, it applies to financial entities (banks, insurers, investment firms, payment institutions, etc.) and to ICT third-party service providers. DORA is structured around five pillars: ICT risk management, ICT-related incident reporting, digital operational resilience testing, ICT third-party risk management, and information sharing. This Prowler mapping covers the technical controls auditable from cloud configuration; the organisational, contractual and supervisory obligations defined in DORA must be addressed outside of Prowler.";858573892697;us-east-1;2026-09-13 22:26:32.575478;DORA-Art8;Financial entities shall identify, classify and adequately document all ICT supported business functions, roles and responsibilities, the information assets and ICT assets supporting them, and their interdependencies. They shall on a continuous basis identify all sources of ICT risk, in particular the risk exposure to and from other financial entities.;ICT Risk Management;Article 8;Identification;FAIL;Security group launch-wizard-3 (sg-0af5ffc84c67c1ece) it is not being used.;arn:aws:ec2:us-east-1:858573892697:security-group/sg-0af5ffc84c67c1ece;sg-0af5ffc84c67c1ece;ec2_securitygroup_not_used;False;DORA;Digital Operational Resilience Act (Regulation (EU) 2022/2554)
aws;"The Digital Operational Resilience Act (DORA) is a European Union regulation (Regulation (EU) 2022/2554) that sets a uniform framework for the digital operational resilience of the EU financial sector. Mandatory since 17 January 2025, it applies to financial entities (banks, insurers, investment firms, payment institutions, etc.) and to ICT third-party service providers. DORA is structured around five pillars: ICT risk management, ICT-related incident reporting, digital operational resilience testing, ICT third-party risk management, and information sharing. This Prowler mapping covers the technical controls auditable from cloud configuration; the organisational, contractual and supervisory obligations defined in DORA must be addressed outside of Prowler.";858573892697;us-east-1;2026-09-13 22:26:32.575478;DORA-Art8;Financial entities shall identify, classify and adequately document all ICT supported business functions, roles and responsibilities, the information assets and ICT assets supporting them, and their interdependencies. They shall on a continuous basis identify all sources of ICT risk, in particular the risk exposure to and from other financial entities.;ICT Risk Management;Article 8;Identification;FAIL;Security group launch-wizard-4 (sg-0d9ecda5cfd1d3d1a) it is not being used.;arn:aws:ec2:us-east-1:858573892697:security-group/sg-0d9ecda5cfd1d3d1a;sg-0d9ecda5cfd1d3d1a;ec2_securitygroup_not_used;False;DORA;Digital Operational Resilience Act (Regulation (EU) 2022/2554)
aws;"The Digital Operational Resilience Act (DORA) is a European Union regulation (Regulation (EU) 2022/2554) that sets a uniform framework for the digital operational resilience of the EU financial sector. Mandatory since 17 January 2025, it applies to financial entities (banks, insurers, investment firms, payment institutions, etc.) and to ICT third-party service providers. DORA is structured around five pillars: ICT risk management, ICT-related incident reporting, digital operational resilience testing, ICT third-party risk management, and information sharing. This Prowler mapping covers the technical controls auditable from cloud configuration; the organisational, contractual and supervisory obligations defined in DORA must be addressed outside of Prowler.";858573892697;us-east-1;2026-09-13 22:26:32.575478;DORA-Art14;As part of the ICT risk management framework, financial entities shall have in place crisis communication plans enabling a responsible disclosure of ICT-related incidents or major vulnerabilities to clients, counterparts and the public. Reliable, encrypted and access-controlled notification channels are required.;ICT Risk Management;Article 14;Communication;PASS;EventBridge event bus default does not allow cross-account access.;arn:aws:events:us-east-1:858573892697:event-bus/default;default;eventbridge_bus_cross_account_access;False;DORA;Digital Operational Resilience Act (Regulation (EU) 2022/2554)
aws;"The Digital Operational Resilience Act (DORA) is a European Union regulation (Regulation (EU) 2022/2554) that sets a uniform framework for the digital operational resilience of the EU financial sector. Mandatory since 17 January 2025, it applies to financial entities (banks, insurers, investment firms, payment institutions, etc.) and to ICT third-party service providers. DORA is structured around five pillars: ICT risk management, ICT-related incident reporting, digital operational resilience testing, ICT third-party risk management, and information sharing. This Prowler mapping covers the technical controls auditable from cloud configuration; the organisational, contractual and supervisory obligations defined in DORA must be addressed outside of Prowler.";858573892697;us-east-1;2026-09-13 22:26:32.575478;DORA-Art28;Financial entities shall manage ICT third-party risk as an integral component of ICT risk within their ICT risk management framework. Cross-account access, trust boundaries, organization-level controls and dependency visibility are critical to monitor third-party exposure on AWS.;ICT Third-Party Risk Management;Article 28;General principles (ICT third-party risk);PASS;EventBridge event bus default does not allow cross-account access.;arn:aws:events:us-east-1:858573892697:event-bus/default;default;eventbridge_bus_cross_account_access;False;DORA;Digital Operational Resilience Act (Regulation (EU) 2022/2554)
aws;"The Digital Operational Resilience Act (DORA) is a European Union regulation (Regulation (EU) 2022/2554) that sets a uniform framework for the digital operational resilience of the EU financial sector. Mandatory since 17 January 2025, it applies to financial entities (banks, insurers, investment firms, payment institutions, etc.) and to ICT third-party service providers. DORA is structured around five pillars: ICT risk management, ICT-related incident reporting, digital operational resilience testing, ICT third-party risk management, and information sharing. This Prowler mapping covers the technical controls auditable from cloud configuration; the organisational, contractual and supervisory obligations defined in DORA must be addressed outside of Prowler.";858573892697;us-east-1;2026-09-13 22:26:32.575478;DORA-Art14;As part of the ICT risk management framework, financial entities shall have in place crisis communication plans enabling a responsible disclosure of ICT-related incidents or major vulnerabilities to clients, counterparts and the public. Reliable, encrypted and access-controlled notification channels are required.;ICT Risk Management;Article 14;Communication;PASS;EventBridge event bus default is not exposed to everyone.;arn:aws:events:us-east-1:858573892697:event-bus/default;default;eventbridge_bus_exposed;False;DORA;Digital Operational Resilience Act (Regulation (EU) 2022/2554)
aws;"The Digital Operational Resilience Act (DORA) is a European Union regulation (Regulation (EU) 2022/2554) that sets a uniform framework for the digital operational resilience of the EU financial sector. Mandatory since 17 January 2025, it applies to financial entities (banks, insurers, investment firms, payment institutions, etc.) and to ICT third-party service providers. DORA is structured around five pillars: ICT risk management, ICT-related incident reporting, digital operational resilience testing, ICT third-party risk management, and information sharing. This Prowler mapping covers the technical controls auditable from cloud configuration; the organisational, contractual and supervisory obligations defined in DORA must be addressed outside of Prowler.";858573892697;us-east-1;2026-09-13 22:26:32.575478;DORA-Art6;Financial entities shall have an ICT risk management framework that is sound, comprehensive and well-documented, enabling them to address ICT risk quickly, efficiently and comprehensively and to ensure a high level of digital operational resilience. This includes continuous configuration recording, security findings aggregation and an enterprise-wide visibility plane.;ICT Risk Management;Article 6;ICT risk management framework;FAIL;"GuardDuty in region us-east-1 has issues: detector not enabled; the delegated administrator status could not be determined.";arn:aws:guardduty:us-east-1:858573892697:detector/unknown;detector/unknown;guardduty_delegated_admin_enabled_all_regions;False;DORA;Digital Operational Resilience Act (Regulation (EU) 2022/2554)
aws;"The Digital Operational Resilience Act (DORA) is a European Union regulation (Regulation (EU) 2022/2554) that sets a uniform framework for the digital operational resilience of the EU financial sector. Mandatory since 17 January 2025, it applies to financial entities (banks, insurers, investment firms, payment institutions, etc.) and to ICT third-party service providers. DORA is structured around five pillars: ICT risk management, ICT-related incident reporting, digital operational resilience testing, ICT third-party risk management, and information sharing. This Prowler mapping covers the technical controls auditable from cloud configuration; the organisational, contractual and supervisory obligations defined in DORA must be addressed outside of Prowler.";858573892697;us-east-1;2026-09-13 22:26:32.575478;DORA-Art18;Financial entities shall classify ICT-related incidents and shall determine their impact based on criteria such as the number of clients affected, duration, geographical spread, data losses, and criticality of the services affected. Severity-aware threat detection across the estate underpins this classification.;ICT-Related Incident Reporting;Article 18;Classification of ICT-related incidents and cyber threats;FAIL;"GuardDuty in region us-east-1 has issues: detector not enabled; the delegated administrator status could not be determined.";arn:aws:guardduty:us-east-1:858573892697:detector/unknown;detector/unknown;guardduty_delegated_admin_enabled_all_regions;False;DORA;Digital Operational Resilience Act (Regulation (EU) 2022/2554)
aws;"The Digital Operational Resilience Act (DORA) is a European Union regulation (Regulation (EU) 2022/2554) that sets a uniform framework for the digital operational resilience of the EU financial sector. Mandatory since 17 January 2025, it applies to financial entities (banks, insurers, investment firms, payment institutions, etc.) and to ICT third-party service providers. DORA is structured around five pillars: ICT risk management, ICT-related incident reporting, digital operational resilience testing, ICT third-party risk management, and information sharing. This Prowler mapping covers the technical controls auditable from cloud configuration; the organisational, contractual and supervisory obligations defined in DORA must be addressed outside of Prowler.";858573892697;us-east-1;2026-09-13 22:26:32.575478;DORA-Art10;Financial entities shall have in place mechanisms to promptly detect anomalous activities, including ICT network performance issues and ICT-related incidents, and to identify potential single points of failure. Threat detection across compute, identity, storage and the API control plane is required for timely detection.;ICT Risk Management;Article 10;Detection;FAIL;GuardDuty is not enabled.;arn:aws:guardduty:us-east-1:858573892697:detector/unknown;detector/unknown;guardduty_is_enabled;False;DORA;Digital Operational Resilience Act (Regulation (EU) 2022/2554)
aws;"The Digital Operational Resilience Act (DORA) is a European Union regulation (Regulation (EU) 2022/2554) that sets a uniform framework for the digital operational resilience of the EU financial sector. Mandatory since 17 January 2025, it applies to financial entities (banks, insurers, investment firms, payment institutions, etc.) and to ICT third-party service providers. DORA is structured around five pillars: ICT risk management, ICT-related incident reporting, digital operational resilience testing, ICT third-party risk management, and information sharing. This Prowler mapping covers the technical controls auditable from cloud configuration; the organisational, contractual and supervisory obligations defined in DORA must be addressed outside of Prowler.";858573892697;us-east-1;2026-09-13 22:26:32.575478;DORA-Art25;Financial entities shall ensure that tests are undertaken on ICT tools and systems, on critical ICT systems supporting all critical or important functions, at least yearly. Vulnerability assessments, deprecated component detection and certificate hygiene must be tracked.;Digital Operational Resilience Testing;Article 25;Testing of ICT tools and systems;FAIL;GuardDuty is not enabled.;arn:aws:guardduty:us-east-1:858573892697:detector/unknown;detector/unknown;guardduty_is_enabled;False;DORA;Digital Operational Resilience Act (Regulation (EU) 2022/2554)
aws;"The Digital Operational Resilience Act (DORA) is a European Union regulation (Regulation (EU) 2022/2554) that sets a uniform framework for the digital operational resilience of the EU financial sector. Mandatory since 17 January 2025, it applies to financial entities (banks, insurers, investment firms, payment institutions, etc.) and to ICT third-party service providers. DORA is structured around five pillars: ICT risk management, ICT-related incident reporting, digital operational resilience testing, ICT third-party risk management, and information sharing. This Prowler mapping covers the technical controls auditable from cloud configuration; the organisational, contractual and supervisory obligations defined in DORA must be addressed outside of Prowler.";858573892697;us-east-1;2026-09-13 22:26:32.575478;DORA-Art45;Financial entities may exchange amongst themselves cyber threat information and intelligence, including indicators of compromise, tactics, techniques and procedures, cyber security alerts and configuration tools. Centralised threat detection, sensitive data discovery and trail-based intelligence enable participation in such information-sharing arrangements.;Information Sharing;Article 45;Information-sharing arrangements on cyber threat information and intelligence;FAIL;GuardDuty is not enabled.;arn:aws:guardduty:us-east-1:858573892697:detector/unknown;detector/unknown;guardduty_is_enabled;False;DORA;Digital Operational Resilience Act (Regulation (EU) 2022/2554)
aws;"The Digital Operational Resilience Act (DORA) is a European Union regulation (Regulation (EU) 2022/2554) that sets a uniform framework for the digital operational resilience of the EU financial sector. Mandatory since 17 January 2025, it applies to financial entities (banks, insurers, investment firms, payment institutions, etc.) and to ICT third-party service providers. DORA is structured around five pillars: ICT risk management, ICT-related incident reporting, digital operational resilience testing, ICT third-party risk management, and information sharing. This Prowler mapping covers the technical controls auditable from cloud configuration; the organisational, contractual and supervisory obligations defined in DORA must be addressed outside of Prowler.";858573892697;us-east-1;2026-09-13 22:26:32.575478;DORA-Art30;Contractual arrangements with ICT third-party service providers shall be set out in writing and include, at minimum, agreed service levels and clear allocation of rights and obligations. Privilege boundaries, least-privilege policies and absence of administrative wildcards are the technical guardrails that enforce these contractual constraints inside AWS.;ICT Third-Party Risk Management;Article 30;Key contractual provisions;FAIL;Group Administrators provides administrator access to User QLabs with MFA disabled.;arn:aws:iam::858573892697:group/Administrators;Administrators;iam_administrator_access_with_mfa;False;DORA;Digital Operational Resilience Act (Regulation (EU) 2022/2554)
aws;"The Digital Operational Resilience Act (DORA) is a European Union regulation (Regulation (EU) 2022/2554) that sets a uniform framework for the digital operational resilience of the EU financial sector. Mandatory since 17 January 2025, it applies to financial entities (banks, insurers, investment firms, payment institutions, etc.) and to ICT third-party service providers. DORA is structured around five pillars: ICT risk management, ICT-related incident reporting, digital operational resilience testing, ICT third-party risk management, and information sharing. This Prowler mapping covers the technical controls auditable from cloud configuration; the organisational, contractual and supervisory obligations defined in DORA must be addressed outside of Prowler.";858573892697;us-east-1;2026-09-13 22:26:32.575478;DORA-Art30;Contractual arrangements with ICT third-party service providers shall be set out in writing and include, at minimum, agreed service levels and clear allocation of rights and obligations. Privilege boundaries, least-privilege policies and absence of administrative wildcards are the technical guardrails that enforce these contractual constraints inside AWS.;ICT Third-Party Risk Management;Article 30;Key contractual provisions;PASS;Group s3_BucketAccess provides non-administrative access.;arn:aws:iam::858573892697:group/s3_BucketAccess;s3_BucketAccess;iam_administrator_access_with_mfa;False;DORA;Digital Operational Resilience Act (Regulation (EU) 2022/2554)
aws;"The Digital Operational Resilience Act (DORA) is a European Union regulation (Regulation (EU) 2022/2554) that sets a uniform framework for the digital operational resilience of the EU financial sector. Mandatory since 17 January 2025, it applies to financial entities (banks, insurers, investment firms, payment institutions, etc.) and to ICT third-party service providers. DORA is structured around five pillars: ICT risk management, ICT-related incident reporting, digital operational resilience testing, ICT third-party risk management, and information sharing. This Prowler mapping covers the technical controls auditable from cloud configuration; the organisational, contractual and supervisory obligations defined in DORA must be addressed outside of Prowler.";858573892697;us-east-1;2026-09-13 22:26:32.575478;DORA-Art5;Financial entities shall have a sound, comprehensive and well-documented ICT internal governance and control framework. Senior management is accountable for ICT risk and shall enforce strong identity, authentication and least-privilege policies for privileged identities, including the root account.;ICT Risk Management;Article 5;Governance and organisation;FAIL;Root user in the account was last accessed 1 days ago.;arn:aws:iam::858573892697:root;<root_account>;iam_avoid_root_usage;False;DORA;Digital Operational Resilience Act (Regulation (EU) 2022/2554)
aws;"The Digital Operational Resilience Act (DORA) is a European Union regulation (Regulation (EU) 2022/2554) that sets a uniform framework for the digital operational resilience of the EU financial sector. Mandatory since 17 January 2025, it applies to financial entities (banks, insurers, investment firms, payment institutions, etc.) and to ICT third-party service providers. DORA is structured around five pillars: ICT risk management, ICT-related incident reporting, digital operational resilience testing, ICT third-party risk management, and information sharing. This Prowler mapping covers the technical controls auditable from cloud configuration; the organisational, contractual and supervisory obligations defined in DORA must be addressed outside of Prowler.";858573892697;us-east-1;2026-09-13 22:26:32.575478;DORA-Art30;Contractual arrangements with ICT third-party service providers shall be set out in writing and include, at minimum, agreed service levels and clear allocation of rights and obligations. Privilege boundaries, least-privilege policies and absence of administrative wildcards are the technical guardrails that enforce these contractual constraints inside AWS.;ICT Third-Party Risk Management;Article 30;Key contractual provisions;PASS;AWS policy AWSDeepRacerCloudFormationAccessPolicy is attached but does not allow '*:*' administrative privileges.;arn:aws:iam::aws:policy/AWSDeepRacerCloudFormationAccessPolicy;AWSDeepRacerCloudFormationAccessPolicy;iam_aws_attached_policy_no_administrative_privileges;False;DORA;Digital Operational Resilience Act (Regulation (EU) 2022/2554)
aws;"The Digital Operational Resilience Act (DORA) is a European Union regulation (Regulation (EU) 2022/2554) that sets a uniform framework for the digital operational resilience of the EU financial sector. Mandatory since 17 January 2025, it applies to financial entities (banks, insurers, investment firms, payment institutions, etc.) and to ICT third-party service providers. DORA is structured around five pillars: ICT risk management, ICT-related incident reporting, digital operational resilience testing, ICT third-party risk management, and information sharing. This Prowler mapping covers the technical controls auditable from cloud configuration; the organisational, contractual and supervisory obligations defined in DORA must be addressed outside of Prowler.";858573892697;us-east-1;2026-09-13 22:26:32.575478;DORA-Art30;Contractual arrangements with ICT third-party service providers shall be set out in writing and include, at minimum, agreed service levels and clear allocation of rights and obligations. Privilege boundaries, least-privilege policies and absence of administrative wildcards are the technical guardrails that enforce these contractual constraints inside AWS.;ICT Third-Party Risk Management;Article 30;Key contractual provisions;PASS;AWS policy SystemAdministrator is attached but does not allow '*:*' administrative privileges.;arn:aws:iam::aws:policy/job-function/SystemAdministrator;SystemAdministrator;iam_aws_attached_policy_no_administrative_privileges;False;DORA;Digital Operational Resilience Act (Regulation (EU) 2022/2554)
aws;"The Digital Operational Resilience Act (DORA) is a European Union regulation (Regulation (EU) 2022/2554) that sets a uniform framework for the digital operational resilience of the EU financial sector. Mandatory since 17 January 2025, it applies to financial entities (banks, insurers, investment firms, payment institutions, etc.) and to ICT third-party service providers. DORA is structured around five pillars: ICT risk management, ICT-related incident reporting, digital operational resilience testing, ICT third-party risk management, and information sharing. This Prowler mapping covers the technical controls auditable from cloud configuration; the organisational, contractual and supervisory obligations defined in DORA must be addressed outside of Prowler.";858573892697;us-east-1;2026-09-13 22:26:32.575478;DORA-Art30;Contractual arrangements with ICT third-party service providers shall be set out in writing and include, at minimum, agreed service levels and clear allocation of rights and obligations. Privilege boundaries, least-privilege policies and absence of administrative wildcards are the technical guardrails that enforce these contractual constraints inside AWS.;ICT Third-Party Risk Management;Article 30;Key contractual provisions;PASS;AWS policy AmazonAPIGatewayAdministrator is attached but does not allow '*:*' administrative privileges.;arn:aws:iam::aws:policy/AmazonAPIGatewayAdministrator;AmazonAPIGatewayAdministrator;iam_aws_attached_policy_no_administrative_privileges;False;DORA;Digital Operational Resilience Act (Regulation (EU) 2022/2554)
aws;"The Digital Operational Resilience Act (DORA) is a European Union regulation (Regulation (EU) 2022/2554) that sets a uniform framework for the digital operational resilience of the EU financial sector. Mandatory since 17 January 2025, it applies to financial entities (banks, insurers, investment firms, payment institutions, etc.) and to ICT third-party service providers. DORA is structured around five pillars: ICT risk management, ICT-related incident reporting, digital operational resilience testing, ICT third-party risk management, and information sharing. This Prowler mapping covers the technical controls auditable from cloud configuration; the organisational, contractual and supervisory obligations defined in DORA must be addressed outside of Prowler.";858573892697;us-east-1;2026-09-13 22:26:32.575478;DORA-Art30;Contractual arrangements with ICT third-party service providers shall be set out in writing and include, at minimum, agreed service levels and clear allocation of rights and obligations. Privilege boundaries, least-privilege policies and absence of administrative wildcards are the technical guardrails that enforce these contractual constraints inside AWS.;ICT Third-Party Risk Management;Article 30;Key contractual provisions;PASS;AWS policy AmazonEC2ContainerRegistryFullAccess is attached but does not allow '*:*' administrative privileges.;arn:aws:iam::aws:policy/AmazonEC2ContainerRegistryFullAccess;AmazonEC2ContainerRegistryFullAccess;iam_aws_attached_policy_no_administrative_privileges;False;DORA;Digital Operational Resilience Act (Regulation (EU) 2022/2554)
aws;"The Digital Operational Resilience Act (DORA) is a European Union regulation (Regulation (EU) 2022/2554) that sets a uniform framework for the digital operational resilience of the EU financial sector. Mandatory since 17 January 2025, it applies to financial entities (banks, insurers, investment firms, payment institutions, etc.) and to ICT third-party service providers. DORA is structured around five pillars: ICT risk management, ICT-related incident reporting, digital operational resilience testing, ICT third-party risk management, and information sharing. This Prowler mapping covers the technical controls auditable from cloud configuration; the organisational, contractual and supervisory obligations defined in DORA must be addressed outside of Prowler.";858573892697;us-east-1;2026-09-13 22:26:32.575478;DORA-Art30;Contractual arrangements with ICT third-party service providers shall be set out in writing and include, at minimum, agreed service levels and clear allocation of rights and obligations. Privilege boundaries, least-privilege policies and absence of administrative wildcards are the technical guardrails that enforce these contractual constraints inside AWS.;ICT Third-Party Risk Management;Article 30;Key contractual provisions;PASS;AWS policy AWSCloud9ServiceRolePolicy is attached but does not allow '*:*' administrative privileges.;arn:aws:iam::aws:policy/aws-service-role/AWSCloud9ServiceRolePolicy;AWSCloud9ServiceRolePolicy;iam_aws_attached_policy_no_administrative_privileges;False;DORA;Digital Operational Resilience Act (Regulation (EU) 2022/2554)
aws;"The Digital Operational Resilience Act (DORA) is a European Union regulation (Regulation (EU) 2022/2554) that sets a uniform framework for the digital operational resilience of the EU financial sector. Mandatory since 17 January 2025, it applies to financial entities (banks, insurers, investment firms, payment institutions, etc.) and to ICT third-party service providers. DORA is structured around five pillars: ICT risk management, ICT-related incident reporting, digital operational resilience testing, ICT third-party risk management, and information sharing. This Prowler mapping covers the technical controls auditable from cloud configuration; the organisational, contractual and supervisory obligations defined in DORA must be addressed outside of Prowler.";858573892697;us-east-1;2026-09-13 22:26:32.575478;DORA-Art30;Contractual arrangements with ICT third-party service providers shall be set out in writing and include, at minimum, agreed service levels and clear allocation of rights and obligations. Privilege boundaries, least-privilege policies and absence of administrative wildcards are the technical guardrails that enforce these contractual constraints inside AWS.;ICT Third-Party Risk Management;Article 30;Key contractual provisions;PASS;AWS policy AmazonEC2ContainerServiceFullAccess is attached but does not allow '*:*' administrative privileges.;arn:aws:iam::aws:policy/AmazonEC2ContainerServiceFullAccess;AmazonEC2ContainerServiceFullAccess;iam_aws_attached_policy_no_administrative_privileges;False;DORA;Digital Operational Resilience Act (Regulation (EU) 2022/2554)
aws;"The Digital Operational Resilience Act (DORA) is a European Union regulation (Regulation (EU) 2022/2554) that sets a uniform framework for the digital operational resilience of the EU financial sector. Mandatory since 17 January 2025, it applies to financial entities (banks, insurers, investment firms, payment institutions, etc.) and to ICT third-party service providers. DORA is structured around five pillars: ICT risk management, ICT-related incident reporting, digital operational resilience testing, ICT third-party risk management, and information sharing. This Prowler mapping covers the technical controls auditable from cloud configuration; the organisational, contractual and supervisory obligations defined in DORA must be addressed outside of Prowler.";858573892697;us-east-1;2026-09-13 22:26:32.575478;DORA-Art30;Contractual arrangements with ICT third-party service providers shall be set out in writing and include, at minimum, agreed service levels and clear allocation of rights and obligations. Privilege boundaries, least-privilege policies and absence of administrative wildcards are the technical guardrails that enforce these contractual constraints inside AWS.;ICT Third-Party Risk Management;Article 30;Key contractual provisions;PASS;AWS policy AmazonRDSServiceRolePolicy is attached but does not allow '*:*' administrative privileges.;arn:aws:iam::aws:policy/aws-service-role/AmazonRDSServiceRolePolicy;AmazonRDSServiceRolePolicy;iam_aws_attached_policy_no_administrative_privileges;False;DORA;Digital Operational Resilience Act (Regulation (EU) 2022/2554)
aws;"The Digital Operational Resilience Act (DORA) is a European Union regulation (Regulation (EU) 2022/2554) that sets a uniform framework for the digital operational resilience of the EU financial sector. Mandatory since 17 January 2025, it applies to financial entities (banks, insurers, investment firms, payment institutions, etc.) and to ICT third-party service providers. DORA is structured around five pillars: ICT risk management, ICT-related incident reporting, digital operational resilience testing, ICT third-party risk management, and information sharing. This Prowler mapping covers the technical controls auditable from cloud configuration; the organisational, contractual and supervisory obligations defined in DORA must be addressed outside of Prowler.";858573892697;us-east-1;2026-09-13 22:26:32.575478;DORA-Art30;Contractual arrangements with ICT third-party service providers shall be set out in writing and include, at minimum, agreed service levels and clear allocation of rights and obligations. Privilege boundaries, least-privilege policies and absence of administrative wildcards are the technical guardrails that enforce these contractual constraints inside AWS.;ICT Third-Party Risk Management;Article 30;Key contractual provisions;PASS;AWS policy AWSTrustedAdvisorServiceRolePolicy is attached but does not allow '*:*' administrative privileges.;arn:aws:iam::aws:policy/aws-service-role/AWSTrustedAdvisorServiceRolePolicy;AWSTrustedAdvisorServiceRolePolicy;iam_aws_attached_policy_no_administrative_privileges;False;DORA;Digital Operational Resilience Act (Regulation (EU) 2022/2554)
aws;"The Digital Operational Resilience Act (DORA) is a European Union regulation (Regulation (EU) 2022/2554) that sets a uniform framework for the digital operational resilience of the EU financial sector. Mandatory since 17 January 2025, it applies to financial entities (banks, insurers, investment firms, payment institutions, etc.) and to ICT third-party service providers. DORA is structured around five pillars: ICT risk management, ICT-related incident reporting, digital operational resilience testing, ICT third-party risk management, and information sharing. This Prowler mapping covers the technical controls auditable from cloud configuration; the organisational, contractual and supervisory obligations defined in DORA must be addressed outside of Prowler.";858573892697;us-east-1;2026-09-13 22:26:32.575478;DORA-Art30;Contractual arrangements with ICT third-party service providers shall be set out in writing and include, at minimum, agreed service levels and clear allocation of rights and obligations. Privilege boundaries, least-privilege policies and absence of administrative wildcards are the technical guardrails that enforce these contractual constraints inside AWS.;ICT Third-Party Risk Management;Article 30;Key contractual provisions;FAIL;AWS policy AdministratorAccess is attached and allows '*:*' administrative privileges.;arn:aws:iam::aws:policy/AdministratorAccess;AdministratorAccess;iam_aws_attached_policy_no_administrative_privileges;False;DORA;Digital Operational Resilience Act (Regulation (EU) 2022/2554)
aws;"The Digital Operational Resilience Act (DORA) is a European Union regulation (Regulation (EU) 2022/2554) that sets a uniform framework for the digital operational resilience of the EU financial sector. Mandatory since 17 January 2025, it applies to financial entities (banks, insurers, investment firms, payment institutions, etc.) and to ICT third-party service providers. DORA is structured around five pillars: ICT risk management, ICT-related incident reporting, digital operational resilience testing, ICT third-party risk management, and information sharing. This Prowler mapping covers the technical controls auditable from cloud configuration; the organisational, contractual and supervisory obligations defined in DORA must be addressed outside of Prowler.";858573892697;us-east-1;2026-09-13 22:26:32.575478;DORA-Art30;Contractual arrangements with ICT third-party service providers shall be set out in writing and include, at minimum, agreed service levels and clear allocation of rights and obligations. Privilege boundaries, least-privilege policies and absence of administrative wildcards are the technical guardrails that enforce these contractual constraints inside AWS.;ICT Third-Party Risk Management;Article 30;Key contractual provisions;PASS;AWS policy AWSSupportServiceRolePolicy is attached but does not allow '*:*' administrative privileges.;arn:aws:iam::aws:policy/aws-service-role/AWSSupportServiceRolePolicy;AWSSupportServiceRolePolicy;iam_aws_attached_policy_no_administrative_privileges;False;DORA;Digital Operational Resilience Act (Regulation (EU) 2022/2554)
aws;"The Digital Operational Resilience Act (DORA) is a European Union regulation (Regulation (EU) 2022/2554) that sets a uniform framework for the digital operational resilience of the EU financial sector. Mandatory since 17 January 2025, it applies to financial entities (banks, insurers, investment firms, payment institutions, etc.) and to ICT third-party service providers. DORA is structured around five pillars: ICT risk management, ICT-related incident reporting, digital operational resilience testing, ICT third-party risk management, and information sharing. This Prowler mapping covers the technical controls auditable from cloud configuration; the organisational, contractual and supervisory obligations defined in DORA must be addressed outside of Prowler.";858573892697;us-east-1;2026-09-13 22:26:32.575478;DORA-Art30;Contractual arrangements with ICT third-party service providers shall be set out in writing and include, at minimum, agreed service levels and clear allocation of rights and obligations. Privilege boundaries, least-privilege policies and absence of administrative wildcards are the technical guardrails that enforce these contractual constraints inside AWS.;ICT Third-Party Risk Management;Article 30;Key contractual provisions;PASS;AWS policy AWSDeepRacerServiceRolePolicy is attached but does not allow '*:*' administrative privileges.;arn:aws:iam::aws:policy/service-role/AWSDeepRacerServiceRolePolicy;AWSDeepRacerServiceRolePolicy;iam_aws_attached_policy_no_administrative_privileges;False;DORA;Digital Operational Resilience Act (Regulation (EU) 2022/2554)
aws;"The Digital Operational Resilience Act (DORA) is a European Union regulation (Regulation (EU) 2022/2554) that sets a uniform framework for the digital operational resilience of the EU financial sector. Mandatory since 17 January 2025, it applies to financial entities (banks, insurers, investment firms, payment institutions, etc.) and to ICT third-party service providers. DORA is structured around five pillars: ICT risk management, ICT-related incident reporting, digital operational resilience testing, ICT third-party risk management, and information sharing. This Prowler mapping covers the technical controls auditable from cloud configuration; the organisational, contractual and supervisory obligations defined in DORA must be addressed outside of Prowler.";858573892697;us-east-1;2026-09-13 22:26:32.575478;DORA-Art30;Contractual arrangements with ICT third-party service providers shall be set out in writing and include, at minimum, agreed service levels and clear allocation of rights and obligations. Privilege boundaries, least-privilege policies and absence of administrative wildcards are the technical guardrails that enforce these contractual constraints inside AWS.;ICT Third-Party Risk Management;Article 30;Key contractual provisions;PASS;AWS policy DatabaseAdministrator is attached but does not allow '*:*' administrative privileges.;arn:aws:iam::aws:policy/job-function/DatabaseAdministrator;DatabaseAdministrator;iam_aws_attached_policy_no_administrative_privileges;False;DORA;Digital Operational Resilience Act (Regulation (EU) 2022/2554)
aws;"The Digital Operational Resilience Act (DORA) is a European Union regulation (Regulation (EU) 2022/2554) that sets a uniform framework for the digital operational resilience of the EU financial sector. Mandatory since 17 January 2025, it applies to financial entities (banks, insurers, investment firms, payment institutions, etc.) and to ICT third-party service providers. DORA is structured around five pillars: ICT risk management, ICT-related incident reporting, digital operational resilience testing, ICT third-party risk management, and information sharing. This Prowler mapping covers the technical controls auditable from cloud configuration; the organisational, contractual and supervisory obligations defined in DORA must be addressed outside of Prowler.";858573892697;us-east-1;2026-09-13 22:26:32.575478;DORA-Art30;Contractual arrangements with ICT third-party service providers shall be set out in writing and include, at minimum, agreed service levels and clear allocation of rights and obligations. Privilege boundaries, least-privilege policies and absence of administrative wildcards are the technical guardrails that enforce these contractual constraints inside AWS.;ICT Third-Party Risk Management;Article 30;Key contractual provisions;PASS;AWS policy AWSLambdaBasicExecutionRole is attached but does not allow '*:*' administrative privileges.;arn:aws:iam::aws:policy/service-role/AWSLambdaBasicExecutionRole;AWSLambdaBasicExecutionRole;iam_aws_attached_policy_no_administrative_privileges;False;DORA;Digital Operational Resilience Act (Regulation (EU) 2022/2554)
aws;"The Digital Operational Resilience Act (DORA) is a European Union regulation (Regulation (EU) 2022/2554) that sets a uniform framework for the digital operational resilience of the EU financial sector. Mandatory since 17 January 2025, it applies to financial entities (banks, insurers, investment firms, payment institutions, etc.) and to ICT third-party service providers. DORA is structured around five pillars: ICT risk management, ICT-related incident reporting, digital operational resilience testing, ICT third-party risk management, and information sharing. This Prowler mapping covers the technical controls auditable from cloud configuration; the organisational, contractual and supervisory obligations defined in DORA must be addressed outside of Prowler.";858573892697;us-east-1;2026-09-13 22:26:32.575478;DORA-Art30;Contractual arrangements with ICT third-party service providers shall be set out in writing and include, at minimum, agreed service levels and clear allocation of rights and obligations. Privilege boundaries, least-privilege policies and absence of administrative wildcards are the technical guardrails that enforce these contractual constraints inside AWS.;ICT Third-Party Risk Management;Article 30;Key contractual provisions;PASS;AWS policy IAMUserChangePassword is attached but does not allow '*:*' administrative privileges.;arn:aws:iam::aws:policy/IAMUserChangePassword;IAMUserChangePassword;iam_aws_attached_policy_no_administrative_privileges;False;DORA;Digital Operational Resilience Act (Regulation (EU) 2022/2554)
aws;"The Digital Operational Resilience Act (DORA) is a European Union regulation (Regulation (EU) 2022/2554) that sets a uniform framework for the digital operational resilience of the EU financial sector. Mandatory since 17 January 2025, it applies to financial entities (banks, insurers, investment firms, payment institutions, etc.) and to ICT third-party service providers. DORA is structured around five pillars: ICT risk management, ICT-related incident reporting, digital operational resilience testing, ICT third-party risk management, and information sharing. This Prowler mapping covers the technical controls auditable from cloud configuration; the organisational, contractual and supervisory obligations defined in DORA must be addressed outside of Prowler.";858573892697;us-east-1;2026-09-13 22:26:32.575478;DORA-Art30;Contractual arrangements with ICT third-party service providers shall be set out in writing and include, at minimum, agreed service levels and clear allocation of rights and obligations. Privilege boundaries, least-privilege policies and absence of administrative wildcards are the technical guardrails that enforce these contractual constraints inside AWS.;ICT Third-Party Risk Management;Article 30;Key contractual provisions;PASS;AWS policy NetworkAdministrator is attached but does not allow '*:*' administrative privileges.;arn:aws:iam::aws:policy/job-function/NetworkAdministrator;NetworkAdministrator;iam_aws_attached_policy_no_administrative_privileges;False;DORA;Digital Operational Resilience Act (Regulation (EU) 2022/2554)
aws;"The Digital Operational Resilience Act (DORA) is a European Union regulation (Regulation (EU) 2022/2554) that sets a uniform framework for the digital operational resilience of the EU financial sector. Mandatory since 17 January 2025, it applies to financial entities (banks, insurers, investment firms, payment institutions, etc.) and to ICT third-party service providers. DORA is structured around five pillars: ICT risk management, ICT-related incident reporting, digital operational resilience testing, ICT third-party risk management, and information sharing. This Prowler mapping covers the technical controls auditable from cloud configuration; the organisational, contractual and supervisory obligations defined in DORA must be addressed outside of Prowler.";858573892697;us-east-1;2026-09-13 22:26:32.575478;DORA-Art30;Contractual arrangements with ICT third-party service providers shall be set out in writing and include, at minimum, agreed service levels and clear allocation of rights and obligations. Privilege boundaries, least-privilege policies and absence of administrative wildcards are the technical guardrails that enforce these contractual constraints inside AWS.;ICT Third-Party Risk Management;Article 30;Key contractual provisions;PASS;AWS policy AWSDeepRacerRoboMakerAccessPolicy is attached but does not allow '*:*' administrative privileges.;arn:aws:iam::aws:policy/AWSDeepRacerRoboMakerAccessPolicy;AWSDeepRacerRoboMakerAccessPolicy;iam_aws_attached_policy_no_administrative_privileges;False;DORA;Digital Operational Resilience Act (Regulation (EU) 2022/2554)
aws;"The Digital Operational Resilience Act (DORA) is a European Union regulation (Regulation (EU) 2022/2554) that sets a uniform framework for the digital operational resilience of the EU financial sector. Mandatory since 17 January 2025, it applies to financial entities (banks, insurers, investment firms, payment institutions, etc.) and to ICT third-party service providers. DORA is structured around five pillars: ICT risk management, ICT-related incident reporting, digital operational resilience testing, ICT third-party risk management, and information sharing. This Prowler mapping covers the technical controls auditable from cloud configuration; the organisational, contractual and supervisory obligations defined in DORA must be addressed outside of Prowler.";858573892697;us-east-1;2026-09-13 22:26:32.575478;DORA-Art30;Contractual arrangements with ICT third-party service providers shall be set out in writing and include, at minimum, agreed service levels and clear allocation of rights and obligations. Privilege boundaries, least-privilege policies and absence of administrative wildcards are the technical guardrails that enforce these contractual constraints inside AWS.;ICT Third-Party Risk Management;Article 30;Key contractual provisions;PASS;AWS policy AmazonSageMakerFullAccess is attached but does not allow '*:*' administrative privileges.;arn:aws:iam::aws:policy/AmazonSageMakerFullAccess;AmazonSageMakerFullAccess;iam_aws_attached_policy_no_administrative_privileges;False;DORA;Digital Operational Resilience Act (Regulation (EU) 2022/2554)
aws;"The Digital Operational Resilience Act (DORA) is a European Union regulation (Regulation (EU) 2022/2554) that sets a uniform framework for the digital operational resilience of the EU financial sector. Mandatory since 17 January 2025, it applies to financial entities (banks, insurers, investment firms, payment institutions, etc.) and to ICT third-party service providers. DORA is structured around five pillars: ICT risk management, ICT-related incident reporting, digital operational resilience testing, ICT third-party risk management, and information sharing. This Prowler mapping covers the technical controls auditable from cloud configuration; the organisational, contractual and supervisory obligations defined in DORA must be addressed outside of Prowler.";858573892697;us-east-1;2026-09-13 22:26:32.575478;DORA-Art30;Contractual arrangements with ICT third-party service providers shall be set out in writing and include, at minimum, agreed service levels and clear allocation of rights and obligations. Privilege boundaries, least-privilege policies and absence of administrative wildcards are the technical guardrails that enforce these contractual constraints inside AWS.;ICT Third-Party Risk Management;Article 30;Key contractual provisions;PASS;AWS policy AmazonS3FullAccess is attached but does not allow '*:*' administrative privileges.;arn:aws:iam::aws:policy/AmazonS3FullAccess;AmazonS3FullAccess;iam_aws_attached_policy_no_administrative_privileges;False;DORA;Digital Operational Resilience Act (Regulation (EU) 2022/2554)
aws;"The Digital Operational Resilience Act (DORA) is a European Union regulation (Regulation (EU) 2022/2554) that sets a uniform framework for the digital operational resilience of the EU financial sector. Mandatory since 17 January 2025, it applies to financial entities (banks, insurers, investment firms, payment institutions, etc.) and to ICT third-party service providers. DORA is structured around five pillars: ICT risk management, ICT-related incident reporting, digital operational resilience testing, ICT third-party risk management, and information sharing. This Prowler mapping covers the technical controls auditable from cloud configuration; the organisational, contractual and supervisory obligations defined in DORA must be addressed outside of Prowler.";858573892697;us-east-1;2026-09-13 22:26:32.575478;DORA-Art30;Contractual arrangements with ICT third-party service providers shall be set out in writing and include, at minimum, agreed service levels and clear allocation of rights and obligations. Privilege boundaries, least-privilege policies and absence of administrative wildcards are the technical guardrails that enforce these contractual constraints inside AWS.;ICT Third-Party Risk Management;Article 30;Key contractual provisions;PASS;AWS policy AdministratorAccess-AWSElasticBeanstalk is attached but does not allow '*:*' administrative privileges.;arn:aws:iam::aws:policy/AdministratorAccess-AWSElasticBeanstalk;AdministratorAccess-AWSElasticBeanstalk;iam_aws_attached_policy_no_administrative_privileges;False;DORA;Digital Operational Resilience Act (Regulation (EU) 2022/2554)
aws;"The Digital Operational Resilience Act (DORA) is a European Union regulation (Regulation (EU) 2022/2554) that sets a uniform framework for the digital operational resilience of the EU financial sector. Mandatory since 17 January 2025, it applies to financial entities (banks, insurers, investment firms, payment institutions, etc.) and to ICT third-party service providers. DORA is structured around five pillars: ICT risk management, ICT-related incident reporting, digital operational resilience testing, ICT third-party risk management, and information sharing. This Prowler mapping covers the technical controls auditable from cloud configuration; the organisational, contractual and supervisory obligations defined in DORA must be addressed outside of Prowler.";858573892697;us-east-1;2026-09-13 22:26:32.575478;DORA-Art30;Contractual arrangements with ICT third-party service providers shall be set out in writing and include, at minimum, agreed service levels and clear allocation of rights and obligations. Privilege boundaries, least-privilege policies and absence of administrative wildcards are the technical guardrails that enforce these contractual constraints inside AWS.;ICT Third-Party Risk Management;Article 30;Key contractual provisions;PASS;AWS policy AWSResourceExplorerServiceRolePolicy is attached but does not allow '*:*' administrative privileges.;arn:aws:iam::aws:policy/aws-service-role/AWSResourceExplorerServiceRolePolicy;AWSResourceExplorerServiceRolePolicy;iam_aws_attached_policy_no_administrative_privileges;False;DORA;Digital Operational Resilience Act (Regulation (EU) 2022/2554)
aws;"The Digital Operational Resilience Act (DORA) is a European Union regulation (Regulation (EU) 2022/2554) that sets a uniform framework for the digital operational resilience of the EU financial sector. Mandatory since 17 January 2025, it applies to financial entities (banks, insurers, investment firms, payment institutions, etc.) and to ICT third-party service providers. DORA is structured around five pillars: ICT risk management, ICT-related incident reporting, digital operational resilience testing, ICT third-party risk management, and information sharing. This Prowler mapping covers the technical controls auditable from cloud configuration; the organisational, contractual and supervisory obligations defined in DORA must be addressed outside of Prowler.";858573892697;us-east-1;2026-09-13 22:26:32.575478;DORA-Art30;Contractual arrangements with ICT third-party service providers shall be set out in writing and include, at minimum, agreed service levels and clear allocation of rights and obligations. Privilege boundaries, least-privilege policies and absence of administrative wildcards are the technical guardrails that enforce these contractual constraints inside AWS.;ICT Third-Party Risk Management;Article 30;Key contractual provisions;PASS;AWS policy AWSCloudShellFullAccess is attached but does not allow '*:*' administrative privileges.;arn:aws:iam::aws:policy/AWSCloudShellFullAccess;AWSCloudShellFullAccess;iam_aws_attached_policy_no_administrative_privileges;False;DORA;Digital Operational Resilience Act (Regulation (EU) 2022/2554)
aws;"The Digital Operational Resilience Act (DORA) is a European Union regulation (Regulation (EU) 2022/2554) that sets a uniform framework for the digital operational resilience of the EU financial sector. Mandatory since 17 January 2025, it applies to financial entities (banks, insurers, investment firms, payment institutions, etc.) and to ICT third-party service providers. DORA is structured around five pillars: ICT risk management, ICT-related incident reporting, digital operational resilience testing, ICT third-party risk management, and information sharing. This Prowler mapping covers the technical controls auditable from cloud configuration; the organisational, contractual and supervisory obligations defined in DORA must be addressed outside of Prowler.";858573892697;us-east-1;2026-09-13 22:26:32.575478;DORA-Art30;Contractual arrangements with ICT third-party service providers shall be set out in writing and include, at minimum, agreed service levels and clear allocation of rights and obligations. Privilege boundaries, least-privilege policies and absence of administrative wildcards are the technical guardrails that enforce these contractual constraints inside AWS.;ICT Third-Party Risk Management;Article 30;Key contractual provisions;PASS;AWS policy AdministratorAccess-Amplify is attached but does not allow '*:*' administrative privileges.;arn:aws:iam::aws:policy/AdministratorAccess-Amplify;AdministratorAccess-Amplify;iam_aws_attached_policy_no_administrative_privileges;False;DORA;Digital Operational Resilience Act (Regulation (EU) 2022/2554)
aws;"The Digital Operational Resilience Act (DORA) is a European Union regulation (Regulation (EU) 2022/2554) that sets a uniform framework for the digital operational resilience of the EU financial sector. Mandatory since 17 January 2025, it applies to financial entities (banks, insurers, investment firms, payment institutions, etc.) and to ICT third-party service providers. DORA is structured around five pillars: ICT risk management, ICT-related incident reporting, digital operational resilience testing, ICT third-party risk management, and information sharing. This Prowler mapping covers the technical controls auditable from cloud configuration; the organisational, contractual and supervisory obligations defined in DORA must be addressed outside of Prowler.";858573892697;us-east-1;2026-09-13 22:26:32.575478;DORA-Art30;Contractual arrangements with ICT third-party service providers shall be set out in writing and include, at minimum, agreed service levels and clear allocation of rights and obligations. Privilege boundaries, least-privilege policies and absence of administrative wildcards are the technical guardrails that enforce these contractual constraints inside AWS.;ICT Third-Party Risk Management;Article 30;Key contractual provisions;PASS;AWS policy CostOptimizationHubServiceRolePolicy is attached but does not allow '*:*' administrative privileges.;arn:aws:iam::aws:policy/aws-service-role/CostOptimizationHubServiceRolePolicy;CostOptimizationHubServiceRolePolicy;iam_aws_attached_policy_no_administrative_privileges;False;DORA;Digital Operational Resilience Act (Regulation (EU) 2022/2554)
aws;"The Digital Operational Resilience Act (DORA) is a European Union regulation (Regulation (EU) 2022/2554) that sets a uniform framework for the digital operational resilience of the EU financial sector. Mandatory since 17 January 2025, it applies to financial entities (banks, insurers, investment firms, payment institutions, etc.) and to ICT third-party service providers. DORA is structured around five pillars: ICT risk management, ICT-related incident reporting, digital operational resilience testing, ICT third-party risk management, and information sharing. This Prowler mapping covers the technical controls auditable from cloud configuration; the organisational, contractual and supervisory obligations defined in DORA must be addressed outside of Prowler.";858573892697;us-east-1;2026-09-13 22:26:32.575478;DORA-Art30;Contractual arrangements with ICT third-party service providers shall be set out in writing and include, at minimum, agreed service levels and clear allocation of rights and obligations. Privilege boundaries, least-privilege policies and absence of administrative wildcards are the technical guardrails that enforce these contractual constraints inside AWS.;ICT Third-Party Risk Management;Article 30;Key contractual provisions;PASS;AWS policy AWSAuditManagerAdministratorAccess is attached but does not allow '*:*' administrative privileges.;arn:aws:iam::aws:policy/AWSAuditManagerAdministratorAccess;AWSAuditManagerAdministratorAccess;iam_aws_attached_policy_no_administrative_privileges;False;DORA;Digital Operational Resilience Act (Regulation (EU) 2022/2554)
aws;"The Digital Operational Resilience Act (DORA) is a European Union regulation (Regulation (EU) 2022/2554) that sets a uniform framework for the digital operational resilience of the EU financial sector. Mandatory since 17 January 2025, it applies to financial entities (banks, insurers, investment firms, payment institutions, etc.) and to ICT third-party service providers. DORA is structured around five pillars: ICT risk management, ICT-related incident reporting, digital operational resilience testing, ICT third-party risk management, and information sharing. This Prowler mapping covers the technical controls auditable from cloud configuration; the organisational, contractual and supervisory obligations defined in DORA must be addressed outside of Prowler.";858573892697;us-east-1;2026-09-13 22:26:32.575478;DORA-Art30;Contractual arrangements with ICT third-party service providers shall be set out in writing and include, at minimum, agreed service levels and clear allocation of rights and obligations. Privilege boundaries, least-privilege policies and absence of administrative wildcards are the technical guardrails that enforce these contractual constraints inside AWS.;ICT Third-Party Risk Management;Article 30;Key contractual provisions;FAIL;IAM Group Administrators has AdministratorAccess policy attached.;arn:aws:iam::858573892697:group/Administrators;Administrators;iam_group_administrator_access_policy;False;DORA;Digital Operational Resilience Act (Regulation (EU) 2022/2554)
aws;"The Digital Operational Resilience Act (DORA) is a European Union regulation (Regulation (EU) 2022/2554) that sets a uniform framework for the digital operational resilience of the EU financial sector. Mandatory since 17 January 2025, it applies to financial entities (banks, insurers, investment firms, payment institutions, etc.) and to ICT third-party service providers. DORA is structured around five pillars: ICT risk management, ICT-related incident reporting, digital operational resilience testing, ICT third-party risk management, and information sharing. This Prowler mapping covers the technical controls auditable from cloud configuration; the organisational, contractual and supervisory obligations defined in DORA must be addressed outside of Prowler.";858573892697;us-east-1;2026-09-13 22:26:32.575478;DORA-Art30;Contractual arrangements with ICT third-party service providers shall be set out in writing and include, at minimum, agreed service levels and clear allocation of rights and obligations. Privilege boundaries, least-privilege policies and absence of administrative wildcards are the technical guardrails that enforce these contractual constraints inside AWS.;ICT Third-Party Risk Management;Article 30;Key contractual provisions;PASS;IAM Group s3_BucketAccess does not have AdministratorAccess policy.;arn:aws:iam::858573892697:group/s3_BucketAccess;s3_BucketAccess;iam_group_administrator_access_policy;False;DORA;Digital Operational Resilience Act (Regulation (EU) 2022/2554)
aws;"The Digital Operational Resilience Act (DORA) is a European Union regulation (Regulation (EU) 2022/2554) that sets a uniform framework for the digital operational resilience of the EU financial sector. Mandatory since 17 January 2025, it applies to financial entities (banks, insurers, investment firms, payment institutions, etc.) and to ICT third-party service providers. DORA is structured around five pillars: ICT risk management, ICT-related incident reporting, digital operational resilience testing, ICT third-party risk management, and information sharing. This Prowler mapping covers the technical controls auditable from cloud configuration; the organisational, contractual and supervisory obligations defined in DORA must be addressed outside of Prowler.";858573892697;us-east-1;2026-09-13 22:26:32.575478;DORA-Art30;Contractual arrangements with ICT third-party service providers shall be set out in writing and include, at minimum, agreed service levels and clear allocation of rights and obligations. Privilege boundaries, least-privilege policies and absence of administrative wildcards are the technical guardrails that enforce these contractual constraints inside AWS.;ICT Third-Party Risk Management;Article 30;Key contractual provisions;PASS;Inline policy AWSRevokeOlderSessions attached to user EddieQ does not allow privilege escalation.;arn:aws:iam::858573892697:user/EddieQ;EddieQ/AWSRevokeOlderSessions;iam_inline_policy_allows_privilege_escalation;False;DORA;Digital Operational Resilience Act (Regulation (EU) 2022/2554)
aws;"The Digital Operational Resilience Act (DORA) is a European Union regulation (Regulation (EU) 2022/2554) that sets a uniform framework for the digital operational resilience of the EU financial sector. Mandatory since 17 January 2025, it applies to financial entities (banks, insurers, investment firms, payment institutions, etc.) and to ICT third-party service providers. DORA is structured around five pillars: ICT risk management, ICT-related incident reporting, digital operational resilience testing, ICT third-party risk management, and information sharing. This Prowler mapping covers the technical controls auditable from cloud configuration; the organisational, contractual and supervisory obligations defined in DORA must be addressed outside of Prowler.";858573892697;us-east-1;2026-09-13 22:26:32.575478;DORA-Art30;Contractual arrangements with ICT third-party service providers shall be set out in writing and include, at minimum, agreed service levels and clear allocation of rights and obligations. Privilege boundaries, least-privilege policies and absence of administrative wildcards are the technical guardrails that enforce these contractual constraints inside AWS.;ICT Third-Party Risk Management;Article 30;Key contractual provisions;PASS;Inline policy AWSRevokeOlderSessions attached to user EddieQ does not allow '*:*' administrative privileges.;arn:aws:iam::858573892697:user/EddieQ;EddieQ/AWSRevokeOlderSessions;iam_inline_policy_no_administrative_privileges;False;DORA;Digital Operational Resilience Act (Regulation (EU) 2022/2554)
aws;"The Digital Operational Resilience Act (DORA) is a European Union regulation (Regulation (EU) 2022/2554) that sets a uniform framework for the digital operational resilience of the EU financial sector. Mandatory since 17 January 2025, it applies to financial entities (banks, insurers, investment firms, payment institutions, etc.) and to ICT third-party service providers. DORA is structured around five pillars: ICT risk management, ICT-related incident reporting, digital operational resilience testing, ICT third-party risk management, and information sharing. This Prowler mapping covers the technical controls auditable from cloud configuration; the organisational, contractual and supervisory obligations defined in DORA must be addressed outside of Prowler.";858573892697;us-east-1;2026-09-13 22:26:32.575478;DORA-Art30;Contractual arrangements with ICT third-party service providers shall be set out in writing and include, at minimum, agreed service levels and clear allocation of rights and obligations. Privilege boundaries, least-privilege policies and absence of administrative wildcards are the technical guardrails that enforce these contractual constraints inside AWS.;ICT Third-Party Risk Management;Article 30;Key contractual provisions;PASS;Inline policy AWSRevokeOlderSessions attached to user EddieQ does not allow 'cloudtrail:*' privileges.;arn:aws:iam::858573892697:user/EddieQ;EddieQ/AWSRevokeOlderSessions;iam_inline_policy_no_full_access_to_cloudtrail;False;DORA;Digital Operational Resilience Act (Regulation (EU) 2022/2554)
aws;"The Digital Operational Resilience Act (DORA) is a European Union regulation (Regulation (EU) 2022/2554) that sets a uniform framework for the digital operational resilience of the EU financial sector. Mandatory since 17 January 2025, it applies to financial entities (banks, insurers, investment firms, payment institutions, etc.) and to ICT third-party service providers. DORA is structured around five pillars: ICT risk management, ICT-related incident reporting, digital operational resilience testing, ICT third-party risk management, and information sharing. This Prowler mapping covers the technical controls auditable from cloud configuration; the organisational, contractual and supervisory obligations defined in DORA must be addressed outside of Prowler.";858573892697;us-east-1;2026-09-13 22:26:32.575478;DORA-Art30;Contractual arrangements with ICT third-party service providers shall be set out in writing and include, at minimum, agreed service levels and clear allocation of rights and obligations. Privilege boundaries, least-privilege policies and absence of administrative wildcards are the technical guardrails that enforce these contractual constraints inside AWS.;ICT Third-Party Risk Management;Article 30;Key contractual provisions;PASS;Inline policy AWSRevokeOlderSessions attached to user EddieQ does not allow 'kms:*' privileges.;arn:aws:iam::858573892697:user/EddieQ;EddieQ/AWSRevokeOlderSessions;iam_inline_policy_no_full_access_to_kms;False;DORA;Digital Operational Resilience Act (Regulation (EU) 2022/2554)
aws;"The Digital Operational Resilience Act (DORA) is a European Union regulation (Regulation (EU) 2022/2554) that sets a uniform framework for the digital operational resilience of the EU financial sector. Mandatory since 17 January 2025, it applies to financial entities (banks, insurers, investment firms, payment institutions, etc.) and to ICT third-party service providers. DORA is structured around five pillars: ICT risk management, ICT-related incident reporting, digital operational resilience testing, ICT third-party risk management, and information sharing. This Prowler mapping covers the technical controls auditable from cloud configuration; the organisational, contractual and supervisory obligations defined in DORA must be addressed outside of Prowler.";858573892697;us-east-1;2026-09-13 22:26:32.575478;DORA-Art5;Financial entities shall have a sound, comprehensive and well-documented ICT internal governance and control framework. Senior management is accountable for ICT risk and shall enforce strong identity, authentication and least-privilege policies for privileged identities, including the root account.;ICT Risk Management;Article 5;Governance and organisation;PASS;Root account does not have access keys.;arn:aws:iam::858573892697:root;<root_account>;iam_no_root_access_key;False;DORA;Digital Operational Resilience Act (Regulation (EU) 2022/2554)
aws;"The Digital Operational Resilience Act (DORA) is a European Union regulation (Regulation (EU) 2022/2554) that sets a uniform framework for the digital operational resilience of the EU financial sector. Mandatory since 17 January 2025, it applies to financial entities (banks, insurers, investment firms, payment institutions, etc.) and to ICT third-party service providers. DORA is structured around five pillars: ICT risk management, ICT-related incident reporting, digital operational resilience testing, ICT third-party risk management, and information sharing. This Prowler mapping covers the technical controls auditable from cloud configuration; the organisational, contractual and supervisory obligations defined in DORA must be addressed outside of Prowler.";858573892697;us-east-1;2026-09-13 22:26:32.575478;DORA-Art5;Financial entities shall have a sound, comprehensive and well-documented ICT internal governance and control framework. Senior management is accountable for ICT risk and shall enforce strong identity, authentication and least-privilege policies for privileged identities, including the root account.;ICT Risk Management;Article 5;Governance and organisation;FAIL;Password expiration is set greater than 90 days (100 days).;arn:aws:iam:us-east-1:858573892697:password-policy;858573892697;iam_password_policy_expires_passwords_within_90_days_or_less;False;DORA;Digital Operational Resilience Act (Regulation (EU) 2022/2554)
aws;"The Digital Operational Resilience Act (DORA) is a European Union regulation (Regulation (EU) 2022/2554) that sets a uniform framework for the digital operational resilience of the EU financial sector. Mandatory since 17 January 2025, it applies to financial entities (banks, insurers, investment firms, payment institutions, etc.) and to ICT third-party service providers. DORA is structured around five pillars: ICT risk management, ICT-related incident reporting, digital operational resilience testing, ICT third-party risk management, and information sharing. This Prowler mapping covers the technical controls auditable from cloud configuration; the organisational, contractual and supervisory obligations defined in DORA must be addressed outside of Prowler.";858573892697;us-east-1;2026-09-13 22:26:32.575478;DORA-Art5;Financial entities shall have a sound, comprehensive and well-documented ICT internal governance and control framework. Senior management is accountable for ICT risk and shall enforce strong identity, authentication and least-privilege policies for privileged identities, including the root account.;ICT Risk Management;Article 5;Governance and organisation;FAIL;IAM password policy does not require at least one lowercase letter.;arn:aws:iam:us-east-1:858573892697:password-policy;858573892697;iam_password_policy_lowercase;False;DORA;Digital Operational Resilience Act (Regulation (EU) 2022/2554)
aws;"The Digital Operational Resilience Act (DORA) is a European Union regulation (Regulation (EU) 2022/2554) that sets a uniform framework for the digital operational resilience of the EU financial sector. Mandatory since 17 January 2025, it applies to financial entities (banks, insurers, investment firms, payment institutions, etc.) and to ICT third-party service providers. DORA is structured around five pillars: ICT risk management, ICT-related incident reporting, digital operational resilience testing, ICT third-party risk management, and information sharing. This Prowler mapping covers the technical controls auditable from cloud configuration; the organisational, contractual and supervisory obligations defined in DORA must be addressed outside of Prowler.";858573892697;us-east-1;2026-09-13 22:26:32.575478;DORA-Art5;Financial entities shall have a sound, comprehensive and well-documented ICT internal governance and control framework. Senior management is accountable for ICT risk and shall enforce strong identity, authentication and least-privilege policies for privileged identities, including the root account.;ICT Risk Management;Article 5;Governance and organisation;FAIL;IAM password policy does not require minimum length of 14 characters.;arn:aws:iam:us-east-1:858573892697:password-policy;858573892697;iam_password_policy_minimum_length_14;False;DORA;Digital Operational Resilience Act (Regulation (EU) 2022/2554)
aws;"The Digital Operational Resilience Act (DORA) is a European Union regulation (Regulation (EU) 2022/2554) that sets a uniform framework for the digital operational resilience of the EU financial sector. Mandatory since 17 January 2025, it applies to financial entities (banks, insurers, investment firms, payment institutions, etc.) and to ICT third-party service providers. DORA is structured around five pillars: ICT risk management, ICT-related incident reporting, digital operational resilience testing, ICT third-party risk management, and information sharing. This Prowler mapping covers the technical controls auditable from cloud configuration; the organisational, contractual and supervisory obligations defined in DORA must be addressed outside of Prowler.";858573892697;us-east-1;2026-09-13 22:26:32.575478;DORA-Art5;Financial entities shall have a sound, comprehensive and well-documented ICT internal governance and control framework. Senior management is accountable for ICT risk and shall enforce strong identity, authentication and least-privilege policies for privileged identities, including the root account.;ICT Risk Management;Article 5;Governance and organisation;PASS;IAM password policy requires at least one number.;arn:aws:iam:us-east-1:858573892697:password-policy;858573892697;iam_password_policy_number;False;DORA;Digital Operational Resilience Act (Regulation (EU) 2022/2554)
aws;"The Digital Operational Resilience Act (DORA) is a European Union regulation (Regulation (EU) 2022/2554) that sets a uniform framework for the digital operational resilience of the EU financial sector. Mandatory since 17 January 2025, it applies to financial entities (banks, insurers, investment firms, payment institutions, etc.) and to ICT third-party service providers. DORA is structured around five pillars: ICT risk management, ICT-related incident reporting, digital operational resilience testing, ICT third-party risk management, and information sharing. This Prowler mapping covers the technical controls auditable from cloud configuration; the organisational, contractual and supervisory obligations defined in DORA must be addressed outside of Prowler.";858573892697;us-east-1;2026-09-13 22:26:32.575478;DORA-Art5;Financial entities shall have a sound, comprehensive and well-documented ICT internal governance and control framework. Senior management is accountable for ICT risk and shall enforce strong identity, authentication and least-privilege policies for privileged identities, including the root account.;ICT Risk Management;Article 5;Governance and organisation;FAIL;IAM password policy reuse prevention is less than 24 or not set.;arn:aws:iam:us-east-1:858573892697:password-policy;858573892697;iam_password_policy_reuse_24;False;DORA;Digital Operational Resilience Act (Regulation (EU) 2022/2554)
aws;"The Digital Operational Resilience Act (DORA) is a European Union regulation (Regulation (EU) 2022/2554) that sets a uniform framework for the digital operational resilience of the EU financial sector. Mandatory since 17 January 2025, it applies to financial entities (banks, insurers, investment firms, payment institutions, etc.) and to ICT third-party service providers. DORA is structured around five pillars: ICT risk management, ICT-related incident reporting, digital operational resilience testing, ICT third-party risk management, and information sharing. This Prowler mapping covers the technical controls auditable from cloud configuration; the organisational, contractual and supervisory obligations defined in DORA must be addressed outside of Prowler.";858573892697;us-east-1;2026-09-13 22:26:32.575478;DORA-Art5;Financial entities shall have a sound, comprehensive and well-documented ICT internal governance and control framework. Senior management is accountable for ICT risk and shall enforce strong identity, authentication and least-privilege policies for privileged identities, including the root account.;ICT Risk Management;Article 5;Governance and organisation;PASS;IAM password policy requires at least one symbol.;arn:aws:iam:us-east-1:858573892697:password-policy;858573892697;iam_password_policy_symbol;False;DORA;Digital Operational Resilience Act (Regulation (EU) 2022/2554)
aws;"The Digital Operational Resilience Act (DORA) is a European Union regulation (Regulation (EU) 2022/2554) that sets a uniform framework for the digital operational resilience of the EU financial sector. Mandatory since 17 January 2025, it applies to financial entities (banks, insurers, investment firms, payment institutions, etc.) and to ICT third-party service providers. DORA is structured around five pillars: ICT risk management, ICT-related incident reporting, digital operational resilience testing, ICT third-party risk management, and information sharing. This Prowler mapping covers the technical controls auditable from cloud configuration; the organisational, contractual and supervisory obligations defined in DORA must be addressed outside of Prowler.";858573892697;us-east-1;2026-09-13 22:26:32.575478;DORA-Art5;Financial entities shall have a sound, comprehensive and well-documented ICT internal governance and control framework. Senior management is accountable for ICT risk and shall enforce strong identity, authentication and least-privilege policies for privileged identities, including the root account.;ICT Risk Management;Article 5;Governance and organisation;PASS;IAM password policy requires at least one uppercase letter.;arn:aws:iam:us-east-1:858573892697:password-policy;858573892697;iam_password_policy_uppercase;False;DORA;Digital Operational Resilience Act (Regulation (EU) 2022/2554)
aws;"The Digital Operational Resilience Act (DORA) is a European Union regulation (Regulation (EU) 2022/2554) that sets a uniform framework for the digital operational resilience of the EU financial sector. Mandatory since 17 January 2025, it applies to financial entities (banks, insurers, investment firms, payment institutions, etc.) and to ICT third-party service providers. DORA is structured around five pillars: ICT risk management, ICT-related incident reporting, digital operational resilience testing, ICT third-party risk management, and information sharing. This Prowler mapping covers the technical controls auditable from cloud configuration; the organisational, contractual and supervisory obligations defined in DORA must be addressed outside of Prowler.";858573892697;us-east-1;2026-09-13 22:26:32.575478;DORA-Art30;Contractual arrangements with ICT third-party service providers shall be set out in writing and include, at minimum, agreed service levels and clear allocation of rights and obligations. Privilege boundaries, least-privilege policies and absence of administrative wildcards are the technical guardrails that enforce these contractual constraints inside AWS.;ICT Third-Party Risk Management;Article 30;Key contractual provisions;FAIL;User EddieQ has the policy AmazonEC2ContainerRegistryFullAccess attached.;arn:aws:iam::858573892697:user/EddieQ;EddieQ/AmazonEC2ContainerRegistryFullAccess;iam_policy_attached_only_to_group_or_roles;False;DORA;Digital Operational Resilience Act (Regulation (EU) 2022/2554)
aws;"The Digital Operational Resilience Act (DORA) is a European Union regulation (Regulation (EU) 2022/2554) that sets a uniform framework for the digital operational resilience of the EU financial sector. Mandatory since 17 January 2025, it applies to financial entities (banks, insurers, investment firms, payment institutions, etc.) and to ICT third-party service providers. DORA is structured around five pillars: ICT risk management, ICT-related incident reporting, digital operational resilience testing, ICT third-party risk management, and information sharing. This Prowler mapping covers the technical controls auditable from cloud configuration; the organisational, contractual and supervisory obligations defined in DORA must be addressed outside of Prowler.";858573892697;us-east-1;2026-09-13 22:26:32.575478;DORA-Art30;Contractual arrangements with ICT third-party service providers shall be set out in writing and include, at minimum, agreed service levels and clear allocation of rights and obligations. Privilege boundaries, least-privilege policies and absence of administrative wildcards are the technical guardrails that enforce these contractual constraints inside AWS.;ICT Third-Party Risk Management;Article 30;Key contractual provisions;FAIL;User EddieQ has the policy AmazonEC2ContainerServiceFullAccess attached.;arn:aws:iam::858573892697:user/EddieQ;EddieQ/AmazonEC2ContainerServiceFullAccess;iam_policy_attached_only_to_group_or_roles;False;DORA;Digital Operational Resilience Act (Regulation (EU) 2022/2554)
aws;"The Digital Operational Resilience Act (DORA) is a European Union regulation (Regulation (EU) 2022/2554) that sets a uniform framework for the digital operational resilience of the EU financial sector. Mandatory since 17 January 2025, it applies to financial entities (banks, insurers, investment firms, payment institutions, etc.) and to ICT third-party service providers. DORA is structured around five pillars: ICT risk management, ICT-related incident reporting, digital operational resilience testing, ICT third-party risk management, and information sharing. This Prowler mapping covers the technical controls auditable from cloud configuration; the organisational, contractual and supervisory obligations defined in DORA must be addressed outside of Prowler.";858573892697;us-east-1;2026-09-13 22:26:32.575478;DORA-Art30;Contractual arrangements with ICT third-party service providers shall be set out in writing and include, at minimum, agreed service levels and clear allocation of rights and obligations. Privilege boundaries, least-privilege policies and absence of administrative wildcards are the technical guardrails that enforce these contractual constraints inside AWS.;ICT Third-Party Risk Management;Article 30;Key contractual provisions;FAIL;User EddieQ has the policy AdministratorAccess attached.;arn:aws:iam::858573892697:user/EddieQ;EddieQ/AdministratorAccess;iam_policy_attached_only_to_group_or_roles;False;DORA;Digital Operational Resilience Act (Regulation (EU) 2022/2554)
aws;"The Digital Operational Resilience Act (DORA) is a European Union regulation (Regulation (EU) 2022/2554) that sets a uniform framework for the digital operational resilience of the EU financial sector. Mandatory since 17 January 2025, it applies to financial entities (banks, insurers, investment firms, payment institutions, etc.) and to ICT third-party service providers. DORA is structured around five pillars: ICT risk management, ICT-related incident reporting, digital operational resilience testing, ICT third-party risk management, and information sharing. This Prowler mapping covers the technical controls auditable from cloud configuration; the organisational, contractual and supervisory obligations defined in DORA must be addressed outside of Prowler.";858573892697;us-east-1;2026-09-13 22:26:32.575478;DORA-Art30;Contractual arrangements with ICT third-party service providers shall be set out in writing and include, at minimum, agreed service levels and clear allocation of rights and obligations. Privilege boundaries, least-privilege policies and absence of administrative wildcards are the technical guardrails that enforce these contractual constraints inside AWS.;ICT Third-Party Risk Management;Article 30;Key contractual provisions;FAIL;User EddieQ has the policy IAMUserChangePassword attached.;arn:aws:iam::858573892697:user/EddieQ;EddieQ/IAMUserChangePassword;iam_policy_attached_only_to_group_or_roles;False;DORA;Digital Operational Resilience Act (Regulation (EU) 2022/2554)
aws;"The Digital Operational Resilience Act (DORA) is a European Union regulation (Regulation (EU) 2022/2554) that sets a uniform framework for the digital operational resilience of the EU financial sector. Mandatory since 17 January 2025, it applies to financial entities (banks, insurers, investment firms, payment institutions, etc.) and to ICT third-party service providers. DORA is structured around five pillars: ICT risk management, ICT-related incident reporting, digital operational resilience testing, ICT third-party risk management, and information sharing. This Prowler mapping covers the technical controls auditable from cloud configuration; the organisational, contractual and supervisory obligations defined in DORA must be addressed outside of Prowler.";858573892697;us-east-1;2026-09-13 22:26:32.575478;DORA-Art30;Contractual arrangements with ICT third-party service providers shall be set out in writing and include, at minimum, agreed service levels and clear allocation of rights and obligations. Privilege boundaries, least-privilege policies and absence of administrative wildcards are the technical guardrails that enforce these contractual constraints inside AWS.;ICT Third-Party Risk Management;Article 30;Key contractual provisions;FAIL;User EddieQ has the policy AWSCloudShellFullAccess attached.;arn:aws:iam::858573892697:user/EddieQ;EddieQ/AWSCloudShellFullAccess;iam_policy_attached_only_to_group_or_roles;False;DORA;Digital Operational Resilience Act (Regulation (EU) 2022/2554)
aws;"The Digital Operational Resilience Act (DORA) is a European Union regulation (Regulation (EU) 2022/2554) that sets a uniform framework for the digital operational resilience of the EU financial sector. Mandatory since 17 January 2025, it applies to financial entities (banks, insurers, investment firms, payment institutions, etc.) and to ICT third-party service providers. DORA is structured around five pillars: ICT risk management, ICT-related incident reporting, digital operational resilience testing, ICT third-party risk management, and information sharing. This Prowler mapping covers the technical controls auditable from cloud configuration; the organisational, contractual and supervisory obligations defined in DORA must be addressed outside of Prowler.";858573892697;us-east-1;2026-09-13 22:26:32.575478;DORA-Art30;Contractual arrangements with ICT third-party service providers shall be set out in writing and include, at minimum, agreed service levels and clear allocation of rights and obligations. Privilege boundaries, least-privilege policies and absence of administrative wildcards are the technical guardrails that enforce these contractual constraints inside AWS.;ICT Third-Party Risk Management;Article 30;Key contractual provisions;FAIL;User EddieQ has the inline policy AWSRevokeOlderSessions attached.;arn:aws:iam::858573892697:user/EddieQ;EddieQ/AWSRevokeOlderSessions;iam_policy_attached_only_to_group_or_roles;False;DORA;Digital Operational Resilience Act (Regulation (EU) 2022/2554)
aws;"The Digital Operational Resilience Act (DORA) is a European Union regulation (Regulation (EU) 2022/2554) that sets a uniform framework for the digital operational resilience of the EU financial sector. Mandatory since 17 January 2025, it applies to financial entities (banks, insurers, investment firms, payment institutions, etc.) and to ICT third-party service providers. DORA is structured around five pillars: ICT risk management, ICT-related incident reporting, digital operational resilience testing, ICT third-party risk management, and information sharing. This Prowler mapping covers the technical controls auditable from cloud configuration; the organisational, contractual and supervisory obligations defined in DORA must be addressed outside of Prowler.";858573892697;us-east-1;2026-09-13 22:26:32.575478;DORA-Art30;Contractual arrangements with ICT third-party service providers shall be set out in writing and include, at minimum, agreed service levels and clear allocation of rights and obligations. Privilege boundaries, least-privilege policies and absence of administrative wildcards are the technical guardrails that enforce these contractual constraints inside AWS.;ICT Third-Party Risk Management;Article 30;Key contractual provisions;PASS;User QLabs has no inline or attached policies.;arn:aws:iam::858573892697:user/QLabs;QLabs;iam_policy_attached_only_to_group_or_roles;False;DORA;Digital Operational Resilience Act (Regulation (EU) 2022/2554)
aws;"The Digital Operational Resilience Act (DORA) is a European Union regulation (Regulation (EU) 2022/2554) that sets a uniform framework for the digital operational resilience of the EU financial sector. Mandatory since 17 January 2025, it applies to financial entities (banks, insurers, investment firms, payment institutions, etc.) and to ICT third-party service providers. DORA is structured around five pillars: ICT risk management, ICT-related incident reporting, digital operational resilience testing, ICT third-party risk management, and information sharing. This Prowler mapping covers the technical controls auditable from cloud configuration; the organisational, contractual and supervisory obligations defined in DORA must be addressed outside of Prowler.";858573892697;us-east-1;2026-09-13 22:26:32.575478;DORA-Art28;Financial entities shall manage ICT third-party risk as an integral component of ICT risk within their ICT risk management framework. Cross-account access, trust boundaries, organization-level controls and dependency visibility are critical to monitor third-party exposure on AWS.;ICT Third-Party Risk Management;Article 28;General principles (ICT third-party risk);FAIL;IAM Service Role AWSDeepRacerCloudFormationAccessRole does not prevent against a cross-service confused deputy attack.;arn:aws:iam::858573892697:role/service-role/AWSDeepRacerCloudFormationAccessRole;AWSDeepRacerCloudFormationAccessRole;iam_role_cross_service_confused_deputy_prevention;False;DORA;Digital Operational Resilience Act (Regulation (EU) 2022/2554)
aws;"The Digital Operational Resilience Act (DORA) is a European Union regulation (Regulation (EU) 2022/2554) that sets a uniform framework for the digital operational resilience of the EU financial sector. Mandatory since 17 January 2025, it applies to financial entities (banks, insurers, investment firms, payment institutions, etc.) and to ICT third-party service providers. DORA is structured around five pillars: ICT risk management, ICT-related incident reporting, digital operational resilience testing, ICT third-party risk management, and information sharing. This Prowler mapping covers the technical controls auditable from cloud configuration; the organisational, contractual and supervisory obligations defined in DORA must be addressed outside of Prowler.";858573892697;us-east-1;2026-09-13 22:26:32.575478;DORA-Art28;Financial entities shall manage ICT third-party risk as an integral component of ICT risk within their ICT risk management framework. Cross-account access, trust boundaries, organization-level controls and dependency visibility are critical to monitor third-party exposure on AWS.;ICT Third-Party Risk Management;Article 28;General principles (ICT third-party risk);FAIL;IAM Service Role AWSDeepRacerLambdaAccessRole does not prevent against a cross-service confused deputy attack.;arn:aws:iam::858573892697:role/service-role/AWSDeepRacerLambdaAccessRole;AWSDeepRacerLambdaAccessRole;iam_role_cross_service_confused_deputy_prevention;False;DORA;Digital Operational Resilience Act (Regulation (EU) 2022/2554)
aws;"The Digital Operational Resilience Act (DORA) is a European Union regulation (Regulation (EU) 2022/2554) that sets a uniform framework for the digital operational resilience of the EU financial sector. Mandatory since 17 January 2025, it applies to financial entities (banks, insurers, investment firms, payment institutions, etc.) and to ICT third-party service providers. DORA is structured around five pillars: ICT risk management, ICT-related incident reporting, digital operational resilience testing, ICT third-party risk management, and information sharing. This Prowler mapping covers the technical controls auditable from cloud configuration; the organisational, contractual and supervisory obligations defined in DORA must be addressed outside of Prowler.";858573892697;us-east-1;2026-09-13 22:26:32.575478;DORA-Art28;Financial entities shall manage ICT third-party risk as an integral component of ICT risk within their ICT risk management framework. Cross-account access, trust boundaries, organization-level controls and dependency visibility are critical to monitor third-party exposure on AWS.;ICT Third-Party Risk Management;Article 28;General principles (ICT third-party risk);FAIL;IAM Service Role AWSDeepRacerRoboMakerAccessRole does not prevent against a cross-service confused deputy attack.;arn:aws:iam::858573892697:role/service-role/AWSDeepRacerRoboMakerAccessRole;AWSDeepRacerRoboMakerAccessRole;iam_role_cross_service_confused_deputy_prevention;False;DORA;Digital Operational Resilience Act (Regulation (EU) 2022/2554)
aws;"The Digital Operational Resilience Act (DORA) is a European Union regulation (Regulation (EU) 2022/2554) that sets a uniform framework for the digital operational resilience of the EU financial sector. Mandatory since 17 January 2025, it applies to financial entities (banks, insurers, investment firms, payment institutions, etc.) and to ICT third-party service providers. DORA is structured around five pillars: ICT risk management, ICT-related incident reporting, digital operational resilience testing, ICT third-party risk management, and information sharing. This Prowler mapping covers the technical controls auditable from cloud configuration; the organisational, contractual and supervisory obligations defined in DORA must be addressed outside of Prowler.";858573892697;us-east-1;2026-09-13 22:26:32.575478;DORA-Art28;Financial entities shall manage ICT third-party risk as an integral component of ICT risk within their ICT risk management framework. Cross-account access, trust boundaries, organization-level controls and dependency visibility are critical to monitor third-party exposure on AWS.;ICT Third-Party Risk Management;Article 28;General principles (ICT third-party risk);FAIL;IAM Service Role AWSDeepRacerSageMakerAccessRole does not prevent against a cross-service confused deputy attack.;arn:aws:iam::858573892697:role/service-role/AWSDeepRacerSageMakerAccessRole;AWSDeepRacerSageMakerAccessRole;iam_role_cross_service_confused_deputy_prevention;False;DORA;Digital Operational Resilience Act (Regulation (EU) 2022/2554)
aws;"The Digital Operational Resilience Act (DORA) is a European Union regulation (Regulation (EU) 2022/2554) that sets a uniform framework for the digital operational resilience of the EU financial sector. Mandatory since 17 January 2025, it applies to financial entities (banks, insurers, investment firms, payment institutions, etc.) and to ICT third-party service providers. DORA is structured around five pillars: ICT risk management, ICT-related incident reporting, digital operational resilience testing, ICT third-party risk management, and information sharing. This Prowler mapping covers the technical controls auditable from cloud configuration; the organisational, contractual and supervisory obligations defined in DORA must be addressed outside of Prowler.";858573892697;us-east-1;2026-09-13 22:26:32.575478;DORA-Art28;Financial entities shall manage ICT third-party risk as an integral component of ICT risk within their ICT risk management framework. Cross-account access, trust boundaries, organization-level controls and dependency visibility are critical to monitor third-party exposure on AWS.;ICT Third-Party Risk Management;Article 28;General principles (ICT third-party risk);FAIL;IAM Service Role AWSDeepRacerServiceRole does not prevent against a cross-service confused deputy attack.;arn:aws:iam::858573892697:role/service-role/AWSDeepRacerServiceRole;AWSDeepRacerServiceRole;iam_role_cross_service_confused_deputy_prevention;False;DORA;Digital Operational Resilience Act (Regulation (EU) 2022/2554)
aws;"The Digital Operational Resilience Act (DORA) is a European Union regulation (Regulation (EU) 2022/2554) that sets a uniform framework for the digital operational resilience of the EU financial sector. Mandatory since 17 January 2025, it applies to financial entities (banks, insurers, investment firms, payment institutions, etc.) and to ICT third-party service providers. DORA is structured around five pillars: ICT risk management, ICT-related incident reporting, digital operational resilience testing, ICT third-party risk management, and information sharing. This Prowler mapping covers the technical controls auditable from cloud configuration; the organisational, contractual and supervisory obligations defined in DORA must be addressed outside of Prowler.";858573892697;us-east-1;2026-09-13 22:26:32.575478;DORA-Art28;Financial entities shall manage ICT third-party risk as an integral component of ICT risk within their ICT risk management framework. Cross-account access, trust boundaries, organization-level controls and dependency visibility are critical to monitor third-party exposure on AWS.;ICT Third-Party Risk Management;Article 28;General principles (ICT third-party risk);FAIL;IAM Service Role vaultcloud-app-role does not prevent against a cross-service confused deputy attack.;arn:aws:iam::858573892697:role/vaultcloud-app-role;vaultcloud-app-role;iam_role_cross_service_confused_deputy_prevention;False;DORA;Digital Operational Resilience Act (Regulation (EU) 2022/2554)
aws;"The Digital Operational Resilience Act (DORA) is a European Union regulation (Regulation (EU) 2022/2554) that sets a uniform framework for the digital operational resilience of the EU financial sector. Mandatory since 17 January 2025, it applies to financial entities (banks, insurers, investment firms, payment institutions, etc.) and to ICT third-party service providers. DORA is structured around five pillars: ICT risk management, ICT-related incident reporting, digital operational resilience testing, ICT third-party risk management, and information sharing. This Prowler mapping covers the technical controls auditable from cloud configuration; the organisational, contractual and supervisory obligations defined in DORA must be addressed outside of Prowler.";858573892697;us-east-1;2026-09-13 22:26:32.575478;DORA-Art28;Financial entities shall manage ICT third-party risk as an integral component of ICT risk within their ICT risk management framework. Cross-account access, trust boundaries, organization-level controls and dependency visibility are critical to monitor third-party exposure on AWS.;ICT Third-Party Risk Management;Article 28;General principles (ICT third-party risk);FAIL;IAM Service Role vaultcloud-lambda-role does not prevent against a cross-service confused deputy attack.;arn:aws:iam::858573892697:role/vaultcloud-lambda-role;vaultcloud-lambda-role;iam_role_cross_service_confused_deputy_prevention;False;DORA;Digital Operational Resilience Act (Regulation (EU) 2022/2554)
aws;"The Digital Operational Resilience Act (DORA) is a European Union regulation (Regulation (EU) 2022/2554) that sets a uniform framework for the digital operational resilience of the EU financial sector. Mandatory since 17 January 2025, it applies to financial entities (banks, insurers, investment firms, payment institutions, etc.) and to ICT third-party service providers. DORA is structured around five pillars: ICT risk management, ICT-related incident reporting, digital operational resilience testing, ICT third-party risk management, and information sharing. This Prowler mapping covers the technical controls auditable from cloud configuration; the organisational, contractual and supervisory obligations defined in DORA must be addressed outside of Prowler.";858573892697;us-east-1;2026-09-13 22:26:32.575478;DORA-Art5;Financial entities shall have a sound, comprehensive and well-documented ICT internal governance and control framework. Senior management is accountable for ICT risk and shall enforce strong identity, authentication and least-privilege policies for privileged identities, including the root account.;ICT Risk Management;Article 5;Governance and organisation;FAIL;Root account has a virtual MFA instead of a hardware MFA device enabled.;arn:aws:iam::858573892697:mfa;<root_account>;iam_root_hardware_mfa_enabled;False;DORA;Digital Operational Resilience Act (Regulation (EU) 2022/2554)
aws;"The Digital Operational Resilience Act (DORA) is a European Union regulation (Regulation (EU) 2022/2554) that sets a uniform framework for the digital operational resilience of the EU financial sector. Mandatory since 17 January 2025, it applies to financial entities (banks, insurers, investment firms, payment institutions, etc.) and to ICT third-party service providers. DORA is structured around five pillars: ICT risk management, ICT-related incident reporting, digital operational resilience testing, ICT third-party risk management, and information sharing. This Prowler mapping covers the technical controls auditable from cloud configuration; the organisational, contractual and supervisory obligations defined in DORA must be addressed outside of Prowler.";858573892697;us-east-1;2026-09-13 22:26:32.575478;DORA-Art5;Financial entities shall have a sound, comprehensive and well-documented ICT internal governance and control framework. Senior management is accountable for ICT risk and shall enforce strong identity, authentication and least-privilege policies for privileged identities, including the root account.;ICT Risk Management;Article 5;Governance and organisation;PASS;MFA is enabled for root account.;arn:aws:iam::858573892697:root;<root_account>;iam_root_mfa_enabled;False;DORA;Digital Operational Resilience Act (Regulation (EU) 2022/2554)
aws;"The Digital Operational Resilience Act (DORA) is a European Union regulation (Regulation (EU) 2022/2554) that sets a uniform framework for the digital operational resilience of the EU financial sector. Mandatory since 17 January 2025, it applies to financial entities (banks, insurers, investment firms, payment institutions, etc.) and to ICT third-party service providers. DORA is structured around five pillars: ICT risk management, ICT-related incident reporting, digital operational resilience testing, ICT third-party risk management, and information sharing. This Prowler mapping covers the technical controls auditable from cloud configuration; the organisational, contractual and supervisory obligations defined in DORA must be addressed outside of Prowler.";858573892697;us-east-1;2026-09-13 22:26:32.575478;DORA-Art5;Financial entities shall have a sound, comprehensive and well-documented ICT internal governance and control framework. Senior management is accountable for ICT risk and shall enforce strong identity, authentication and least-privilege policies for privileged identities, including the root account.;ICT Risk Management;Article 5;Governance and organisation;FAIL;SecurityAudit policy is not attached to any role.;arn:aws:iam::aws:policy/SecurityAudit;SecurityAudit;iam_securityaudit_role_created;False;DORA;Digital Operational Resilience Act (Regulation (EU) 2022/2554)
aws;"The Digital Operational Resilience Act (DORA) is a European Union regulation (Regulation (EU) 2022/2554) that sets a uniform framework for the digital operational resilience of the EU financial sector. Mandatory since 17 January 2025, it applies to financial entities (banks, insurers, investment firms, payment institutions, etc.) and to ICT third-party service providers. DORA is structured around five pillars: ICT risk management, ICT-related incident reporting, digital operational resilience testing, ICT third-party risk management, and information sharing. This Prowler mapping covers the technical controls auditable from cloud configuration; the organisational, contractual and supervisory obligations defined in DORA must be addressed outside of Prowler.";858573892697;us-east-1;2026-09-13 22:26:32.575478;DORA-Art5;Financial entities shall have a sound, comprehensive and well-documented ICT internal governance and control framework. Senior management is accountable for ICT risk and shall enforce strong identity, authentication and least-privilege policies for privileged identities, including the root account.;ICT Risk Management;Article 5;Governance and organisation;FAIL;AWS Support Access policy is not attached to any role.;arn:aws:iam::aws:policy/AWSSupportAccess;858573892697;iam_support_role_created;False;DORA;Digital Operational Resilience Act (Regulation (EU) 2022/2554)
aws;"The Digital Operational Resilience Act (DORA) is a European Union regulation (Regulation (EU) 2022/2554) that sets a uniform framework for the digital operational resilience of the EU financial sector. Mandatory since 17 January 2025, it applies to financial entities (banks, insurers, investment firms, payment institutions, etc.) and to ICT third-party service providers. DORA is structured around five pillars: ICT risk management, ICT-related incident reporting, digital operational resilience testing, ICT third-party risk management, and information sharing. This Prowler mapping covers the technical controls auditable from cloud configuration; the organisational, contractual and supervisory obligations defined in DORA must be addressed outside of Prowler.";858573892697;us-east-1;2026-09-13 22:26:32.575478;DORA-Art30;Contractual arrangements with ICT third-party service providers shall be set out in writing and include, at minimum, agreed service levels and clear allocation of rights and obligations. Privilege boundaries, least-privilege policies and absence of administrative wildcards are the technical guardrails that enforce these contractual constraints inside AWS.;ICT Third-Party Risk Management;Article 30;Key contractual provisions;FAIL;IAM User EddieQ has AdministratorAccess policy attached.;arn:aws:iam::858573892697:user/EddieQ;EddieQ;iam_user_administrator_access_policy;False;DORA;Digital Operational Resilience Act (Regulation (EU) 2022/2554)
aws;"The Digital Operational Resilience Act (DORA) is a European Union regulation (Regulation (EU) 2022/2554) that sets a uniform framework for the digital operational resilience of the EU financial sector. Mandatory since 17 January 2025, it applies to financial entities (banks, insurers, investment firms, payment institutions, etc.) and to ICT third-party service providers. DORA is structured around five pillars: ICT risk management, ICT-related incident reporting, digital operational resilience testing, ICT third-party risk management, and information sharing. This Prowler mapping covers the technical controls auditable from cloud configuration; the organisational, contractual and supervisory obligations defined in DORA must be addressed outside of Prowler.";858573892697;us-east-1;2026-09-13 22:26:32.575478;DORA-Art30;Contractual arrangements with ICT third-party service providers shall be set out in writing and include, at minimum, agreed service levels and clear allocation of rights and obligations. Privilege boundaries, least-privilege policies and absence of administrative wildcards are the technical guardrails that enforce these contractual constraints inside AWS.;ICT Third-Party Risk Management;Article 30;Key contractual provisions;PASS;IAM User QLabs does not have AdministratorAccess policy.;arn:aws:iam::858573892697:user/QLabs;QLabs;iam_user_administrator_access_policy;False;DORA;Digital Operational Resilience Act (Regulation (EU) 2022/2554)
aws;"The Digital Operational Resilience Act (DORA) is a European Union regulation (Regulation (EU) 2022/2554) that sets a uniform framework for the digital operational resilience of the EU financial sector. Mandatory since 17 January 2025, it applies to financial entities (banks, insurers, investment firms, payment institutions, etc.) and to ICT third-party service providers. DORA is structured around five pillars: ICT risk management, ICT-related incident reporting, digital operational resilience testing, ICT third-party risk management, and information sharing. This Prowler mapping covers the technical controls auditable from cloud configuration; the organisational, contractual and supervisory obligations defined in DORA must be addressed outside of Prowler.";858573892697;us-east-1;2026-09-13 22:26:32.575478;DORA-Art5;Financial entities shall have a sound, comprehensive and well-documented ICT internal governance and control framework. Senior management is accountable for ICT risk and shall enforce strong identity, authentication and least-privilege policies for privileged identities, including the root account.;ICT Risk Management;Article 5;Governance and organisation;FAIL;User EddieQ has a virtual MFA instead of a hardware MFA device enabled.;arn:aws:iam::858573892697:user/EddieQ;EddieQ;iam_user_hardware_mfa_enabled;False;DORA;Digital Operational Resilience Act (Regulation (EU) 2022/2554)
aws;"The Digital Operational Resilience Act (DORA) is a European Union regulation (Regulation (EU) 2022/2554) that sets a uniform framework for the digital operational resilience of the EU financial sector. Mandatory since 17 January 2025, it applies to financial entities (banks, insurers, investment firms, payment institutions, etc.) and to ICT third-party service providers. DORA is structured around five pillars: ICT risk management, ICT-related incident reporting, digital operational resilience testing, ICT third-party risk management, and information sharing. This Prowler mapping covers the technical controls auditable from cloud configuration; the organisational, contractual and supervisory obligations defined in DORA must be addressed outside of Prowler.";858573892697;us-east-1;2026-09-13 22:26:32.575478;DORA-Art5;Financial entities shall have a sound, comprehensive and well-documented ICT internal governance and control framework. Senior management is accountable for ICT risk and shall enforce strong identity, authentication and least-privilege policies for privileged identities, including the root account.;ICT Risk Management;Article 5;Governance and organisation;FAIL;User QLabs does not have any type of MFA enabled.;arn:aws:iam::858573892697:user/QLabs;QLabs;iam_user_hardware_mfa_enabled;False;DORA;Digital Operational Resilience Act (Regulation (EU) 2022/2554)
aws;"The Digital Operational Resilience Act (DORA) is a European Union regulation (Regulation (EU) 2022/2554) that sets a uniform framework for the digital operational resilience of the EU financial sector. Mandatory since 17 January 2025, it applies to financial entities (banks, insurers, investment firms, payment institutions, etc.) and to ICT third-party service providers. DORA is structured around five pillars: ICT risk management, ICT-related incident reporting, digital operational resilience testing, ICT third-party risk management, and information sharing. This Prowler mapping covers the technical controls auditable from cloud configuration; the organisational, contractual and supervisory obligations defined in DORA must be addressed outside of Prowler.";858573892697;us-east-1;2026-09-13 22:26:32.575478;DORA-Art5;Financial entities shall have a sound, comprehensive and well-documented ICT internal governance and control framework. Senior management is accountable for ICT risk and shall enforce strong identity, authentication and least-privilege policies for privileged identities, including the root account.;ICT Risk Management;Article 5;Governance and organisation;PASS;User EddieQ has Console Password enabled and MFA enabled.;arn:aws:iam::858573892697:user/EddieQ;EddieQ;iam_user_mfa_enabled_console_access;False;DORA;Digital Operational Resilience Act (Regulation (EU) 2022/2554)
aws;"The Digital Operational Resilience Act (DORA) is a European Union regulation (Regulation (EU) 2022/2554) that sets a uniform framework for the digital operational resilience of the EU financial sector. Mandatory since 17 January 2025, it applies to financial entities (banks, insurers, investment firms, payment institutions, etc.) and to ICT third-party service providers. DORA is structured around five pillars: ICT risk management, ICT-related incident reporting, digital operational resilience testing, ICT third-party risk management, and information sharing. This Prowler mapping covers the technical controls auditable from cloud configuration; the organisational, contractual and supervisory obligations defined in DORA must be addressed outside of Prowler.";858573892697;us-east-1;2026-09-13 22:26:32.575478;DORA-Art5;Financial entities shall have a sound, comprehensive and well-documented ICT internal governance and control framework. Senior management is accountable for ICT risk and shall enforce strong identity, authentication and least-privilege policies for privileged identities, including the root account.;ICT Risk Management;Article 5;Governance and organisation;FAIL;User QLabs has Console Password enabled but MFA disabled.;arn:aws:iam::858573892697:user/QLabs;QLabs;iam_user_mfa_enabled_console_access;False;DORA;Digital Operational Resilience Act (Regulation (EU) 2022/2554)
aws;"The Digital Operational Resilience Act (DORA) is a European Union regulation (Regulation (EU) 2022/2554) that sets a uniform framework for the digital operational resilience of the EU financial sector. Mandatory since 17 January 2025, it applies to financial entities (banks, insurers, investment firms, payment institutions, etc.) and to ICT third-party service providers. DORA is structured around five pillars: ICT risk management, ICT-related incident reporting, digital operational resilience testing, ICT third-party risk management, and information sharing. This Prowler mapping covers the technical controls auditable from cloud configuration; the organisational, contractual and supervisory obligations defined in DORA must be addressed outside of Prowler.";858573892697;us-east-1;2026-09-13 22:26:32.575478;DORA-Art10;Financial entities shall have in place mechanisms to promptly detect anomalous activities, including ICT network performance issues and ICT-related incidents, and to identify potential single points of failure. Threat detection across compute, identity, storage and the API control plane is required for timely detection.;ICT Risk Management;Article 10;Detection;FAIL;Inspector2 is not enabled in this account.;arn:aws:inspector2:us-east-1:858573892697:inspector2;Inspector2;inspector2_is_enabled;False;DORA;Digital Operational Resilience Act (Regulation (EU) 2022/2554)
aws;"The Digital Operational Resilience Act (DORA) is a European Union regulation (Regulation (EU) 2022/2554) that sets a uniform framework for the digital operational resilience of the EU financial sector. Mandatory since 17 January 2025, it applies to financial entities (banks, insurers, investment firms, payment institutions, etc.) and to ICT third-party service providers. DORA is structured around five pillars: ICT risk management, ICT-related incident reporting, digital operational resilience testing, ICT third-party risk management, and information sharing. This Prowler mapping covers the technical controls auditable from cloud configuration; the organisational, contractual and supervisory obligations defined in DORA must be addressed outside of Prowler.";858573892697;us-east-1;2026-09-13 22:26:32.575478;DORA-Art24;Financial entities shall establish, maintain and review a sound and comprehensive digital operational resilience testing programme, as an integral part of the ICT risk management framework. Continuous vulnerability discovery, configuration assessment and instance manageability are foundational.;Digital Operational Resilience Testing;Article 24;General requirements for the performance of digital operational resilience testing;FAIL;Inspector2 is not enabled in this account.;arn:aws:inspector2:us-east-1:858573892697:inspector2;Inspector2;inspector2_is_enabled;False;DORA;Digital Operational Resilience Act (Regulation (EU) 2022/2554)
aws;"The Digital Operational Resilience Act (DORA) is a European Union regulation (Regulation (EU) 2022/2554) that sets a uniform framework for the digital operational resilience of the EU financial sector. Mandatory since 17 January 2025, it applies to financial entities (banks, insurers, investment firms, payment institutions, etc.) and to ICT third-party service providers. DORA is structured around five pillars: ICT risk management, ICT-related incident reporting, digital operational resilience testing, ICT third-party risk management, and information sharing. This Prowler mapping covers the technical controls auditable from cloud configuration; the organisational, contractual and supervisory obligations defined in DORA must be addressed outside of Prowler.";858573892697;us-east-1;2026-09-13 22:26:32.575478;DORA-Art25;Financial entities shall ensure that tests are undertaken on ICT tools and systems, on critical ICT systems supporting all critical or important functions, at least yearly. Vulnerability assessments, deprecated component detection and certificate hygiene must be tracked.;Digital Operational Resilience Testing;Article 25;Testing of ICT tools and systems;FAIL;Inspector2 is not enabled in this account.;arn:aws:inspector2:us-east-1:858573892697:inspector2;Inspector2;inspector2_is_enabled;False;DORA;Digital Operational Resilience Act (Regulation (EU) 2022/2554)
aws;"The Digital Operational Resilience Act (DORA) is a European Union regulation (Regulation (EU) 2022/2554) that sets a uniform framework for the digital operational resilience of the EU financial sector. Mandatory since 17 January 2025, it applies to financial entities (banks, insurers, investment firms, payment institutions, etc.) and to ICT third-party service providers. DORA is structured around five pillars: ICT risk management, ICT-related incident reporting, digital operational resilience testing, ICT third-party risk management, and information sharing. This Prowler mapping covers the technical controls auditable from cloud configuration; the organisational, contractual and supervisory obligations defined in DORA must be addressed outside of Prowler.";858573892697;us-east-1;2026-09-13 22:26:32.575478;DORA-Art8;Financial entities shall identify, classify and adequately document all ICT supported business functions, roles and responsibilities, the information assets and ICT assets supporting them, and their interdependencies. They shall on a continuous basis identify all sources of ICT risk, in particular the risk exposure to and from other financial entities.;ICT Risk Management;Article 8;Identification;FAIL;Macie is not enabled.;arn:aws:macie:us-east-1:858573892697:session;858573892697;macie_is_enabled;False;DORA;Digital Operational Resilience Act (Regulation (EU) 2022/2554)
aws;"The Digital Operational Resilience Act (DORA) is a European Union regulation (Regulation (EU) 2022/2554) that sets a uniform framework for the digital operational resilience of the EU financial sector. Mandatory since 17 January 2025, it applies to financial entities (banks, insurers, investment firms, payment institutions, etc.) and to ICT third-party service providers. DORA is structured around five pillars: ICT risk management, ICT-related incident reporting, digital operational resilience testing, ICT third-party risk management, and information sharing. This Prowler mapping covers the technical controls auditable from cloud configuration; the organisational, contractual and supervisory obligations defined in DORA must be addressed outside of Prowler.";858573892697;us-east-1;2026-09-13 22:26:32.575478;DORA-Art45;Financial entities may exchange amongst themselves cyber threat information and intelligence, including indicators of compromise, tactics, techniques and procedures, cyber security alerts and configuration tools. Centralised threat detection, sensitive data discovery and trail-based intelligence enable participation in such information-sharing arrangements.;Information Sharing;Article 45;Information-sharing arrangements on cyber threat information and intelligence;FAIL;Macie is not enabled.;arn:aws:macie:us-east-1:858573892697:session;858573892697;macie_is_enabled;False;DORA;Digital Operational Resilience Act (Regulation (EU) 2022/2554)
aws;"The Digital Operational Resilience Act (DORA) is a European Union regulation (Regulation (EU) 2022/2554) that sets a uniform framework for the digital operational resilience of the EU financial sector. Mandatory since 17 January 2025, it applies to financial entities (banks, insurers, investment firms, payment institutions, etc.) and to ICT third-party service providers. DORA is structured around five pillars: ICT risk management, ICT-related incident reporting, digital operational resilience testing, ICT third-party risk management, and information sharing. This Prowler mapping covers the technical controls auditable from cloud configuration; the organisational, contractual and supervisory obligations defined in DORA must be addressed outside of Prowler.";858573892697;us-east-1;2026-09-13 22:26:32.575478;DORA-Art5;Financial entities shall have a sound, comprehensive and well-documented ICT internal governance and control framework. Senior management is accountable for ICT risk and shall enforce strong identity, authentication and least-privilege policies for privileged identities, including the root account.;ICT Risk Management;Article 5;Governance and organisation;FAIL;AWS Organizations is not in-use for this AWS Account.;arn:aws:organizations::858573892697:unknown;unknown;organizations_account_part_of_organizations;False;DORA;Digital Operational Resilience Act (Regulation (EU) 2022/2554)
aws;"The Digital Operational Resilience Act (DORA) is a European Union regulation (Regulation (EU) 2022/2554) that sets a uniform framework for the digital operational resilience of the EU financial sector. Mandatory since 17 January 2025, it applies to financial entities (banks, insurers, investment firms, payment institutions, etc.) and to ICT third-party service providers. DORA is structured around five pillars: ICT risk management, ICT-related incident reporting, digital operational resilience testing, ICT third-party risk management, and information sharing. This Prowler mapping covers the technical controls auditable from cloud configuration; the organisational, contractual and supervisory obligations defined in DORA must be addressed outside of Prowler.";858573892697;us-east-1;2026-09-13 22:26:32.575478;DORA-Art28;Financial entities shall manage ICT third-party risk as an integral component of ICT risk within their ICT risk management framework. Cross-account access, trust boundaries, organization-level controls and dependency visibility are critical to monitor third-party exposure on AWS.;ICT Third-Party Risk Management;Article 28;General principles (ICT third-party risk);FAIL;AWS Organizations is not in-use for this AWS Account.;arn:aws:organizations::858573892697:unknown;unknown;organizations_account_part_of_organizations;False;DORA;Digital Operational Resilience Act (Regulation (EU) 2022/2554)
aws;"The Digital Operational Resilience Act (DORA) is a European Union regulation (Regulation (EU) 2022/2554) that sets a uniform framework for the digital operational resilience of the EU financial sector. Mandatory since 17 January 2025, it applies to financial entities (banks, insurers, investment firms, payment institutions, etc.) and to ICT third-party service providers. DORA is structured around five pillars: ICT risk management, ICT-related incident reporting, digital operational resilience testing, ICT third-party risk management, and information sharing. This Prowler mapping covers the technical controls auditable from cloud configuration; the organisational, contractual and supervisory obligations defined in DORA must be addressed outside of Prowler.";858573892697;us-east-1;2026-09-13 22:26:32.575478;DORA-Art28;Financial entities shall manage ICT third-party risk as an integral component of ICT risk within their ICT risk management framework. Cross-account access, trust boundaries, organization-level controls and dependency visibility are critical to monitor third-party exposure on AWS.;ICT Third-Party Risk Management;Article 28;General principles (ICT third-party risk);FAIL;AWS Organizations is not in-use for this AWS Account.;arn:aws:organizations::858573892697:unknown;unknown;organizations_scp_check_deny_regions;False;DORA;Digital Operational Resilience Act (Regulation (EU) 2022/2554)
aws;"The Digital Operational Resilience Act (DORA) is a European Union regulation (Regulation (EU) 2022/2554) that sets a uniform framework for the digital operational resilience of the EU financial sector. Mandatory since 17 January 2025, it applies to financial entities (banks, insurers, investment firms, payment institutions, etc.) and to ICT third-party service providers. DORA is structured around five pillars: ICT risk management, ICT-related incident reporting, digital operational resilience testing, ICT third-party risk management, and information sharing. This Prowler mapping covers the technical controls auditable from cloud configuration; the organisational, contractual and supervisory obligations defined in DORA must be addressed outside of Prowler.";858573892697;us-east-1;2026-09-13 22:26:32.575478;DORA-Art12;Financial entities shall develop and document backup policies and procedures specifying the scope of data subject to backup and the minimum frequency of the backup, as well as restoration and recovery procedures and methods. Backups must be encrypted, retained, and resources must be designed for recoverability across availability zones and regions.;ICT Risk Management;Article 12;Backup policies and procedures, restoration and recovery procedures and methods;FAIL;RDS Instance vaultcloud-prod-db does not have backup enabled.;arn:aws:rds:us-east-1:858573892697:db:vaultcloud-prod-db;vaultcloud-prod-db;rds_instance_backup_enabled;False;DORA;Digital Operational Resilience Act (Regulation (EU) 2022/2554)
aws;"The Digital Operational Resilience Act (DORA) is a European Union regulation (Regulation (EU) 2022/2554) that sets a uniform framework for the digital operational resilience of the EU financial sector. Mandatory since 17 January 2025, it applies to financial entities (banks, insurers, investment firms, payment institutions, etc.) and to ICT third-party service providers. DORA is structured around five pillars: ICT risk management, ICT-related incident reporting, digital operational resilience testing, ICT third-party risk management, and information sharing. This Prowler mapping covers the technical controls auditable from cloud configuration; the organisational, contractual and supervisory obligations defined in DORA must be addressed outside of Prowler.";858573892697;us-east-1;2026-09-13 22:26:32.575478;DORA-Art25;Financial entities shall ensure that tests are undertaken on ICT tools and systems, on critical ICT systems supporting all critical or important functions, at least yearly. Vulnerability assessments, deprecated component detection and certificate hygiene must be tracked.;Digital Operational Resilience Testing;Article 25;Testing of ICT tools and systems;PASS;RDS Instance vaultcloud-prod-db certificate has over 6 months of validity left.;arn:aws:rds:us-east-1:858573892697:db:vaultcloud-prod-db;vaultcloud-prod-db;rds_instance_certificate_expiration;False;DORA;Digital Operational Resilience Act (Regulation (EU) 2022/2554)
aws;"The Digital Operational Resilience Act (DORA) is a European Union regulation (Regulation (EU) 2022/2554) that sets a uniform framework for the digital operational resilience of the EU financial sector. Mandatory since 17 January 2025, it applies to financial entities (banks, insurers, investment firms, payment institutions, etc.) and to ICT third-party service providers. DORA is structured around five pillars: ICT risk management, ICT-related incident reporting, digital operational resilience testing, ICT third-party risk management, and information sharing. This Prowler mapping covers the technical controls auditable from cloud configuration; the organisational, contractual and supervisory obligations defined in DORA must be addressed outside of Prowler.";858573892697;us-east-1;2026-09-13 22:26:32.575478;DORA-Art11;Financial entities shall put in place a comprehensive ICT business continuity policy, including ICT response and recovery plans, that ensures the continuity of ICT-supported critical or important functions. Operational alarming, automated event routing and tested recovery actions are essential.;ICT Risk Management;Article 11;Response and recovery;FAIL;RDS instance event categories of maintenance, configuration change, and failure are not subscribed.;arn:aws:rds:us-east-1:858573892697:account;858573892697;rds_instance_critical_event_subscription;False;DORA;Digital Operational Resilience Act (Regulation (EU) 2022/2554)
aws;"The Digital Operational Resilience Act (DORA) is a European Union regulation (Regulation (EU) 2022/2554) that sets a uniform framework for the digital operational resilience of the EU financial sector. Mandatory since 17 January 2025, it applies to financial entities (banks, insurers, investment firms, payment institutions, etc.) and to ICT third-party service providers. DORA is structured around five pillars: ICT risk management, ICT-related incident reporting, digital operational resilience testing, ICT third-party risk management, and information sharing. This Prowler mapping covers the technical controls auditable from cloud configuration; the organisational, contractual and supervisory obligations defined in DORA must be addressed outside of Prowler.";858573892697;us-east-1;2026-09-13 22:26:32.575478;DORA-Art12;Financial entities shall develop and document backup policies and procedures specifying the scope of data subject to backup and the minimum frequency of the backup, as well as restoration and recovery procedures and methods. Backups must be encrypted, retained, and resources must be designed for recoverability across availability zones and regions.;ICT Risk Management;Article 12;Backup policies and procedures, restoration and recovery procedures and methods;FAIL;RDS Instance vaultcloud-prod-db deletion protection is not enabled.;arn:aws:rds:us-east-1:858573892697:db:vaultcloud-prod-db;vaultcloud-prod-db;rds_instance_deletion_protection;False;DORA;Digital Operational Resilience Act (Regulation (EU) 2022/2554)
aws;"The Digital Operational Resilience Act (DORA) is a European Union regulation (Regulation (EU) 2022/2554) that sets a uniform framework for the digital operational resilience of the EU financial sector. Mandatory since 17 January 2025, it applies to financial entities (banks, insurers, investment firms, payment institutions, etc.) and to ICT third-party service providers. DORA is structured around five pillars: ICT risk management, ICT-related incident reporting, digital operational resilience testing, ICT third-party risk management, and information sharing. This Prowler mapping covers the technical controls auditable from cloud configuration; the organisational, contractual and supervisory obligations defined in DORA must be addressed outside of Prowler.";858573892697;us-east-1;2026-09-13 22:26:32.575478;DORA-Art25;Financial entities shall ensure that tests are undertaken on ICT tools and systems, on critical ICT systems supporting all critical or important functions, at least yearly. Vulnerability assessments, deprecated component detection and certificate hygiene must be tracked.;Digital Operational Resilience Testing;Article 25;Testing of ICT tools and systems;PASS;RDS instance vaultcloud-prod-db is not using a deprecated engine postgres with version 17.11.;arn:aws:rds:us-east-1:858573892697:db:vaultcloud-prod-db;vaultcloud-prod-db;rds_instance_deprecated_engine_version;False;DORA;Digital Operational Resilience Act (Regulation (EU) 2022/2554)
aws;"The Digital Operational Resilience Act (DORA) is a European Union regulation (Regulation (EU) 2022/2554) that sets a uniform framework for the digital operational resilience of the EU financial sector. Mandatory since 17 January 2025, it applies to financial entities (banks, insurers, investment firms, payment institutions, etc.) and to ICT third-party service providers. DORA is structured around five pillars: ICT risk management, ICT-related incident reporting, digital operational resilience testing, ICT third-party risk management, and information sharing. This Prowler mapping covers the technical controls auditable from cloud configuration; the organisational, contractual and supervisory obligations defined in DORA must be addressed outside of Prowler.";858573892697;us-east-1;2026-09-13 22:26:32.575478;DORA-Art12;Financial entities shall develop and document backup policies and procedures specifying the scope of data subject to backup and the minimum frequency of the backup, as well as restoration and recovery procedures and methods. Backups must be encrypted, retained, and resources must be designed for recoverability across availability zones and regions.;ICT Risk Management;Article 12;Backup policies and procedures, restoration and recovery procedures and methods;FAIL;RDS Instance vaultcloud-prod-db does not have multi-AZ enabled.;arn:aws:rds:us-east-1:858573892697:db:vaultcloud-prod-db;vaultcloud-prod-db;rds_instance_multi_az;False;DORA;Digital Operational Resilience Act (Regulation (EU) 2022/2554)
aws;"The Digital Operational Resilience Act (DORA) is a European Union regulation (Regulation (EU) 2022/2554) that sets a uniform framework for the digital operational resilience of the EU financial sector. Mandatory since 17 January 2025, it applies to financial entities (banks, insurers, investment firms, payment institutions, etc.) and to ICT third-party service providers. DORA is structured around five pillars: ICT risk management, ICT-related incident reporting, digital operational resilience testing, ICT third-party risk management, and information sharing. This Prowler mapping covers the technical controls auditable from cloud configuration; the organisational, contractual and supervisory obligations defined in DORA must be addressed outside of Prowler.";858573892697;us-east-1;2026-09-13 22:26:32.575478;DORA-Art9;Financial entities shall continuously monitor and control the security and functioning of ICT systems and tools and minimise the impact of ICT risk by deploying appropriate ICT security tools, policies and procedures. Encryption at rest and in transit, blocking of public exposure, network access controls, secret management and instance hardening are central to this article.;ICT Risk Management;Article 9;Protection and prevention;FAIL;RDS Instance vaultcloud-prod-db is set as publicly accessible and security group vaultcloud-db-sg (sg-059591e29c62e2064) has postgres port 5432 open to the Internet at endpoint vaultcloud-prod-db.cdis4ufrpqe3.us-east-1.rds.amazonaws.com in a public subnet subnet-060b354bc8a3f274c.;arn:aws:rds:us-east-1:858573892697:db:vaultcloud-prod-db;vaultcloud-prod-db;rds_instance_no_public_access;False;DORA;Digital Operational Resilience Act (Regulation (EU) 2022/2554)
aws;"The Digital Operational Resilience Act (DORA) is a European Union regulation (Regulation (EU) 2022/2554) that sets a uniform framework for the digital operational resilience of the EU financial sector. Mandatory since 17 January 2025, it applies to financial entities (banks, insurers, investment firms, payment institutions, etc.) and to ICT third-party service providers. DORA is structured around five pillars: ICT risk management, ICT-related incident reporting, digital operational resilience testing, ICT third-party risk management, and information sharing. This Prowler mapping covers the technical controls auditable from cloud configuration; the organisational, contractual and supervisory obligations defined in DORA must be addressed outside of Prowler.";858573892697;us-east-1;2026-09-13 22:26:32.575478;DORA-Art12;Financial entities shall develop and document backup policies and procedures specifying the scope of data subject to backup and the minimum frequency of the backup, as well as restoration and recovery procedures and methods. Backups must be encrypted, retained, and resources must be designed for recoverability across availability zones and regions.;ICT Risk Management;Article 12;Backup policies and procedures, restoration and recovery procedures and methods;FAIL;RDS Instance vaultcloud-prod-db is not protected by a backup plan.;arn:aws:rds:us-east-1:858573892697:db:vaultcloud-prod-db;vaultcloud-prod-db;rds_instance_protected_by_backup_plan;False;DORA;Digital Operational Resilience Act (Regulation (EU) 2022/2554)
aws;"The Digital Operational Resilience Act (DORA) is a European Union regulation (Regulation (EU) 2022/2554) that sets a uniform framework for the digital operational resilience of the EU financial sector. Mandatory since 17 January 2025, it applies to financial entities (banks, insurers, investment firms, payment institutions, etc.) and to ICT third-party service providers. DORA is structured around five pillars: ICT risk management, ICT-related incident reporting, digital operational resilience testing, ICT third-party risk management, and information sharing. This Prowler mapping covers the technical controls auditable from cloud configuration; the organisational, contractual and supervisory obligations defined in DORA must be addressed outside of Prowler.";858573892697;us-east-1;2026-09-13 22:26:32.575478;DORA-Art9;Financial entities shall continuously monitor and control the security and functioning of ICT systems and tools and minimise the impact of ICT risk by deploying appropriate ICT security tools, policies and procedures. Encryption at rest and in transit, blocking of public exposure, network access controls, secret management and instance hardening are central to this article.;ICT Risk Management;Article 9;Protection and prevention;FAIL;RDS Instance vaultcloud-prod-db is not encrypted.;arn:aws:rds:us-east-1:858573892697:db:vaultcloud-prod-db;vaultcloud-prod-db;rds_instance_storage_encrypted;False;DORA;Digital Operational Resilience Act (Regulation (EU) 2022/2554)
aws;"The Digital Operational Resilience Act (DORA) is a European Union regulation (Regulation (EU) 2022/2554) that sets a uniform framework for the digital operational resilience of the EU financial sector. Mandatory since 17 January 2025, it applies to financial entities (banks, insurers, investment firms, payment institutions, etc.) and to ICT third-party service providers. DORA is structured around five pillars: ICT risk management, ICT-related incident reporting, digital operational resilience testing, ICT third-party risk management, and information sharing. This Prowler mapping covers the technical controls auditable from cloud configuration; the organisational, contractual and supervisory obligations defined in DORA must be addressed outside of Prowler.";858573892697;us-east-1;2026-09-13 22:26:32.575478;DORA-Art7;Financial entities shall use and maintain updated ICT systems, protocols and tools that are appropriate to the magnitude of operations supporting ICT functions, technologically resilient, and adequately equipped to securely process data. Cryptographic primitives, certificate hygiene and network segmentation are core to this requirement.;ICT Risk Management;Article 7;ICT systems, protocols and tools;PASS;RDS Instance vaultcloud-prod-db connections use SSL encryption.;arn:aws:rds:us-east-1:858573892697:db:vaultcloud-prod-db;vaultcloud-prod-db;rds_instance_transport_encrypted;False;DORA;Digital Operational Resilience Act (Regulation (EU) 2022/2554)
aws;"The Digital Operational Resilience Act (DORA) is a European Union regulation (Regulation (EU) 2022/2554) that sets a uniform framework for the digital operational resilience of the EU financial sector. Mandatory since 17 January 2025, it applies to financial entities (banks, insurers, investment firms, payment institutions, etc.) and to ICT third-party service providers. DORA is structured around five pillars: ICT risk management, ICT-related incident reporting, digital operational resilience testing, ICT third-party risk management, and information sharing. This Prowler mapping covers the technical controls auditable from cloud configuration; the organisational, contractual and supervisory obligations defined in DORA must be addressed outside of Prowler.";858573892697;us-east-1;2026-09-13 22:26:32.575478;DORA-Art9;Financial entities shall continuously monitor and control the security and functioning of ICT systems and tools and minimise the impact of ICT risk by deploying appropriate ICT security tools, policies and procedures. Encryption at rest and in transit, blocking of public exposure, network access controls, secret management and instance hardening are central to this article.;ICT Risk Management;Article 9;Protection and prevention;FAIL;Block Public Access is not configured for the account 858573892697.;arn:aws:s3:us-east-1:858573892697:account;858573892697;s3_account_level_public_access_blocks;False;DORA;Digital Operational Resilience Act (Regulation (EU) 2022/2554)
aws;"The Digital Operational Resilience Act (DORA) is a European Union regulation (Regulation (EU) 2022/2554) that sets a uniform framework for the digital operational resilience of the EU financial sector. Mandatory since 17 January 2025, it applies to financial entities (banks, insurers, investment firms, payment institutions, etc.) and to ICT third-party service providers. DORA is structured around five pillars: ICT risk management, ICT-related incident reporting, digital operational resilience testing, ICT third-party risk management, and information sharing. This Prowler mapping covers the technical controls auditable from cloud configuration; the organisational, contractual and supervisory obligations defined in DORA must be addressed outside of Prowler.";858573892697;us-east-1;2026-09-13 22:26:32.575478;DORA-Art9;Financial entities shall continuously monitor and control the security and functioning of ICT systems and tools and minimise the impact of ICT risk by deploying appropriate ICT security tools, policies and procedures. Encryption at rest and in transit, blocking of public exposure, network access controls, secret management and instance hardening are central to this article.;ICT Risk Management;Article 9;Protection and prevention;FAIL;S3 Bucket nextwork-website-project-eddieqx has bucket ACLs enabled.;arn:aws:s3:::nextwork-website-project-eddieqx;nextwork-website-project-eddieqx;s3_bucket_acl_prohibited;False;DORA;Digital Operational Resilience Act (Regulation (EU) 2022/2554)
aws;"The Digital Operational Resilience Act (DORA) is a European Union regulation (Regulation (EU) 2022/2554) that sets a uniform framework for the digital operational resilience of the EU financial sector. Mandatory since 17 January 2025, it applies to financial entities (banks, insurers, investment firms, payment institutions, etc.) and to ICT third-party service providers. DORA is structured around five pillars: ICT risk management, ICT-related incident reporting, digital operational resilience testing, ICT third-party risk management, and information sharing. This Prowler mapping covers the technical controls auditable from cloud configuration; the organisational, contractual and supervisory obligations defined in DORA must be addressed outside of Prowler.";858573892697;us-east-1;2026-09-13 22:26:32.575478;DORA-Art9;Financial entities shall continuously monitor and control the security and functioning of ICT systems and tools and minimise the impact of ICT risk by deploying appropriate ICT security tools, policies and procedures. Encryption at rest and in transit, blocking of public exposure, network access controls, secret management and instance hardening are central to this article.;ICT Risk Management;Article 9;Protection and prevention;PASS;S3 Bucket vaultcloud-logs-prod-2024 has bucket ACLs disabled.;arn:aws:s3:::vaultcloud-logs-prod-2024;vaultcloud-logs-prod-2024;s3_bucket_acl_prohibited;False;DORA;Digital Operational Resilience Act (Regulation (EU) 2022/2554)
aws;"The Digital Operational Resilience Act (DORA) is a European Union regulation (Regulation (EU) 2022/2554) that sets a uniform framework for the digital operational resilience of the EU financial sector. Mandatory since 17 January 2025, it applies to financial entities (banks, insurers, investment firms, payment institutions, etc.) and to ICT third-party service providers. DORA is structured around five pillars: ICT risk management, ICT-related incident reporting, digital operational resilience testing, ICT third-party risk management, and information sharing. This Prowler mapping covers the technical controls auditable from cloud configuration; the organisational, contractual and supervisory obligations defined in DORA must be addressed outside of Prowler.";858573892697;us-east-1;2026-09-13 22:26:32.575478;DORA-Art9;Financial entities shall continuously monitor and control the security and functioning of ICT systems and tools and minimise the impact of ICT risk by deploying appropriate ICT security tools, policies and procedures. Encryption at rest and in transit, blocking of public exposure, network access controls, secret management and instance hardening are central to this article.;ICT Risk Management;Article 9;Protection and prevention;FAIL;S3 Bucket vaultcloud-uploads-prod-2024 has bucket ACLs enabled.;arn:aws:s3:::vaultcloud-uploads-prod-2024;vaultcloud-uploads-prod-2024;s3_bucket_acl_prohibited;False;DORA;Digital Operational Resilience Act (Regulation (EU) 2022/2554)
aws;"The Digital Operational Resilience Act (DORA) is a European Union regulation (Regulation (EU) 2022/2554) that sets a uniform framework for the digital operational resilience of the EU financial sector. Mandatory since 17 January 2025, it applies to financial entities (banks, insurers, investment firms, payment institutions, etc.) and to ICT third-party service providers. DORA is structured around five pillars: ICT risk management, ICT-related incident reporting, digital operational resilience testing, ICT third-party risk management, and information sharing. This Prowler mapping covers the technical controls auditable from cloud configuration; the organisational, contractual and supervisory obligations defined in DORA must be addressed outside of Prowler.";858573892697;us-east-1;2026-09-13 22:26:32.575478;DORA-Art28;Financial entities shall manage ICT third-party risk as an integral component of ICT risk within their ICT risk management framework. Cross-account access, trust boundaries, organization-level controls and dependency visibility are critical to monitor third-party exposure on AWS.;ICT Third-Party Risk Management;Article 28;General principles (ICT third-party risk);PASS;S3 Bucket nextwork-website-project-eddieqx does not have a bucket policy.;arn:aws:s3:::nextwork-website-project-eddieqx;nextwork-website-project-eddieqx;s3_bucket_cross_account_access;False;DORA;Digital Operational Resilience Act (Regulation (EU) 2022/2554)
aws;"The Digital Operational Resilience Act (DORA) is a European Union regulation (Regulation (EU) 2022/2554) that sets a uniform framework for the digital operational resilience of the EU financial sector. Mandatory since 17 January 2025, it applies to financial entities (banks, insurers, investment firms, payment institutions, etc.) and to ICT third-party service providers. DORA is structured around five pillars: ICT risk management, ICT-related incident reporting, digital operational resilience testing, ICT third-party risk management, and information sharing. This Prowler mapping covers the technical controls auditable from cloud configuration; the organisational, contractual and supervisory obligations defined in DORA must be addressed outside of Prowler.";858573892697;us-east-1;2026-09-13 22:26:32.575478;DORA-Art28;Financial entities shall manage ICT third-party risk as an integral component of ICT risk within their ICT risk management framework. Cross-account access, trust boundaries, organization-level controls and dependency visibility are critical to monitor third-party exposure on AWS.;ICT Third-Party Risk Management;Article 28;General principles (ICT third-party risk);PASS;S3 Bucket vaultcloud-logs-prod-2024 does not have a bucket policy.;arn:aws:s3:::vaultcloud-logs-prod-2024;vaultcloud-logs-prod-2024;s3_bucket_cross_account_access;False;DORA;Digital Operational Resilience Act (Regulation (EU) 2022/2554)
aws;"The Digital Operational Resilience Act (DORA) is a European Union regulation (Regulation (EU) 2022/2554) that sets a uniform framework for the digital operational resilience of the EU financial sector. Mandatory since 17 January 2025, it applies to financial entities (banks, insurers, investment firms, payment institutions, etc.) and to ICT third-party service providers. DORA is structured around five pillars: ICT risk management, ICT-related incident reporting, digital operational resilience testing, ICT third-party risk management, and information sharing. This Prowler mapping covers the technical controls auditable from cloud configuration; the organisational, contractual and supervisory obligations defined in DORA must be addressed outside of Prowler.";858573892697;us-east-1;2026-09-13 22:26:32.575478;DORA-Art28;Financial entities shall manage ICT third-party risk as an integral component of ICT risk within their ICT risk management framework. Cross-account access, trust boundaries, organization-level controls and dependency visibility are critical to monitor third-party exposure on AWS.;ICT Third-Party Risk Management;Article 28;General principles (ICT third-party risk);PASS;S3 Bucket vaultcloud-uploads-prod-2024 does not have a bucket policy.;arn:aws:s3:::vaultcloud-uploads-prod-2024;vaultcloud-uploads-prod-2024;s3_bucket_cross_account_access;False;DORA;Digital Operational Resilience Act (Regulation (EU) 2022/2554)
aws;"The Digital Operational Resilience Act (DORA) is a European Union regulation (Regulation (EU) 2022/2554) that sets a uniform framework for the digital operational resilience of the EU financial sector. Mandatory since 17 January 2025, it applies to financial entities (banks, insurers, investment firms, payment institutions, etc.) and to ICT third-party service providers. DORA is structured around five pillars: ICT risk management, ICT-related incident reporting, digital operational resilience testing, ICT third-party risk management, and information sharing. This Prowler mapping covers the technical controls auditable from cloud configuration; the organisational, contractual and supervisory obligations defined in DORA must be addressed outside of Prowler.";858573892697;us-east-1;2026-09-13 22:26:32.575478;DORA-Art12;Financial entities shall develop and document backup policies and procedures specifying the scope of data subject to backup and the minimum frequency of the backup, as well as restoration and recovery procedures and methods. Backups must be encrypted, retained, and resources must be designed for recoverability across availability zones and regions.;ICT Risk Management;Article 12;Backup policies and procedures, restoration and recovery procedures and methods;FAIL;S3 Bucket nextwork-website-project-eddieqx does not have correct cross region replication configuration.;arn:aws:s3:::nextwork-website-project-eddieqx;nextwork-website-project-eddieqx;s3_bucket_cross_region_replication;False;DORA;Digital Operational Resilience Act (Regulation (EU) 2022/2554)
aws;"The Digital Operational Resilience Act (DORA) is a European Union regulation (Regulation (EU) 2022/2554) that sets a uniform framework for the digital operational resilience of the EU financial sector. Mandatory since 17 January 2025, it applies to financial entities (banks, insurers, investment firms, payment institutions, etc.) and to ICT third-party service providers. DORA is structured around five pillars: ICT risk management, ICT-related incident reporting, digital operational resilience testing, ICT third-party risk management, and information sharing. This Prowler mapping covers the technical controls auditable from cloud configuration; the organisational, contractual and supervisory obligations defined in DORA must be addressed outside of Prowler.";858573892697;us-east-1;2026-09-13 22:26:32.575478;DORA-Art12;Financial entities shall develop and document backup policies and procedures specifying the scope of data subject to backup and the minimum frequency of the backup, as well as restoration and recovery procedures and methods. Backups must be encrypted, retained, and resources must be designed for recoverability across availability zones and regions.;ICT Risk Management;Article 12;Backup policies and procedures, restoration and recovery procedures and methods;FAIL;S3 Bucket vaultcloud-logs-prod-2024 does not have correct cross region replication configuration.;arn:aws:s3:::vaultcloud-logs-prod-2024;vaultcloud-logs-prod-2024;s3_bucket_cross_region_replication;False;DORA;Digital Operational Resilience Act (Regulation (EU) 2022/2554)
aws;"The Digital Operational Resilience Act (DORA) is a European Union regulation (Regulation (EU) 2022/2554) that sets a uniform framework for the digital operational resilience of the EU financial sector. Mandatory since 17 January 2025, it applies to financial entities (banks, insurers, investment firms, payment institutions, etc.) and to ICT third-party service providers. DORA is structured around five pillars: ICT risk management, ICT-related incident reporting, digital operational resilience testing, ICT third-party risk management, and information sharing. This Prowler mapping covers the technical controls auditable from cloud configuration; the organisational, contractual and supervisory obligations defined in DORA must be addressed outside of Prowler.";858573892697;us-east-1;2026-09-13 22:26:32.575478;DORA-Art12;Financial entities shall develop and document backup policies and procedures specifying the scope of data subject to backup and the minimum frequency of the backup, as well as restoration and recovery procedures and methods. Backups must be encrypted, retained, and resources must be designed for recoverability across availability zones and regions.;ICT Risk Management;Article 12;Backup policies and procedures, restoration and recovery procedures and methods;FAIL;S3 Bucket vaultcloud-uploads-prod-2024 does not have correct cross region replication configuration.;arn:aws:s3:::vaultcloud-uploads-prod-2024;vaultcloud-uploads-prod-2024;s3_bucket_cross_region_replication;False;DORA;Digital Operational Resilience Act (Regulation (EU) 2022/2554)
aws;"The Digital Operational Resilience Act (DORA) is a European Union regulation (Regulation (EU) 2022/2554) that sets a uniform framework for the digital operational resilience of the EU financial sector. Mandatory since 17 January 2025, it applies to financial entities (banks, insurers, investment firms, payment institutions, etc.) and to ICT third-party service providers. DORA is structured around five pillars: ICT risk management, ICT-related incident reporting, digital operational resilience testing, ICT third-party risk management, and information sharing. This Prowler mapping covers the technical controls auditable from cloud configuration; the organisational, contractual and supervisory obligations defined in DORA must be addressed outside of Prowler.";858573892697;us-east-1;2026-09-13 22:26:32.575478;DORA-Art7;Financial entities shall use and maintain updated ICT systems, protocols and tools that are appropriate to the magnitude of operations supporting ICT functions, technologically resilient, and adequately equipped to securely process data. Cryptographic primitives, certificate hygiene and network segmentation are core to this requirement.;ICT Risk Management;Article 7;ICT systems, protocols and tools;PASS;S3 Bucket nextwork-website-project-eddieqx has Server Side Encryption with AES256.;arn:aws:s3:::nextwork-website-project-eddieqx;nextwork-website-project-eddieqx;s3_bucket_default_encryption;False;DORA;Digital Operational Resilience Act (Regulation (EU) 2022/2554)
aws;"The Digital Operational Resilience Act (DORA) is a European Union regulation (Regulation (EU) 2022/2554) that sets a uniform framework for the digital operational resilience of the EU financial sector. Mandatory since 17 January 2025, it applies to financial entities (banks, insurers, investment firms, payment institutions, etc.) and to ICT third-party service providers. DORA is structured around five pillars: ICT risk management, ICT-related incident reporting, digital operational resilience testing, ICT third-party risk management, and information sharing. This Prowler mapping covers the technical controls auditable from cloud configuration; the organisational, contractual and supervisory obligations defined in DORA must be addressed outside of Prowler.";858573892697;us-east-1;2026-09-13 22:26:32.575478;DORA-Art7;Financial entities shall use and maintain updated ICT systems, protocols and tools that are appropriate to the magnitude of operations supporting ICT functions, technologically resilient, and adequately equipped to securely process data. Cryptographic primitives, certificate hygiene and network segmentation are core to this requirement.;ICT Risk Management;Article 7;ICT systems, protocols and tools;PASS;S3 Bucket vaultcloud-logs-prod-2024 has Server Side Encryption with AES256.;arn:aws:s3:::vaultcloud-logs-prod-2024;vaultcloud-logs-prod-2024;s3_bucket_default_encryption;False;DORA;Digital Operational Resilience Act (Regulation (EU) 2022/2554)
aws;"The Digital Operational Resilience Act (DORA) is a European Union regulation (Regulation (EU) 2022/2554) that sets a uniform framework for the digital operational resilience of the EU financial sector. Mandatory since 17 January 2025, it applies to financial entities (banks, insurers, investment firms, payment institutions, etc.) and to ICT third-party service providers. DORA is structured around five pillars: ICT risk management, ICT-related incident reporting, digital operational resilience testing, ICT third-party risk management, and information sharing. This Prowler mapping covers the technical controls auditable from cloud configuration; the organisational, contractual and supervisory obligations defined in DORA must be addressed outside of Prowler.";858573892697;us-east-1;2026-09-13 22:26:32.575478;DORA-Art7;Financial entities shall use and maintain updated ICT systems, protocols and tools that are appropriate to the magnitude of operations supporting ICT functions, technologically resilient, and adequately equipped to securely process data. Cryptographic primitives, certificate hygiene and network segmentation are core to this requirement.;ICT Risk Management;Article 7;ICT systems, protocols and tools;PASS;S3 Bucket vaultcloud-uploads-prod-2024 has Server Side Encryption with AES256.;arn:aws:s3:::vaultcloud-uploads-prod-2024;vaultcloud-uploads-prod-2024;s3_bucket_default_encryption;False;DORA;Digital Operational Resilience Act (Regulation (EU) 2022/2554)
aws;"The Digital Operational Resilience Act (DORA) is a European Union regulation (Regulation (EU) 2022/2554) that sets a uniform framework for the digital operational resilience of the EU financial sector. Mandatory since 17 January 2025, it applies to financial entities (banks, insurers, investment firms, payment institutions, etc.) and to ICT third-party service providers. DORA is structured around five pillars: ICT risk management, ICT-related incident reporting, digital operational resilience testing, ICT third-party risk management, and information sharing. This Prowler mapping covers the technical controls auditable from cloud configuration; the organisational, contractual and supervisory obligations defined in DORA must be addressed outside of Prowler.";858573892697;us-east-1;2026-09-13 22:26:32.575478;DORA-Art7;Financial entities shall use and maintain updated ICT systems, protocols and tools that are appropriate to the magnitude of operations supporting ICT functions, technologically resilient, and adequately equipped to securely process data. Cryptographic primitives, certificate hygiene and network segmentation are core to this requirement.;ICT Risk Management;Article 7;ICT systems, protocols and tools;FAIL;Server Side Encryption is not configured with kms for S3 Bucket nextwork-website-project-eddieqx.;arn:aws:s3:::nextwork-website-project-eddieqx;nextwork-website-project-eddieqx;s3_bucket_kms_encryption;False;DORA;Digital Operational Resilience Act (Regulation (EU) 2022/2554)
aws;"The Digital Operational Resilience Act (DORA) is a European Union regulation (Regulation (EU) 2022/2554) that sets a uniform framework for the digital operational resilience of the EU financial sector. Mandatory since 17 January 2025, it applies to financial entities (banks, insurers, investment firms, payment institutions, etc.) and to ICT third-party service providers. DORA is structured around five pillars: ICT risk management, ICT-related incident reporting, digital operational resilience testing, ICT third-party risk management, and information sharing. This Prowler mapping covers the technical controls auditable from cloud configuration; the organisational, contractual and supervisory obligations defined in DORA must be addressed outside of Prowler.";858573892697;us-east-1;2026-09-13 22:26:32.575478;DORA-Art7;Financial entities shall use and maintain updated ICT systems, protocols and tools that are appropriate to the magnitude of operations supporting ICT functions, technologically resilient, and adequately equipped to securely process data. Cryptographic primitives, certificate hygiene and network segmentation are core to this requirement.;ICT Risk Management;Article 7;ICT systems, protocols and tools;FAIL;Server Side Encryption is not configured with kms for S3 Bucket vaultcloud-logs-prod-2024.;arn:aws:s3:::vaultcloud-logs-prod-2024;vaultcloud-logs-prod-2024;s3_bucket_kms_encryption;False;DORA;Digital Operational Resilience Act (Regulation (EU) 2022/2554)
aws;"The Digital Operational Resilience Act (DORA) is a European Union regulation (Regulation (EU) 2022/2554) that sets a uniform framework for the digital operational resilience of the EU financial sector. Mandatory since 17 January 2025, it applies to financial entities (banks, insurers, investment firms, payment institutions, etc.) and to ICT third-party service providers. DORA is structured around five pillars: ICT risk management, ICT-related incident reporting, digital operational resilience testing, ICT third-party risk management, and information sharing. This Prowler mapping covers the technical controls auditable from cloud configuration; the organisational, contractual and supervisory obligations defined in DORA must be addressed outside of Prowler.";858573892697;us-east-1;2026-09-13 22:26:32.575478;DORA-Art7;Financial entities shall use and maintain updated ICT systems, protocols and tools that are appropriate to the magnitude of operations supporting ICT functions, technologically resilient, and adequately equipped to securely process data. Cryptographic primitives, certificate hygiene and network segmentation are core to this requirement.;ICT Risk Management;Article 7;ICT systems, protocols and tools;FAIL;Server Side Encryption is not configured with kms for S3 Bucket vaultcloud-uploads-prod-2024.;arn:aws:s3:::vaultcloud-uploads-prod-2024;vaultcloud-uploads-prod-2024;s3_bucket_kms_encryption;False;DORA;Digital Operational Resilience Act (Regulation (EU) 2022/2554)
aws;"The Digital Operational Resilience Act (DORA) is a European Union regulation (Regulation (EU) 2022/2554) that sets a uniform framework for the digital operational resilience of the EU financial sector. Mandatory since 17 January 2025, it applies to financial entities (banks, insurers, investment firms, payment institutions, etc.) and to ICT third-party service providers. DORA is structured around five pillars: ICT risk management, ICT-related incident reporting, digital operational resilience testing, ICT third-party risk management, and information sharing. This Prowler mapping covers the technical controls auditable from cloud configuration; the organisational, contractual and supervisory obligations defined in DORA must be addressed outside of Prowler.";858573892697;us-east-1;2026-09-13 22:26:32.575478;DORA-Art9;Financial entities shall continuously monitor and control the security and functioning of ICT systems and tools and minimise the impact of ICT risk by deploying appropriate ICT security tools, policies and procedures. Encryption at rest and in transit, blocking of public exposure, network access controls, secret management and instance hardening are central to this article.;ICT Risk Management;Article 9;Protection and prevention;FAIL;Block Public Access is not configured for the S3 Bucket nextwork-website-project-eddieqx.;arn:aws:s3:::nextwork-website-project-eddieqx;nextwork-website-project-eddieqx;s3_bucket_level_public_access_block;False;DORA;Digital Operational Resilience Act (Regulation (EU) 2022/2554)
aws;"The Digital Operational Resilience Act (DORA) is a European Union regulation (Regulation (EU) 2022/2554) that sets a uniform framework for the digital operational resilience of the EU financial sector. Mandatory since 17 January 2025, it applies to financial entities (banks, insurers, investment firms, payment institutions, etc.) and to ICT third-party service providers. DORA is structured around five pillars: ICT risk management, ICT-related incident reporting, digital operational resilience testing, ICT third-party risk management, and information sharing. This Prowler mapping covers the technical controls auditable from cloud configuration; the organisational, contractual and supervisory obligations defined in DORA must be addressed outside of Prowler.";858573892697;us-east-1;2026-09-13 22:26:32.575478;DORA-Art9;Financial entities shall continuously monitor and control the security and functioning of ICT systems and tools and minimise the impact of ICT risk by deploying appropriate ICT security tools, policies and procedures. Encryption at rest and in transit, blocking of public exposure, network access controls, secret management and instance hardening are central to this article.;ICT Risk Management;Article 9;Protection and prevention;PASS;Block Public Access is configured for the S3 Bucket vaultcloud-logs-prod-2024.;arn:aws:s3:::vaultcloud-logs-prod-2024;vaultcloud-logs-prod-2024;s3_bucket_level_public_access_block;False;DORA;Digital Operational Resilience Act (Regulation (EU) 2022/2554)
aws;"The Digital Operational Resilience Act (DORA) is a European Union regulation (Regulation (EU) 2022/2554) that sets a uniform framework for the digital operational resilience of the EU financial sector. Mandatory since 17 January 2025, it applies to financial entities (banks, insurers, investment firms, payment institutions, etc.) and to ICT third-party service providers. DORA is structured around five pillars: ICT risk management, ICT-related incident reporting, digital operational resilience testing, ICT third-party risk management, and information sharing. This Prowler mapping covers the technical controls auditable from cloud configuration; the organisational, contractual and supervisory obligations defined in DORA must be addressed outside of Prowler.";858573892697;us-east-1;2026-09-13 22:26:32.575478;DORA-Art9;Financial entities shall continuously monitor and control the security and functioning of ICT systems and tools and minimise the impact of ICT risk by deploying appropriate ICT security tools, policies and procedures. Encryption at rest and in transit, blocking of public exposure, network access controls, secret management and instance hardening are central to this article.;ICT Risk Management;Article 9;Protection and prevention;PASS;Block Public Access is configured for the S3 Bucket vaultcloud-uploads-prod-2024.;arn:aws:s3:::vaultcloud-uploads-prod-2024;vaultcloud-uploads-prod-2024;s3_bucket_level_public_access_block;False;DORA;Digital Operational Resilience Act (Regulation (EU) 2022/2554)
aws;"The Digital Operational Resilience Act (DORA) is a European Union regulation (Regulation (EU) 2022/2554) that sets a uniform framework for the digital operational resilience of the EU financial sector. Mandatory since 17 January 2025, it applies to financial entities (banks, insurers, investment firms, payment institutions, etc.) and to ICT third-party service providers. DORA is structured around five pillars: ICT risk management, ICT-related incident reporting, digital operational resilience testing, ICT third-party risk management, and information sharing. This Prowler mapping covers the technical controls auditable from cloud configuration; the organisational, contractual and supervisory obligations defined in DORA must be addressed outside of Prowler.";858573892697;us-east-1;2026-09-13 22:26:32.575478;DORA-Art12;Financial entities shall develop and document backup policies and procedures specifying the scope of data subject to backup and the minimum frequency of the backup, as well as restoration and recovery procedures and methods. Backups must be encrypted, retained, and resources must be designed for recoverability across availability zones and regions.;ICT Risk Management;Article 12;Backup policies and procedures, restoration and recovery procedures and methods;FAIL;S3 Bucket nextwork-website-project-eddieqx has MFA Delete disabled.;arn:aws:s3:::nextwork-website-project-eddieqx;nextwork-website-project-eddieqx;s3_bucket_no_mfa_delete;False;DORA;Digital Operational Resilience Act (Regulation (EU) 2022/2554)
aws;"The Digital Operational Resilience Act (DORA) is a European Union regulation (Regulation (EU) 2022/2554) that sets a uniform framework for the digital operational resilience of the EU financial sector. Mandatory since 17 January 2025, it applies to financial entities (banks, insurers, investment firms, payment institutions, etc.) and to ICT third-party service providers. DORA is structured around five pillars: ICT risk management, ICT-related incident reporting, digital operational resilience testing, ICT third-party risk management, and information sharing. This Prowler mapping covers the technical controls auditable from cloud configuration; the organisational, contractual and supervisory obligations defined in DORA must be addressed outside of Prowler.";858573892697;us-east-1;2026-09-13 22:26:32.575478;DORA-Art12;Financial entities shall develop and document backup policies and procedures specifying the scope of data subject to backup and the minimum frequency of the backup, as well as restoration and recovery procedures and methods. Backups must be encrypted, retained, and resources must be designed for recoverability across availability zones and regions.;ICT Risk Management;Article 12;Backup policies and procedures, restoration and recovery procedures and methods;FAIL;S3 Bucket vaultcloud-logs-prod-2024 has MFA Delete disabled.;arn:aws:s3:::vaultcloud-logs-prod-2024;vaultcloud-logs-prod-2024;s3_bucket_no_mfa_delete;False;DORA;Digital Operational Resilience Act (Regulation (EU) 2022/2554)
aws;"The Digital Operational Resilience Act (DORA) is a European Union regulation (Regulation (EU) 2022/2554) that sets a uniform framework for the digital operational resilience of the EU financial sector. Mandatory since 17 January 2025, it applies to financial entities (banks, insurers, investment firms, payment institutions, etc.) and to ICT third-party service providers. DORA is structured around five pillars: ICT risk management, ICT-related incident reporting, digital operational resilience testing, ICT third-party risk management, and information sharing. This Prowler mapping covers the technical controls auditable from cloud configuration; the organisational, contractual and supervisory obligations defined in DORA must be addressed outside of Prowler.";858573892697;us-east-1;2026-09-13 22:26:32.575478;DORA-Art12;Financial entities shall develop and document backup policies and procedures specifying the scope of data subject to backup and the minimum frequency of the backup, as well as restoration and recovery procedures and methods. Backups must be encrypted, retained, and resources must be designed for recoverability across availability zones and regions.;ICT Risk Management;Article 12;Backup policies and procedures, restoration and recovery procedures and methods;FAIL;S3 Bucket vaultcloud-uploads-prod-2024 has MFA Delete disabled.;arn:aws:s3:::vaultcloud-uploads-prod-2024;vaultcloud-uploads-prod-2024;s3_bucket_no_mfa_delete;False;DORA;Digital Operational Resilience Act (Regulation (EU) 2022/2554)
aws;"The Digital Operational Resilience Act (DORA) is a European Union regulation (Regulation (EU) 2022/2554) that sets a uniform framework for the digital operational resilience of the EU financial sector. Mandatory since 17 January 2025, it applies to financial entities (banks, insurers, investment firms, payment institutions, etc.) and to ICT third-party service providers. DORA is structured around five pillars: ICT risk management, ICT-related incident reporting, digital operational resilience testing, ICT third-party risk management, and information sharing. This Prowler mapping covers the technical controls auditable from cloud configuration; the organisational, contractual and supervisory obligations defined in DORA must be addressed outside of Prowler.";858573892697;us-east-1;2026-09-13 22:26:32.575478;DORA-Art12;Financial entities shall develop and document backup policies and procedures specifying the scope of data subject to backup and the minimum frequency of the backup, as well as restoration and recovery procedures and methods. Backups must be encrypted, retained, and resources must be designed for recoverability across availability zones and regions.;ICT Risk Management;Article 12;Backup policies and procedures, restoration and recovery procedures and methods;FAIL;S3 Bucket nextwork-website-project-eddieqx has Object Lock disabled.;arn:aws:s3:::nextwork-website-project-eddieqx;nextwork-website-project-eddieqx;s3_bucket_object_lock;False;DORA;Digital Operational Resilience Act (Regulation (EU) 2022/2554)
aws;"The Digital Operational Resilience Act (DORA) is a European Union regulation (Regulation (EU) 2022/2554) that sets a uniform framework for the digital operational resilience of the EU financial sector. Mandatory since 17 January 2025, it applies to financial entities (banks, insurers, investment firms, payment institutions, etc.) and to ICT third-party service providers. DORA is structured around five pillars: ICT risk management, ICT-related incident reporting, digital operational resilience testing, ICT third-party risk management, and information sharing. This Prowler mapping covers the technical controls auditable from cloud configuration; the organisational, contractual and supervisory obligations defined in DORA must be addressed outside of Prowler.";858573892697;us-east-1;2026-09-13 22:26:32.575478;DORA-Art12;Financial entities shall develop and document backup policies and procedures specifying the scope of data subject to backup and the minimum frequency of the backup, as well as restoration and recovery procedures and methods. Backups must be encrypted, retained, and resources must be designed for recoverability across availability zones and regions.;ICT Risk Management;Article 12;Backup policies and procedures, restoration and recovery procedures and methods;FAIL;S3 Bucket vaultcloud-logs-prod-2024 has Object Lock disabled.;arn:aws:s3:::vaultcloud-logs-prod-2024;vaultcloud-logs-prod-2024;s3_bucket_object_lock;False;DORA;Digital Operational Resilience Act (Regulation (EU) 2022/2554)
aws;"The Digital Operational Resilience Act (DORA) is a European Union regulation (Regulation (EU) 2022/2554) that sets a uniform framework for the digital operational resilience of the EU financial sector. Mandatory since 17 January 2025, it applies to financial entities (banks, insurers, investment firms, payment institutions, etc.) and to ICT third-party service providers. DORA is structured around five pillars: ICT risk management, ICT-related incident reporting, digital operational resilience testing, ICT third-party risk management, and information sharing. This Prowler mapping covers the technical controls auditable from cloud configuration; the organisational, contractual and supervisory obligations defined in DORA must be addressed outside of Prowler.";858573892697;us-east-1;2026-09-13 22:26:32.575478;DORA-Art12;Financial entities shall develop and document backup policies and procedures specifying the scope of data subject to backup and the minimum frequency of the backup, as well as restoration and recovery procedures and methods. Backups must be encrypted, retained, and resources must be designed for recoverability across availability zones and regions.;ICT Risk Management;Article 12;Backup policies and procedures, restoration and recovery procedures and methods;FAIL;S3 Bucket vaultcloud-uploads-prod-2024 has Object Lock disabled.;arn:aws:s3:::vaultcloud-uploads-prod-2024;vaultcloud-uploads-prod-2024;s3_bucket_object_lock;False;DORA;Digital Operational Resilience Act (Regulation (EU) 2022/2554)
aws;"The Digital Operational Resilience Act (DORA) is a European Union regulation (Regulation (EU) 2022/2554) that sets a uniform framework for the digital operational resilience of the EU financial sector. Mandatory since 17 January 2025, it applies to financial entities (banks, insurers, investment firms, payment institutions, etc.) and to ICT third-party service providers. DORA is structured around five pillars: ICT risk management, ICT-related incident reporting, digital operational resilience testing, ICT third-party risk management, and information sharing. This Prowler mapping covers the technical controls auditable from cloud configuration; the organisational, contractual and supervisory obligations defined in DORA must be addressed outside of Prowler.";858573892697;us-east-1;2026-09-13 22:26:32.575478;DORA-Art12;Financial entities shall develop and document backup policies and procedures specifying the scope of data subject to backup and the minimum frequency of the backup, as well as restoration and recovery procedures and methods. Backups must be encrypted, retained, and resources must be designed for recoverability across availability zones and regions.;ICT Risk Management;Article 12;Backup policies and procedures, restoration and recovery procedures and methods;PASS;S3 Bucket nextwork-website-project-eddieqx has versioning enabled.;arn:aws:s3:::nextwork-website-project-eddieqx;nextwork-website-project-eddieqx;s3_bucket_object_versioning;False;DORA;Digital Operational Resilience Act (Regulation (EU) 2022/2554)
aws;"The Digital Operational Resilience Act (DORA) is a European Union regulation (Regulation (EU) 2022/2554) that sets a uniform framework for the digital operational resilience of the EU financial sector. Mandatory since 17 January 2025, it applies to financial entities (banks, insurers, investment firms, payment institutions, etc.) and to ICT third-party service providers. DORA is structured around five pillars: ICT risk management, ICT-related incident reporting, digital operational resilience testing, ICT third-party risk management, and information sharing. This Prowler mapping covers the technical controls auditable from cloud configuration; the organisational, contractual and supervisory obligations defined in DORA must be addressed outside of Prowler.";858573892697;us-east-1;2026-09-13 22:26:32.575478;DORA-Art12;Financial entities shall develop and document backup policies and procedures specifying the scope of data subject to backup and the minimum frequency of the backup, as well as restoration and recovery procedures and methods. Backups must be encrypted, retained, and resources must be designed for recoverability across availability zones and regions.;ICT Risk Management;Article 12;Backup policies and procedures, restoration and recovery procedures and methods;FAIL;S3 Bucket vaultcloud-logs-prod-2024 has versioning disabled.;arn:aws:s3:::vaultcloud-logs-prod-2024;vaultcloud-logs-prod-2024;s3_bucket_object_versioning;False;DORA;Digital Operational Resilience Act (Regulation (EU) 2022/2554)
aws;"The Digital Operational Resilience Act (DORA) is a European Union regulation (Regulation (EU) 2022/2554) that sets a uniform framework for the digital operational resilience of the EU financial sector. Mandatory since 17 January 2025, it applies to financial entities (banks, insurers, investment firms, payment institutions, etc.) and to ICT third-party service providers. DORA is structured around five pillars: ICT risk management, ICT-related incident reporting, digital operational resilience testing, ICT third-party risk management, and information sharing. This Prowler mapping covers the technical controls auditable from cloud configuration; the organisational, contractual and supervisory obligations defined in DORA must be addressed outside of Prowler.";858573892697;us-east-1;2026-09-13 22:26:32.575478;DORA-Art12;Financial entities shall develop and document backup policies and procedures specifying the scope of data subject to backup and the minimum frequency of the backup, as well as restoration and recovery procedures and methods. Backups must be encrypted, retained, and resources must be designed for recoverability across availability zones and regions.;ICT Risk Management;Article 12;Backup policies and procedures, restoration and recovery procedures and methods;FAIL;S3 Bucket vaultcloud-uploads-prod-2024 has versioning disabled.;arn:aws:s3:::vaultcloud-uploads-prod-2024;vaultcloud-uploads-prod-2024;s3_bucket_object_versioning;False;DORA;Digital Operational Resilience Act (Regulation (EU) 2022/2554)
aws;"The Digital Operational Resilience Act (DORA) is a European Union regulation (Regulation (EU) 2022/2554) that sets a uniform framework for the digital operational resilience of the EU financial sector. Mandatory since 17 January 2025, it applies to financial entities (banks, insurers, investment firms, payment institutions, etc.) and to ICT third-party service providers. DORA is structured around five pillars: ICT risk management, ICT-related incident reporting, digital operational resilience testing, ICT third-party risk management, and information sharing. This Prowler mapping covers the technical controls auditable from cloud configuration; the organisational, contractual and supervisory obligations defined in DORA must be addressed outside of Prowler.";858573892697;us-east-1;2026-09-13 22:26:32.575478;DORA-Art9;Financial entities shall continuously monitor and control the security and functioning of ICT systems and tools and minimise the impact of ICT risk by deploying appropriate ICT security tools, policies and procedures. Encryption at rest and in transit, blocking of public exposure, network access controls, secret management and instance hardening are central to this article.;ICT Risk Management;Article 9;Protection and prevention;PASS;S3 Bucket nextwork-website-project-eddieqx does not have a bucket policy.;arn:aws:s3:::nextwork-website-project-eddieqx;nextwork-website-project-eddieqx;s3_bucket_policy_public_write_access;False;DORA;Digital Operational Resilience Act (Regulation (EU) 2022/2554)
aws;"The Digital Operational Resilience Act (DORA) is a European Union regulation (Regulation (EU) 2022/2554) that sets a uniform framework for the digital operational resilience of the EU financial sector. Mandatory since 17 January 2025, it applies to financial entities (banks, insurers, investment firms, payment institutions, etc.) and to ICT third-party service providers. DORA is structured around five pillars: ICT risk management, ICT-related incident reporting, digital operational resilience testing, ICT third-party risk management, and information sharing. This Prowler mapping covers the technical controls auditable from cloud configuration; the organisational, contractual and supervisory obligations defined in DORA must be addressed outside of Prowler.";858573892697;us-east-1;2026-09-13 22:26:32.575478;DORA-Art9;Financial entities shall continuously monitor and control the security and functioning of ICT systems and tools and minimise the impact of ICT risk by deploying appropriate ICT security tools, policies and procedures. Encryption at rest and in transit, blocking of public exposure, network access controls, secret management and instance hardening are central to this article.;ICT Risk Management;Article 9;Protection and prevention;PASS;S3 Bucket vaultcloud-logs-prod-2024 does not have a bucket policy.;arn:aws:s3:::vaultcloud-logs-prod-2024;vaultcloud-logs-prod-2024;s3_bucket_policy_public_write_access;False;DORA;Digital Operational Resilience Act (Regulation (EU) 2022/2554)
aws;"The Digital Operational Resilience Act (DORA) is a European Union regulation (Regulation (EU) 2022/2554) that sets a uniform framework for the digital operational resilience of the EU financial sector. Mandatory since 17 January 2025, it applies to financial entities (banks, insurers, investment firms, payment institutions, etc.) and to ICT third-party service providers. DORA is structured around five pillars: ICT risk management, ICT-related incident reporting, digital operational resilience testing, ICT third-party risk management, and information sharing. This Prowler mapping covers the technical controls auditable from cloud configuration; the organisational, contractual and supervisory obligations defined in DORA must be addressed outside of Prowler.";858573892697;us-east-1;2026-09-13 22:26:32.575478;DORA-Art9;Financial entities shall continuously monitor and control the security and functioning of ICT systems and tools and minimise the impact of ICT risk by deploying appropriate ICT security tools, policies and procedures. Encryption at rest and in transit, blocking of public exposure, network access controls, secret management and instance hardening are central to this article.;ICT Risk Management;Article 9;Protection and prevention;PASS;S3 Bucket vaultcloud-uploads-prod-2024 does not have a bucket policy.;arn:aws:s3:::vaultcloud-uploads-prod-2024;vaultcloud-uploads-prod-2024;s3_bucket_policy_public_write_access;False;DORA;Digital Operational Resilience Act (Regulation (EU) 2022/2554)
aws;"The Digital Operational Resilience Act (DORA) is a European Union regulation (Regulation (EU) 2022/2554) that sets a uniform framework for the digital operational resilience of the EU financial sector. Mandatory since 17 January 2025, it applies to financial entities (banks, insurers, investment firms, payment institutions, etc.) and to ICT third-party service providers. DORA is structured around five pillars: ICT risk management, ICT-related incident reporting, digital operational resilience testing, ICT third-party risk management, and information sharing. This Prowler mapping covers the technical controls auditable from cloud configuration; the organisational, contractual and supervisory obligations defined in DORA must be addressed outside of Prowler.";858573892697;us-east-1;2026-09-13 22:26:32.575478;DORA-Art9;Financial entities shall continuously monitor and control the security and functioning of ICT systems and tools and minimise the impact of ICT risk by deploying appropriate ICT security tools, policies and procedures. Encryption at rest and in transit, blocking of public exposure, network access controls, secret management and instance hardening are central to this article.;ICT Risk Management;Article 9;Protection and prevention;PASS;S3 Bucket nextwork-website-project-eddieqx is not public.;arn:aws:s3:::nextwork-website-project-eddieqx;nextwork-website-project-eddieqx;s3_bucket_public_access;False;DORA;Digital Operational Resilience Act (Regulation (EU) 2022/2554)
aws;"The Digital Operational Resilience Act (DORA) is a European Union regulation (Regulation (EU) 2022/2554) that sets a uniform framework for the digital operational resilience of the EU financial sector. Mandatory since 17 January 2025, it applies to financial entities (banks, insurers, investment firms, payment institutions, etc.) and to ICT third-party service providers. DORA is structured around five pillars: ICT risk management, ICT-related incident reporting, digital operational resilience testing, ICT third-party risk management, and information sharing. This Prowler mapping covers the technical controls auditable from cloud configuration; the organisational, contractual and supervisory obligations defined in DORA must be addressed outside of Prowler.";858573892697;us-east-1;2026-09-13 22:26:32.575478;DORA-Art9;Financial entities shall continuously monitor and control the security and functioning of ICT systems and tools and minimise the impact of ICT risk by deploying appropriate ICT security tools, policies and procedures. Encryption at rest and in transit, blocking of public exposure, network access controls, secret management and instance hardening are central to this article.;ICT Risk Management;Article 9;Protection and prevention;PASS;S3 Bucket vaultcloud-logs-prod-2024 is not public.;arn:aws:s3:::vaultcloud-logs-prod-2024;vaultcloud-logs-prod-2024;s3_bucket_public_access;False;DORA;Digital Operational Resilience Act (Regulation (EU) 2022/2554)
aws;"The Digital Operational Resilience Act (DORA) is a European Union regulation (Regulation (EU) 2022/2554) that sets a uniform framework for the digital operational resilience of the EU financial sector. Mandatory since 17 January 2025, it applies to financial entities (banks, insurers, investment firms, payment institutions, etc.) and to ICT third-party service providers. DORA is structured around five pillars: ICT risk management, ICT-related incident reporting, digital operational resilience testing, ICT third-party risk management, and information sharing. This Prowler mapping covers the technical controls auditable from cloud configuration; the organisational, contractual and supervisory obligations defined in DORA must be addressed outside of Prowler.";858573892697;us-east-1;2026-09-13 22:26:32.575478;DORA-Art9;Financial entities shall continuously monitor and control the security and functioning of ICT systems and tools and minimise the impact of ICT risk by deploying appropriate ICT security tools, policies and procedures. Encryption at rest and in transit, blocking of public exposure, network access controls, secret management and instance hardening are central to this article.;ICT Risk Management;Article 9;Protection and prevention;PASS;S3 Bucket vaultcloud-uploads-prod-2024 is not public.;arn:aws:s3:::vaultcloud-uploads-prod-2024;vaultcloud-uploads-prod-2024;s3_bucket_public_access;False;DORA;Digital Operational Resilience Act (Regulation (EU) 2022/2554)
aws;"The Digital Operational Resilience Act (DORA) is a European Union regulation (Regulation (EU) 2022/2554) that sets a uniform framework for the digital operational resilience of the EU financial sector. Mandatory since 17 January 2025, it applies to financial entities (banks, insurers, investment firms, payment institutions, etc.) and to ICT third-party service providers. DORA is structured around five pillars: ICT risk management, ICT-related incident reporting, digital operational resilience testing, ICT third-party risk management, and information sharing. This Prowler mapping covers the technical controls auditable from cloud configuration; the organisational, contractual and supervisory obligations defined in DORA must be addressed outside of Prowler.";858573892697;us-east-1;2026-09-13 22:26:32.575478;DORA-Art9;Financial entities shall continuously monitor and control the security and functioning of ICT systems and tools and minimise the impact of ICT risk by deploying appropriate ICT security tools, policies and procedures. Encryption at rest and in transit, blocking of public exposure, network access controls, secret management and instance hardening are central to this article.;ICT Risk Management;Article 9;Protection and prevention;PASS;S3 Bucket nextwork-website-project-eddieqx is not publicly listable.;arn:aws:s3:::nextwork-website-project-eddieqx;nextwork-website-project-eddieqx;s3_bucket_public_list_acl;False;DORA;Digital Operational Resilience Act (Regulation (EU) 2022/2554)
aws;"The Digital Operational Resilience Act (DORA) is a European Union regulation (Regulation (EU) 2022/2554) that sets a uniform framework for the digital operational resilience of the EU financial sector. Mandatory since 17 January 2025, it applies to financial entities (banks, insurers, investment firms, payment institutions, etc.) and to ICT third-party service providers. DORA is structured around five pillars: ICT risk management, ICT-related incident reporting, digital operational resilience testing, ICT third-party risk management, and information sharing. This Prowler mapping covers the technical controls auditable from cloud configuration; the organisational, contractual and supervisory obligations defined in DORA must be addressed outside of Prowler.";858573892697;us-east-1;2026-09-13 22:26:32.575478;DORA-Art9;Financial entities shall continuously monitor and control the security and functioning of ICT systems and tools and minimise the impact of ICT risk by deploying appropriate ICT security tools, policies and procedures. Encryption at rest and in transit, blocking of public exposure, network access controls, secret management and instance hardening are central to this article.;ICT Risk Management;Article 9;Protection and prevention;PASS;S3 Bucket vaultcloud-logs-prod-2024 is not publicly listable.;arn:aws:s3:::vaultcloud-logs-prod-2024;vaultcloud-logs-prod-2024;s3_bucket_public_list_acl;False;DORA;Digital Operational Resilience Act (Regulation (EU) 2022/2554)
aws;"The Digital Operational Resilience Act (DORA) is a European Union regulation (Regulation (EU) 2022/2554) that sets a uniform framework for the digital operational resilience of the EU financial sector. Mandatory since 17 January 2025, it applies to financial entities (banks, insurers, investment firms, payment institutions, etc.) and to ICT third-party service providers. DORA is structured around five pillars: ICT risk management, ICT-related incident reporting, digital operational resilience testing, ICT third-party risk management, and information sharing. This Prowler mapping covers the technical controls auditable from cloud configuration; the organisational, contractual and supervisory obligations defined in DORA must be addressed outside of Prowler.";858573892697;us-east-1;2026-09-13 22:26:32.575478;DORA-Art9;Financial entities shall continuously monitor and control the security and functioning of ICT systems and tools and minimise the impact of ICT risk by deploying appropriate ICT security tools, policies and procedures. Encryption at rest and in transit, blocking of public exposure, network access controls, secret management and instance hardening are central to this article.;ICT Risk Management;Article 9;Protection and prevention;PASS;S3 Bucket vaultcloud-uploads-prod-2024 is not publicly listable.;arn:aws:s3:::vaultcloud-uploads-prod-2024;vaultcloud-uploads-prod-2024;s3_bucket_public_list_acl;False;DORA;Digital Operational Resilience Act (Regulation (EU) 2022/2554)
aws;"The Digital Operational Resilience Act (DORA) is a European Union regulation (Regulation (EU) 2022/2554) that sets a uniform framework for the digital operational resilience of the EU financial sector. Mandatory since 17 January 2025, it applies to financial entities (banks, insurers, investment firms, payment institutions, etc.) and to ICT third-party service providers. DORA is structured around five pillars: ICT risk management, ICT-related incident reporting, digital operational resilience testing, ICT third-party risk management, and information sharing. This Prowler mapping covers the technical controls auditable from cloud configuration; the organisational, contractual and supervisory obligations defined in DORA must be addressed outside of Prowler.";858573892697;us-east-1;2026-09-13 22:26:32.575478;DORA-Art9;Financial entities shall continuously monitor and control the security and functioning of ICT systems and tools and minimise the impact of ICT risk by deploying appropriate ICT security tools, policies and procedures. Encryption at rest and in transit, blocking of public exposure, network access controls, secret management and instance hardening are central to this article.;ICT Risk Management;Article 9;Protection and prevention;PASS;S3 Bucket nextwork-website-project-eddieqx is not publicly writable.;arn:aws:s3:::nextwork-website-project-eddieqx;nextwork-website-project-eddieqx;s3_bucket_public_write_acl;False;DORA;Digital Operational Resilience Act (Regulation (EU) 2022/2554)
aws;"The Digital Operational Resilience Act (DORA) is a European Union regulation (Regulation (EU) 2022/2554) that sets a uniform framework for the digital operational resilience of the EU financial sector. Mandatory since 17 January 2025, it applies to financial entities (banks, insurers, investment firms, payment institutions, etc.) and to ICT third-party service providers. DORA is structured around five pillars: ICT risk management, ICT-related incident reporting, digital operational resilience testing, ICT third-party risk management, and information sharing. This Prowler mapping covers the technical controls auditable from cloud configuration; the organisational, contractual and supervisory obligations defined in DORA must be addressed outside of Prowler.";858573892697;us-east-1;2026-09-13 22:26:32.575478;DORA-Art9;Financial entities shall continuously monitor and control the security and functioning of ICT systems and tools and minimise the impact of ICT risk by deploying appropriate ICT security tools, policies and procedures. Encryption at rest and in transit, blocking of public exposure, network access controls, secret management and instance hardening are central to this article.;ICT Risk Management;Article 9;Protection and prevention;PASS;S3 Bucket vaultcloud-logs-prod-2024 is not publicly writable.;arn:aws:s3:::vaultcloud-logs-prod-2024;vaultcloud-logs-prod-2024;s3_bucket_public_write_acl;False;DORA;Digital Operational Resilience Act (Regulation (EU) 2022/2554)
aws;"The Digital Operational Resilience Act (DORA) is a European Union regulation (Regulation (EU) 2022/2554) that sets a uniform framework for the digital operational resilience of the EU financial sector. Mandatory since 17 January 2025, it applies to financial entities (banks, insurers, investment firms, payment institutions, etc.) and to ICT third-party service providers. DORA is structured around five pillars: ICT risk management, ICT-related incident reporting, digital operational resilience testing, ICT third-party risk management, and information sharing. This Prowler mapping covers the technical controls auditable from cloud configuration; the organisational, contractual and supervisory obligations defined in DORA must be addressed outside of Prowler.";858573892697;us-east-1;2026-09-13 22:26:32.575478;DORA-Art9;Financial entities shall continuously monitor and control the security and functioning of ICT systems and tools and minimise the impact of ICT risk by deploying appropriate ICT security tools, policies and procedures. Encryption at rest and in transit, blocking of public exposure, network access controls, secret management and instance hardening are central to this article.;ICT Risk Management;Article 9;Protection and prevention;PASS;S3 Bucket vaultcloud-uploads-prod-2024 is not publicly writable.;arn:aws:s3:::vaultcloud-uploads-prod-2024;vaultcloud-uploads-prod-2024;s3_bucket_public_write_acl;False;DORA;Digital Operational Resilience Act (Regulation (EU) 2022/2554)
aws;"The Digital Operational Resilience Act (DORA) is a European Union regulation (Regulation (EU) 2022/2554) that sets a uniform framework for the digital operational resilience of the EU financial sector. Mandatory since 17 January 2025, it applies to financial entities (banks, insurers, investment firms, payment institutions, etc.) and to ICT third-party service providers. DORA is structured around five pillars: ICT risk management, ICT-related incident reporting, digital operational resilience testing, ICT third-party risk management, and information sharing. This Prowler mapping covers the technical controls auditable from cloud configuration; the organisational, contractual and supervisory obligations defined in DORA must be addressed outside of Prowler.";858573892697;us-east-1;2026-09-13 22:26:32.575478;DORA-Art7;Financial entities shall use and maintain updated ICT systems, protocols and tools that are appropriate to the magnitude of operations supporting ICT functions, technologically resilient, and adequately equipped to securely process data. Cryptographic primitives, certificate hygiene and network segmentation are core to this requirement.;ICT Risk Management;Article 7;ICT systems, protocols and tools;FAIL;S3 Bucket nextwork-website-project-eddieqx does not have a bucket policy, thus it allows HTTP requests.;arn:aws:s3:::nextwork-website-project-eddieqx;nextwork-website-project-eddieqx;s3_bucket_secure_transport_policy;False;DORA;Digital Operational Resilience Act (Regulation (EU) 2022/2554)
aws;"The Digital Operational Resilience Act (DORA) is a European Union regulation (Regulation (EU) 2022/2554) that sets a uniform framework for the digital operational resilience of the EU financial sector. Mandatory since 17 January 2025, it applies to financial entities (banks, insurers, investment firms, payment institutions, etc.) and to ICT third-party service providers. DORA is structured around five pillars: ICT risk management, ICT-related incident reporting, digital operational resilience testing, ICT third-party risk management, and information sharing. This Prowler mapping covers the technical controls auditable from cloud configuration; the organisational, contractual and supervisory obligations defined in DORA must be addressed outside of Prowler.";858573892697;us-east-1;2026-09-13 22:26:32.575478;DORA-Art7;Financial entities shall use and maintain updated ICT systems, protocols and tools that are appropriate to the magnitude of operations supporting ICT functions, technologically resilient, and adequately equipped to securely process data. Cryptographic primitives, certificate hygiene and network segmentation are core to this requirement.;ICT Risk Management;Article 7;ICT systems, protocols and tools;FAIL;S3 Bucket vaultcloud-logs-prod-2024 does not have a bucket policy, thus it allows HTTP requests.;arn:aws:s3:::vaultcloud-logs-prod-2024;vaultcloud-logs-prod-2024;s3_bucket_secure_transport_policy;False;DORA;Digital Operational Resilience Act (Regulation (EU) 2022/2554)
aws;"The Digital Operational Resilience Act (DORA) is a European Union regulation (Regulation (EU) 2022/2554) that sets a uniform framework for the digital operational resilience of the EU financial sector. Mandatory since 17 January 2025, it applies to financial entities (banks, insurers, investment firms, payment institutions, etc.) and to ICT third-party service providers. DORA is structured around five pillars: ICT risk management, ICT-related incident reporting, digital operational resilience testing, ICT third-party risk management, and information sharing. This Prowler mapping covers the technical controls auditable from cloud configuration; the organisational, contractual and supervisory obligations defined in DORA must be addressed outside of Prowler.";858573892697;us-east-1;2026-09-13 22:26:32.575478;DORA-Art7;Financial entities shall use and maintain updated ICT systems, protocols and tools that are appropriate to the magnitude of operations supporting ICT functions, technologically resilient, and adequately equipped to securely process data. Cryptographic primitives, certificate hygiene and network segmentation are core to this requirement.;ICT Risk Management;Article 7;ICT systems, protocols and tools;FAIL;S3 Bucket vaultcloud-uploads-prod-2024 does not have a bucket policy, thus it allows HTTP requests.;arn:aws:s3:::vaultcloud-uploads-prod-2024;vaultcloud-uploads-prod-2024;s3_bucket_secure_transport_policy;False;DORA;Digital Operational Resilience Act (Regulation (EU) 2022/2554)
aws;"The Digital Operational Resilience Act (DORA) is a European Union regulation (Regulation (EU) 2022/2554) that sets a uniform framework for the digital operational resilience of the EU financial sector. Mandatory since 17 January 2025, it applies to financial entities (banks, insurers, investment firms, payment institutions, etc.) and to ICT third-party service providers. DORA is structured around five pillars: ICT risk management, ICT-related incident reporting, digital operational resilience testing, ICT third-party risk management, and information sharing. This Prowler mapping covers the technical controls auditable from cloud configuration; the organisational, contractual and supervisory obligations defined in DORA must be addressed outside of Prowler.";858573892697;us-east-1;2026-09-13 22:26:32.575478;DORA-Art17;Financial entities shall define, establish and implement an ICT-related incident management process to detect, manage and notify ICT-related incidents. Comprehensive trail logging, log integrity protection, retention and centralisation of ICT events are foundational requirements.;ICT-Related Incident Reporting;Article 17;ICT-related incident management process;FAIL;S3 Bucket nextwork-website-project-eddieqx has server access logging disabled.;arn:aws:s3:::nextwork-website-project-eddieqx;nextwork-website-project-eddieqx;s3_bucket_server_access_logging_enabled;False;DORA;Digital Operational Resilience Act (Regulation (EU) 2022/2554)
aws;"The Digital Operational Resilience Act (DORA) is a European Union regulation (Regulation (EU) 2022/2554) that sets a uniform framework for the digital operational resilience of the EU financial sector. Mandatory since 17 January 2025, it applies to financial entities (banks, insurers, investment firms, payment institutions, etc.) and to ICT third-party service providers. DORA is structured around five pillars: ICT risk management, ICT-related incident reporting, digital operational resilience testing, ICT third-party risk management, and information sharing. This Prowler mapping covers the technical controls auditable from cloud configuration; the organisational, contractual and supervisory obligations defined in DORA must be addressed outside of Prowler.";858573892697;us-east-1;2026-09-13 22:26:32.575478;DORA-Art17;Financial entities shall define, establish and implement an ICT-related incident management process to detect, manage and notify ICT-related incidents. Comprehensive trail logging, log integrity protection, retention and centralisation of ICT events are foundational requirements.;ICT-Related Incident Reporting;Article 17;ICT-related incident management process;FAIL;S3 Bucket vaultcloud-logs-prod-2024 has server access logging disabled.;arn:aws:s3:::vaultcloud-logs-prod-2024;vaultcloud-logs-prod-2024;s3_bucket_server_access_logging_enabled;False;DORA;Digital Operational Resilience Act (Regulation (EU) 2022/2554)
aws;"The Digital Operational Resilience Act (DORA) is a European Union regulation (Regulation (EU) 2022/2554) that sets a uniform framework for the digital operational resilience of the EU financial sector. Mandatory since 17 January 2025, it applies to financial entities (banks, insurers, investment firms, payment institutions, etc.) and to ICT third-party service providers. DORA is structured around five pillars: ICT risk management, ICT-related incident reporting, digital operational resilience testing, ICT third-party risk management, and information sharing. This Prowler mapping covers the technical controls auditable from cloud configuration; the organisational, contractual and supervisory obligations defined in DORA must be addressed outside of Prowler.";858573892697;us-east-1;2026-09-13 22:26:32.575478;DORA-Art17;Financial entities shall define, establish and implement an ICT-related incident management process to detect, manage and notify ICT-related incidents. Comprehensive trail logging, log integrity protection, retention and centralisation of ICT events are foundational requirements.;ICT-Related Incident Reporting;Article 17;ICT-related incident management process;FAIL;S3 Bucket vaultcloud-uploads-prod-2024 has server access logging disabled.;arn:aws:s3:::vaultcloud-uploads-prod-2024;vaultcloud-uploads-prod-2024;s3_bucket_server_access_logging_enabled;False;DORA;Digital Operational Resilience Act (Regulation (EU) 2022/2554)
aws;"The Digital Operational Resilience Act (DORA) is a European Union regulation (Regulation (EU) 2022/2554) that sets a uniform framework for the digital operational resilience of the EU financial sector. Mandatory since 17 January 2025, it applies to financial entities (banks, insurers, investment firms, payment institutions, etc.) and to ICT third-party service providers. DORA is structured around five pillars: ICT risk management, ICT-related incident reporting, digital operational resilience testing, ICT third-party risk management, and information sharing. This Prowler mapping covers the technical controls auditable from cloud configuration; the organisational, contractual and supervisory obligations defined in DORA must be addressed outside of Prowler.";858573892697;us-east-1;2026-09-13 22:26:32.575478;DORA-Art6;Financial entities shall have an ICT risk management framework that is sound, comprehensive and well-documented, enabling them to address ICT risk quickly, efficiently and comprehensively and to ensure a high level of digital operational resilience. This includes continuous configuration recording, security findings aggregation and an enterprise-wide visibility plane.;ICT Risk Management;Article 6;ICT risk management framework;FAIL;Security Hub is not enabled.;arn:aws:securityhub:us-east-1:858573892697:hub/unknown;hub/unknown;securityhub_enabled;False;DORA;Digital Operational Resilience Act (Regulation (EU) 2022/2554)
aws;"The Digital Operational Resilience Act (DORA) is a European Union regulation (Regulation (EU) 2022/2554) that sets a uniform framework for the digital operational resilience of the EU financial sector. Mandatory since 17 January 2025, it applies to financial entities (banks, insurers, investment firms, payment institutions, etc.) and to ICT third-party service providers. DORA is structured around five pillars: ICT risk management, ICT-related incident reporting, digital operational resilience testing, ICT third-party risk management, and information sharing. This Prowler mapping covers the technical controls auditable from cloud configuration; the organisational, contractual and supervisory obligations defined in DORA must be addressed outside of Prowler.";858573892697;us-east-1;2026-09-13 22:26:32.575478;DORA-Art10;Financial entities shall have in place mechanisms to promptly detect anomalous activities, including ICT network performance issues and ICT-related incidents, and to identify potential single points of failure. Threat detection across compute, identity, storage and the API control plane is required for timely detection.;ICT Risk Management;Article 10;Detection;FAIL;Security Hub is not enabled.;arn:aws:securityhub:us-east-1:858573892697:hub/unknown;hub/unknown;securityhub_enabled;False;DORA;Digital Operational Resilience Act (Regulation (EU) 2022/2554)
aws;"The Digital Operational Resilience Act (DORA) is a European Union regulation (Regulation (EU) 2022/2554) that sets a uniform framework for the digital operational resilience of the EU financial sector. Mandatory since 17 January 2025, it applies to financial entities (banks, insurers, investment firms, payment institutions, etc.) and to ICT third-party service providers. DORA is structured around five pillars: ICT risk management, ICT-related incident reporting, digital operational resilience testing, ICT third-party risk management, and information sharing. This Prowler mapping covers the technical controls auditable from cloud configuration; the organisational, contractual and supervisory obligations defined in DORA must be addressed outside of Prowler.";858573892697;us-east-1;2026-09-13 22:26:32.575478;DORA-Art13;Financial entities shall have in place capabilities and staff to gather information on vulnerabilities and cyber threats, perform post ICT-related incident reviews, and continuously feed lessons learnt back into the ICT risk assessment process. Findings aggregation and continuous insights drive this cycle.;ICT Risk Management;Article 13;Learning and evolving;FAIL;Security Hub is not enabled.;arn:aws:securityhub:us-east-1:858573892697:hub/unknown;hub/unknown;securityhub_enabled;False;DORA;Digital Operational Resilience Act (Regulation (EU) 2022/2554)
aws;"The Digital Operational Resilience Act (DORA) is a European Union regulation (Regulation (EU) 2022/2554) that sets a uniform framework for the digital operational resilience of the EU financial sector. Mandatory since 17 January 2025, it applies to financial entities (banks, insurers, investment firms, payment institutions, etc.) and to ICT third-party service providers. DORA is structured around five pillars: ICT risk management, ICT-related incident reporting, digital operational resilience testing, ICT third-party risk management, and information sharing. This Prowler mapping covers the technical controls auditable from cloud configuration; the organisational, contractual and supervisory obligations defined in DORA must be addressed outside of Prowler.";858573892697;us-east-1;2026-09-13 22:26:32.575478;DORA-Art18;Financial entities shall classify ICT-related incidents and shall determine their impact based on criteria such as the number of clients affected, duration, geographical spread, data losses, and criticality of the services affected. Severity-aware threat detection across the estate underpins this classification.;ICT-Related Incident Reporting;Article 18;Classification of ICT-related incidents and cyber threats;FAIL;Security Hub is not enabled.;arn:aws:securityhub:us-east-1:858573892697:hub/unknown;hub/unknown;securityhub_enabled;False;DORA;Digital Operational Resilience Act (Regulation (EU) 2022/2554)
aws;"The Digital Operational Resilience Act (DORA) is a European Union regulation (Regulation (EU) 2022/2554) that sets a uniform framework for the digital operational resilience of the EU financial sector. Mandatory since 17 January 2025, it applies to financial entities (banks, insurers, investment firms, payment institutions, etc.) and to ICT third-party service providers. DORA is structured around five pillars: ICT risk management, ICT-related incident reporting, digital operational resilience testing, ICT third-party risk management, and information sharing. This Prowler mapping covers the technical controls auditable from cloud configuration; the organisational, contractual and supervisory obligations defined in DORA must be addressed outside of Prowler.";858573892697;us-east-1;2026-09-13 22:26:32.575478;DORA-Art24;Financial entities shall establish, maintain and review a sound and comprehensive digital operational resilience testing programme, as an integral part of the ICT risk management framework. Continuous vulnerability discovery, configuration assessment and instance manageability are foundational.;Digital Operational Resilience Testing;Article 24;General requirements for the performance of digital operational resilience testing;FAIL;Security Hub is not enabled.;arn:aws:securityhub:us-east-1:858573892697:hub/unknown;hub/unknown;securityhub_enabled;False;DORA;Digital Operational Resilience Act (Regulation (EU) 2022/2554)
aws;"The Digital Operational Resilience Act (DORA) is a European Union regulation (Regulation (EU) 2022/2554) that sets a uniform framework for the digital operational resilience of the EU financial sector. Mandatory since 17 January 2025, it applies to financial entities (banks, insurers, investment firms, payment institutions, etc.) and to ICT third-party service providers. DORA is structured around five pillars: ICT risk management, ICT-related incident reporting, digital operational resilience testing, ICT third-party risk management, and information sharing. This Prowler mapping covers the technical controls auditable from cloud configuration; the organisational, contractual and supervisory obligations defined in DORA must be addressed outside of Prowler.";858573892697;us-east-1;2026-09-13 22:26:32.575478;DORA-Art45;Financial entities may exchange amongst themselves cyber threat information and intelligence, including indicators of compromise, tactics, techniques and procedures, cyber security alerts and configuration tools. Centralised threat detection, sensitive data discovery and trail-based intelligence enable participation in such information-sharing arrangements.;Information Sharing;Article 45;Information-sharing arrangements on cyber threat information and intelligence;FAIL;Security Hub is not enabled.;arn:aws:securityhub:us-east-1:858573892697:hub/unknown;hub/unknown;securityhub_enabled;False;DORA;Digital Operational Resilience Act (Regulation (EU) 2022/2554)
aws;"The Digital Operational Resilience Act (DORA) is a European Union regulation (Regulation (EU) 2022/2554) that sets a uniform framework for the digital operational resilience of the EU financial sector. Mandatory since 17 January 2025, it applies to financial entities (banks, insurers, investment firms, payment institutions, etc.) and to ICT third-party service providers. DORA is structured around five pillars: ICT risk management, ICT-related incident reporting, digital operational resilience testing, ICT third-party risk management, and information sharing. This Prowler mapping covers the technical controls auditable from cloud configuration; the organisational, contractual and supervisory obligations defined in DORA must be addressed outside of Prowler.";858573892697;us-east-1;2026-09-13 22:26:32.575478;DORA-Art11;Financial entities shall put in place a comprehensive ICT business continuity policy, including ICT response and recovery plans, that ensures the continuity of ICT-supported critical or important functions. Operational alarming, automated event routing and tested recovery actions are essential.;ICT Risk Management;Article 11;Response and recovery;PASS;Subscription arn:aws:sns:us-east-1:858573892697:BillingAlarm:aa822a2f-9be1-4bf1-87a8-868c12f7b628 is using an HTTPS endpoint.;arn:aws:sns:us-east-1:858573892697:BillingAlarm:aa822a2f-9be1-4bf1-87a8-868c12f7b628;aa822a2f-9be1-4bf1-87a8-868c12f7b628;sns_subscription_not_using_http_endpoints;False;DORA;Digital Operational Resilience Act (Regulation (EU) 2022/2554)
aws;"The Digital Operational Resilience Act (DORA) is a European Union regulation (Regulation (EU) 2022/2554) that sets a uniform framework for the digital operational resilience of the EU financial sector. Mandatory since 17 January 2025, it applies to financial entities (banks, insurers, investment firms, payment institutions, etc.) and to ICT third-party service providers. DORA is structured around five pillars: ICT risk management, ICT-related incident reporting, digital operational resilience testing, ICT third-party risk management, and information sharing. This Prowler mapping covers the technical controls auditable from cloud configuration; the organisational, contractual and supervisory obligations defined in DORA must be addressed outside of Prowler.";858573892697;us-east-1;2026-09-13 22:26:32.575478;DORA-Art14;As part of the ICT risk management framework, financial entities shall have in place crisis communication plans enabling a responsible disclosure of ICT-related incidents or major vulnerabilities to clients, counterparts and the public. Reliable, encrypted and access-controlled notification channels are required.;ICT Risk Management;Article 14;Communication;PASS;Subscription arn:aws:sns:us-east-1:858573892697:BillingAlarm:aa822a2f-9be1-4bf1-87a8-868c12f7b628 is using an HTTPS endpoint.;arn:aws:sns:us-east-1:858573892697:BillingAlarm:aa822a2f-9be1-4bf1-87a8-868c12f7b628;aa822a2f-9be1-4bf1-87a8-868c12f7b628;sns_subscription_not_using_http_endpoints;False;DORA;Digital Operational Resilience Act (Regulation (EU) 2022/2554)
aws;"The Digital Operational Resilience Act (DORA) is a European Union regulation (Regulation (EU) 2022/2554) that sets a uniform framework for the digital operational resilience of the EU financial sector. Mandatory since 17 January 2025, it applies to financial entities (banks, insurers, investment firms, payment institutions, etc.) and to ICT third-party service providers. DORA is structured around five pillars: ICT risk management, ICT-related incident reporting, digital operational resilience testing, ICT third-party risk management, and information sharing. This Prowler mapping covers the technical controls auditable from cloud configuration; the organisational, contractual and supervisory obligations defined in DORA must be addressed outside of Prowler.";858573892697;us-east-1;2026-09-13 22:26:32.575478;DORA-Art19;Financial entities shall report major ICT-related incidents to the relevant competent authority and may, on a voluntary basis, notify significant cyber threats. Detective metric filters, change-tracking alarms and reliable notification topics are needed to surface and route reportable events.;ICT-Related Incident Reporting;Article 19;Reporting of major ICT-related incidents and voluntary notification of significant cyber threats;PASS;Subscription arn:aws:sns:us-east-1:858573892697:BillingAlarm:aa822a2f-9be1-4bf1-87a8-868c12f7b628 is using an HTTPS endpoint.;arn:aws:sns:us-east-1:858573892697:BillingAlarm:aa822a2f-9be1-4bf1-87a8-868c12f7b628;aa822a2f-9be1-4bf1-87a8-868c12f7b628;sns_subscription_not_using_http_endpoints;False;DORA;Digital Operational Resilience Act (Regulation (EU) 2022/2554)
aws;"The Digital Operational Resilience Act (DORA) is a European Union regulation (Regulation (EU) 2022/2554) that sets a uniform framework for the digital operational resilience of the EU financial sector. Mandatory since 17 January 2025, it applies to financial entities (banks, insurers, investment firms, payment institutions, etc.) and to ICT third-party service providers. DORA is structured around five pillars: ICT risk management, ICT-related incident reporting, digital operational resilience testing, ICT third-party risk management, and information sharing. This Prowler mapping covers the technical controls auditable from cloud configuration; the organisational, contractual and supervisory obligations defined in DORA must be addressed outside of Prowler.";858573892697;us-east-1;2026-09-13 22:26:32.575478;DORA-Art11;Financial entities shall put in place a comprehensive ICT business continuity policy, including ICT response and recovery plans, that ensures the continuity of ICT-supported critical or important functions. Operational alarming, automated event routing and tested recovery actions are essential.;ICT Risk Management;Article 11;Response and recovery;PASS;Subscription arn:aws:sns:us-east-1:858573892697:Billing_Alarm:a9c52625-1ff4-4e57-81af-068c9960198f is using an HTTPS endpoint.;arn:aws:sns:us-east-1:858573892697:Billing_Alarm:a9c52625-1ff4-4e57-81af-068c9960198f;a9c52625-1ff4-4e57-81af-068c9960198f;sns_subscription_not_using_http_endpoints;False;DORA;Digital Operational Resilience Act (Regulation (EU) 2022/2554)
aws;"The Digital Operational Resilience Act (DORA) is a European Union regulation (Regulation (EU) 2022/2554) that sets a uniform framework for the digital operational resilience of the EU financial sector. Mandatory since 17 January 2025, it applies to financial entities (banks, insurers, investment firms, payment institutions, etc.) and to ICT third-party service providers. DORA is structured around five pillars: ICT risk management, ICT-related incident reporting, digital operational resilience testing, ICT third-party risk management, and information sharing. This Prowler mapping covers the technical controls auditable from cloud configuration; the organisational, contractual and supervisory obligations defined in DORA must be addressed outside of Prowler.";858573892697;us-east-1;2026-09-13 22:26:32.575478;DORA-Art14;As part of the ICT risk management framework, financial entities shall have in place crisis communication plans enabling a responsible disclosure of ICT-related incidents or major vulnerabilities to clients, counterparts and the public. Reliable, encrypted and access-controlled notification channels are required.;ICT Risk Management;Article 14;Communication;PASS;Subscription arn:aws:sns:us-east-1:858573892697:Billing_Alarm:a9c52625-1ff4-4e57-81af-068c9960198f is using an HTTPS endpoint.;arn:aws:sns:us-east-1:858573892697:Billing_Alarm:a9c52625-1ff4-4e57-81af-068c9960198f;a9c52625-1ff4-4e57-81af-068c9960198f;sns_subscription_not_using_http_endpoints;False;DORA;Digital Operational Resilience Act (Regulation (EU) 2022/2554)
aws;"The Digital Operational Resilience Act (DORA) is a European Union regulation (Regulation (EU) 2022/2554) that sets a uniform framework for the digital operational resilience of the EU financial sector. Mandatory since 17 January 2025, it applies to financial entities (banks, insurers, investment firms, payment institutions, etc.) and to ICT third-party service providers. DORA is structured around five pillars: ICT risk management, ICT-related incident reporting, digital operational resilience testing, ICT third-party risk management, and information sharing. This Prowler mapping covers the technical controls auditable from cloud configuration; the organisational, contractual and supervisory obligations defined in DORA must be addressed outside of Prowler.";858573892697;us-east-1;2026-09-13 22:26:32.575478;DORA-Art19;Financial entities shall report major ICT-related incidents to the relevant competent authority and may, on a voluntary basis, notify significant cyber threats. Detective metric filters, change-tracking alarms and reliable notification topics are needed to surface and route reportable events.;ICT-Related Incident Reporting;Article 19;Reporting of major ICT-related incidents and voluntary notification of significant cyber threats;PASS;Subscription arn:aws:sns:us-east-1:858573892697:Billing_Alarm:a9c52625-1ff4-4e57-81af-068c9960198f is using an HTTPS endpoint.;arn:aws:sns:us-east-1:858573892697:Billing_Alarm:a9c52625-1ff4-4e57-81af-068c9960198f;a9c52625-1ff4-4e57-81af-068c9960198f;sns_subscription_not_using_http_endpoints;False;DORA;Digital Operational Resilience Act (Regulation (EU) 2022/2554)
aws;"The Digital Operational Resilience Act (DORA) is a European Union regulation (Regulation (EU) 2022/2554) that sets a uniform framework for the digital operational resilience of the EU financial sector. Mandatory since 17 January 2025, it applies to financial entities (banks, insurers, investment firms, payment institutions, etc.) and to ICT third-party service providers. DORA is structured around five pillars: ICT risk management, ICT-related incident reporting, digital operational resilience testing, ICT third-party risk management, and information sharing. This Prowler mapping covers the technical controls auditable from cloud configuration; the organisational, contractual and supervisory obligations defined in DORA must be addressed outside of Prowler.";858573892697;us-east-1;2026-09-13 22:26:32.575478;DORA-Art9;Financial entities shall continuously monitor and control the security and functioning of ICT systems and tools and minimise the impact of ICT risk by deploying appropriate ICT security tools, policies and procedures. Encryption at rest and in transit, blocking of public exposure, network access controls, secret management and instance hardening are central to this article.;ICT Risk Management;Article 9;Protection and prevention;FAIL;SNS topic BillingAlarm is not encrypted.;arn:aws:sns:us-east-1:858573892697:BillingAlarm;BillingAlarm;sns_topics_kms_encryption_at_rest_enabled;False;DORA;Digital Operational Resilience Act (Regulation (EU) 2022/2554)
aws;"The Digital Operational Resilience Act (DORA) is a European Union regulation (Regulation (EU) 2022/2554) that sets a uniform framework for the digital operational resilience of the EU financial sector. Mandatory since 17 January 2025, it applies to financial entities (banks, insurers, investment firms, payment institutions, etc.) and to ICT third-party service providers. DORA is structured around five pillars: ICT risk management, ICT-related incident reporting, digital operational resilience testing, ICT third-party risk management, and information sharing. This Prowler mapping covers the technical controls auditable from cloud configuration; the organisational, contractual and supervisory obligations defined in DORA must be addressed outside of Prowler.";858573892697;us-east-1;2026-09-13 22:26:32.575478;DORA-Art14;As part of the ICT risk management framework, financial entities shall have in place crisis communication plans enabling a responsible disclosure of ICT-related incidents or major vulnerabilities to clients, counterparts and the public. Reliable, encrypted and access-controlled notification channels are required.;ICT Risk Management;Article 14;Communication;FAIL;SNS topic BillingAlarm is not encrypted.;arn:aws:sns:us-east-1:858573892697:BillingAlarm;BillingAlarm;sns_topics_kms_encryption_at_rest_enabled;False;DORA;Digital Operational Resilience Act (Regulation (EU) 2022/2554)
aws;"The Digital Operational Resilience Act (DORA) is a European Union regulation (Regulation (EU) 2022/2554) that sets a uniform framework for the digital operational resilience of the EU financial sector. Mandatory since 17 January 2025, it applies to financial entities (banks, insurers, investment firms, payment institutions, etc.) and to ICT third-party service providers. DORA is structured around five pillars: ICT risk management, ICT-related incident reporting, digital operational resilience testing, ICT third-party risk management, and information sharing. This Prowler mapping covers the technical controls auditable from cloud configuration; the organisational, contractual and supervisory obligations defined in DORA must be addressed outside of Prowler.";858573892697;us-east-1;2026-09-13 22:26:32.575478;DORA-Art9;Financial entities shall continuously monitor and control the security and functioning of ICT systems and tools and minimise the impact of ICT risk by deploying appropriate ICT security tools, policies and procedures. Encryption at rest and in transit, blocking of public exposure, network access controls, secret management and instance hardening are central to this article.;ICT Risk Management;Article 9;Protection and prevention;FAIL;SNS topic Billing_Alarm is not encrypted.;arn:aws:sns:us-east-1:858573892697:Billing_Alarm;Billing_Alarm;sns_topics_kms_encryption_at_rest_enabled;False;DORA;Digital Operational Resilience Act (Regulation (EU) 2022/2554)
aws;"The Digital Operational Resilience Act (DORA) is a European Union regulation (Regulation (EU) 2022/2554) that sets a uniform framework for the digital operational resilience of the EU financial sector. Mandatory since 17 January 2025, it applies to financial entities (banks, insurers, investment firms, payment institutions, etc.) and to ICT third-party service providers. DORA is structured around five pillars: ICT risk management, ICT-related incident reporting, digital operational resilience testing, ICT third-party risk management, and information sharing. This Prowler mapping covers the technical controls auditable from cloud configuration; the organisational, contractual and supervisory obligations defined in DORA must be addressed outside of Prowler.";858573892697;us-east-1;2026-09-13 22:26:32.575478;DORA-Art14;As part of the ICT risk management framework, financial entities shall have in place crisis communication plans enabling a responsible disclosure of ICT-related incidents or major vulnerabilities to clients, counterparts and the public. Reliable, encrypted and access-controlled notification channels are required.;ICT Risk Management;Article 14;Communication;FAIL;SNS topic Billing_Alarm is not encrypted.;arn:aws:sns:us-east-1:858573892697:Billing_Alarm;Billing_Alarm;sns_topics_kms_encryption_at_rest_enabled;False;DORA;Digital Operational Resilience Act (Regulation (EU) 2022/2554)
aws;"The Digital Operational Resilience Act (DORA) is a European Union regulation (Regulation (EU) 2022/2554) that sets a uniform framework for the digital operational resilience of the EU financial sector. Mandatory since 17 January 2025, it applies to financial entities (banks, insurers, investment firms, payment institutions, etc.) and to ICT third-party service providers. DORA is structured around five pillars: ICT risk management, ICT-related incident reporting, digital operational resilience testing, ICT third-party risk management, and information sharing. This Prowler mapping covers the technical controls auditable from cloud configuration; the organisational, contractual and supervisory obligations defined in DORA must be addressed outside of Prowler.";858573892697;us-east-1;2026-09-13 22:26:32.575478;DORA-Art9;Financial entities shall continuously monitor and control the security and functioning of ICT systems and tools and minimise the impact of ICT risk by deploying appropriate ICT security tools, policies and procedures. Encryption at rest and in transit, blocking of public exposure, network access controls, secret management and instance hardening are central to this article.;ICT Risk Management;Article 9;Protection and prevention;PASS;SNS topic BillingAlarm is not public because its policy only allows access from the account 858573892697.;arn:aws:sns:us-east-1:858573892697:BillingAlarm;BillingAlarm;sns_topics_not_publicly_accessible;False;DORA;Digital Operational Resilience Act (Regulation (EU) 2022/2554)
aws;"The Digital Operational Resilience Act (DORA) is a European Union regulation (Regulation (EU) 2022/2554) that sets a uniform framework for the digital operational resilience of the EU financial sector. Mandatory since 17 January 2025, it applies to financial entities (banks, insurers, investment firms, payment institutions, etc.) and to ICT third-party service providers. DORA is structured around five pillars: ICT risk management, ICT-related incident reporting, digital operational resilience testing, ICT third-party risk management, and information sharing. This Prowler mapping covers the technical controls auditable from cloud configuration; the organisational, contractual and supervisory obligations defined in DORA must be addressed outside of Prowler.";858573892697;us-east-1;2026-09-13 22:26:32.575478;DORA-Art14;As part of the ICT risk management framework, financial entities shall have in place crisis communication plans enabling a responsible disclosure of ICT-related incidents or major vulnerabilities to clients, counterparts and the public. Reliable, encrypted and access-controlled notification channels are required.;ICT Risk Management;Article 14;Communication;PASS;SNS topic BillingAlarm is not public because its policy only allows access from the account 858573892697.;arn:aws:sns:us-east-1:858573892697:BillingAlarm;BillingAlarm;sns_topics_not_publicly_accessible;False;DORA;Digital Operational Resilience Act (Regulation (EU) 2022/2554)
aws;"The Digital Operational Resilience Act (DORA) is a European Union regulation (Regulation (EU) 2022/2554) that sets a uniform framework for the digital operational resilience of the EU financial sector. Mandatory since 17 January 2025, it applies to financial entities (banks, insurers, investment firms, payment institutions, etc.) and to ICT third-party service providers. DORA is structured around five pillars: ICT risk management, ICT-related incident reporting, digital operational resilience testing, ICT third-party risk management, and information sharing. This Prowler mapping covers the technical controls auditable from cloud configuration; the organisational, contractual and supervisory obligations defined in DORA must be addressed outside of Prowler.";858573892697;us-east-1;2026-09-13 22:26:32.575478;DORA-Art9;Financial entities shall continuously monitor and control the security and functioning of ICT systems and tools and minimise the impact of ICT risk by deploying appropriate ICT security tools, policies and procedures. Encryption at rest and in transit, blocking of public exposure, network access controls, secret management and instance hardening are central to this article.;ICT Risk Management;Article 9;Protection and prevention;PASS;SNS topic Billing_Alarm is not public because its policy only allows access from the account 858573892697.;arn:aws:sns:us-east-1:858573892697:Billing_Alarm;Billing_Alarm;sns_topics_not_publicly_accessible;False;DORA;Digital Operational Resilience Act (Regulation (EU) 2022/2554)
aws;"The Digital Operational Resilience Act (DORA) is a European Union regulation (Regulation (EU) 2022/2554) that sets a uniform framework for the digital operational resilience of the EU financial sector. Mandatory since 17 January 2025, it applies to financial entities (banks, insurers, investment firms, payment institutions, etc.) and to ICT third-party service providers. DORA is structured around five pillars: ICT risk management, ICT-related incident reporting, digital operational resilience testing, ICT third-party risk management, and information sharing. This Prowler mapping covers the technical controls auditable from cloud configuration; the organisational, contractual and supervisory obligations defined in DORA must be addressed outside of Prowler.";858573892697;us-east-1;2026-09-13 22:26:32.575478;DORA-Art14;As part of the ICT risk management framework, financial entities shall have in place crisis communication plans enabling a responsible disclosure of ICT-related incidents or major vulnerabilities to clients, counterparts and the public. Reliable, encrypted and access-controlled notification channels are required.;ICT Risk Management;Article 14;Communication;PASS;SNS topic Billing_Alarm is not public because its policy only allows access from the account 858573892697.;arn:aws:sns:us-east-1:858573892697:Billing_Alarm;Billing_Alarm;sns_topics_not_publicly_accessible;False;DORA;Digital Operational Resilience Act (Regulation (EU) 2022/2554)
aws;"The Digital Operational Resilience Act (DORA) is a European Union regulation (Regulation (EU) 2022/2554) that sets a uniform framework for the digital operational resilience of the EU financial sector. Mandatory since 17 January 2025, it applies to financial entities (banks, insurers, investment firms, payment institutions, etc.) and to ICT third-party service providers. DORA is structured around five pillars: ICT risk management, ICT-related incident reporting, digital operational resilience testing, ICT third-party risk management, and information sharing. This Prowler mapping covers the technical controls auditable from cloud configuration; the organisational, contractual and supervisory obligations defined in DORA must be addressed outside of Prowler.";858573892697;us-east-1;2026-09-13 22:26:32.575478;DORA-Art28;Financial entities shall manage ICT third-party risk as an integral component of ICT risk within their ICT risk management framework. Cross-account access, trust boundaries, organization-level controls and dependency visibility are critical to monitor third-party exposure on AWS.;ICT Third-Party Risk Management;Article 28;General principles (ICT third-party risk);FAIL;VPC Endpoint vpce-09442e85f61722363 in VPC vpc-00170df869bcf0ae0 can be accessed from non-trusted accounts.;arn:aws:ec2:us-east-1:858573892697:vpc-endpoint/vpce-09442e85f61722363;vpce-09442e85f61722363;vpc_endpoint_connections_trust_boundaries;False;DORA;Digital Operational Resilience Act (Regulation (EU) 2022/2554)
aws;"The Digital Operational Resilience Act (DORA) is a European Union regulation (Regulation (EU) 2022/2554) that sets a uniform framework for the digital operational resilience of the EU financial sector. Mandatory since 17 January 2025, it applies to financial entities (banks, insurers, investment firms, payment institutions, etc.) and to ICT third-party service providers. DORA is structured around five pillars: ICT risk management, ICT-related incident reporting, digital operational resilience testing, ICT third-party risk management, and information sharing. This Prowler mapping covers the technical controls auditable from cloud configuration; the organisational, contractual and supervisory obligations defined in DORA must be addressed outside of Prowler.";858573892697;us-east-1;2026-09-13 22:26:32.575478;DORA-Art17;Financial entities shall define, establish and implement an ICT-related incident management process to detect, manage and notify ICT-related incidents. Comprehensive trail logging, log integrity protection, retention and centralisation of ICT events are foundational requirements.;ICT-Related Incident Reporting;Article 17;ICT-related incident management process;FAIL;VPC vaultcloud-vpc Flow logs are disabled.;arn:aws:ec2:us-east-1:858573892697:vpc/vpc-05003d63d9533f68c;vpc-05003d63d9533f68c;vpc_flow_logs_enabled;False;DORA;Digital Operational Resilience Act (Regulation (EU) 2022/2554)
aws;"The Digital Operational Resilience Act (DORA) is a European Union regulation (Regulation (EU) 2022/2554) that sets a uniform framework for the digital operational resilience of the EU financial sector. Mandatory since 17 January 2025, it applies to financial entities (banks, insurers, investment firms, payment institutions, etc.) and to ICT third-party service providers. DORA is structured around five pillars: ICT risk management, ICT-related incident reporting, digital operational resilience testing, ICT third-party risk management, and information sharing. This Prowler mapping covers the technical controls auditable from cloud configuration; the organisational, contractual and supervisory obligations defined in DORA must be addressed outside of Prowler.";858573892697;us-east-1;2026-09-13 22:26:32.575478;DORA-Art7;Financial entities shall use and maintain updated ICT systems, protocols and tools that are appropriate to the magnitude of operations supporting ICT functions, technologically resilient, and adequately equipped to securely process data. Cryptographic primitives, certificate hygiene and network segmentation are core to this requirement.;ICT Risk Management;Article 7;ICT systems, protocols and tools;FAIL;VPC subnet subnet-060b354bc8a3f274c assigns public IP by default.;arn:aws:ec2:us-east-1:858573892697:subnet/subnet-060b354bc8a3f274c;subnet-060b354bc8a3f274c;vpc_subnet_no_public_ip_by_default;False;DORA;Digital Operational Resilience Act (Regulation (EU) 2022/2554)
aws;"The Digital Operational Resilience Act (DORA) is a European Union regulation (Regulation (EU) 2022/2554) that sets a uniform framework for the digital operational resilience of the EU financial sector. Mandatory since 17 January 2025, it applies to financial entities (banks, insurers, investment firms, payment institutions, etc.) and to ICT third-party service providers. DORA is structured around five pillars: ICT risk management, ICT-related incident reporting, digital operational resilience testing, ICT third-party risk management, and information sharing. This Prowler mapping covers the technical controls auditable from cloud configuration; the organisational, contractual and supervisory obligations defined in DORA must be addressed outside of Prowler.";858573892697;us-east-1;2026-09-13 22:26:32.575478;DORA-Art7;Financial entities shall use and maintain updated ICT systems, protocols and tools that are appropriate to the magnitude of operations supporting ICT functions, technologically resilient, and adequately equipped to securely process data. Cryptographic primitives, certificate hygiene and network segmentation are core to this requirement.;ICT Risk Management;Article 7;ICT systems, protocols and tools;FAIL;VPC subnet subnet-005a60da96b387d85 assigns public IP by default.;arn:aws:ec2:us-east-1:858573892697:subnet/subnet-005a60da96b387d85;subnet-005a60da96b387d85;vpc_subnet_no_public_ip_by_default;False;DORA;Digital Operational Resilience Act (Regulation (EU) 2022/2554)
aws;"The Digital Operational Resilience Act (DORA) is a European Union regulation (Regulation (EU) 2022/2554) that sets a uniform framework for the digital operational resilience of the EU financial sector. Mandatory since 17 January 2025, it applies to financial entities (banks, insurers, investment firms, payment institutions, etc.) and to ICT third-party service providers. DORA is structured around five pillars: ICT risk management, ICT-related incident reporting, digital operational resilience testing, ICT third-party risk management, and information sharing. This Prowler mapping covers the technical controls auditable from cloud configuration; the organisational, contractual and supervisory obligations defined in DORA must be addressed outside of Prowler.";858573892697;us-east-1;2026-09-13 22:26:32.575478;DORA-Art7;Financial entities shall use and maintain updated ICT systems, protocols and tools that are appropriate to the magnitude of operations supporting ICT functions, technologically resilient, and adequately equipped to securely process data. Cryptographic primitives, certificate hygiene and network segmentation are core to this requirement.;ICT Risk Management;Article 7;ICT systems, protocols and tools;FAIL;VPC vaultcloud-vpc has only public subnets.;arn:aws:ec2:us-east-1:858573892697:vpc/vpc-05003d63d9533f68c;vpc-05003d63d9533f68c;vpc_subnet_separate_private_public;False;DORA;Digital Operational Resilience Act (Regulation (EU) 2022/2554)
