PROVIDER;DESCRIPTION;ACCOUNTID;REGION;ASSESSMENTDATE;REQUIREMENTS_ID;REQUIREMENTS_DESCRIPTION;REQUIREMENTS_ATTRIBUTES_SECTION;REQUIREMENTS_ATTRIBUTES_SUBSECTION;REQUIREMENTS_ATTRIBUTES_SUBGROUP;REQUIREMENTS_ATTRIBUTES_SERVICE;REQUIREMENTS_ATTRIBUTES_TYPE;STATUS;STATUSEXTENDED;RESOURCEID;CHECKID;MUTED;RESOURCENAME;FRAMEWORK;NAME;REQUIREMENTS_ATTRIBUTES_COMMENT
aws;The NIST Cybersecurity Framework (CSF) is supported by governments and industries worldwide as a recommended baseline for use by any organization, regardless of sector or size. The NIST Cybersecurity Framework consists of three primary components: the framework core, the profiles, and the implementation tiers. The framework core contains desired cybersecurity activities and outcomes organized into 23 categories that cover the breadth of cybersecurity objectives for an organization. The profiles contain an organization's unique alignment of their organizational requirements and objectives, risk appetite, and resources using the desired outcomes of the framework core. The implementation tiers describe the degree to which an organization’s cybersecurity risk management practices exhibit the characteristics defined in the framework core.;858573892697;us-east-1;2026-09-13 22:26:32.575478;ac_3;Remote access is managed.;Protect (PR);Identity Management and Access Control (PR.AC);;aws;;PASS;Lambda function aws-deepracer-reward-fn-b97e40d7-25de-4452-8b6e-9cee76f5bae0 has a resource-based policy without public access.;arn:aws:lambda:us-east-1:858573892697:function:aws-deepracer-reward-fn-b97e40d7-25de-4452-8b6e-9cee76f5bae0;awslambda_function_not_publicly_accessible;False;aws-deepracer-reward-fn-b97e40d7-25de-4452-8b6e-9cee76f5bae0;NIST-CSF;National Institute of Standards and Technology (NIST) Cybersecurity Framework (CSF) v1.1;
aws;The NIST Cybersecurity Framework (CSF) is supported by governments and industries worldwide as a recommended baseline for use by any organization, regardless of sector or size. The NIST Cybersecurity Framework consists of three primary components: the framework core, the profiles, and the implementation tiers. The framework core contains desired cybersecurity activities and outcomes organized into 23 categories that cover the breadth of cybersecurity objectives for an organization. The profiles contain an organization's unique alignment of their organizational requirements and objectives, risk appetite, and resources using the desired outcomes of the framework core. The implementation tiers describe the degree to which an organization’s cybersecurity risk management practices exhibit the characteristics defined in the framework core.;858573892697;us-east-1;2026-09-13 22:26:32.575478;ac_5;Network integrity is protected (e.g., network segregation, network segmentation).;Protect (PR);Identity Management and Access Control (PR.AC);;aws;;PASS;Lambda function aws-deepracer-reward-fn-b97e40d7-25de-4452-8b6e-9cee76f5bae0 has a resource-based policy without public access.;arn:aws:lambda:us-east-1:858573892697:function:aws-deepracer-reward-fn-b97e40d7-25de-4452-8b6e-9cee76f5bae0;awslambda_function_not_publicly_accessible;False;aws-deepracer-reward-fn-b97e40d7-25de-4452-8b6e-9cee76f5bae0;NIST-CSF;National Institute of Standards and Technology (NIST) Cybersecurity Framework (CSF) v1.1;
aws;The NIST Cybersecurity Framework (CSF) is supported by governments and industries worldwide as a recommended baseline for use by any organization, regardless of sector or size. The NIST Cybersecurity Framework consists of three primary components: the framework core, the profiles, and the implementation tiers. The framework core contains desired cybersecurity activities and outcomes organized into 23 categories that cover the breadth of cybersecurity objectives for an organization. The profiles contain an organization's unique alignment of their organizational requirements and objectives, risk appetite, and resources using the desired outcomes of the framework core. The implementation tiers describe the degree to which an organization’s cybersecurity risk management practices exhibit the characteristics defined in the framework core.;858573892697;us-east-1;2026-09-13 22:26:32.575478;pt_4;Communications and control networks are protected.;Protect (PR);Protective Technology (PR.PT);;aws;;PASS;Lambda function aws-deepracer-reward-fn-b97e40d7-25de-4452-8b6e-9cee76f5bae0 has a resource-based policy without public access.;arn:aws:lambda:us-east-1:858573892697:function:aws-deepracer-reward-fn-b97e40d7-25de-4452-8b6e-9cee76f5bae0;awslambda_function_not_publicly_accessible;False;aws-deepracer-reward-fn-b97e40d7-25de-4452-8b6e-9cee76f5bae0;NIST-CSF;National Institute of Standards and Technology (NIST) Cybersecurity Framework (CSF) v1.1;
aws;The NIST Cybersecurity Framework (CSF) is supported by governments and industries worldwide as a recommended baseline for use by any organization, regardless of sector or size. The NIST Cybersecurity Framework consists of three primary components: the framework core, the profiles, and the implementation tiers. The framework core contains desired cybersecurity activities and outcomes organized into 23 categories that cover the breadth of cybersecurity objectives for an organization. The profiles contain an organization's unique alignment of their organizational requirements and objectives, risk appetite, and resources using the desired outcomes of the framework core. The implementation tiers describe the degree to which an organization’s cybersecurity risk management practices exhibit the characteristics defined in the framework core.;858573892697;us-east-1;2026-09-13 22:26:32.575478;ae_1;A baseline of network operations and expected data flows for users and systems is established and managed.;Detect (DE);Anomalies and Events (DE.AE);;aws;;FAIL;No CloudTrail trails enabled with logging were found.;arn:aws:cloudtrail:us-east-1:858573892697:trail;cloudtrail_multi_region_enabled;False;858573892697;NIST-CSF;National Institute of Standards and Technology (NIST) Cybersecurity Framework (CSF) v1.1;
aws;The NIST Cybersecurity Framework (CSF) is supported by governments and industries worldwide as a recommended baseline for use by any organization, regardless of sector or size. The NIST Cybersecurity Framework consists of three primary components: the framework core, the profiles, and the implementation tiers. The framework core contains desired cybersecurity activities and outcomes organized into 23 categories that cover the breadth of cybersecurity objectives for an organization. The profiles contain an organization's unique alignment of their organizational requirements and objectives, risk appetite, and resources using the desired outcomes of the framework core. The implementation tiers describe the degree to which an organization’s cybersecurity risk management practices exhibit the characteristics defined in the framework core.;858573892697;us-east-1;2026-09-13 22:26:32.575478;ae_3;Event data are collected and correlated from multiple sources and sensors.;Detect (DE);Anomalies and Events (DE.AE);;aws;;FAIL;No CloudTrail trails enabled with logging were found.;arn:aws:cloudtrail:us-east-1:858573892697:trail;cloudtrail_multi_region_enabled;False;858573892697;NIST-CSF;National Institute of Standards and Technology (NIST) Cybersecurity Framework (CSF) v1.1;
aws;The NIST Cybersecurity Framework (CSF) is supported by governments and industries worldwide as a recommended baseline for use by any organization, regardless of sector or size. The NIST Cybersecurity Framework consists of three primary components: the framework core, the profiles, and the implementation tiers. The framework core contains desired cybersecurity activities and outcomes organized into 23 categories that cover the breadth of cybersecurity objectives for an organization. The profiles contain an organization's unique alignment of their organizational requirements and objectives, risk appetite, and resources using the desired outcomes of the framework core. The implementation tiers describe the degree to which an organization’s cybersecurity risk management practices exhibit the characteristics defined in the framework core.;858573892697;us-east-1;2026-09-13 22:26:32.575478;ae_4;Impact of events is determined.;Detect (DE);Anomalies and Events (DE.AE);;aws;;FAIL;No CloudTrail trails enabled with logging were found.;arn:aws:cloudtrail:us-east-1:858573892697:trail;cloudtrail_multi_region_enabled;False;858573892697;NIST-CSF;National Institute of Standards and Technology (NIST) Cybersecurity Framework (CSF) v1.1;
aws;The NIST Cybersecurity Framework (CSF) is supported by governments and industries worldwide as a recommended baseline for use by any organization, regardless of sector or size. The NIST Cybersecurity Framework consists of three primary components: the framework core, the profiles, and the implementation tiers. The framework core contains desired cybersecurity activities and outcomes organized into 23 categories that cover the breadth of cybersecurity objectives for an organization. The profiles contain an organization's unique alignment of their organizational requirements and objectives, risk appetite, and resources using the desired outcomes of the framework core. The implementation tiers describe the degree to which an organization’s cybersecurity risk management practices exhibit the characteristics defined in the framework core.;858573892697;us-east-1;2026-09-13 22:26:32.575478;cm_1;The network is monitored to detect potential cybersecurity events.;Detect (DE);Security Continuous Monitoring (DE.CM);;aws;;FAIL;No CloudTrail trails enabled with logging were found.;arn:aws:cloudtrail:us-east-1:858573892697:trail;cloudtrail_multi_region_enabled;False;858573892697;NIST-CSF;National Institute of Standards and Technology (NIST) Cybersecurity Framework (CSF) v1.1;
aws;The NIST Cybersecurity Framework (CSF) is supported by governments and industries worldwide as a recommended baseline for use by any organization, regardless of sector or size. The NIST Cybersecurity Framework consists of three primary components: the framework core, the profiles, and the implementation tiers. The framework core contains desired cybersecurity activities and outcomes organized into 23 categories that cover the breadth of cybersecurity objectives for an organization. The profiles contain an organization's unique alignment of their organizational requirements and objectives, risk appetite, and resources using the desired outcomes of the framework core. The implementation tiers describe the degree to which an organization’s cybersecurity risk management practices exhibit the characteristics defined in the framework core.;858573892697;us-east-1;2026-09-13 22:26:32.575478;cm_3;Personnel activity is monitored to detect potential cybersecurity events.;Detect (DE);Security Continuous Monitoring (DE.CM);;aws;;FAIL;No CloudTrail trails enabled with logging were found.;arn:aws:cloudtrail:us-east-1:858573892697:trail;cloudtrail_multi_region_enabled;False;858573892697;NIST-CSF;National Institute of Standards and Technology (NIST) Cybersecurity Framework (CSF) v1.1;
aws;The NIST Cybersecurity Framework (CSF) is supported by governments and industries worldwide as a recommended baseline for use by any organization, regardless of sector or size. The NIST Cybersecurity Framework consists of three primary components: the framework core, the profiles, and the implementation tiers. The framework core contains desired cybersecurity activities and outcomes organized into 23 categories that cover the breadth of cybersecurity objectives for an organization. The profiles contain an organization's unique alignment of their organizational requirements and objectives, risk appetite, and resources using the desired outcomes of the framework core. The implementation tiers describe the degree to which an organization’s cybersecurity risk management practices exhibit the characteristics defined in the framework core.;858573892697;us-east-1;2026-09-13 22:26:32.575478;cm_6;External service provider activity is monitored to detect potential cybersecurity events.;Detect (DE);Security Continuous Monitoring (DE.CM);;aws;;FAIL;No CloudTrail trails enabled with logging were found.;arn:aws:cloudtrail:us-east-1:858573892697:trail;cloudtrail_multi_region_enabled;False;858573892697;NIST-CSF;National Institute of Standards and Technology (NIST) Cybersecurity Framework (CSF) v1.1;
aws;The NIST Cybersecurity Framework (CSF) is supported by governments and industries worldwide as a recommended baseline for use by any organization, regardless of sector or size. The NIST Cybersecurity Framework consists of three primary components: the framework core, the profiles, and the implementation tiers. The framework core contains desired cybersecurity activities and outcomes organized into 23 categories that cover the breadth of cybersecurity objectives for an organization. The profiles contain an organization's unique alignment of their organizational requirements and objectives, risk appetite, and resources using the desired outcomes of the framework core. The implementation tiers describe the degree to which an organization’s cybersecurity risk management practices exhibit the characteristics defined in the framework core.;858573892697;us-east-1;2026-09-13 22:26:32.575478;cm_7;Monitoring for unauthorized personnel, connections, devices, and software is performed.;Detect (DE);Security Continuous Monitoring (DE.CM);;aws;;FAIL;No CloudTrail trails enabled with logging were found.;arn:aws:cloudtrail:us-east-1:858573892697:trail;cloudtrail_multi_region_enabled;False;858573892697;NIST-CSF;National Institute of Standards and Technology (NIST) Cybersecurity Framework (CSF) v1.1;
aws;The NIST Cybersecurity Framework (CSF) is supported by governments and industries worldwide as a recommended baseline for use by any organization, regardless of sector or size. The NIST Cybersecurity Framework consists of three primary components: the framework core, the profiles, and the implementation tiers. The framework core contains desired cybersecurity activities and outcomes organized into 23 categories that cover the breadth of cybersecurity objectives for an organization. The profiles contain an organization's unique alignment of their organizational requirements and objectives, risk appetite, and resources using the desired outcomes of the framework core. The implementation tiers describe the degree to which an organization’s cybersecurity risk management practices exhibit the characteristics defined in the framework core.;858573892697;us-east-1;2026-09-13 22:26:32.575478;am_3;Organizational communication and data flows are mapped.;Identify (ID);Asset Management (ID.AM);;aws;;FAIL;No CloudTrail trails enabled with logging were found.;arn:aws:cloudtrail:us-east-1:858573892697:trail;cloudtrail_multi_region_enabled;False;858573892697;NIST-CSF;National Institute of Standards and Technology (NIST) Cybersecurity Framework (CSF) v1.1;
aws;The NIST Cybersecurity Framework (CSF) is supported by governments and industries worldwide as a recommended baseline for use by any organization, regardless of sector or size. The NIST Cybersecurity Framework consists of three primary components: the framework core, the profiles, and the implementation tiers. The framework core contains desired cybersecurity activities and outcomes organized into 23 categories that cover the breadth of cybersecurity objectives for an organization. The profiles contain an organization's unique alignment of their organizational requirements and objectives, risk appetite, and resources using the desired outcomes of the framework core. The implementation tiers describe the degree to which an organization’s cybersecurity risk management practices exhibit the characteristics defined in the framework core.;858573892697;us-east-1;2026-09-13 22:26:32.575478;ac_6;Identities are proofed and bound to credentials and asserted in interactions.;Protect (PR);Identity Management and Access Control (PR.AC);;aws;;FAIL;No CloudTrail trails enabled with logging were found.;arn:aws:cloudtrail:us-east-1:858573892697:trail;cloudtrail_multi_region_enabled;False;858573892697;NIST-CSF;National Institute of Standards and Technology (NIST) Cybersecurity Framework (CSF) v1.1;
aws;The NIST Cybersecurity Framework (CSF) is supported by governments and industries worldwide as a recommended baseline for use by any organization, regardless of sector or size. The NIST Cybersecurity Framework consists of three primary components: the framework core, the profiles, and the implementation tiers. The framework core contains desired cybersecurity activities and outcomes organized into 23 categories that cover the breadth of cybersecurity objectives for an organization. The profiles contain an organization's unique alignment of their organizational requirements and objectives, risk appetite, and resources using the desired outcomes of the framework core. The implementation tiers describe the degree to which an organization’s cybersecurity risk management practices exhibit the characteristics defined in the framework core.;858573892697;us-east-1;2026-09-13 22:26:32.575478;ds_5;Protections against data leaks are implemented.;Protect (PR);Data Security (PR.DS);;aws;;FAIL;No CloudTrail trails enabled with logging were found.;arn:aws:cloudtrail:us-east-1:858573892697:trail;cloudtrail_multi_region_enabled;False;858573892697;NIST-CSF;National Institute of Standards and Technology (NIST) Cybersecurity Framework (CSF) v1.1;
aws;The NIST Cybersecurity Framework (CSF) is supported by governments and industries worldwide as a recommended baseline for use by any organization, regardless of sector or size. The NIST Cybersecurity Framework consists of three primary components: the framework core, the profiles, and the implementation tiers. The framework core contains desired cybersecurity activities and outcomes organized into 23 categories that cover the breadth of cybersecurity objectives for an organization. The profiles contain an organization's unique alignment of their organizational requirements and objectives, risk appetite, and resources using the desired outcomes of the framework core. The implementation tiers describe the degree to which an organization’s cybersecurity risk management practices exhibit the characteristics defined in the framework core.;858573892697;us-east-1;2026-09-13 22:26:32.575478;ma_2;Remote maintenance of organizational assets is approved, logged, and performed in a manner that prevents unauthorized access.;Protect (PR);Maintenance (PR.MA);;cloudtrail;;FAIL;No CloudTrail trails enabled with logging were found.;arn:aws:cloudtrail:us-east-1:858573892697:trail;cloudtrail_multi_region_enabled;False;858573892697;NIST-CSF;National Institute of Standards and Technology (NIST) Cybersecurity Framework (CSF) v1.1;
aws;The NIST Cybersecurity Framework (CSF) is supported by governments and industries worldwide as a recommended baseline for use by any organization, regardless of sector or size. The NIST Cybersecurity Framework consists of three primary components: the framework core, the profiles, and the implementation tiers. The framework core contains desired cybersecurity activities and outcomes organized into 23 categories that cover the breadth of cybersecurity objectives for an organization. The profiles contain an organization's unique alignment of their organizational requirements and objectives, risk appetite, and resources using the desired outcomes of the framework core. The implementation tiers describe the degree to which an organization’s cybersecurity risk management practices exhibit the characteristics defined in the framework core.;858573892697;us-east-1;2026-09-13 22:26:32.575478;pt_1;Audit/log records are determined, documented, implemented, and reviewed in accordance with policy.;Protect (PR);Protective Technology (PR.PT);;aws;;FAIL;No CloudTrail trails enabled with logging were found.;arn:aws:cloudtrail:us-east-1:858573892697:trail;cloudtrail_multi_region_enabled;False;858573892697;NIST-CSF;National Institute of Standards and Technology (NIST) Cybersecurity Framework (CSF) v1.1;
aws;The NIST Cybersecurity Framework (CSF) is supported by governments and industries worldwide as a recommended baseline for use by any organization, regardless of sector or size. The NIST Cybersecurity Framework consists of three primary components: the framework core, the profiles, and the implementation tiers. The framework core contains desired cybersecurity activities and outcomes organized into 23 categories that cover the breadth of cybersecurity objectives for an organization. The profiles contain an organization's unique alignment of their organizational requirements and objectives, risk appetite, and resources using the desired outcomes of the framework core. The implementation tiers describe the degree to which an organization’s cybersecurity risk management practices exhibit the characteristics defined in the framework core.;858573892697;us-east-1;2026-09-13 22:26:32.575478;ae_3;Event data are collected and correlated from multiple sources and sensors.;Detect (DE);Anomalies and Events (DE.AE);;aws;;FAIL;No CloudTrail trails have a data event to record all S3 object-level API operations.;arn:aws:cloudtrail:us-east-1:858573892697:trail;cloudtrail_s3_dataevents_read_enabled;False;858573892697;NIST-CSF;National Institute of Standards and Technology (NIST) Cybersecurity Framework (CSF) v1.1;
aws;The NIST Cybersecurity Framework (CSF) is supported by governments and industries worldwide as a recommended baseline for use by any organization, regardless of sector or size. The NIST Cybersecurity Framework consists of three primary components: the framework core, the profiles, and the implementation tiers. The framework core contains desired cybersecurity activities and outcomes organized into 23 categories that cover the breadth of cybersecurity objectives for an organization. The profiles contain an organization's unique alignment of their organizational requirements and objectives, risk appetite, and resources using the desired outcomes of the framework core. The implementation tiers describe the degree to which an organization’s cybersecurity risk management practices exhibit the characteristics defined in the framework core.;858573892697;us-east-1;2026-09-13 22:26:32.575478;ae_4;Impact of events is determined.;Detect (DE);Anomalies and Events (DE.AE);;aws;;FAIL;No CloudTrail trails have a data event to record all S3 object-level API operations.;arn:aws:cloudtrail:us-east-1:858573892697:trail;cloudtrail_s3_dataevents_read_enabled;False;858573892697;NIST-CSF;National Institute of Standards and Technology (NIST) Cybersecurity Framework (CSF) v1.1;
aws;The NIST Cybersecurity Framework (CSF) is supported by governments and industries worldwide as a recommended baseline for use by any organization, regardless of sector or size. The NIST Cybersecurity Framework consists of three primary components: the framework core, the profiles, and the implementation tiers. The framework core contains desired cybersecurity activities and outcomes organized into 23 categories that cover the breadth of cybersecurity objectives for an organization. The profiles contain an organization's unique alignment of their organizational requirements and objectives, risk appetite, and resources using the desired outcomes of the framework core. The implementation tiers describe the degree to which an organization’s cybersecurity risk management practices exhibit the characteristics defined in the framework core.;858573892697;us-east-1;2026-09-13 22:26:32.575478;cm_1;The network is monitored to detect potential cybersecurity events.;Detect (DE);Security Continuous Monitoring (DE.CM);;aws;;FAIL;No CloudTrail trails have a data event to record all S3 object-level API operations.;arn:aws:cloudtrail:us-east-1:858573892697:trail;cloudtrail_s3_dataevents_read_enabled;False;858573892697;NIST-CSF;National Institute of Standards and Technology (NIST) Cybersecurity Framework (CSF) v1.1;
aws;The NIST Cybersecurity Framework (CSF) is supported by governments and industries worldwide as a recommended baseline for use by any organization, regardless of sector or size. The NIST Cybersecurity Framework consists of three primary components: the framework core, the profiles, and the implementation tiers. The framework core contains desired cybersecurity activities and outcomes organized into 23 categories that cover the breadth of cybersecurity objectives for an organization. The profiles contain an organization's unique alignment of their organizational requirements and objectives, risk appetite, and resources using the desired outcomes of the framework core. The implementation tiers describe the degree to which an organization’s cybersecurity risk management practices exhibit the characteristics defined in the framework core.;858573892697;us-east-1;2026-09-13 22:26:32.575478;cm_3;Personnel activity is monitored to detect potential cybersecurity events.;Detect (DE);Security Continuous Monitoring (DE.CM);;aws;;FAIL;No CloudTrail trails have a data event to record all S3 object-level API operations.;arn:aws:cloudtrail:us-east-1:858573892697:trail;cloudtrail_s3_dataevents_read_enabled;False;858573892697;NIST-CSF;National Institute of Standards and Technology (NIST) Cybersecurity Framework (CSF) v1.1;
aws;The NIST Cybersecurity Framework (CSF) is supported by governments and industries worldwide as a recommended baseline for use by any organization, regardless of sector or size. The NIST Cybersecurity Framework consists of three primary components: the framework core, the profiles, and the implementation tiers. The framework core contains desired cybersecurity activities and outcomes organized into 23 categories that cover the breadth of cybersecurity objectives for an organization. The profiles contain an organization's unique alignment of their organizational requirements and objectives, risk appetite, and resources using the desired outcomes of the framework core. The implementation tiers describe the degree to which an organization’s cybersecurity risk management practices exhibit the characteristics defined in the framework core.;858573892697;us-east-1;2026-09-13 22:26:32.575478;cm_6;External service provider activity is monitored to detect potential cybersecurity events.;Detect (DE);Security Continuous Monitoring (DE.CM);;aws;;FAIL;No CloudTrail trails have a data event to record all S3 object-level API operations.;arn:aws:cloudtrail:us-east-1:858573892697:trail;cloudtrail_s3_dataevents_read_enabled;False;858573892697;NIST-CSF;National Institute of Standards and Technology (NIST) Cybersecurity Framework (CSF) v1.1;
aws;The NIST Cybersecurity Framework (CSF) is supported by governments and industries worldwide as a recommended baseline for use by any organization, regardless of sector or size. The NIST Cybersecurity Framework consists of three primary components: the framework core, the profiles, and the implementation tiers. The framework core contains desired cybersecurity activities and outcomes organized into 23 categories that cover the breadth of cybersecurity objectives for an organization. The profiles contain an organization's unique alignment of their organizational requirements and objectives, risk appetite, and resources using the desired outcomes of the framework core. The implementation tiers describe the degree to which an organization’s cybersecurity risk management practices exhibit the characteristics defined in the framework core.;858573892697;us-east-1;2026-09-13 22:26:32.575478;cm_7;Monitoring for unauthorized personnel, connections, devices, and software is performed.;Detect (DE);Security Continuous Monitoring (DE.CM);;aws;;FAIL;No CloudTrail trails have a data event to record all S3 object-level API operations.;arn:aws:cloudtrail:us-east-1:858573892697:trail;cloudtrail_s3_dataevents_read_enabled;False;858573892697;NIST-CSF;National Institute of Standards and Technology (NIST) Cybersecurity Framework (CSF) v1.1;
aws;The NIST Cybersecurity Framework (CSF) is supported by governments and industries worldwide as a recommended baseline for use by any organization, regardless of sector or size. The NIST Cybersecurity Framework consists of three primary components: the framework core, the profiles, and the implementation tiers. The framework core contains desired cybersecurity activities and outcomes organized into 23 categories that cover the breadth of cybersecurity objectives for an organization. The profiles contain an organization's unique alignment of their organizational requirements and objectives, risk appetite, and resources using the desired outcomes of the framework core. The implementation tiers describe the degree to which an organization’s cybersecurity risk management practices exhibit the characteristics defined in the framework core.;858573892697;us-east-1;2026-09-13 22:26:32.575478;ds_5;Protections against data leaks are implemented.;Protect (PR);Data Security (PR.DS);;aws;;FAIL;No CloudTrail trails have a data event to record all S3 object-level API operations.;arn:aws:cloudtrail:us-east-1:858573892697:trail;cloudtrail_s3_dataevents_read_enabled;False;858573892697;NIST-CSF;National Institute of Standards and Technology (NIST) Cybersecurity Framework (CSF) v1.1;
aws;The NIST Cybersecurity Framework (CSF) is supported by governments and industries worldwide as a recommended baseline for use by any organization, regardless of sector or size. The NIST Cybersecurity Framework consists of three primary components: the framework core, the profiles, and the implementation tiers. The framework core contains desired cybersecurity activities and outcomes organized into 23 categories that cover the breadth of cybersecurity objectives for an organization. The profiles contain an organization's unique alignment of their organizational requirements and objectives, risk appetite, and resources using the desired outcomes of the framework core. The implementation tiers describe the degree to which an organization’s cybersecurity risk management practices exhibit the characteristics defined in the framework core.;858573892697;us-east-1;2026-09-13 22:26:32.575478;ae_3;Event data are collected and correlated from multiple sources and sensors.;Detect (DE);Anomalies and Events (DE.AE);;aws;;FAIL;No CloudTrail trails have a data event to record all S3 object-level API operations.;arn:aws:cloudtrail:us-east-1:858573892697:trail;cloudtrail_s3_dataevents_write_enabled;False;858573892697;NIST-CSF;National Institute of Standards and Technology (NIST) Cybersecurity Framework (CSF) v1.1;
aws;The NIST Cybersecurity Framework (CSF) is supported by governments and industries worldwide as a recommended baseline for use by any organization, regardless of sector or size. The NIST Cybersecurity Framework consists of three primary components: the framework core, the profiles, and the implementation tiers. The framework core contains desired cybersecurity activities and outcomes organized into 23 categories that cover the breadth of cybersecurity objectives for an organization. The profiles contain an organization's unique alignment of their organizational requirements and objectives, risk appetite, and resources using the desired outcomes of the framework core. The implementation tiers describe the degree to which an organization’s cybersecurity risk management practices exhibit the characteristics defined in the framework core.;858573892697;us-east-1;2026-09-13 22:26:32.575478;ae_4;Impact of events is determined.;Detect (DE);Anomalies and Events (DE.AE);;aws;;FAIL;No CloudTrail trails have a data event to record all S3 object-level API operations.;arn:aws:cloudtrail:us-east-1:858573892697:trail;cloudtrail_s3_dataevents_write_enabled;False;858573892697;NIST-CSF;National Institute of Standards and Technology (NIST) Cybersecurity Framework (CSF) v1.1;
aws;The NIST Cybersecurity Framework (CSF) is supported by governments and industries worldwide as a recommended baseline for use by any organization, regardless of sector or size. The NIST Cybersecurity Framework consists of three primary components: the framework core, the profiles, and the implementation tiers. The framework core contains desired cybersecurity activities and outcomes organized into 23 categories that cover the breadth of cybersecurity objectives for an organization. The profiles contain an organization's unique alignment of their organizational requirements and objectives, risk appetite, and resources using the desired outcomes of the framework core. The implementation tiers describe the degree to which an organization’s cybersecurity risk management practices exhibit the characteristics defined in the framework core.;858573892697;us-east-1;2026-09-13 22:26:32.575478;cm_1;The network is monitored to detect potential cybersecurity events.;Detect (DE);Security Continuous Monitoring (DE.CM);;aws;;FAIL;No CloudTrail trails have a data event to record all S3 object-level API operations.;arn:aws:cloudtrail:us-east-1:858573892697:trail;cloudtrail_s3_dataevents_write_enabled;False;858573892697;NIST-CSF;National Institute of Standards and Technology (NIST) Cybersecurity Framework (CSF) v1.1;
aws;The NIST Cybersecurity Framework (CSF) is supported by governments and industries worldwide as a recommended baseline for use by any organization, regardless of sector or size. The NIST Cybersecurity Framework consists of three primary components: the framework core, the profiles, and the implementation tiers. The framework core contains desired cybersecurity activities and outcomes organized into 23 categories that cover the breadth of cybersecurity objectives for an organization. The profiles contain an organization's unique alignment of their organizational requirements and objectives, risk appetite, and resources using the desired outcomes of the framework core. The implementation tiers describe the degree to which an organization’s cybersecurity risk management practices exhibit the characteristics defined in the framework core.;858573892697;us-east-1;2026-09-13 22:26:32.575478;cm_3;Personnel activity is monitored to detect potential cybersecurity events.;Detect (DE);Security Continuous Monitoring (DE.CM);;aws;;FAIL;No CloudTrail trails have a data event to record all S3 object-level API operations.;arn:aws:cloudtrail:us-east-1:858573892697:trail;cloudtrail_s3_dataevents_write_enabled;False;858573892697;NIST-CSF;National Institute of Standards and Technology (NIST) Cybersecurity Framework (CSF) v1.1;
aws;The NIST Cybersecurity Framework (CSF) is supported by governments and industries worldwide as a recommended baseline for use by any organization, regardless of sector or size. The NIST Cybersecurity Framework consists of three primary components: the framework core, the profiles, and the implementation tiers. The framework core contains desired cybersecurity activities and outcomes organized into 23 categories that cover the breadth of cybersecurity objectives for an organization. The profiles contain an organization's unique alignment of their organizational requirements and objectives, risk appetite, and resources using the desired outcomes of the framework core. The implementation tiers describe the degree to which an organization’s cybersecurity risk management practices exhibit the characteristics defined in the framework core.;858573892697;us-east-1;2026-09-13 22:26:32.575478;cm_6;External service provider activity is monitored to detect potential cybersecurity events.;Detect (DE);Security Continuous Monitoring (DE.CM);;aws;;FAIL;No CloudTrail trails have a data event to record all S3 object-level API operations.;arn:aws:cloudtrail:us-east-1:858573892697:trail;cloudtrail_s3_dataevents_write_enabled;False;858573892697;NIST-CSF;National Institute of Standards and Technology (NIST) Cybersecurity Framework (CSF) v1.1;
aws;The NIST Cybersecurity Framework (CSF) is supported by governments and industries worldwide as a recommended baseline for use by any organization, regardless of sector or size. The NIST Cybersecurity Framework consists of three primary components: the framework core, the profiles, and the implementation tiers. The framework core contains desired cybersecurity activities and outcomes organized into 23 categories that cover the breadth of cybersecurity objectives for an organization. The profiles contain an organization's unique alignment of their organizational requirements and objectives, risk appetite, and resources using the desired outcomes of the framework core. The implementation tiers describe the degree to which an organization’s cybersecurity risk management practices exhibit the characteristics defined in the framework core.;858573892697;us-east-1;2026-09-13 22:26:32.575478;cm_7;Monitoring for unauthorized personnel, connections, devices, and software is performed.;Detect (DE);Security Continuous Monitoring (DE.CM);;aws;;FAIL;No CloudTrail trails have a data event to record all S3 object-level API operations.;arn:aws:cloudtrail:us-east-1:858573892697:trail;cloudtrail_s3_dataevents_write_enabled;False;858573892697;NIST-CSF;National Institute of Standards and Technology (NIST) Cybersecurity Framework (CSF) v1.1;
aws;The NIST Cybersecurity Framework (CSF) is supported by governments and industries worldwide as a recommended baseline for use by any organization, regardless of sector or size. The NIST Cybersecurity Framework consists of three primary components: the framework core, the profiles, and the implementation tiers. The framework core contains desired cybersecurity activities and outcomes organized into 23 categories that cover the breadth of cybersecurity objectives for an organization. The profiles contain an organization's unique alignment of their organizational requirements and objectives, risk appetite, and resources using the desired outcomes of the framework core. The implementation tiers describe the degree to which an organization’s cybersecurity risk management practices exhibit the characteristics defined in the framework core.;858573892697;us-east-1;2026-09-13 22:26:32.575478;ds_5;Protections against data leaks are implemented.;Protect (PR);Data Security (PR.DS);;aws;;FAIL;No CloudTrail trails have a data event to record all S3 object-level API operations.;arn:aws:cloudtrail:us-east-1:858573892697:trail;cloudtrail_s3_dataevents_write_enabled;False;858573892697;NIST-CSF;National Institute of Standards and Technology (NIST) Cybersecurity Framework (CSF) v1.1;
aws;The NIST Cybersecurity Framework (CSF) is supported by governments and industries worldwide as a recommended baseline for use by any organization, regardless of sector or size. The NIST Cybersecurity Framework consists of three primary components: the framework core, the profiles, and the implementation tiers. The framework core contains desired cybersecurity activities and outcomes organized into 23 categories that cover the breadth of cybersecurity objectives for an organization. The profiles contain an organization's unique alignment of their organizational requirements and objectives, risk appetite, and resources using the desired outcomes of the framework core. The implementation tiers describe the degree to which an organization’s cybersecurity risk management practices exhibit the characteristics defined in the framework core.;858573892697;us-east-1;2026-09-13 22:26:32.575478;ae_5;Incident alert thresholds are established.;Detect (DE);Anomalies and Events (DE.AE);;aws;;FAIL;No CloudWatch log groups found with metric filters or alarms associated.;arn:aws:logs:us-east-1:858573892697:log-group;cloudwatch_changes_to_network_acls_alarm_configured;False;858573892697;NIST-CSF;National Institute of Standards and Technology (NIST) Cybersecurity Framework (CSF) v1.1;
aws;The NIST Cybersecurity Framework (CSF) is supported by governments and industries worldwide as a recommended baseline for use by any organization, regardless of sector or size. The NIST Cybersecurity Framework consists of three primary components: the framework core, the profiles, and the implementation tiers. The framework core contains desired cybersecurity activities and outcomes organized into 23 categories that cover the breadth of cybersecurity objectives for an organization. The profiles contain an organization's unique alignment of their organizational requirements and objectives, risk appetite, and resources using the desired outcomes of the framework core. The implementation tiers describe the degree to which an organization’s cybersecurity risk management practices exhibit the characteristics defined in the framework core.;858573892697;us-east-1;2026-09-13 22:26:32.575478;cm_2;The physical environment is monitored to detect potential cybersecurity events.;Detect (DE);Security Continuous Monitoring (DE.CM);;aws;;FAIL;No CloudWatch log groups found with metric filters or alarms associated.;arn:aws:logs:us-east-1:858573892697:log-group;cloudwatch_changes_to_network_acls_alarm_configured;False;858573892697;NIST-CSF;National Institute of Standards and Technology (NIST) Cybersecurity Framework (CSF) v1.1;
aws;The NIST Cybersecurity Framework (CSF) is supported by governments and industries worldwide as a recommended baseline for use by any organization, regardless of sector or size. The NIST Cybersecurity Framework consists of three primary components: the framework core, the profiles, and the implementation tiers. The framework core contains desired cybersecurity activities and outcomes organized into 23 categories that cover the breadth of cybersecurity objectives for an organization. The profiles contain an organization's unique alignment of their organizational requirements and objectives, risk appetite, and resources using the desired outcomes of the framework core. The implementation tiers describe the degree to which an organization’s cybersecurity risk management practices exhibit the characteristics defined in the framework core.;858573892697;us-east-1;2026-09-13 22:26:32.575478;cm_5;Unauthorized mobile code is detected.;Detect (DE);Security Continuous Monitoring (DE.CM);;aws;;FAIL;No CloudWatch log groups found with metric filters or alarms associated.;arn:aws:logs:us-east-1:858573892697:log-group;cloudwatch_changes_to_network_acls_alarm_configured;False;858573892697;NIST-CSF;National Institute of Standards and Technology (NIST) Cybersecurity Framework (CSF) v1.1;
aws;The NIST Cybersecurity Framework (CSF) is supported by governments and industries worldwide as a recommended baseline for use by any organization, regardless of sector or size. The NIST Cybersecurity Framework consists of three primary components: the framework core, the profiles, and the implementation tiers. The framework core contains desired cybersecurity activities and outcomes organized into 23 categories that cover the breadth of cybersecurity objectives for an organization. The profiles contain an organization's unique alignment of their organizational requirements and objectives, risk appetite, and resources using the desired outcomes of the framework core. The implementation tiers describe the degree to which an organization’s cybersecurity risk management practices exhibit the characteristics defined in the framework core.;858573892697;us-east-1;2026-09-13 22:26:32.575478;cp_4;Event detection information is communicated.;Detect (DE);Detection Processes (DE.DP);;aws;;FAIL;No CloudWatch log groups found with metric filters or alarms associated.;arn:aws:logs:us-east-1:858573892697:log-group;cloudwatch_changes_to_network_acls_alarm_configured;False;858573892697;NIST-CSF;National Institute of Standards and Technology (NIST) Cybersecurity Framework (CSF) v1.1;
aws;The NIST Cybersecurity Framework (CSF) is supported by governments and industries worldwide as a recommended baseline for use by any organization, regardless of sector or size. The NIST Cybersecurity Framework consists of three primary components: the framework core, the profiles, and the implementation tiers. The framework core contains desired cybersecurity activities and outcomes organized into 23 categories that cover the breadth of cybersecurity objectives for an organization. The profiles contain an organization's unique alignment of their organizational requirements and objectives, risk appetite, and resources using the desired outcomes of the framework core. The implementation tiers describe the degree to which an organization’s cybersecurity risk management practices exhibit the characteristics defined in the framework core.;858573892697;us-east-1;2026-09-13 22:26:32.575478;ra_5;Threats, vulnerabilities, likelihoods, and impacts are used to determine risk.;Identify (ID);Risk Assessment (ID.RA);;aws;;FAIL;No CloudWatch log groups found with metric filters or alarms associated.;arn:aws:logs:us-east-1:858573892697:log-group;cloudwatch_changes_to_network_acls_alarm_configured;False;858573892697;NIST-CSF;National Institute of Standards and Technology (NIST) Cybersecurity Framework (CSF) v1.1;
aws;The NIST Cybersecurity Framework (CSF) is supported by governments and industries worldwide as a recommended baseline for use by any organization, regardless of sector or size. The NIST Cybersecurity Framework consists of three primary components: the framework core, the profiles, and the implementation tiers. The framework core contains desired cybersecurity activities and outcomes organized into 23 categories that cover the breadth of cybersecurity objectives for an organization. The profiles contain an organization's unique alignment of their organizational requirements and objectives, risk appetite, and resources using the desired outcomes of the framework core. The implementation tiers describe the degree to which an organization’s cybersecurity risk management practices exhibit the characteristics defined in the framework core.;858573892697;us-east-1;2026-09-13 22:26:32.575478;ae_5;Incident alert thresholds are established.;Detect (DE);Anomalies and Events (DE.AE);;aws;;FAIL;No CloudWatch log groups found with metric filters or alarms associated.;arn:aws:logs:us-east-1:858573892697:log-group;cloudwatch_changes_to_network_gateways_alarm_configured;False;858573892697;NIST-CSF;National Institute of Standards and Technology (NIST) Cybersecurity Framework (CSF) v1.1;
aws;The NIST Cybersecurity Framework (CSF) is supported by governments and industries worldwide as a recommended baseline for use by any organization, regardless of sector or size. The NIST Cybersecurity Framework consists of three primary components: the framework core, the profiles, and the implementation tiers. The framework core contains desired cybersecurity activities and outcomes organized into 23 categories that cover the breadth of cybersecurity objectives for an organization. The profiles contain an organization's unique alignment of their organizational requirements and objectives, risk appetite, and resources using the desired outcomes of the framework core. The implementation tiers describe the degree to which an organization’s cybersecurity risk management practices exhibit the characteristics defined in the framework core.;858573892697;us-east-1;2026-09-13 22:26:32.575478;cm_2;The physical environment is monitored to detect potential cybersecurity events.;Detect (DE);Security Continuous Monitoring (DE.CM);;aws;;FAIL;No CloudWatch log groups found with metric filters or alarms associated.;arn:aws:logs:us-east-1:858573892697:log-group;cloudwatch_changes_to_network_gateways_alarm_configured;False;858573892697;NIST-CSF;National Institute of Standards and Technology (NIST) Cybersecurity Framework (CSF) v1.1;
aws;The NIST Cybersecurity Framework (CSF) is supported by governments and industries worldwide as a recommended baseline for use by any organization, regardless of sector or size. The NIST Cybersecurity Framework consists of three primary components: the framework core, the profiles, and the implementation tiers. The framework core contains desired cybersecurity activities and outcomes organized into 23 categories that cover the breadth of cybersecurity objectives for an organization. The profiles contain an organization's unique alignment of their organizational requirements and objectives, risk appetite, and resources using the desired outcomes of the framework core. The implementation tiers describe the degree to which an organization’s cybersecurity risk management practices exhibit the characteristics defined in the framework core.;858573892697;us-east-1;2026-09-13 22:26:32.575478;cm_5;Unauthorized mobile code is detected.;Detect (DE);Security Continuous Monitoring (DE.CM);;aws;;FAIL;No CloudWatch log groups found with metric filters or alarms associated.;arn:aws:logs:us-east-1:858573892697:log-group;cloudwatch_changes_to_network_gateways_alarm_configured;False;858573892697;NIST-CSF;National Institute of Standards and Technology (NIST) Cybersecurity Framework (CSF) v1.1;
aws;The NIST Cybersecurity Framework (CSF) is supported by governments and industries worldwide as a recommended baseline for use by any organization, regardless of sector or size. The NIST Cybersecurity Framework consists of three primary components: the framework core, the profiles, and the implementation tiers. The framework core contains desired cybersecurity activities and outcomes organized into 23 categories that cover the breadth of cybersecurity objectives for an organization. The profiles contain an organization's unique alignment of their organizational requirements and objectives, risk appetite, and resources using the desired outcomes of the framework core. The implementation tiers describe the degree to which an organization’s cybersecurity risk management practices exhibit the characteristics defined in the framework core.;858573892697;us-east-1;2026-09-13 22:26:32.575478;cp_4;Event detection information is communicated.;Detect (DE);Detection Processes (DE.DP);;aws;;FAIL;No CloudWatch log groups found with metric filters or alarms associated.;arn:aws:logs:us-east-1:858573892697:log-group;cloudwatch_changes_to_network_gateways_alarm_configured;False;858573892697;NIST-CSF;National Institute of Standards and Technology (NIST) Cybersecurity Framework (CSF) v1.1;
aws;The NIST Cybersecurity Framework (CSF) is supported by governments and industries worldwide as a recommended baseline for use by any organization, regardless of sector or size. The NIST Cybersecurity Framework consists of three primary components: the framework core, the profiles, and the implementation tiers. The framework core contains desired cybersecurity activities and outcomes organized into 23 categories that cover the breadth of cybersecurity objectives for an organization. The profiles contain an organization's unique alignment of their organizational requirements and objectives, risk appetite, and resources using the desired outcomes of the framework core. The implementation tiers describe the degree to which an organization’s cybersecurity risk management practices exhibit the characteristics defined in the framework core.;858573892697;us-east-1;2026-09-13 22:26:32.575478;ra_5;Threats, vulnerabilities, likelihoods, and impacts are used to determine risk.;Identify (ID);Risk Assessment (ID.RA);;aws;;FAIL;No CloudWatch log groups found with metric filters or alarms associated.;arn:aws:logs:us-east-1:858573892697:log-group;cloudwatch_changes_to_network_gateways_alarm_configured;False;858573892697;NIST-CSF;National Institute of Standards and Technology (NIST) Cybersecurity Framework (CSF) v1.1;
aws;The NIST Cybersecurity Framework (CSF) is supported by governments and industries worldwide as a recommended baseline for use by any organization, regardless of sector or size. The NIST Cybersecurity Framework consists of three primary components: the framework core, the profiles, and the implementation tiers. The framework core contains desired cybersecurity activities and outcomes organized into 23 categories that cover the breadth of cybersecurity objectives for an organization. The profiles contain an organization's unique alignment of their organizational requirements and objectives, risk appetite, and resources using the desired outcomes of the framework core. The implementation tiers describe the degree to which an organization’s cybersecurity risk management practices exhibit the characteristics defined in the framework core.;858573892697;us-east-1;2026-09-13 22:26:32.575478;ae_5;Incident alert thresholds are established.;Detect (DE);Anomalies and Events (DE.AE);;aws;;FAIL;No CloudWatch log groups found with metric filters or alarms associated.;arn:aws:logs:us-east-1:858573892697:log-group;cloudwatch_changes_to_network_route_tables_alarm_configured;False;858573892697;NIST-CSF;National Institute of Standards and Technology (NIST) Cybersecurity Framework (CSF) v1.1;
aws;The NIST Cybersecurity Framework (CSF) is supported by governments and industries worldwide as a recommended baseline for use by any organization, regardless of sector or size. The NIST Cybersecurity Framework consists of three primary components: the framework core, the profiles, and the implementation tiers. The framework core contains desired cybersecurity activities and outcomes organized into 23 categories that cover the breadth of cybersecurity objectives for an organization. The profiles contain an organization's unique alignment of their organizational requirements and objectives, risk appetite, and resources using the desired outcomes of the framework core. The implementation tiers describe the degree to which an organization’s cybersecurity risk management practices exhibit the characteristics defined in the framework core.;858573892697;us-east-1;2026-09-13 22:26:32.575478;cm_2;The physical environment is monitored to detect potential cybersecurity events.;Detect (DE);Security Continuous Monitoring (DE.CM);;aws;;FAIL;No CloudWatch log groups found with metric filters or alarms associated.;arn:aws:logs:us-east-1:858573892697:log-group;cloudwatch_changes_to_network_route_tables_alarm_configured;False;858573892697;NIST-CSF;National Institute of Standards and Technology (NIST) Cybersecurity Framework (CSF) v1.1;
aws;The NIST Cybersecurity Framework (CSF) is supported by governments and industries worldwide as a recommended baseline for use by any organization, regardless of sector or size. The NIST Cybersecurity Framework consists of three primary components: the framework core, the profiles, and the implementation tiers. The framework core contains desired cybersecurity activities and outcomes organized into 23 categories that cover the breadth of cybersecurity objectives for an organization. The profiles contain an organization's unique alignment of their organizational requirements and objectives, risk appetite, and resources using the desired outcomes of the framework core. The implementation tiers describe the degree to which an organization’s cybersecurity risk management practices exhibit the characteristics defined in the framework core.;858573892697;us-east-1;2026-09-13 22:26:32.575478;cm_5;Unauthorized mobile code is detected.;Detect (DE);Security Continuous Monitoring (DE.CM);;aws;;FAIL;No CloudWatch log groups found with metric filters or alarms associated.;arn:aws:logs:us-east-1:858573892697:log-group;cloudwatch_changes_to_network_route_tables_alarm_configured;False;858573892697;NIST-CSF;National Institute of Standards and Technology (NIST) Cybersecurity Framework (CSF) v1.1;
aws;The NIST Cybersecurity Framework (CSF) is supported by governments and industries worldwide as a recommended baseline for use by any organization, regardless of sector or size. The NIST Cybersecurity Framework consists of three primary components: the framework core, the profiles, and the implementation tiers. The framework core contains desired cybersecurity activities and outcomes organized into 23 categories that cover the breadth of cybersecurity objectives for an organization. The profiles contain an organization's unique alignment of their organizational requirements and objectives, risk appetite, and resources using the desired outcomes of the framework core. The implementation tiers describe the degree to which an organization’s cybersecurity risk management practices exhibit the characteristics defined in the framework core.;858573892697;us-east-1;2026-09-13 22:26:32.575478;cp_4;Event detection information is communicated.;Detect (DE);Detection Processes (DE.DP);;aws;;FAIL;No CloudWatch log groups found with metric filters or alarms associated.;arn:aws:logs:us-east-1:858573892697:log-group;cloudwatch_changes_to_network_route_tables_alarm_configured;False;858573892697;NIST-CSF;National Institute of Standards and Technology (NIST) Cybersecurity Framework (CSF) v1.1;
aws;The NIST Cybersecurity Framework (CSF) is supported by governments and industries worldwide as a recommended baseline for use by any organization, regardless of sector or size. The NIST Cybersecurity Framework consists of three primary components: the framework core, the profiles, and the implementation tiers. The framework core contains desired cybersecurity activities and outcomes organized into 23 categories that cover the breadth of cybersecurity objectives for an organization. The profiles contain an organization's unique alignment of their organizational requirements and objectives, risk appetite, and resources using the desired outcomes of the framework core. The implementation tiers describe the degree to which an organization’s cybersecurity risk management practices exhibit the characteristics defined in the framework core.;858573892697;us-east-1;2026-09-13 22:26:32.575478;ra_5;Threats, vulnerabilities, likelihoods, and impacts are used to determine risk.;Identify (ID);Risk Assessment (ID.RA);;aws;;FAIL;No CloudWatch log groups found with metric filters or alarms associated.;arn:aws:logs:us-east-1:858573892697:log-group;cloudwatch_changes_to_network_route_tables_alarm_configured;False;858573892697;NIST-CSF;National Institute of Standards and Technology (NIST) Cybersecurity Framework (CSF) v1.1;
aws;The NIST Cybersecurity Framework (CSF) is supported by governments and industries worldwide as a recommended baseline for use by any organization, regardless of sector or size. The NIST Cybersecurity Framework consists of three primary components: the framework core, the profiles, and the implementation tiers. The framework core contains desired cybersecurity activities and outcomes organized into 23 categories that cover the breadth of cybersecurity objectives for an organization. The profiles contain an organization's unique alignment of their organizational requirements and objectives, risk appetite, and resources using the desired outcomes of the framework core. The implementation tiers describe the degree to which an organization’s cybersecurity risk management practices exhibit the characteristics defined in the framework core.;858573892697;us-east-1;2026-09-13 22:26:32.575478;ae_5;Incident alert thresholds are established.;Detect (DE);Anomalies and Events (DE.AE);;aws;;FAIL;No CloudWatch log groups found with metric filters or alarms associated.;arn:aws:logs:us-east-1:858573892697:log-group;cloudwatch_changes_to_vpcs_alarm_configured;False;858573892697;NIST-CSF;National Institute of Standards and Technology (NIST) Cybersecurity Framework (CSF) v1.1;
aws;The NIST Cybersecurity Framework (CSF) is supported by governments and industries worldwide as a recommended baseline for use by any organization, regardless of sector or size. The NIST Cybersecurity Framework consists of three primary components: the framework core, the profiles, and the implementation tiers. The framework core contains desired cybersecurity activities and outcomes organized into 23 categories that cover the breadth of cybersecurity objectives for an organization. The profiles contain an organization's unique alignment of their organizational requirements and objectives, risk appetite, and resources using the desired outcomes of the framework core. The implementation tiers describe the degree to which an organization’s cybersecurity risk management practices exhibit the characteristics defined in the framework core.;858573892697;us-east-1;2026-09-13 22:26:32.575478;cm_2;The physical environment is monitored to detect potential cybersecurity events.;Detect (DE);Security Continuous Monitoring (DE.CM);;aws;;FAIL;No CloudWatch log groups found with metric filters or alarms associated.;arn:aws:logs:us-east-1:858573892697:log-group;cloudwatch_changes_to_vpcs_alarm_configured;False;858573892697;NIST-CSF;National Institute of Standards and Technology (NIST) Cybersecurity Framework (CSF) v1.1;
aws;The NIST Cybersecurity Framework (CSF) is supported by governments and industries worldwide as a recommended baseline for use by any organization, regardless of sector or size. The NIST Cybersecurity Framework consists of three primary components: the framework core, the profiles, and the implementation tiers. The framework core contains desired cybersecurity activities and outcomes organized into 23 categories that cover the breadth of cybersecurity objectives for an organization. The profiles contain an organization's unique alignment of their organizational requirements and objectives, risk appetite, and resources using the desired outcomes of the framework core. The implementation tiers describe the degree to which an organization’s cybersecurity risk management practices exhibit the characteristics defined in the framework core.;858573892697;us-east-1;2026-09-13 22:26:32.575478;cm_5;Unauthorized mobile code is detected.;Detect (DE);Security Continuous Monitoring (DE.CM);;aws;;FAIL;No CloudWatch log groups found with metric filters or alarms associated.;arn:aws:logs:us-east-1:858573892697:log-group;cloudwatch_changes_to_vpcs_alarm_configured;False;858573892697;NIST-CSF;National Institute of Standards and Technology (NIST) Cybersecurity Framework (CSF) v1.1;
aws;The NIST Cybersecurity Framework (CSF) is supported by governments and industries worldwide as a recommended baseline for use by any organization, regardless of sector or size. The NIST Cybersecurity Framework consists of three primary components: the framework core, the profiles, and the implementation tiers. The framework core contains desired cybersecurity activities and outcomes organized into 23 categories that cover the breadth of cybersecurity objectives for an organization. The profiles contain an organization's unique alignment of their organizational requirements and objectives, risk appetite, and resources using the desired outcomes of the framework core. The implementation tiers describe the degree to which an organization’s cybersecurity risk management practices exhibit the characteristics defined in the framework core.;858573892697;us-east-1;2026-09-13 22:26:32.575478;cp_4;Event detection information is communicated.;Detect (DE);Detection Processes (DE.DP);;aws;;FAIL;No CloudWatch log groups found with metric filters or alarms associated.;arn:aws:logs:us-east-1:858573892697:log-group;cloudwatch_changes_to_vpcs_alarm_configured;False;858573892697;NIST-CSF;National Institute of Standards and Technology (NIST) Cybersecurity Framework (CSF) v1.1;
aws;The NIST Cybersecurity Framework (CSF) is supported by governments and industries worldwide as a recommended baseline for use by any organization, regardless of sector or size. The NIST Cybersecurity Framework consists of three primary components: the framework core, the profiles, and the implementation tiers. The framework core contains desired cybersecurity activities and outcomes organized into 23 categories that cover the breadth of cybersecurity objectives for an organization. The profiles contain an organization's unique alignment of their organizational requirements and objectives, risk appetite, and resources using the desired outcomes of the framework core. The implementation tiers describe the degree to which an organization’s cybersecurity risk management practices exhibit the characteristics defined in the framework core.;858573892697;us-east-1;2026-09-13 22:26:32.575478;ra_5;Threats, vulnerabilities, likelihoods, and impacts are used to determine risk.;Identify (ID);Risk Assessment (ID.RA);;aws;;FAIL;No CloudWatch log groups found with metric filters or alarms associated.;arn:aws:logs:us-east-1:858573892697:log-group;cloudwatch_changes_to_vpcs_alarm_configured;False;858573892697;NIST-CSF;National Institute of Standards and Technology (NIST) Cybersecurity Framework (CSF) v1.1;
aws;The NIST Cybersecurity Framework (CSF) is supported by governments and industries worldwide as a recommended baseline for use by any organization, regardless of sector or size. The NIST Cybersecurity Framework consists of three primary components: the framework core, the profiles, and the implementation tiers. The framework core contains desired cybersecurity activities and outcomes organized into 23 categories that cover the breadth of cybersecurity objectives for an organization. The profiles contain an organization's unique alignment of their organizational requirements and objectives, risk appetite, and resources using the desired outcomes of the framework core. The implementation tiers describe the degree to which an organization’s cybersecurity risk management practices exhibit the characteristics defined in the framework core.;858573892697;us-east-1;2026-09-13 22:26:32.575478;cm_2;The physical environment is monitored to detect potential cybersecurity events.;Detect (DE);Security Continuous Monitoring (DE.CM);;aws;;FAIL;No CloudWatch log groups found with metric filters or alarms associated.;arn:aws:logs:us-east-1:858573892697:log-group;cloudwatch_log_metric_filter_and_alarm_for_aws_config_configuration_changes_enabled;False;858573892697;NIST-CSF;National Institute of Standards and Technology (NIST) Cybersecurity Framework (CSF) v1.1;
aws;The NIST Cybersecurity Framework (CSF) is supported by governments and industries worldwide as a recommended baseline for use by any organization, regardless of sector or size. The NIST Cybersecurity Framework consists of three primary components: the framework core, the profiles, and the implementation tiers. The framework core contains desired cybersecurity activities and outcomes organized into 23 categories that cover the breadth of cybersecurity objectives for an organization. The profiles contain an organization's unique alignment of their organizational requirements and objectives, risk appetite, and resources using the desired outcomes of the framework core. The implementation tiers describe the degree to which an organization’s cybersecurity risk management practices exhibit the characteristics defined in the framework core.;858573892697;us-east-1;2026-09-13 22:26:32.575478;ra_5;Threats, vulnerabilities, likelihoods, and impacts are used to determine risk.;Identify (ID);Risk Assessment (ID.RA);;aws;;FAIL;No CloudWatch log groups found with metric filters or alarms associated.;arn:aws:logs:us-east-1:858573892697:log-group;cloudwatch_log_metric_filter_and_alarm_for_aws_config_configuration_changes_enabled;False;858573892697;NIST-CSF;National Institute of Standards and Technology (NIST) Cybersecurity Framework (CSF) v1.1;
aws;The NIST Cybersecurity Framework (CSF) is supported by governments and industries worldwide as a recommended baseline for use by any organization, regardless of sector or size. The NIST Cybersecurity Framework consists of three primary components: the framework core, the profiles, and the implementation tiers. The framework core contains desired cybersecurity activities and outcomes organized into 23 categories that cover the breadth of cybersecurity objectives for an organization. The profiles contain an organization's unique alignment of their organizational requirements and objectives, risk appetite, and resources using the desired outcomes of the framework core. The implementation tiers describe the degree to which an organization’s cybersecurity risk management practices exhibit the characteristics defined in the framework core.;858573892697;us-east-1;2026-09-13 22:26:32.575478;sc_4;Suppliers and third-party partners are routinely assessed using audits, test results, or other forms of evaluations to confirm they are meeting their contractual obligations.;Identify (ID);Supply Chain Risk Management (ID.SC);;aws;;FAIL;No CloudWatch log groups found with metric filters or alarms associated.;arn:aws:logs:us-east-1:858573892697:log-group;cloudwatch_log_metric_filter_and_alarm_for_aws_config_configuration_changes_enabled;False;858573892697;NIST-CSF;National Institute of Standards and Technology (NIST) Cybersecurity Framework (CSF) v1.1;
aws;The NIST Cybersecurity Framework (CSF) is supported by governments and industries worldwide as a recommended baseline for use by any organization, regardless of sector or size. The NIST Cybersecurity Framework consists of three primary components: the framework core, the profiles, and the implementation tiers. The framework core contains desired cybersecurity activities and outcomes organized into 23 categories that cover the breadth of cybersecurity objectives for an organization. The profiles contain an organization's unique alignment of their organizational requirements and objectives, risk appetite, and resources using the desired outcomes of the framework core. The implementation tiers describe the degree to which an organization’s cybersecurity risk management practices exhibit the characteristics defined in the framework core.;858573892697;us-east-1;2026-09-13 22:26:32.575478;cm_2;The physical environment is monitored to detect potential cybersecurity events.;Detect (DE);Security Continuous Monitoring (DE.CM);;aws;;FAIL;No CloudWatch log groups found with metric filters or alarms associated.;arn:aws:logs:us-east-1:858573892697:log-group;cloudwatch_log_metric_filter_and_alarm_for_cloudtrail_configuration_changes_enabled;False;858573892697;NIST-CSF;National Institute of Standards and Technology (NIST) Cybersecurity Framework (CSF) v1.1;
aws;The NIST Cybersecurity Framework (CSF) is supported by governments and industries worldwide as a recommended baseline for use by any organization, regardless of sector or size. The NIST Cybersecurity Framework consists of three primary components: the framework core, the profiles, and the implementation tiers. The framework core contains desired cybersecurity activities and outcomes organized into 23 categories that cover the breadth of cybersecurity objectives for an organization. The profiles contain an organization's unique alignment of their organizational requirements and objectives, risk appetite, and resources using the desired outcomes of the framework core. The implementation tiers describe the degree to which an organization’s cybersecurity risk management practices exhibit the characteristics defined in the framework core.;858573892697;us-east-1;2026-09-13 22:26:32.575478;ra_5;Threats, vulnerabilities, likelihoods, and impacts are used to determine risk.;Identify (ID);Risk Assessment (ID.RA);;aws;;FAIL;No CloudWatch log groups found with metric filters or alarms associated.;arn:aws:logs:us-east-1:858573892697:log-group;cloudwatch_log_metric_filter_and_alarm_for_cloudtrail_configuration_changes_enabled;False;858573892697;NIST-CSF;National Institute of Standards and Technology (NIST) Cybersecurity Framework (CSF) v1.1;
aws;The NIST Cybersecurity Framework (CSF) is supported by governments and industries worldwide as a recommended baseline for use by any organization, regardless of sector or size. The NIST Cybersecurity Framework consists of three primary components: the framework core, the profiles, and the implementation tiers. The framework core contains desired cybersecurity activities and outcomes organized into 23 categories that cover the breadth of cybersecurity objectives for an organization. The profiles contain an organization's unique alignment of their organizational requirements and objectives, risk appetite, and resources using the desired outcomes of the framework core. The implementation tiers describe the degree to which an organization’s cybersecurity risk management practices exhibit the characteristics defined in the framework core.;858573892697;us-east-1;2026-09-13 22:26:32.575478;sc_4;Suppliers and third-party partners are routinely assessed using audits, test results, or other forms of evaluations to confirm they are meeting their contractual obligations.;Identify (ID);Supply Chain Risk Management (ID.SC);;aws;;FAIL;No CloudWatch log groups found with metric filters or alarms associated.;arn:aws:logs:us-east-1:858573892697:log-group;cloudwatch_log_metric_filter_and_alarm_for_cloudtrail_configuration_changes_enabled;False;858573892697;NIST-CSF;National Institute of Standards and Technology (NIST) Cybersecurity Framework (CSF) v1.1;
aws;The NIST Cybersecurity Framework (CSF) is supported by governments and industries worldwide as a recommended baseline for use by any organization, regardless of sector or size. The NIST Cybersecurity Framework consists of three primary components: the framework core, the profiles, and the implementation tiers. The framework core contains desired cybersecurity activities and outcomes organized into 23 categories that cover the breadth of cybersecurity objectives for an organization. The profiles contain an organization's unique alignment of their organizational requirements and objectives, risk appetite, and resources using the desired outcomes of the framework core. The implementation tiers describe the degree to which an organization’s cybersecurity risk management practices exhibit the characteristics defined in the framework core.;858573892697;us-east-1;2026-09-13 22:26:32.575478;cm_2;The physical environment is monitored to detect potential cybersecurity events.;Detect (DE);Security Continuous Monitoring (DE.CM);;aws;;FAIL;No CloudWatch log groups found with metric filters or alarms associated.;arn:aws:logs:us-east-1:858573892697:log-group;cloudwatch_log_metric_filter_authentication_failures;False;858573892697;NIST-CSF;National Institute of Standards and Technology (NIST) Cybersecurity Framework (CSF) v1.1;
aws;The NIST Cybersecurity Framework (CSF) is supported by governments and industries worldwide as a recommended baseline for use by any organization, regardless of sector or size. The NIST Cybersecurity Framework consists of three primary components: the framework core, the profiles, and the implementation tiers. The framework core contains desired cybersecurity activities and outcomes organized into 23 categories that cover the breadth of cybersecurity objectives for an organization. The profiles contain an organization's unique alignment of their organizational requirements and objectives, risk appetite, and resources using the desired outcomes of the framework core. The implementation tiers describe the degree to which an organization’s cybersecurity risk management practices exhibit the characteristics defined in the framework core.;858573892697;us-east-1;2026-09-13 22:26:32.575478;ra_5;Threats, vulnerabilities, likelihoods, and impacts are used to determine risk.;Identify (ID);Risk Assessment (ID.RA);;aws;;FAIL;No CloudWatch log groups found with metric filters or alarms associated.;arn:aws:logs:us-east-1:858573892697:log-group;cloudwatch_log_metric_filter_authentication_failures;False;858573892697;NIST-CSF;National Institute of Standards and Technology (NIST) Cybersecurity Framework (CSF) v1.1;
aws;The NIST Cybersecurity Framework (CSF) is supported by governments and industries worldwide as a recommended baseline for use by any organization, regardless of sector or size. The NIST Cybersecurity Framework consists of three primary components: the framework core, the profiles, and the implementation tiers. The framework core contains desired cybersecurity activities and outcomes organized into 23 categories that cover the breadth of cybersecurity objectives for an organization. The profiles contain an organization's unique alignment of their organizational requirements and objectives, risk appetite, and resources using the desired outcomes of the framework core. The implementation tiers describe the degree to which an organization’s cybersecurity risk management practices exhibit the characteristics defined in the framework core.;858573892697;us-east-1;2026-09-13 22:26:32.575478;sc_4;Suppliers and third-party partners are routinely assessed using audits, test results, or other forms of evaluations to confirm they are meeting their contractual obligations.;Identify (ID);Supply Chain Risk Management (ID.SC);;aws;;FAIL;No CloudWatch log groups found with metric filters or alarms associated.;arn:aws:logs:us-east-1:858573892697:log-group;cloudwatch_log_metric_filter_authentication_failures;False;858573892697;NIST-CSF;National Institute of Standards and Technology (NIST) Cybersecurity Framework (CSF) v1.1;
aws;The NIST Cybersecurity Framework (CSF) is supported by governments and industries worldwide as a recommended baseline for use by any organization, regardless of sector or size. The NIST Cybersecurity Framework consists of three primary components: the framework core, the profiles, and the implementation tiers. The framework core contains desired cybersecurity activities and outcomes organized into 23 categories that cover the breadth of cybersecurity objectives for an organization. The profiles contain an organization's unique alignment of their organizational requirements and objectives, risk appetite, and resources using the desired outcomes of the framework core. The implementation tiers describe the degree to which an organization’s cybersecurity risk management practices exhibit the characteristics defined in the framework core.;858573892697;us-east-1;2026-09-13 22:26:32.575478;cm_2;The physical environment is monitored to detect potential cybersecurity events.;Detect (DE);Security Continuous Monitoring (DE.CM);;aws;;FAIL;No CloudWatch log groups found with metric filters or alarms associated.;arn:aws:logs:us-east-1:858573892697:log-group;cloudwatch_log_metric_filter_disable_or_scheduled_deletion_of_kms_cmk;False;858573892697;NIST-CSF;National Institute of Standards and Technology (NIST) Cybersecurity Framework (CSF) v1.1;
aws;The NIST Cybersecurity Framework (CSF) is supported by governments and industries worldwide as a recommended baseline for use by any organization, regardless of sector or size. The NIST Cybersecurity Framework consists of three primary components: the framework core, the profiles, and the implementation tiers. The framework core contains desired cybersecurity activities and outcomes organized into 23 categories that cover the breadth of cybersecurity objectives for an organization. The profiles contain an organization's unique alignment of their organizational requirements and objectives, risk appetite, and resources using the desired outcomes of the framework core. The implementation tiers describe the degree to which an organization’s cybersecurity risk management practices exhibit the characteristics defined in the framework core.;858573892697;us-east-1;2026-09-13 22:26:32.575478;ra_5;Threats, vulnerabilities, likelihoods, and impacts are used to determine risk.;Identify (ID);Risk Assessment (ID.RA);;aws;;FAIL;No CloudWatch log groups found with metric filters or alarms associated.;arn:aws:logs:us-east-1:858573892697:log-group;cloudwatch_log_metric_filter_disable_or_scheduled_deletion_of_kms_cmk;False;858573892697;NIST-CSF;National Institute of Standards and Technology (NIST) Cybersecurity Framework (CSF) v1.1;
aws;The NIST Cybersecurity Framework (CSF) is supported by governments and industries worldwide as a recommended baseline for use by any organization, regardless of sector or size. The NIST Cybersecurity Framework consists of three primary components: the framework core, the profiles, and the implementation tiers. The framework core contains desired cybersecurity activities and outcomes organized into 23 categories that cover the breadth of cybersecurity objectives for an organization. The profiles contain an organization's unique alignment of their organizational requirements and objectives, risk appetite, and resources using the desired outcomes of the framework core. The implementation tiers describe the degree to which an organization’s cybersecurity risk management practices exhibit the characteristics defined in the framework core.;858573892697;us-east-1;2026-09-13 22:26:32.575478;sc_4;Suppliers and third-party partners are routinely assessed using audits, test results, or other forms of evaluations to confirm they are meeting their contractual obligations.;Identify (ID);Supply Chain Risk Management (ID.SC);;aws;;FAIL;No CloudWatch log groups found with metric filters or alarms associated.;arn:aws:logs:us-east-1:858573892697:log-group;cloudwatch_log_metric_filter_disable_or_scheduled_deletion_of_kms_cmk;False;858573892697;NIST-CSF;National Institute of Standards and Technology (NIST) Cybersecurity Framework (CSF) v1.1;
aws;The NIST Cybersecurity Framework (CSF) is supported by governments and industries worldwide as a recommended baseline for use by any organization, regardless of sector or size. The NIST Cybersecurity Framework consists of three primary components: the framework core, the profiles, and the implementation tiers. The framework core contains desired cybersecurity activities and outcomes organized into 23 categories that cover the breadth of cybersecurity objectives for an organization. The profiles contain an organization's unique alignment of their organizational requirements and objectives, risk appetite, and resources using the desired outcomes of the framework core. The implementation tiers describe the degree to which an organization’s cybersecurity risk management practices exhibit the characteristics defined in the framework core.;858573892697;us-east-1;2026-09-13 22:26:32.575478;cm_2;The physical environment is monitored to detect potential cybersecurity events.;Detect (DE);Security Continuous Monitoring (DE.CM);;aws;;FAIL;No CloudWatch log groups found with metric filters or alarms associated.;arn:aws:logs:us-east-1:858573892697:log-group;cloudwatch_log_metric_filter_for_s3_bucket_policy_changes;False;858573892697;NIST-CSF;National Institute of Standards and Technology (NIST) Cybersecurity Framework (CSF) v1.1;
aws;The NIST Cybersecurity Framework (CSF) is supported by governments and industries worldwide as a recommended baseline for use by any organization, regardless of sector or size. The NIST Cybersecurity Framework consists of three primary components: the framework core, the profiles, and the implementation tiers. The framework core contains desired cybersecurity activities and outcomes organized into 23 categories that cover the breadth of cybersecurity objectives for an organization. The profiles contain an organization's unique alignment of their organizational requirements and objectives, risk appetite, and resources using the desired outcomes of the framework core. The implementation tiers describe the degree to which an organization’s cybersecurity risk management practices exhibit the characteristics defined in the framework core.;858573892697;us-east-1;2026-09-13 22:26:32.575478;ra_5;Threats, vulnerabilities, likelihoods, and impacts are used to determine risk.;Identify (ID);Risk Assessment (ID.RA);;aws;;FAIL;No CloudWatch log groups found with metric filters or alarms associated.;arn:aws:logs:us-east-1:858573892697:log-group;cloudwatch_log_metric_filter_for_s3_bucket_policy_changes;False;858573892697;NIST-CSF;National Institute of Standards and Technology (NIST) Cybersecurity Framework (CSF) v1.1;
aws;The NIST Cybersecurity Framework (CSF) is supported by governments and industries worldwide as a recommended baseline for use by any organization, regardless of sector or size. The NIST Cybersecurity Framework consists of three primary components: the framework core, the profiles, and the implementation tiers. The framework core contains desired cybersecurity activities and outcomes organized into 23 categories that cover the breadth of cybersecurity objectives for an organization. The profiles contain an organization's unique alignment of their organizational requirements and objectives, risk appetite, and resources using the desired outcomes of the framework core. The implementation tiers describe the degree to which an organization’s cybersecurity risk management practices exhibit the characteristics defined in the framework core.;858573892697;us-east-1;2026-09-13 22:26:32.575478;sc_4;Suppliers and third-party partners are routinely assessed using audits, test results, or other forms of evaluations to confirm they are meeting their contractual obligations.;Identify (ID);Supply Chain Risk Management (ID.SC);;aws;;FAIL;No CloudWatch log groups found with metric filters or alarms associated.;arn:aws:logs:us-east-1:858573892697:log-group;cloudwatch_log_metric_filter_for_s3_bucket_policy_changes;False;858573892697;NIST-CSF;National Institute of Standards and Technology (NIST) Cybersecurity Framework (CSF) v1.1;
aws;The NIST Cybersecurity Framework (CSF) is supported by governments and industries worldwide as a recommended baseline for use by any organization, regardless of sector or size. The NIST Cybersecurity Framework consists of three primary components: the framework core, the profiles, and the implementation tiers. The framework core contains desired cybersecurity activities and outcomes organized into 23 categories that cover the breadth of cybersecurity objectives for an organization. The profiles contain an organization's unique alignment of their organizational requirements and objectives, risk appetite, and resources using the desired outcomes of the framework core. The implementation tiers describe the degree to which an organization’s cybersecurity risk management practices exhibit the characteristics defined in the framework core.;858573892697;us-east-1;2026-09-13 22:26:32.575478;cm_2;The physical environment is monitored to detect potential cybersecurity events.;Detect (DE);Security Continuous Monitoring (DE.CM);;aws;;FAIL;No CloudWatch log groups found with metric filters or alarms associated.;arn:aws:logs:us-east-1:858573892697:log-group;cloudwatch_log_metric_filter_policy_changes;False;858573892697;NIST-CSF;National Institute of Standards and Technology (NIST) Cybersecurity Framework (CSF) v1.1;
aws;The NIST Cybersecurity Framework (CSF) is supported by governments and industries worldwide as a recommended baseline for use by any organization, regardless of sector or size. The NIST Cybersecurity Framework consists of three primary components: the framework core, the profiles, and the implementation tiers. The framework core contains desired cybersecurity activities and outcomes organized into 23 categories that cover the breadth of cybersecurity objectives for an organization. The profiles contain an organization's unique alignment of their organizational requirements and objectives, risk appetite, and resources using the desired outcomes of the framework core. The implementation tiers describe the degree to which an organization’s cybersecurity risk management practices exhibit the characteristics defined in the framework core.;858573892697;us-east-1;2026-09-13 22:26:32.575478;ra_5;Threats, vulnerabilities, likelihoods, and impacts are used to determine risk.;Identify (ID);Risk Assessment (ID.RA);;aws;;FAIL;No CloudWatch log groups found with metric filters or alarms associated.;arn:aws:logs:us-east-1:858573892697:log-group;cloudwatch_log_metric_filter_policy_changes;False;858573892697;NIST-CSF;National Institute of Standards and Technology (NIST) Cybersecurity Framework (CSF) v1.1;
aws;The NIST Cybersecurity Framework (CSF) is supported by governments and industries worldwide as a recommended baseline for use by any organization, regardless of sector or size. The NIST Cybersecurity Framework consists of three primary components: the framework core, the profiles, and the implementation tiers. The framework core contains desired cybersecurity activities and outcomes organized into 23 categories that cover the breadth of cybersecurity objectives for an organization. The profiles contain an organization's unique alignment of their organizational requirements and objectives, risk appetite, and resources using the desired outcomes of the framework core. The implementation tiers describe the degree to which an organization’s cybersecurity risk management practices exhibit the characteristics defined in the framework core.;858573892697;us-east-1;2026-09-13 22:26:32.575478;sc_4;Suppliers and third-party partners are routinely assessed using audits, test results, or other forms of evaluations to confirm they are meeting their contractual obligations.;Identify (ID);Supply Chain Risk Management (ID.SC);;aws;;FAIL;No CloudWatch log groups found with metric filters or alarms associated.;arn:aws:logs:us-east-1:858573892697:log-group;cloudwatch_log_metric_filter_policy_changes;False;858573892697;NIST-CSF;National Institute of Standards and Technology (NIST) Cybersecurity Framework (CSF) v1.1;
aws;The NIST Cybersecurity Framework (CSF) is supported by governments and industries worldwide as a recommended baseline for use by any organization, regardless of sector or size. The NIST Cybersecurity Framework consists of three primary components: the framework core, the profiles, and the implementation tiers. The framework core contains desired cybersecurity activities and outcomes organized into 23 categories that cover the breadth of cybersecurity objectives for an organization. The profiles contain an organization's unique alignment of their organizational requirements and objectives, risk appetite, and resources using the desired outcomes of the framework core. The implementation tiers describe the degree to which an organization’s cybersecurity risk management practices exhibit the characteristics defined in the framework core.;858573892697;us-east-1;2026-09-13 22:26:32.575478;cm_2;The physical environment is monitored to detect potential cybersecurity events.;Detect (DE);Security Continuous Monitoring (DE.CM);;aws;;FAIL;No CloudWatch log groups found with metric filters or alarms associated.;arn:aws:logs:us-east-1:858573892697:log-group;cloudwatch_log_metric_filter_root_usage;False;858573892697;NIST-CSF;National Institute of Standards and Technology (NIST) Cybersecurity Framework (CSF) v1.1;
aws;The NIST Cybersecurity Framework (CSF) is supported by governments and industries worldwide as a recommended baseline for use by any organization, regardless of sector or size. The NIST Cybersecurity Framework consists of three primary components: the framework core, the profiles, and the implementation tiers. The framework core contains desired cybersecurity activities and outcomes organized into 23 categories that cover the breadth of cybersecurity objectives for an organization. The profiles contain an organization's unique alignment of their organizational requirements and objectives, risk appetite, and resources using the desired outcomes of the framework core. The implementation tiers describe the degree to which an organization’s cybersecurity risk management practices exhibit the characteristics defined in the framework core.;858573892697;us-east-1;2026-09-13 22:26:32.575478;ra_5;Threats, vulnerabilities, likelihoods, and impacts are used to determine risk.;Identify (ID);Risk Assessment (ID.RA);;aws;;FAIL;No CloudWatch log groups found with metric filters or alarms associated.;arn:aws:logs:us-east-1:858573892697:log-group;cloudwatch_log_metric_filter_root_usage;False;858573892697;NIST-CSF;National Institute of Standards and Technology (NIST) Cybersecurity Framework (CSF) v1.1;
aws;The NIST Cybersecurity Framework (CSF) is supported by governments and industries worldwide as a recommended baseline for use by any organization, regardless of sector or size. The NIST Cybersecurity Framework consists of three primary components: the framework core, the profiles, and the implementation tiers. The framework core contains desired cybersecurity activities and outcomes organized into 23 categories that cover the breadth of cybersecurity objectives for an organization. The profiles contain an organization's unique alignment of their organizational requirements and objectives, risk appetite, and resources using the desired outcomes of the framework core. The implementation tiers describe the degree to which an organization’s cybersecurity risk management practices exhibit the characteristics defined in the framework core.;858573892697;us-east-1;2026-09-13 22:26:32.575478;sc_4;Suppliers and third-party partners are routinely assessed using audits, test results, or other forms of evaluations to confirm they are meeting their contractual obligations.;Identify (ID);Supply Chain Risk Management (ID.SC);;aws;;FAIL;No CloudWatch log groups found with metric filters or alarms associated.;arn:aws:logs:us-east-1:858573892697:log-group;cloudwatch_log_metric_filter_root_usage;False;858573892697;NIST-CSF;National Institute of Standards and Technology (NIST) Cybersecurity Framework (CSF) v1.1;
aws;The NIST Cybersecurity Framework (CSF) is supported by governments and industries worldwide as a recommended baseline for use by any organization, regardless of sector or size. The NIST Cybersecurity Framework consists of three primary components: the framework core, the profiles, and the implementation tiers. The framework core contains desired cybersecurity activities and outcomes organized into 23 categories that cover the breadth of cybersecurity objectives for an organization. The profiles contain an organization's unique alignment of their organizational requirements and objectives, risk appetite, and resources using the desired outcomes of the framework core. The implementation tiers describe the degree to which an organization’s cybersecurity risk management practices exhibit the characteristics defined in the framework core.;858573892697;us-east-1;2026-09-13 22:26:32.575478;cm_2;The physical environment is monitored to detect potential cybersecurity events.;Detect (DE);Security Continuous Monitoring (DE.CM);;aws;;FAIL;No CloudWatch log groups found with metric filters or alarms associated.;arn:aws:logs:us-east-1:858573892697:log-group;cloudwatch_log_metric_filter_security_group_changes;False;858573892697;NIST-CSF;National Institute of Standards and Technology (NIST) Cybersecurity Framework (CSF) v1.1;
aws;The NIST Cybersecurity Framework (CSF) is supported by governments and industries worldwide as a recommended baseline for use by any organization, regardless of sector or size. The NIST Cybersecurity Framework consists of three primary components: the framework core, the profiles, and the implementation tiers. The framework core contains desired cybersecurity activities and outcomes organized into 23 categories that cover the breadth of cybersecurity objectives for an organization. The profiles contain an organization's unique alignment of their organizational requirements and objectives, risk appetite, and resources using the desired outcomes of the framework core. The implementation tiers describe the degree to which an organization’s cybersecurity risk management practices exhibit the characteristics defined in the framework core.;858573892697;us-east-1;2026-09-13 22:26:32.575478;ra_5;Threats, vulnerabilities, likelihoods, and impacts are used to determine risk.;Identify (ID);Risk Assessment (ID.RA);;aws;;FAIL;No CloudWatch log groups found with metric filters or alarms associated.;arn:aws:logs:us-east-1:858573892697:log-group;cloudwatch_log_metric_filter_security_group_changes;False;858573892697;NIST-CSF;National Institute of Standards and Technology (NIST) Cybersecurity Framework (CSF) v1.1;
aws;The NIST Cybersecurity Framework (CSF) is supported by governments and industries worldwide as a recommended baseline for use by any organization, regardless of sector or size. The NIST Cybersecurity Framework consists of three primary components: the framework core, the profiles, and the implementation tiers. The framework core contains desired cybersecurity activities and outcomes organized into 23 categories that cover the breadth of cybersecurity objectives for an organization. The profiles contain an organization's unique alignment of their organizational requirements and objectives, risk appetite, and resources using the desired outcomes of the framework core. The implementation tiers describe the degree to which an organization’s cybersecurity risk management practices exhibit the characteristics defined in the framework core.;858573892697;us-east-1;2026-09-13 22:26:32.575478;sc_4;Suppliers and third-party partners are routinely assessed using audits, test results, or other forms of evaluations to confirm they are meeting their contractual obligations.;Identify (ID);Supply Chain Risk Management (ID.SC);;aws;;FAIL;No CloudWatch log groups found with metric filters or alarms associated.;arn:aws:logs:us-east-1:858573892697:log-group;cloudwatch_log_metric_filter_security_group_changes;False;858573892697;NIST-CSF;National Institute of Standards and Technology (NIST) Cybersecurity Framework (CSF) v1.1;
aws;The NIST Cybersecurity Framework (CSF) is supported by governments and industries worldwide as a recommended baseline for use by any organization, regardless of sector or size. The NIST Cybersecurity Framework consists of three primary components: the framework core, the profiles, and the implementation tiers. The framework core contains desired cybersecurity activities and outcomes organized into 23 categories that cover the breadth of cybersecurity objectives for an organization. The profiles contain an organization's unique alignment of their organizational requirements and objectives, risk appetite, and resources using the desired outcomes of the framework core. The implementation tiers describe the degree to which an organization’s cybersecurity risk management practices exhibit the characteristics defined in the framework core.;858573892697;us-east-1;2026-09-13 22:26:32.575478;cm_2;The physical environment is monitored to detect potential cybersecurity events.;Detect (DE);Security Continuous Monitoring (DE.CM);;aws;;FAIL;No CloudWatch log groups found with metric filters or alarms associated.;arn:aws:logs:us-east-1:858573892697:log-group;cloudwatch_log_metric_filter_sign_in_without_mfa;False;858573892697;NIST-CSF;National Institute of Standards and Technology (NIST) Cybersecurity Framework (CSF) v1.1;
aws;The NIST Cybersecurity Framework (CSF) is supported by governments and industries worldwide as a recommended baseline for use by any organization, regardless of sector or size. The NIST Cybersecurity Framework consists of three primary components: the framework core, the profiles, and the implementation tiers. The framework core contains desired cybersecurity activities and outcomes organized into 23 categories that cover the breadth of cybersecurity objectives for an organization. The profiles contain an organization's unique alignment of their organizational requirements and objectives, risk appetite, and resources using the desired outcomes of the framework core. The implementation tiers describe the degree to which an organization’s cybersecurity risk management practices exhibit the characteristics defined in the framework core.;858573892697;us-east-1;2026-09-13 22:26:32.575478;ra_5;Threats, vulnerabilities, likelihoods, and impacts are used to determine risk.;Identify (ID);Risk Assessment (ID.RA);;aws;;FAIL;No CloudWatch log groups found with metric filters or alarms associated.;arn:aws:logs:us-east-1:858573892697:log-group;cloudwatch_log_metric_filter_sign_in_without_mfa;False;858573892697;NIST-CSF;National Institute of Standards and Technology (NIST) Cybersecurity Framework (CSF) v1.1;
aws;The NIST Cybersecurity Framework (CSF) is supported by governments and industries worldwide as a recommended baseline for use by any organization, regardless of sector or size. The NIST Cybersecurity Framework consists of three primary components: the framework core, the profiles, and the implementation tiers. The framework core contains desired cybersecurity activities and outcomes organized into 23 categories that cover the breadth of cybersecurity objectives for an organization. The profiles contain an organization's unique alignment of their organizational requirements and objectives, risk appetite, and resources using the desired outcomes of the framework core. The implementation tiers describe the degree to which an organization’s cybersecurity risk management practices exhibit the characteristics defined in the framework core.;858573892697;us-east-1;2026-09-13 22:26:32.575478;sc_4;Suppliers and third-party partners are routinely assessed using audits, test results, or other forms of evaluations to confirm they are meeting their contractual obligations.;Identify (ID);Supply Chain Risk Management (ID.SC);;aws;;FAIL;No CloudWatch log groups found with metric filters or alarms associated.;arn:aws:logs:us-east-1:858573892697:log-group;cloudwatch_log_metric_filter_sign_in_without_mfa;False;858573892697;NIST-CSF;National Institute of Standards and Technology (NIST) Cybersecurity Framework (CSF) v1.1;
aws;The NIST Cybersecurity Framework (CSF) is supported by governments and industries worldwide as a recommended baseline for use by any organization, regardless of sector or size. The NIST Cybersecurity Framework consists of three primary components: the framework core, the profiles, and the implementation tiers. The framework core contains desired cybersecurity activities and outcomes organized into 23 categories that cover the breadth of cybersecurity objectives for an organization. The profiles contain an organization's unique alignment of their organizational requirements and objectives, risk appetite, and resources using the desired outcomes of the framework core. The implementation tiers describe the degree to which an organization’s cybersecurity risk management practices exhibit the characteristics defined in the framework core.;858573892697;us-east-1;2026-09-13 22:26:32.575478;cm_2;The physical environment is monitored to detect potential cybersecurity events.;Detect (DE);Security Continuous Monitoring (DE.CM);;aws;;FAIL;No CloudWatch log groups found with metric filters or alarms associated.;arn:aws:logs:us-east-1:858573892697:log-group;cloudwatch_log_metric_filter_unauthorized_api_calls;False;858573892697;NIST-CSF;National Institute of Standards and Technology (NIST) Cybersecurity Framework (CSF) v1.1;
aws;The NIST Cybersecurity Framework (CSF) is supported by governments and industries worldwide as a recommended baseline for use by any organization, regardless of sector or size. The NIST Cybersecurity Framework consists of three primary components: the framework core, the profiles, and the implementation tiers. The framework core contains desired cybersecurity activities and outcomes organized into 23 categories that cover the breadth of cybersecurity objectives for an organization. The profiles contain an organization's unique alignment of their organizational requirements and objectives, risk appetite, and resources using the desired outcomes of the framework core. The implementation tiers describe the degree to which an organization’s cybersecurity risk management practices exhibit the characteristics defined in the framework core.;858573892697;us-east-1;2026-09-13 22:26:32.575478;ra_5;Threats, vulnerabilities, likelihoods, and impacts are used to determine risk.;Identify (ID);Risk Assessment (ID.RA);;aws;;FAIL;No CloudWatch log groups found with metric filters or alarms associated.;arn:aws:logs:us-east-1:858573892697:log-group;cloudwatch_log_metric_filter_unauthorized_api_calls;False;858573892697;NIST-CSF;National Institute of Standards and Technology (NIST) Cybersecurity Framework (CSF) v1.1;
aws;The NIST Cybersecurity Framework (CSF) is supported by governments and industries worldwide as a recommended baseline for use by any organization, regardless of sector or size. The NIST Cybersecurity Framework consists of three primary components: the framework core, the profiles, and the implementation tiers. The framework core contains desired cybersecurity activities and outcomes organized into 23 categories that cover the breadth of cybersecurity objectives for an organization. The profiles contain an organization's unique alignment of their organizational requirements and objectives, risk appetite, and resources using the desired outcomes of the framework core. The implementation tiers describe the degree to which an organization’s cybersecurity risk management practices exhibit the characteristics defined in the framework core.;858573892697;us-east-1;2026-09-13 22:26:32.575478;sc_4;Suppliers and third-party partners are routinely assessed using audits, test results, or other forms of evaluations to confirm they are meeting their contractual obligations.;Identify (ID);Supply Chain Risk Management (ID.SC);;aws;;FAIL;No CloudWatch log groups found with metric filters or alarms associated.;arn:aws:logs:us-east-1:858573892697:log-group;cloudwatch_log_metric_filter_unauthorized_api_calls;False;858573892697;NIST-CSF;National Institute of Standards and Technology (NIST) Cybersecurity Framework (CSF) v1.1;
aws;The NIST Cybersecurity Framework (CSF) is supported by governments and industries worldwide as a recommended baseline for use by any organization, regardless of sector or size. The NIST Cybersecurity Framework consists of three primary components: the framework core, the profiles, and the implementation tiers. The framework core contains desired cybersecurity activities and outcomes organized into 23 categories that cover the breadth of cybersecurity objectives for an organization. The profiles contain an organization's unique alignment of their organizational requirements and objectives, risk appetite, and resources using the desired outcomes of the framework core. The implementation tiers describe the degree to which an organization’s cybersecurity risk management practices exhibit the characteristics defined in the framework core.;858573892697;us-east-1;2026-09-13 22:26:32.575478;cm_2;The physical environment is monitored to detect potential cybersecurity events.;Detect (DE);Security Continuous Monitoring (DE.CM);;aws;;FAIL;AWS Config recorder 858573892697 is disabled.;arn:aws:config:us-east-1:858573892697:recorder;config_recorder_all_regions_enabled;False;858573892697;NIST-CSF;National Institute of Standards and Technology (NIST) Cybersecurity Framework (CSF) v1.1;
aws;The NIST Cybersecurity Framework (CSF) is supported by governments and industries worldwide as a recommended baseline for use by any organization, regardless of sector or size. The NIST Cybersecurity Framework consists of three primary components: the framework core, the profiles, and the implementation tiers. The framework core contains desired cybersecurity activities and outcomes organized into 23 categories that cover the breadth of cybersecurity objectives for an organization. The profiles contain an organization's unique alignment of their organizational requirements and objectives, risk appetite, and resources using the desired outcomes of the framework core. The implementation tiers describe the degree to which an organization’s cybersecurity risk management practices exhibit the characteristics defined in the framework core.;858573892697;us-east-1;2026-09-13 22:26:32.575478;am_1;Physical devices and systems within the organization are inventoried.;Identify (ID);Asset Management (ID.AM);;aws;;FAIL;AWS Config recorder 858573892697 is disabled.;arn:aws:config:us-east-1:858573892697:recorder;config_recorder_all_regions_enabled;False;858573892697;NIST-CSF;National Institute of Standards and Technology (NIST) Cybersecurity Framework (CSF) v1.1;
aws;The NIST Cybersecurity Framework (CSF) is supported by governments and industries worldwide as a recommended baseline for use by any organization, regardless of sector or size. The NIST Cybersecurity Framework consists of three primary components: the framework core, the profiles, and the implementation tiers. The framework core contains desired cybersecurity activities and outcomes organized into 23 categories that cover the breadth of cybersecurity objectives for an organization. The profiles contain an organization's unique alignment of their organizational requirements and objectives, risk appetite, and resources using the desired outcomes of the framework core. The implementation tiers describe the degree to which an organization’s cybersecurity risk management practices exhibit the characteristics defined in the framework core.;858573892697;us-east-1;2026-09-13 22:26:32.575478;ra_5;Threats, vulnerabilities, likelihoods, and impacts are used to determine risk.;Identify (ID);Risk Assessment (ID.RA);;aws;;FAIL;AWS Config recorder 858573892697 is disabled.;arn:aws:config:us-east-1:858573892697:recorder;config_recorder_all_regions_enabled;False;858573892697;NIST-CSF;National Institute of Standards and Technology (NIST) Cybersecurity Framework (CSF) v1.1;
aws;The NIST Cybersecurity Framework (CSF) is supported by governments and industries worldwide as a recommended baseline for use by any organization, regardless of sector or size. The NIST Cybersecurity Framework consists of three primary components: the framework core, the profiles, and the implementation tiers. The framework core contains desired cybersecurity activities and outcomes organized into 23 categories that cover the breadth of cybersecurity objectives for an organization. The profiles contain an organization's unique alignment of their organizational requirements and objectives, risk appetite, and resources using the desired outcomes of the framework core. The implementation tiers describe the degree to which an organization’s cybersecurity risk management practices exhibit the characteristics defined in the framework core.;858573892697;us-east-1;2026-09-13 22:26:32.575478;sc_4;Suppliers and third-party partners are routinely assessed using audits, test results, or other forms of evaluations to confirm they are meeting their contractual obligations.;Identify (ID);Supply Chain Risk Management (ID.SC);;aws;;FAIL;AWS Config recorder 858573892697 is disabled.;arn:aws:config:us-east-1:858573892697:recorder;config_recorder_all_regions_enabled;False;858573892697;NIST-CSF;National Institute of Standards and Technology (NIST) Cybersecurity Framework (CSF) v1.1;
aws;The NIST Cybersecurity Framework (CSF) is supported by governments and industries worldwide as a recommended baseline for use by any organization, regardless of sector or size. The NIST Cybersecurity Framework consists of three primary components: the framework core, the profiles, and the implementation tiers. The framework core contains desired cybersecurity activities and outcomes organized into 23 categories that cover the breadth of cybersecurity objectives for an organization. The profiles contain an organization's unique alignment of their organizational requirements and objectives, risk appetite, and resources using the desired outcomes of the framework core. The implementation tiers describe the degree to which an organization’s cybersecurity risk management practices exhibit the characteristics defined in the framework core.;858573892697;us-east-1;2026-09-13 22:26:32.575478;ip_12;A vulnerability management plan is developed and implemented.;Protect (PR);Information Protection Processes and Procedures (PR.IP);;aws;;FAIL;AWS Config recorder 858573892697 is disabled.;arn:aws:config:us-east-1:858573892697:recorder;config_recorder_all_regions_enabled;False;858573892697;NIST-CSF;National Institute of Standards and Technology (NIST) Cybersecurity Framework (CSF) v1.1;
aws;The NIST Cybersecurity Framework (CSF) is supported by governments and industries worldwide as a recommended baseline for use by any organization, regardless of sector or size. The NIST Cybersecurity Framework consists of three primary components: the framework core, the profiles, and the implementation tiers. The framework core contains desired cybersecurity activities and outcomes organized into 23 categories that cover the breadth of cybersecurity objectives for an organization. The profiles contain an organization's unique alignment of their organizational requirements and objectives, risk appetite, and resources using the desired outcomes of the framework core. The implementation tiers describe the degree to which an organization’s cybersecurity risk management practices exhibit the characteristics defined in the framework core.;858573892697;us-east-1;2026-09-13 22:26:32.575478;ds_1;Data-at-rest is protected.;Protect (PR);Data Security (PR.DS);;aws;;FAIL;EBS Snapshot vol-0eb1883546aae7c2c is unencrypted.;arn:aws:ec2:us-east-1:858573892697:volume/vol-0eb1883546aae7c2c;ec2_ebs_volume_encryption;False;vol-0eb1883546aae7c2c;NIST-CSF;National Institute of Standards and Technology (NIST) Cybersecurity Framework (CSF) v1.1;
aws;The NIST Cybersecurity Framework (CSF) is supported by governments and industries worldwide as a recommended baseline for use by any organization, regardless of sector or size. The NIST Cybersecurity Framework consists of three primary components: the framework core, the profiles, and the implementation tiers. The framework core contains desired cybersecurity activities and outcomes organized into 23 categories that cover the breadth of cybersecurity objectives for an organization. The profiles contain an organization's unique alignment of their organizational requirements and objectives, risk appetite, and resources using the desired outcomes of the framework core. The implementation tiers describe the degree to which an organization’s cybersecurity risk management practices exhibit the characteristics defined in the framework core.;858573892697;us-east-1;2026-09-13 22:26:32.575478;ds_3;Assets are formally managed throughout removal, transfers, and disposition.;Protect (PR);Data Security (PR.DS);;aws;;PASS;Elastic IP 98.95.151.174 is associated with an instance or network interface.;arn:aws:ec2:us-east-1:858573892697:eip-allocation/eipalloc-0d129f5484bb5b337;ec2_elastic_ip_unassigned;False;98.95.151.174;NIST-CSF;National Institute of Standards and Technology (NIST) Cybersecurity Framework (CSF) v1.1;
aws;The NIST Cybersecurity Framework (CSF) is supported by governments and industries worldwide as a recommended baseline for use by any organization, regardless of sector or size. The NIST Cybersecurity Framework consists of three primary components: the framework core, the profiles, and the implementation tiers. The framework core contains desired cybersecurity activities and outcomes organized into 23 categories that cover the breadth of cybersecurity objectives for an organization. The profiles contain an organization's unique alignment of their organizational requirements and objectives, risk appetite, and resources using the desired outcomes of the framework core. The implementation tiers describe the degree to which an organization’s cybersecurity risk management practices exhibit the characteristics defined in the framework core.;858573892697;us-east-1;2026-09-13 22:26:32.575478;cm_2;The physical environment is monitored to detect potential cybersecurity events.;Detect (DE);Security Continuous Monitoring (DE.CM);;aws;;PASS;EC2 Instance i-09f50c4dba74b8608 has IMDSv2 enabled and required.;arn:aws:ec2:us-east-1:858573892697:instance/i-09f50c4dba74b8608;ec2_instance_imdsv2_enabled;False;i-09f50c4dba74b8608;NIST-CSF;National Institute of Standards and Technology (NIST) Cybersecurity Framework (CSF) v1.1;
aws;The NIST Cybersecurity Framework (CSF) is supported by governments and industries worldwide as a recommended baseline for use by any organization, regardless of sector or size. The NIST Cybersecurity Framework consists of three primary components: the framework core, the profiles, and the implementation tiers. The framework core contains desired cybersecurity activities and outcomes organized into 23 categories that cover the breadth of cybersecurity objectives for an organization. The profiles contain an organization's unique alignment of their organizational requirements and objectives, risk appetite, and resources using the desired outcomes of the framework core. The implementation tiers describe the degree to which an organization’s cybersecurity risk management practices exhibit the characteristics defined in the framework core.;858573892697;us-east-1;2026-09-13 22:26:32.575478;cm_5;Unauthorized mobile code is detected.;Detect (DE);Security Continuous Monitoring (DE.CM);;aws;;PASS;EC2 Instance i-09f50c4dba74b8608 has IMDSv2 enabled and required.;arn:aws:ec2:us-east-1:858573892697:instance/i-09f50c4dba74b8608;ec2_instance_imdsv2_enabled;False;i-09f50c4dba74b8608;NIST-CSF;National Institute of Standards and Technology (NIST) Cybersecurity Framework (CSF) v1.1;
aws;The NIST Cybersecurity Framework (CSF) is supported by governments and industries worldwide as a recommended baseline for use by any organization, regardless of sector or size. The NIST Cybersecurity Framework consists of three primary components: the framework core, the profiles, and the implementation tiers. The framework core contains desired cybersecurity activities and outcomes organized into 23 categories that cover the breadth of cybersecurity objectives for an organization. The profiles contain an organization's unique alignment of their organizational requirements and objectives, risk appetite, and resources using the desired outcomes of the framework core. The implementation tiers describe the degree to which an organization’s cybersecurity risk management practices exhibit the characteristics defined in the framework core.;858573892697;us-east-1;2026-09-13 22:26:32.575478;cp_4;Event detection information is communicated.;Detect (DE);Detection Processes (DE.DP);;aws;;PASS;EC2 Instance i-09f50c4dba74b8608 has IMDSv2 enabled and required.;arn:aws:ec2:us-east-1:858573892697:instance/i-09f50c4dba74b8608;ec2_instance_imdsv2_enabled;False;i-09f50c4dba74b8608;NIST-CSF;National Institute of Standards and Technology (NIST) Cybersecurity Framework (CSF) v1.1;
aws;The NIST Cybersecurity Framework (CSF) is supported by governments and industries worldwide as a recommended baseline for use by any organization, regardless of sector or size. The NIST Cybersecurity Framework consists of three primary components: the framework core, the profiles, and the implementation tiers. The framework core contains desired cybersecurity activities and outcomes organized into 23 categories that cover the breadth of cybersecurity objectives for an organization. The profiles contain an organization's unique alignment of their organizational requirements and objectives, risk appetite, and resources using the desired outcomes of the framework core. The implementation tiers describe the degree to which an organization’s cybersecurity risk management practices exhibit the characteristics defined in the framework core.;858573892697;us-east-1;2026-09-13 22:26:32.575478;cp_5;Detection processes are continuously improved.;Detect (DE);Detection Processes (DE.DP);;ec2;;PASS;EC2 Instance i-09f50c4dba74b8608 has IMDSv2 enabled and required.;arn:aws:ec2:us-east-1:858573892697:instance/i-09f50c4dba74b8608;ec2_instance_imdsv2_enabled;False;i-09f50c4dba74b8608;NIST-CSF;National Institute of Standards and Technology (NIST) Cybersecurity Framework (CSF) v1.1;
aws;The NIST Cybersecurity Framework (CSF) is supported by governments and industries worldwide as a recommended baseline for use by any organization, regardless of sector or size. The NIST Cybersecurity Framework consists of three primary components: the framework core, the profiles, and the implementation tiers. The framework core contains desired cybersecurity activities and outcomes organized into 23 categories that cover the breadth of cybersecurity objectives for an organization. The profiles contain an organization's unique alignment of their organizational requirements and objectives, risk appetite, and resources using the desired outcomes of the framework core. The implementation tiers describe the degree to which an organization’s cybersecurity risk management practices exhibit the characteristics defined in the framework core.;858573892697;us-east-1;2026-09-13 22:26:32.575478;ra_5;Threats, vulnerabilities, likelihoods, and impacts are used to determine risk.;Identify (ID);Risk Assessment (ID.RA);;aws;;PASS;EC2 Instance i-09f50c4dba74b8608 has IMDSv2 enabled and required.;arn:aws:ec2:us-east-1:858573892697:instance/i-09f50c4dba74b8608;ec2_instance_imdsv2_enabled;False;i-09f50c4dba74b8608;NIST-CSF;National Institute of Standards and Technology (NIST) Cybersecurity Framework (CSF) v1.1;
aws;The NIST Cybersecurity Framework (CSF) is supported by governments and industries worldwide as a recommended baseline for use by any organization, regardless of sector or size. The NIST Cybersecurity Framework consists of three primary components: the framework core, the profiles, and the implementation tiers. The framework core contains desired cybersecurity activities and outcomes organized into 23 categories that cover the breadth of cybersecurity objectives for an organization. The profiles contain an organization's unique alignment of their organizational requirements and objectives, risk appetite, and resources using the desired outcomes of the framework core. The implementation tiers describe the degree to which an organization’s cybersecurity risk management practices exhibit the characteristics defined in the framework core.;858573892697;us-east-1;2026-09-13 22:26:32.575478;sc_4;Suppliers and third-party partners are routinely assessed using audits, test results, or other forms of evaluations to confirm they are meeting their contractual obligations.;Identify (ID);Supply Chain Risk Management (ID.SC);;aws;;PASS;EC2 Instance i-09f50c4dba74b8608 has IMDSv2 enabled and required.;arn:aws:ec2:us-east-1:858573892697:instance/i-09f50c4dba74b8608;ec2_instance_imdsv2_enabled;False;i-09f50c4dba74b8608;NIST-CSF;National Institute of Standards and Technology (NIST) Cybersecurity Framework (CSF) v1.1;
aws;The NIST Cybersecurity Framework (CSF) is supported by governments and industries worldwide as a recommended baseline for use by any organization, regardless of sector or size. The NIST Cybersecurity Framework consists of three primary components: the framework core, the profiles, and the implementation tiers. The framework core contains desired cybersecurity activities and outcomes organized into 23 categories that cover the breadth of cybersecurity objectives for an organization. The profiles contain an organization's unique alignment of their organizational requirements and objectives, risk appetite, and resources using the desired outcomes of the framework core. The implementation tiers describe the degree to which an organization’s cybersecurity risk management practices exhibit the characteristics defined in the framework core.;858573892697;us-east-1;2026-09-13 22:26:32.575478;am_1;Physical devices and systems within the organization are inventoried.;Identify (ID);Asset Management (ID.AM);;aws;;FAIL;EC2 Instance i-09f50c4dba74b8608 is not managed by Systems Manager.;arn:aws:ec2:us-east-1:858573892697:instance/i-09f50c4dba74b8608;ec2_instance_managed_by_ssm;False;i-09f50c4dba74b8608;NIST-CSF;National Institute of Standards and Technology (NIST) Cybersecurity Framework (CSF) v1.1;
aws;The NIST Cybersecurity Framework (CSF) is supported by governments and industries worldwide as a recommended baseline for use by any organization, regardless of sector or size. The NIST Cybersecurity Framework consists of three primary components: the framework core, the profiles, and the implementation tiers. The framework core contains desired cybersecurity activities and outcomes organized into 23 categories that cover the breadth of cybersecurity objectives for an organization. The profiles contain an organization's unique alignment of their organizational requirements and objectives, risk appetite, and resources using the desired outcomes of the framework core. The implementation tiers describe the degree to which an organization’s cybersecurity risk management practices exhibit the characteristics defined in the framework core.;858573892697;us-east-1;2026-09-13 22:26:32.575478;am_2;Software platforms and applications within the organization are inventoried.;Identify (ID);Asset Management (ID.AM);;aws;;FAIL;EC2 Instance i-09f50c4dba74b8608 is not managed by Systems Manager.;arn:aws:ec2:us-east-1:858573892697:instance/i-09f50c4dba74b8608;ec2_instance_managed_by_ssm;False;i-09f50c4dba74b8608;NIST-CSF;National Institute of Standards and Technology (NIST) Cybersecurity Framework (CSF) v1.1;
aws;The NIST Cybersecurity Framework (CSF) is supported by governments and industries worldwide as a recommended baseline for use by any organization, regardless of sector or size. The NIST Cybersecurity Framework consists of three primary components: the framework core, the profiles, and the implementation tiers. The framework core contains desired cybersecurity activities and outcomes organized into 23 categories that cover the breadth of cybersecurity objectives for an organization. The profiles contain an organization's unique alignment of their organizational requirements and objectives, risk appetite, and resources using the desired outcomes of the framework core. The implementation tiers describe the degree to which an organization’s cybersecurity risk management practices exhibit the characteristics defined in the framework core.;858573892697;us-east-1;2026-09-13 22:26:32.575478;ds_3;Assets are formally managed throughout removal, transfers, and disposition.;Protect (PR);Data Security (PR.DS);;aws;;FAIL;EC2 Instance i-09f50c4dba74b8608 is not managed by Systems Manager.;arn:aws:ec2:us-east-1:858573892697:instance/i-09f50c4dba74b8608;ec2_instance_managed_by_ssm;False;i-09f50c4dba74b8608;NIST-CSF;National Institute of Standards and Technology (NIST) Cybersecurity Framework (CSF) v1.1;
aws;The NIST Cybersecurity Framework (CSF) is supported by governments and industries worldwide as a recommended baseline for use by any organization, regardless of sector or size. The NIST Cybersecurity Framework consists of three primary components: the framework core, the profiles, and the implementation tiers. The framework core contains desired cybersecurity activities and outcomes organized into 23 categories that cover the breadth of cybersecurity objectives for an organization. The profiles contain an organization's unique alignment of their organizational requirements and objectives, risk appetite, and resources using the desired outcomes of the framework core. The implementation tiers describe the degree to which an organization’s cybersecurity risk management practices exhibit the characteristics defined in the framework core.;858573892697;us-east-1;2026-09-13 22:26:32.575478;ds_7;The development and testing environment(s) are separate from the production environment.;Protect (PR);Data Security (PR.DS);;aws;;FAIL;EC2 Instance i-09f50c4dba74b8608 is not managed by Systems Manager.;arn:aws:ec2:us-east-1:858573892697:instance/i-09f50c4dba74b8608;ec2_instance_managed_by_ssm;False;i-09f50c4dba74b8608;NIST-CSF;National Institute of Standards and Technology (NIST) Cybersecurity Framework (CSF) v1.1;
aws;The NIST Cybersecurity Framework (CSF) is supported by governments and industries worldwide as a recommended baseline for use by any organization, regardless of sector or size. The NIST Cybersecurity Framework consists of three primary components: the framework core, the profiles, and the implementation tiers. The framework core contains desired cybersecurity activities and outcomes organized into 23 categories that cover the breadth of cybersecurity objectives for an organization. The profiles contain an organization's unique alignment of their organizational requirements and objectives, risk appetite, and resources using the desired outcomes of the framework core. The implementation tiers describe the degree to which an organization’s cybersecurity risk management practices exhibit the characteristics defined in the framework core.;858573892697;us-east-1;2026-09-13 22:26:32.575478;ds_8;Integrity checking mechanisms are used to verify hardware integrity.;Protect (PR);Data Security (PR.DS);;aws;;FAIL;EC2 Instance i-09f50c4dba74b8608 is not managed by Systems Manager.;arn:aws:ec2:us-east-1:858573892697:instance/i-09f50c4dba74b8608;ec2_instance_managed_by_ssm;False;i-09f50c4dba74b8608;NIST-CSF;National Institute of Standards and Technology (NIST) Cybersecurity Framework (CSF) v1.1;
aws;The NIST Cybersecurity Framework (CSF) is supported by governments and industries worldwide as a recommended baseline for use by any organization, regardless of sector or size. The NIST Cybersecurity Framework consists of three primary components: the framework core, the profiles, and the implementation tiers. The framework core contains desired cybersecurity activities and outcomes organized into 23 categories that cover the breadth of cybersecurity objectives for an organization. The profiles contain an organization's unique alignment of their organizational requirements and objectives, risk appetite, and resources using the desired outcomes of the framework core. The implementation tiers describe the degree to which an organization’s cybersecurity risk management practices exhibit the characteristics defined in the framework core.;858573892697;us-east-1;2026-09-13 22:26:32.575478;ip_1;A baseline configuration of information technology/industrial control systems is created and maintained incorporating security principles (e.g. concept of least functionality).;Protect (PR);Information Protection Processes and Procedures (PR.IP);;aws;;FAIL;EC2 Instance i-09f50c4dba74b8608 is not managed by Systems Manager.;arn:aws:ec2:us-east-1:858573892697:instance/i-09f50c4dba74b8608;ec2_instance_managed_by_ssm;False;i-09f50c4dba74b8608;NIST-CSF;National Institute of Standards and Technology (NIST) Cybersecurity Framework (CSF) v1.1;
aws;The NIST Cybersecurity Framework (CSF) is supported by governments and industries worldwide as a recommended baseline for use by any organization, regardless of sector or size. The NIST Cybersecurity Framework consists of three primary components: the framework core, the profiles, and the implementation tiers. The framework core contains desired cybersecurity activities and outcomes organized into 23 categories that cover the breadth of cybersecurity objectives for an organization. The profiles contain an organization's unique alignment of their organizational requirements and objectives, risk appetite, and resources using the desired outcomes of the framework core. The implementation tiers describe the degree to which an organization’s cybersecurity risk management practices exhibit the characteristics defined in the framework core.;858573892697;us-east-1;2026-09-13 22:26:32.575478;ip_2;A System Development Life Cycle to manage systems is implemented.;Protect (PR);Information Protection Processes and Procedures (PR.IP);;aws;;FAIL;EC2 Instance i-09f50c4dba74b8608 is not managed by Systems Manager.;arn:aws:ec2:us-east-1:858573892697:instance/i-09f50c4dba74b8608;ec2_instance_managed_by_ssm;False;i-09f50c4dba74b8608;NIST-CSF;National Institute of Standards and Technology (NIST) Cybersecurity Framework (CSF) v1.1;
aws;The NIST Cybersecurity Framework (CSF) is supported by governments and industries worldwide as a recommended baseline for use by any organization, regardless of sector or size. The NIST Cybersecurity Framework consists of three primary components: the framework core, the profiles, and the implementation tiers. The framework core contains desired cybersecurity activities and outcomes organized into 23 categories that cover the breadth of cybersecurity objectives for an organization. The profiles contain an organization's unique alignment of their organizational requirements and objectives, risk appetite, and resources using the desired outcomes of the framework core. The implementation tiers describe the degree to which an organization’s cybersecurity risk management practices exhibit the characteristics defined in the framework core.;858573892697;us-east-1;2026-09-13 22:26:32.575478;ip_12;A vulnerability management plan is developed and implemented.;Protect (PR);Information Protection Processes and Procedures (PR.IP);;aws;;FAIL;EC2 Instance i-09f50c4dba74b8608 is not managed by Systems Manager.;arn:aws:ec2:us-east-1:858573892697:instance/i-09f50c4dba74b8608;ec2_instance_managed_by_ssm;False;i-09f50c4dba74b8608;NIST-CSF;National Institute of Standards and Technology (NIST) Cybersecurity Framework (CSF) v1.1;
aws;The NIST Cybersecurity Framework (CSF) is supported by governments and industries worldwide as a recommended baseline for use by any organization, regardless of sector or size. The NIST Cybersecurity Framework consists of three primary components: the framework core, the profiles, and the implementation tiers. The framework core contains desired cybersecurity activities and outcomes organized into 23 categories that cover the breadth of cybersecurity objectives for an organization. The profiles contain an organization's unique alignment of their organizational requirements and objectives, risk appetite, and resources using the desired outcomes of the framework core. The implementation tiers describe the degree to which an organization’s cybersecurity risk management practices exhibit the characteristics defined in the framework core.;858573892697;us-east-1;2026-09-13 22:26:32.575478;ds_7;The development and testing environment(s) are separate from the production environment.;Protect (PR);Data Security (PR.DS);;aws;;PASS;EC2 Instance i-09f50c4dba74b8608 is not older than 180 days (1 days).;arn:aws:ec2:us-east-1:858573892697:instance/i-09f50c4dba74b8608;ec2_instance_older_than_specific_days;False;i-09f50c4dba74b8608;NIST-CSF;National Institute of Standards and Technology (NIST) Cybersecurity Framework (CSF) v1.1;
aws;The NIST Cybersecurity Framework (CSF) is supported by governments and industries worldwide as a recommended baseline for use by any organization, regardless of sector or size. The NIST Cybersecurity Framework consists of three primary components: the framework core, the profiles, and the implementation tiers. The framework core contains desired cybersecurity activities and outcomes organized into 23 categories that cover the breadth of cybersecurity objectives for an organization. The profiles contain an organization's unique alignment of their organizational requirements and objectives, risk appetite, and resources using the desired outcomes of the framework core. The implementation tiers describe the degree to which an organization’s cybersecurity risk management practices exhibit the characteristics defined in the framework core.;858573892697;us-east-1;2026-09-13 22:26:32.575478;ip_1;A baseline configuration of information technology/industrial control systems is created and maintained incorporating security principles (e.g. concept of least functionality).;Protect (PR);Information Protection Processes and Procedures (PR.IP);;aws;;PASS;EC2 Instance i-09f50c4dba74b8608 is not older than 180 days (1 days).;arn:aws:ec2:us-east-1:858573892697:instance/i-09f50c4dba74b8608;ec2_instance_older_than_specific_days;False;i-09f50c4dba74b8608;NIST-CSF;National Institute of Standards and Technology (NIST) Cybersecurity Framework (CSF) v1.1;
aws;The NIST Cybersecurity Framework (CSF) is supported by governments and industries worldwide as a recommended baseline for use by any organization, regardless of sector or size. The NIST Cybersecurity Framework consists of three primary components: the framework core, the profiles, and the implementation tiers. The framework core contains desired cybersecurity activities and outcomes organized into 23 categories that cover the breadth of cybersecurity objectives for an organization. The profiles contain an organization's unique alignment of their organizational requirements and objectives, risk appetite, and resources using the desired outcomes of the framework core. The implementation tiers describe the degree to which an organization’s cybersecurity risk management practices exhibit the characteristics defined in the framework core.;858573892697;us-east-1;2026-09-13 22:26:32.575478;ac_3;Remote access is managed.;Protect (PR);Identity Management and Access Control (PR.AC);;aws;;FAIL;EC2 Instance i-09f50c4dba74b8608 has a Public IP: 184.193.35.205 (ec2-184-193-35-205.compute-1.amazonaws.com).;arn:aws:ec2:us-east-1:858573892697:instance/i-09f50c4dba74b8608;ec2_instance_public_ip;False;i-09f50c4dba74b8608;NIST-CSF;National Institute of Standards and Technology (NIST) Cybersecurity Framework (CSF) v1.1;
aws;The NIST Cybersecurity Framework (CSF) is supported by governments and industries worldwide as a recommended baseline for use by any organization, regardless of sector or size. The NIST Cybersecurity Framework consists of three primary components: the framework core, the profiles, and the implementation tiers. The framework core contains desired cybersecurity activities and outcomes organized into 23 categories that cover the breadth of cybersecurity objectives for an organization. The profiles contain an organization's unique alignment of their organizational requirements and objectives, risk appetite, and resources using the desired outcomes of the framework core. The implementation tiers describe the degree to which an organization’s cybersecurity risk management practices exhibit the characteristics defined in the framework core.;858573892697;us-east-1;2026-09-13 22:26:32.575478;ac_5;Network integrity is protected (e.g., network segregation, network segmentation).;Protect (PR);Identity Management and Access Control (PR.AC);;aws;;FAIL;EC2 Instance i-09f50c4dba74b8608 has a Public IP: 184.193.35.205 (ec2-184-193-35-205.compute-1.amazonaws.com).;arn:aws:ec2:us-east-1:858573892697:instance/i-09f50c4dba74b8608;ec2_instance_public_ip;False;i-09f50c4dba74b8608;NIST-CSF;National Institute of Standards and Technology (NIST) Cybersecurity Framework (CSF) v1.1;
aws;The NIST Cybersecurity Framework (CSF) is supported by governments and industries worldwide as a recommended baseline for use by any organization, regardless of sector or size. The NIST Cybersecurity Framework consists of three primary components: the framework core, the profiles, and the implementation tiers. The framework core contains desired cybersecurity activities and outcomes organized into 23 categories that cover the breadth of cybersecurity objectives for an organization. The profiles contain an organization's unique alignment of their organizational requirements and objectives, risk appetite, and resources using the desired outcomes of the framework core. The implementation tiers describe the degree to which an organization’s cybersecurity risk management practices exhibit the characteristics defined in the framework core.;858573892697;us-east-1;2026-09-13 22:26:32.575478;ip_8;Effectiveness of protection technologies is shared.;Protect (PR);Information Protection Processes and Procedures (PR.IP);;aws;;FAIL;EC2 Instance i-09f50c4dba74b8608 has a Public IP: 184.193.35.205 (ec2-184-193-35-205.compute-1.amazonaws.com).;arn:aws:ec2:us-east-1:858573892697:instance/i-09f50c4dba74b8608;ec2_instance_public_ip;False;i-09f50c4dba74b8608;NIST-CSF;National Institute of Standards and Technology (NIST) Cybersecurity Framework (CSF) v1.1;
aws;The NIST Cybersecurity Framework (CSF) is supported by governments and industries worldwide as a recommended baseline for use by any organization, regardless of sector or size. The NIST Cybersecurity Framework consists of three primary components: the framework core, the profiles, and the implementation tiers. The framework core contains desired cybersecurity activities and outcomes organized into 23 categories that cover the breadth of cybersecurity objectives for an organization. The profiles contain an organization's unique alignment of their organizational requirements and objectives, risk appetite, and resources using the desired outcomes of the framework core. The implementation tiers describe the degree to which an organization’s cybersecurity risk management practices exhibit the characteristics defined in the framework core.;858573892697;us-east-1;2026-09-13 22:26:32.575478;ae_1;A baseline of network operations and expected data flows for users and systems is established and managed.;Detect (DE);Anomalies and Events (DE.AE);;aws;;FAIL;Network ACL acl-0098e87093e7acb5d has every port open to the Internet.;arn:aws:ec2:us-east-1:858573892697:network-acl/acl-0098e87093e7acb5d;ec2_networkacl_allow_ingress_any_port;False;acl-0098e87093e7acb5d;NIST-CSF;National Institute of Standards and Technology (NIST) Cybersecurity Framework (CSF) v1.1;
aws;The NIST Cybersecurity Framework (CSF) is supported by governments and industries worldwide as a recommended baseline for use by any organization, regardless of sector or size. The NIST Cybersecurity Framework consists of three primary components: the framework core, the profiles, and the implementation tiers. The framework core contains desired cybersecurity activities and outcomes organized into 23 categories that cover the breadth of cybersecurity objectives for an organization. The profiles contain an organization's unique alignment of their organizational requirements and objectives, risk appetite, and resources using the desired outcomes of the framework core. The implementation tiers describe the degree to which an organization’s cybersecurity risk management practices exhibit the characteristics defined in the framework core.;858573892697;us-east-1;2026-09-13 22:26:32.575478;ac_3;Remote access is managed.;Protect (PR);Identity Management and Access Control (PR.AC);;aws;;FAIL;Network ACL acl-0098e87093e7acb5d has every port open to the Internet.;arn:aws:ec2:us-east-1:858573892697:network-acl/acl-0098e87093e7acb5d;ec2_networkacl_allow_ingress_any_port;False;acl-0098e87093e7acb5d;NIST-CSF;National Institute of Standards and Technology (NIST) Cybersecurity Framework (CSF) v1.1;
aws;The NIST Cybersecurity Framework (CSF) is supported by governments and industries worldwide as a recommended baseline for use by any organization, regardless of sector or size. The NIST Cybersecurity Framework consists of three primary components: the framework core, the profiles, and the implementation tiers. The framework core contains desired cybersecurity activities and outcomes organized into 23 categories that cover the breadth of cybersecurity objectives for an organization. The profiles contain an organization's unique alignment of their organizational requirements and objectives, risk appetite, and resources using the desired outcomes of the framework core. The implementation tiers describe the degree to which an organization’s cybersecurity risk management practices exhibit the characteristics defined in the framework core.;858573892697;us-east-1;2026-09-13 22:26:32.575478;ac_5;Network integrity is protected (e.g., network segregation, network segmentation).;Protect (PR);Identity Management and Access Control (PR.AC);;aws;;FAIL;Network ACL acl-0098e87093e7acb5d has every port open to the Internet.;arn:aws:ec2:us-east-1:858573892697:network-acl/acl-0098e87093e7acb5d;ec2_networkacl_allow_ingress_any_port;False;acl-0098e87093e7acb5d;NIST-CSF;National Institute of Standards and Technology (NIST) Cybersecurity Framework (CSF) v1.1;
aws;The NIST Cybersecurity Framework (CSF) is supported by governments and industries worldwide as a recommended baseline for use by any organization, regardless of sector or size. The NIST Cybersecurity Framework consists of three primary components: the framework core, the profiles, and the implementation tiers. The framework core contains desired cybersecurity activities and outcomes organized into 23 categories that cover the breadth of cybersecurity objectives for an organization. The profiles contain an organization's unique alignment of their organizational requirements and objectives, risk appetite, and resources using the desired outcomes of the framework core. The implementation tiers describe the degree to which an organization’s cybersecurity risk management practices exhibit the characteristics defined in the framework core.;858573892697;us-east-1;2026-09-13 22:26:32.575478;pt_4;Communications and control networks are protected.;Protect (PR);Protective Technology (PR.PT);;aws;;FAIL;Network ACL acl-0098e87093e7acb5d has every port open to the Internet.;arn:aws:ec2:us-east-1:858573892697:network-acl/acl-0098e87093e7acb5d;ec2_networkacl_allow_ingress_any_port;False;acl-0098e87093e7acb5d;NIST-CSF;National Institute of Standards and Technology (NIST) Cybersecurity Framework (CSF) v1.1;
aws;The NIST Cybersecurity Framework (CSF) is supported by governments and industries worldwide as a recommended baseline for use by any organization, regardless of sector or size. The NIST Cybersecurity Framework consists of three primary components: the framework core, the profiles, and the implementation tiers. The framework core contains desired cybersecurity activities and outcomes organized into 23 categories that cover the breadth of cybersecurity objectives for an organization. The profiles contain an organization's unique alignment of their organizational requirements and objectives, risk appetite, and resources using the desired outcomes of the framework core. The implementation tiers describe the degree to which an organization’s cybersecurity risk management practices exhibit the characteristics defined in the framework core.;858573892697;us-east-1;2026-09-13 22:26:32.575478;ae_1;A baseline of network operations and expected data flows for users and systems is established and managed.;Detect (DE);Anomalies and Events (DE.AE);;aws;;FAIL;Network ACL acl-0dd8762c751bf1faf has every port open to the Internet.;arn:aws:ec2:us-east-1:858573892697:network-acl/acl-0dd8762c751bf1faf;ec2_networkacl_allow_ingress_any_port;False;acl-0dd8762c751bf1faf;NIST-CSF;National Institute of Standards and Technology (NIST) Cybersecurity Framework (CSF) v1.1;
aws;The NIST Cybersecurity Framework (CSF) is supported by governments and industries worldwide as a recommended baseline for use by any organization, regardless of sector or size. The NIST Cybersecurity Framework consists of three primary components: the framework core, the profiles, and the implementation tiers. The framework core contains desired cybersecurity activities and outcomes organized into 23 categories that cover the breadth of cybersecurity objectives for an organization. The profiles contain an organization's unique alignment of their organizational requirements and objectives, risk appetite, and resources using the desired outcomes of the framework core. The implementation tiers describe the degree to which an organization’s cybersecurity risk management practices exhibit the characteristics defined in the framework core.;858573892697;us-east-1;2026-09-13 22:26:32.575478;ac_3;Remote access is managed.;Protect (PR);Identity Management and Access Control (PR.AC);;aws;;FAIL;Network ACL acl-0dd8762c751bf1faf has every port open to the Internet.;arn:aws:ec2:us-east-1:858573892697:network-acl/acl-0dd8762c751bf1faf;ec2_networkacl_allow_ingress_any_port;False;acl-0dd8762c751bf1faf;NIST-CSF;National Institute of Standards and Technology (NIST) Cybersecurity Framework (CSF) v1.1;
aws;The NIST Cybersecurity Framework (CSF) is supported by governments and industries worldwide as a recommended baseline for use by any organization, regardless of sector or size. The NIST Cybersecurity Framework consists of three primary components: the framework core, the profiles, and the implementation tiers. The framework core contains desired cybersecurity activities and outcomes organized into 23 categories that cover the breadth of cybersecurity objectives for an organization. The profiles contain an organization's unique alignment of their organizational requirements and objectives, risk appetite, and resources using the desired outcomes of the framework core. The implementation tiers describe the degree to which an organization’s cybersecurity risk management practices exhibit the characteristics defined in the framework core.;858573892697;us-east-1;2026-09-13 22:26:32.575478;ac_5;Network integrity is protected (e.g., network segregation, network segmentation).;Protect (PR);Identity Management and Access Control (PR.AC);;aws;;FAIL;Network ACL acl-0dd8762c751bf1faf has every port open to the Internet.;arn:aws:ec2:us-east-1:858573892697:network-acl/acl-0dd8762c751bf1faf;ec2_networkacl_allow_ingress_any_port;False;acl-0dd8762c751bf1faf;NIST-CSF;National Institute of Standards and Technology (NIST) Cybersecurity Framework (CSF) v1.1;
aws;The NIST Cybersecurity Framework (CSF) is supported by governments and industries worldwide as a recommended baseline for use by any organization, regardless of sector or size. The NIST Cybersecurity Framework consists of three primary components: the framework core, the profiles, and the implementation tiers. The framework core contains desired cybersecurity activities and outcomes organized into 23 categories that cover the breadth of cybersecurity objectives for an organization. The profiles contain an organization's unique alignment of their organizational requirements and objectives, risk appetite, and resources using the desired outcomes of the framework core. The implementation tiers describe the degree to which an organization’s cybersecurity risk management practices exhibit the characteristics defined in the framework core.;858573892697;us-east-1;2026-09-13 22:26:32.575478;pt_4;Communications and control networks are protected.;Protect (PR);Protective Technology (PR.PT);;aws;;FAIL;Network ACL acl-0dd8762c751bf1faf has every port open to the Internet.;arn:aws:ec2:us-east-1:858573892697:network-acl/acl-0dd8762c751bf1faf;ec2_networkacl_allow_ingress_any_port;False;acl-0dd8762c751bf1faf;NIST-CSF;National Institute of Standards and Technology (NIST) Cybersecurity Framework (CSF) v1.1;
aws;The NIST Cybersecurity Framework (CSF) is supported by governments and industries worldwide as a recommended baseline for use by any organization, regardless of sector or size. The NIST Cybersecurity Framework consists of three primary components: the framework core, the profiles, and the implementation tiers. The framework core contains desired cybersecurity activities and outcomes organized into 23 categories that cover the breadth of cybersecurity objectives for an organization. The profiles contain an organization's unique alignment of their organizational requirements and objectives, risk appetite, and resources using the desired outcomes of the framework core. The implementation tiers describe the degree to which an organization’s cybersecurity risk management practices exhibit the characteristics defined in the framework core.;858573892697;us-east-1;2026-09-13 22:26:32.575478;ae_1;A baseline of network operations and expected data flows for users and systems is established and managed.;Detect (DE);Anomalies and Events (DE.AE);;aws;;FAIL;Network ACL acl-063278b96400cd005 has every port open to the Internet.;arn:aws:ec2:us-east-1:858573892697:network-acl/acl-063278b96400cd005;ec2_networkacl_allow_ingress_any_port;False;acl-063278b96400cd005;NIST-CSF;National Institute of Standards and Technology (NIST) Cybersecurity Framework (CSF) v1.1;
aws;The NIST Cybersecurity Framework (CSF) is supported by governments and industries worldwide as a recommended baseline for use by any organization, regardless of sector or size. The NIST Cybersecurity Framework consists of three primary components: the framework core, the profiles, and the implementation tiers. The framework core contains desired cybersecurity activities and outcomes organized into 23 categories that cover the breadth of cybersecurity objectives for an organization. The profiles contain an organization's unique alignment of their organizational requirements and objectives, risk appetite, and resources using the desired outcomes of the framework core. The implementation tiers describe the degree to which an organization’s cybersecurity risk management practices exhibit the characteristics defined in the framework core.;858573892697;us-east-1;2026-09-13 22:26:32.575478;ac_3;Remote access is managed.;Protect (PR);Identity Management and Access Control (PR.AC);;aws;;FAIL;Network ACL acl-063278b96400cd005 has every port open to the Internet.;arn:aws:ec2:us-east-1:858573892697:network-acl/acl-063278b96400cd005;ec2_networkacl_allow_ingress_any_port;False;acl-063278b96400cd005;NIST-CSF;National Institute of Standards and Technology (NIST) Cybersecurity Framework (CSF) v1.1;
aws;The NIST Cybersecurity Framework (CSF) is supported by governments and industries worldwide as a recommended baseline for use by any organization, regardless of sector or size. The NIST Cybersecurity Framework consists of three primary components: the framework core, the profiles, and the implementation tiers. The framework core contains desired cybersecurity activities and outcomes organized into 23 categories that cover the breadth of cybersecurity objectives for an organization. The profiles contain an organization's unique alignment of their organizational requirements and objectives, risk appetite, and resources using the desired outcomes of the framework core. The implementation tiers describe the degree to which an organization’s cybersecurity risk management practices exhibit the characteristics defined in the framework core.;858573892697;us-east-1;2026-09-13 22:26:32.575478;ac_5;Network integrity is protected (e.g., network segregation, network segmentation).;Protect (PR);Identity Management and Access Control (PR.AC);;aws;;FAIL;Network ACL acl-063278b96400cd005 has every port open to the Internet.;arn:aws:ec2:us-east-1:858573892697:network-acl/acl-063278b96400cd005;ec2_networkacl_allow_ingress_any_port;False;acl-063278b96400cd005;NIST-CSF;National Institute of Standards and Technology (NIST) Cybersecurity Framework (CSF) v1.1;
aws;The NIST Cybersecurity Framework (CSF) is supported by governments and industries worldwide as a recommended baseline for use by any organization, regardless of sector or size. The NIST Cybersecurity Framework consists of three primary components: the framework core, the profiles, and the implementation tiers. The framework core contains desired cybersecurity activities and outcomes organized into 23 categories that cover the breadth of cybersecurity objectives for an organization. The profiles contain an organization's unique alignment of their organizational requirements and objectives, risk appetite, and resources using the desired outcomes of the framework core. The implementation tiers describe the degree to which an organization’s cybersecurity risk management practices exhibit the characteristics defined in the framework core.;858573892697;us-east-1;2026-09-13 22:26:32.575478;pt_4;Communications and control networks are protected.;Protect (PR);Protective Technology (PR.PT);;aws;;FAIL;Network ACL acl-063278b96400cd005 has every port open to the Internet.;arn:aws:ec2:us-east-1:858573892697:network-acl/acl-063278b96400cd005;ec2_networkacl_allow_ingress_any_port;False;acl-063278b96400cd005;NIST-CSF;National Institute of Standards and Technology (NIST) Cybersecurity Framework (CSF) v1.1;
aws;The NIST Cybersecurity Framework (CSF) is supported by governments and industries worldwide as a recommended baseline for use by any organization, regardless of sector or size. The NIST Cybersecurity Framework consists of three primary components: the framework core, the profiles, and the implementation tiers. The framework core contains desired cybersecurity activities and outcomes organized into 23 categories that cover the breadth of cybersecurity objectives for an organization. The profiles contain an organization's unique alignment of their organizational requirements and objectives, risk appetite, and resources using the desired outcomes of the framework core. The implementation tiers describe the degree to which an organization’s cybersecurity risk management practices exhibit the characteristics defined in the framework core.;858573892697;us-east-1;2026-09-13 22:26:32.575478;ae_1;A baseline of network operations and expected data flows for users and systems is established and managed.;Detect (DE);Anomalies and Events (DE.AE);;aws;;FAIL;Network ACL acl-5a2cdc27 has every port open to the Internet.;arn:aws:ec2:us-east-1:858573892697:network-acl/acl-5a2cdc27;ec2_networkacl_allow_ingress_any_port;False;acl-5a2cdc27;NIST-CSF;National Institute of Standards and Technology (NIST) Cybersecurity Framework (CSF) v1.1;
aws;The NIST Cybersecurity Framework (CSF) is supported by governments and industries worldwide as a recommended baseline for use by any organization, regardless of sector or size. The NIST Cybersecurity Framework consists of three primary components: the framework core, the profiles, and the implementation tiers. The framework core contains desired cybersecurity activities and outcomes organized into 23 categories that cover the breadth of cybersecurity objectives for an organization. The profiles contain an organization's unique alignment of their organizational requirements and objectives, risk appetite, and resources using the desired outcomes of the framework core. The implementation tiers describe the degree to which an organization’s cybersecurity risk management practices exhibit the characteristics defined in the framework core.;858573892697;us-east-1;2026-09-13 22:26:32.575478;ac_3;Remote access is managed.;Protect (PR);Identity Management and Access Control (PR.AC);;aws;;FAIL;Network ACL acl-5a2cdc27 has every port open to the Internet.;arn:aws:ec2:us-east-1:858573892697:network-acl/acl-5a2cdc27;ec2_networkacl_allow_ingress_any_port;False;acl-5a2cdc27;NIST-CSF;National Institute of Standards and Technology (NIST) Cybersecurity Framework (CSF) v1.1;
aws;The NIST Cybersecurity Framework (CSF) is supported by governments and industries worldwide as a recommended baseline for use by any organization, regardless of sector or size. The NIST Cybersecurity Framework consists of three primary components: the framework core, the profiles, and the implementation tiers. The framework core contains desired cybersecurity activities and outcomes organized into 23 categories that cover the breadth of cybersecurity objectives for an organization. The profiles contain an organization's unique alignment of their organizational requirements and objectives, risk appetite, and resources using the desired outcomes of the framework core. The implementation tiers describe the degree to which an organization’s cybersecurity risk management practices exhibit the characteristics defined in the framework core.;858573892697;us-east-1;2026-09-13 22:26:32.575478;ac_5;Network integrity is protected (e.g., network segregation, network segmentation).;Protect (PR);Identity Management and Access Control (PR.AC);;aws;;FAIL;Network ACL acl-5a2cdc27 has every port open to the Internet.;arn:aws:ec2:us-east-1:858573892697:network-acl/acl-5a2cdc27;ec2_networkacl_allow_ingress_any_port;False;acl-5a2cdc27;NIST-CSF;National Institute of Standards and Technology (NIST) Cybersecurity Framework (CSF) v1.1;
aws;The NIST Cybersecurity Framework (CSF) is supported by governments and industries worldwide as a recommended baseline for use by any organization, regardless of sector or size. The NIST Cybersecurity Framework consists of three primary components: the framework core, the profiles, and the implementation tiers. The framework core contains desired cybersecurity activities and outcomes organized into 23 categories that cover the breadth of cybersecurity objectives for an organization. The profiles contain an organization's unique alignment of their organizational requirements and objectives, risk appetite, and resources using the desired outcomes of the framework core. The implementation tiers describe the degree to which an organization’s cybersecurity risk management practices exhibit the characteristics defined in the framework core.;858573892697;us-east-1;2026-09-13 22:26:32.575478;pt_4;Communications and control networks are protected.;Protect (PR);Protective Technology (PR.PT);;aws;;FAIL;Network ACL acl-5a2cdc27 has every port open to the Internet.;arn:aws:ec2:us-east-1:858573892697:network-acl/acl-5a2cdc27;ec2_networkacl_allow_ingress_any_port;False;acl-5a2cdc27;NIST-CSF;National Institute of Standards and Technology (NIST) Cybersecurity Framework (CSF) v1.1;
aws;The NIST Cybersecurity Framework (CSF) is supported by governments and industries worldwide as a recommended baseline for use by any organization, regardless of sector or size. The NIST Cybersecurity Framework consists of three primary components: the framework core, the profiles, and the implementation tiers. The framework core contains desired cybersecurity activities and outcomes organized into 23 categories that cover the breadth of cybersecurity objectives for an organization. The profiles contain an organization's unique alignment of their organizational requirements and objectives, risk appetite, and resources using the desired outcomes of the framework core. The implementation tiers describe the degree to which an organization’s cybersecurity risk management practices exhibit the characteristics defined in the framework core.;858573892697;us-east-1;2026-09-13 22:26:32.575478;ae_1;A baseline of network operations and expected data flows for users and systems is established and managed.;Detect (DE);Anomalies and Events (DE.AE);;aws;;PASS;Security group vaultcloud-db-sg (sg-059591e29c62e2064) has all ports open to the Internet and therefore was not checked against the specific SSH port 22.;arn:aws:ec2:us-east-1:858573892697:security-group/sg-059591e29c62e2064;ec2_securitygroup_allow_ingress_from_internet_to_tcp_port_22;False;sg-059591e29c62e2064;NIST-CSF;National Institute of Standards and Technology (NIST) Cybersecurity Framework (CSF) v1.1;
aws;The NIST Cybersecurity Framework (CSF) is supported by governments and industries worldwide as a recommended baseline for use by any organization, regardless of sector or size. The NIST Cybersecurity Framework consists of three primary components: the framework core, the profiles, and the implementation tiers. The framework core contains desired cybersecurity activities and outcomes organized into 23 categories that cover the breadth of cybersecurity objectives for an organization. The profiles contain an organization's unique alignment of their organizational requirements and objectives, risk appetite, and resources using the desired outcomes of the framework core. The implementation tiers describe the degree to which an organization’s cybersecurity risk management practices exhibit the characteristics defined in the framework core.;858573892697;us-east-1;2026-09-13 22:26:32.575478;ac_3;Remote access is managed.;Protect (PR);Identity Management and Access Control (PR.AC);;aws;;PASS;Security group vaultcloud-db-sg (sg-059591e29c62e2064) has all ports open to the Internet and therefore was not checked against the specific SSH port 22.;arn:aws:ec2:us-east-1:858573892697:security-group/sg-059591e29c62e2064;ec2_securitygroup_allow_ingress_from_internet_to_tcp_port_22;False;sg-059591e29c62e2064;NIST-CSF;National Institute of Standards and Technology (NIST) Cybersecurity Framework (CSF) v1.1;
aws;The NIST Cybersecurity Framework (CSF) is supported by governments and industries worldwide as a recommended baseline for use by any organization, regardless of sector or size. The NIST Cybersecurity Framework consists of three primary components: the framework core, the profiles, and the implementation tiers. The framework core contains desired cybersecurity activities and outcomes organized into 23 categories that cover the breadth of cybersecurity objectives for an organization. The profiles contain an organization's unique alignment of their organizational requirements and objectives, risk appetite, and resources using the desired outcomes of the framework core. The implementation tiers describe the degree to which an organization’s cybersecurity risk management practices exhibit the characteristics defined in the framework core.;858573892697;us-east-1;2026-09-13 22:26:32.575478;ac_5;Network integrity is protected (e.g., network segregation, network segmentation).;Protect (PR);Identity Management and Access Control (PR.AC);;aws;;PASS;Security group vaultcloud-db-sg (sg-059591e29c62e2064) has all ports open to the Internet and therefore was not checked against the specific SSH port 22.;arn:aws:ec2:us-east-1:858573892697:security-group/sg-059591e29c62e2064;ec2_securitygroup_allow_ingress_from_internet_to_tcp_port_22;False;sg-059591e29c62e2064;NIST-CSF;National Institute of Standards and Technology (NIST) Cybersecurity Framework (CSF) v1.1;
aws;The NIST Cybersecurity Framework (CSF) is supported by governments and industries worldwide as a recommended baseline for use by any organization, regardless of sector or size. The NIST Cybersecurity Framework consists of three primary components: the framework core, the profiles, and the implementation tiers. The framework core contains desired cybersecurity activities and outcomes organized into 23 categories that cover the breadth of cybersecurity objectives for an organization. The profiles contain an organization's unique alignment of their organizational requirements and objectives, risk appetite, and resources using the desired outcomes of the framework core. The implementation tiers describe the degree to which an organization’s cybersecurity risk management practices exhibit the characteristics defined in the framework core.;858573892697;us-east-1;2026-09-13 22:26:32.575478;ds_7;The development and testing environment(s) are separate from the production environment.;Protect (PR);Data Security (PR.DS);;aws;;PASS;Security group vaultcloud-db-sg (sg-059591e29c62e2064) has all ports open to the Internet and therefore was not checked against the specific SSH port 22.;arn:aws:ec2:us-east-1:858573892697:security-group/sg-059591e29c62e2064;ec2_securitygroup_allow_ingress_from_internet_to_tcp_port_22;False;sg-059591e29c62e2064;NIST-CSF;National Institute of Standards and Technology (NIST) Cybersecurity Framework (CSF) v1.1;
aws;The NIST Cybersecurity Framework (CSF) is supported by governments and industries worldwide as a recommended baseline for use by any organization, regardless of sector or size. The NIST Cybersecurity Framework consists of three primary components: the framework core, the profiles, and the implementation tiers. The framework core contains desired cybersecurity activities and outcomes organized into 23 categories that cover the breadth of cybersecurity objectives for an organization. The profiles contain an organization's unique alignment of their organizational requirements and objectives, risk appetite, and resources using the desired outcomes of the framework core. The implementation tiers describe the degree to which an organization’s cybersecurity risk management practices exhibit the characteristics defined in the framework core.;858573892697;us-east-1;2026-09-13 22:26:32.575478;pt_4;Communications and control networks are protected.;Protect (PR);Protective Technology (PR.PT);;aws;;PASS;Security group vaultcloud-db-sg (sg-059591e29c62e2064) has all ports open to the Internet and therefore was not checked against the specific SSH port 22.;arn:aws:ec2:us-east-1:858573892697:security-group/sg-059591e29c62e2064;ec2_securitygroup_allow_ingress_from_internet_to_tcp_port_22;False;sg-059591e29c62e2064;NIST-CSF;National Institute of Standards and Technology (NIST) Cybersecurity Framework (CSF) v1.1;
aws;The NIST Cybersecurity Framework (CSF) is supported by governments and industries worldwide as a recommended baseline for use by any organization, regardless of sector or size. The NIST Cybersecurity Framework consists of three primary components: the framework core, the profiles, and the implementation tiers. The framework core contains desired cybersecurity activities and outcomes organized into 23 categories that cover the breadth of cybersecurity objectives for an organization. The profiles contain an organization's unique alignment of their organizational requirements and objectives, risk appetite, and resources using the desired outcomes of the framework core. The implementation tiers describe the degree to which an organization’s cybersecurity risk management practices exhibit the characteristics defined in the framework core.;858573892697;us-east-1;2026-09-13 22:26:32.575478;ae_1;A baseline of network operations and expected data flows for users and systems is established and managed.;Detect (DE);Anomalies and Events (DE.AE);;aws;;PASS;Security group vaultcloud-app-sg (sg-0ef0bb575caf64a16) has all ports open to the Internet and therefore was not checked against the specific SSH port 22.;arn:aws:ec2:us-east-1:858573892697:security-group/sg-0ef0bb575caf64a16;ec2_securitygroup_allow_ingress_from_internet_to_tcp_port_22;False;sg-0ef0bb575caf64a16;NIST-CSF;National Institute of Standards and Technology (NIST) Cybersecurity Framework (CSF) v1.1;
aws;The NIST Cybersecurity Framework (CSF) is supported by governments and industries worldwide as a recommended baseline for use by any organization, regardless of sector or size. The NIST Cybersecurity Framework consists of three primary components: the framework core, the profiles, and the implementation tiers. The framework core contains desired cybersecurity activities and outcomes organized into 23 categories that cover the breadth of cybersecurity objectives for an organization. The profiles contain an organization's unique alignment of their organizational requirements and objectives, risk appetite, and resources using the desired outcomes of the framework core. The implementation tiers describe the degree to which an organization’s cybersecurity risk management practices exhibit the characteristics defined in the framework core.;858573892697;us-east-1;2026-09-13 22:26:32.575478;ac_3;Remote access is managed.;Protect (PR);Identity Management and Access Control (PR.AC);;aws;;PASS;Security group vaultcloud-app-sg (sg-0ef0bb575caf64a16) has all ports open to the Internet and therefore was not checked against the specific SSH port 22.;arn:aws:ec2:us-east-1:858573892697:security-group/sg-0ef0bb575caf64a16;ec2_securitygroup_allow_ingress_from_internet_to_tcp_port_22;False;sg-0ef0bb575caf64a16;NIST-CSF;National Institute of Standards and Technology (NIST) Cybersecurity Framework (CSF) v1.1;
aws;The NIST Cybersecurity Framework (CSF) is supported by governments and industries worldwide as a recommended baseline for use by any organization, regardless of sector or size. The NIST Cybersecurity Framework consists of three primary components: the framework core, the profiles, and the implementation tiers. The framework core contains desired cybersecurity activities and outcomes organized into 23 categories that cover the breadth of cybersecurity objectives for an organization. The profiles contain an organization's unique alignment of their organizational requirements and objectives, risk appetite, and resources using the desired outcomes of the framework core. The implementation tiers describe the degree to which an organization’s cybersecurity risk management practices exhibit the characteristics defined in the framework core.;858573892697;us-east-1;2026-09-13 22:26:32.575478;ac_5;Network integrity is protected (e.g., network segregation, network segmentation).;Protect (PR);Identity Management and Access Control (PR.AC);;aws;;PASS;Security group vaultcloud-app-sg (sg-0ef0bb575caf64a16) has all ports open to the Internet and therefore was not checked against the specific SSH port 22.;arn:aws:ec2:us-east-1:858573892697:security-group/sg-0ef0bb575caf64a16;ec2_securitygroup_allow_ingress_from_internet_to_tcp_port_22;False;sg-0ef0bb575caf64a16;NIST-CSF;National Institute of Standards and Technology (NIST) Cybersecurity Framework (CSF) v1.1;
aws;The NIST Cybersecurity Framework (CSF) is supported by governments and industries worldwide as a recommended baseline for use by any organization, regardless of sector or size. The NIST Cybersecurity Framework consists of three primary components: the framework core, the profiles, and the implementation tiers. The framework core contains desired cybersecurity activities and outcomes organized into 23 categories that cover the breadth of cybersecurity objectives for an organization. The profiles contain an organization's unique alignment of their organizational requirements and objectives, risk appetite, and resources using the desired outcomes of the framework core. The implementation tiers describe the degree to which an organization’s cybersecurity risk management practices exhibit the characteristics defined in the framework core.;858573892697;us-east-1;2026-09-13 22:26:32.575478;ds_7;The development and testing environment(s) are separate from the production environment.;Protect (PR);Data Security (PR.DS);;aws;;PASS;Security group vaultcloud-app-sg (sg-0ef0bb575caf64a16) has all ports open to the Internet and therefore was not checked against the specific SSH port 22.;arn:aws:ec2:us-east-1:858573892697:security-group/sg-0ef0bb575caf64a16;ec2_securitygroup_allow_ingress_from_internet_to_tcp_port_22;False;sg-0ef0bb575caf64a16;NIST-CSF;National Institute of Standards and Technology (NIST) Cybersecurity Framework (CSF) v1.1;
aws;The NIST Cybersecurity Framework (CSF) is supported by governments and industries worldwide as a recommended baseline for use by any organization, regardless of sector or size. The NIST Cybersecurity Framework consists of three primary components: the framework core, the profiles, and the implementation tiers. The framework core contains desired cybersecurity activities and outcomes organized into 23 categories that cover the breadth of cybersecurity objectives for an organization. The profiles contain an organization's unique alignment of their organizational requirements and objectives, risk appetite, and resources using the desired outcomes of the framework core. The implementation tiers describe the degree to which an organization’s cybersecurity risk management practices exhibit the characteristics defined in the framework core.;858573892697;us-east-1;2026-09-13 22:26:32.575478;pt_4;Communications and control networks are protected.;Protect (PR);Protective Technology (PR.PT);;aws;;PASS;Security group vaultcloud-app-sg (sg-0ef0bb575caf64a16) has all ports open to the Internet and therefore was not checked against the specific SSH port 22.;arn:aws:ec2:us-east-1:858573892697:security-group/sg-0ef0bb575caf64a16;ec2_securitygroup_allow_ingress_from_internet_to_tcp_port_22;False;sg-0ef0bb575caf64a16;NIST-CSF;National Institute of Standards and Technology (NIST) Cybersecurity Framework (CSF) v1.1;
aws;The NIST Cybersecurity Framework (CSF) is supported by governments and industries worldwide as a recommended baseline for use by any organization, regardless of sector or size. The NIST Cybersecurity Framework consists of three primary components: the framework core, the profiles, and the implementation tiers. The framework core contains desired cybersecurity activities and outcomes organized into 23 categories that cover the breadth of cybersecurity objectives for an organization. The profiles contain an organization's unique alignment of their organizational requirements and objectives, risk appetite, and resources using the desired outcomes of the framework core. The implementation tiers describe the degree to which an organization’s cybersecurity risk management practices exhibit the characteristics defined in the framework core.;858573892697;us-east-1;2026-09-13 22:26:32.575478;ae_2;Detected events are analyzed to understand attack targets and methods.;Detect (DE);Anomalies and Events (DE.AE);;aws;;FAIL;GuardDuty is not enabled.;arn:aws:guardduty:us-east-1:858573892697:detector/unknown;guardduty_is_enabled;False;detector/unknown;NIST-CSF;National Institute of Standards and Technology (NIST) Cybersecurity Framework (CSF) v1.1;
aws;The NIST Cybersecurity Framework (CSF) is supported by governments and industries worldwide as a recommended baseline for use by any organization, regardless of sector or size. The NIST Cybersecurity Framework consists of three primary components: the framework core, the profiles, and the implementation tiers. The framework core contains desired cybersecurity activities and outcomes organized into 23 categories that cover the breadth of cybersecurity objectives for an organization. The profiles contain an organization's unique alignment of their organizational requirements and objectives, risk appetite, and resources using the desired outcomes of the framework core. The implementation tiers describe the degree to which an organization’s cybersecurity risk management practices exhibit the characteristics defined in the framework core.;858573892697;us-east-1;2026-09-13 22:26:32.575478;ae_4;Impact of events is determined.;Detect (DE);Anomalies and Events (DE.AE);;aws;;FAIL;GuardDuty is not enabled.;arn:aws:guardduty:us-east-1:858573892697:detector/unknown;guardduty_is_enabled;False;detector/unknown;NIST-CSF;National Institute of Standards and Technology (NIST) Cybersecurity Framework (CSF) v1.1;
aws;The NIST Cybersecurity Framework (CSF) is supported by governments and industries worldwide as a recommended baseline for use by any organization, regardless of sector or size. The NIST Cybersecurity Framework consists of three primary components: the framework core, the profiles, and the implementation tiers. The framework core contains desired cybersecurity activities and outcomes organized into 23 categories that cover the breadth of cybersecurity objectives for an organization. The profiles contain an organization's unique alignment of their organizational requirements and objectives, risk appetite, and resources using the desired outcomes of the framework core. The implementation tiers describe the degree to which an organization’s cybersecurity risk management practices exhibit the characteristics defined in the framework core.;858573892697;us-east-1;2026-09-13 22:26:32.575478;cm_1;The network is monitored to detect potential cybersecurity events.;Detect (DE);Security Continuous Monitoring (DE.CM);;aws;;FAIL;GuardDuty is not enabled.;arn:aws:guardduty:us-east-1:858573892697:detector/unknown;guardduty_is_enabled;False;detector/unknown;NIST-CSF;National Institute of Standards and Technology (NIST) Cybersecurity Framework (CSF) v1.1;
aws;The NIST Cybersecurity Framework (CSF) is supported by governments and industries worldwide as a recommended baseline for use by any organization, regardless of sector or size. The NIST Cybersecurity Framework consists of three primary components: the framework core, the profiles, and the implementation tiers. The framework core contains desired cybersecurity activities and outcomes organized into 23 categories that cover the breadth of cybersecurity objectives for an organization. The profiles contain an organization's unique alignment of their organizational requirements and objectives, risk appetite, and resources using the desired outcomes of the framework core. The implementation tiers describe the degree to which an organization’s cybersecurity risk management practices exhibit the characteristics defined in the framework core.;858573892697;us-east-1;2026-09-13 22:26:32.575478;cm_2;The physical environment is monitored to detect potential cybersecurity events.;Detect (DE);Security Continuous Monitoring (DE.CM);;aws;;FAIL;GuardDuty is not enabled.;arn:aws:guardduty:us-east-1:858573892697:detector/unknown;guardduty_is_enabled;False;detector/unknown;NIST-CSF;National Institute of Standards and Technology (NIST) Cybersecurity Framework (CSF) v1.1;
aws;The NIST Cybersecurity Framework (CSF) is supported by governments and industries worldwide as a recommended baseline for use by any organization, regardless of sector or size. The NIST Cybersecurity Framework consists of three primary components: the framework core, the profiles, and the implementation tiers. The framework core contains desired cybersecurity activities and outcomes organized into 23 categories that cover the breadth of cybersecurity objectives for an organization. The profiles contain an organization's unique alignment of their organizational requirements and objectives, risk appetite, and resources using the desired outcomes of the framework core. The implementation tiers describe the degree to which an organization’s cybersecurity risk management practices exhibit the characteristics defined in the framework core.;858573892697;us-east-1;2026-09-13 22:26:32.575478;cm_3;Personnel activity is monitored to detect potential cybersecurity events.;Detect (DE);Security Continuous Monitoring (DE.CM);;aws;;FAIL;GuardDuty is not enabled.;arn:aws:guardduty:us-east-1:858573892697:detector/unknown;guardduty_is_enabled;False;detector/unknown;NIST-CSF;National Institute of Standards and Technology (NIST) Cybersecurity Framework (CSF) v1.1;
aws;The NIST Cybersecurity Framework (CSF) is supported by governments and industries worldwide as a recommended baseline for use by any organization, regardless of sector or size. The NIST Cybersecurity Framework consists of three primary components: the framework core, the profiles, and the implementation tiers. The framework core contains desired cybersecurity activities and outcomes organized into 23 categories that cover the breadth of cybersecurity objectives for an organization. The profiles contain an organization's unique alignment of their organizational requirements and objectives, risk appetite, and resources using the desired outcomes of the framework core. The implementation tiers describe the degree to which an organization’s cybersecurity risk management practices exhibit the characteristics defined in the framework core.;858573892697;us-east-1;2026-09-13 22:26:32.575478;cm_4;Malicious code is detected.;Detect (DE);Security Continuous Monitoring (DE.CM);;aws;;FAIL;GuardDuty is not enabled.;arn:aws:guardduty:us-east-1:858573892697:detector/unknown;guardduty_is_enabled;False;detector/unknown;NIST-CSF;National Institute of Standards and Technology (NIST) Cybersecurity Framework (CSF) v1.1;
aws;The NIST Cybersecurity Framework (CSF) is supported by governments and industries worldwide as a recommended baseline for use by any organization, regardless of sector or size. The NIST Cybersecurity Framework consists of three primary components: the framework core, the profiles, and the implementation tiers. The framework core contains desired cybersecurity activities and outcomes organized into 23 categories that cover the breadth of cybersecurity objectives for an organization. The profiles contain an organization's unique alignment of their organizational requirements and objectives, risk appetite, and resources using the desired outcomes of the framework core. The implementation tiers describe the degree to which an organization’s cybersecurity risk management practices exhibit the characteristics defined in the framework core.;858573892697;us-east-1;2026-09-13 22:26:32.575478;cm_5;Unauthorized mobile code is detected.;Detect (DE);Security Continuous Monitoring (DE.CM);;aws;;FAIL;GuardDuty is not enabled.;arn:aws:guardduty:us-east-1:858573892697:detector/unknown;guardduty_is_enabled;False;detector/unknown;NIST-CSF;National Institute of Standards and Technology (NIST) Cybersecurity Framework (CSF) v1.1;
aws;The NIST Cybersecurity Framework (CSF) is supported by governments and industries worldwide as a recommended baseline for use by any organization, regardless of sector or size. The NIST Cybersecurity Framework consists of three primary components: the framework core, the profiles, and the implementation tiers. The framework core contains desired cybersecurity activities and outcomes organized into 23 categories that cover the breadth of cybersecurity objectives for an organization. The profiles contain an organization's unique alignment of their organizational requirements and objectives, risk appetite, and resources using the desired outcomes of the framework core. The implementation tiers describe the degree to which an organization’s cybersecurity risk management practices exhibit the characteristics defined in the framework core.;858573892697;us-east-1;2026-09-13 22:26:32.575478;cm_6;External service provider activity is monitored to detect potential cybersecurity events.;Detect (DE);Security Continuous Monitoring (DE.CM);;aws;;FAIL;GuardDuty is not enabled.;arn:aws:guardduty:us-east-1:858573892697:detector/unknown;guardduty_is_enabled;False;detector/unknown;NIST-CSF;National Institute of Standards and Technology (NIST) Cybersecurity Framework (CSF) v1.1;
aws;The NIST Cybersecurity Framework (CSF) is supported by governments and industries worldwide as a recommended baseline for use by any organization, regardless of sector or size. The NIST Cybersecurity Framework consists of three primary components: the framework core, the profiles, and the implementation tiers. The framework core contains desired cybersecurity activities and outcomes organized into 23 categories that cover the breadth of cybersecurity objectives for an organization. The profiles contain an organization's unique alignment of their organizational requirements and objectives, risk appetite, and resources using the desired outcomes of the framework core. The implementation tiers describe the degree to which an organization’s cybersecurity risk management practices exhibit the characteristics defined in the framework core.;858573892697;us-east-1;2026-09-13 22:26:32.575478;cm_7;Monitoring for unauthorized personnel, connections, devices, and software is performed.;Detect (DE);Security Continuous Monitoring (DE.CM);;aws;;FAIL;GuardDuty is not enabled.;arn:aws:guardduty:us-east-1:858573892697:detector/unknown;guardduty_is_enabled;False;detector/unknown;NIST-CSF;National Institute of Standards and Technology (NIST) Cybersecurity Framework (CSF) v1.1;
aws;The NIST Cybersecurity Framework (CSF) is supported by governments and industries worldwide as a recommended baseline for use by any organization, regardless of sector or size. The NIST Cybersecurity Framework consists of three primary components: the framework core, the profiles, and the implementation tiers. The framework core contains desired cybersecurity activities and outcomes organized into 23 categories that cover the breadth of cybersecurity objectives for an organization. The profiles contain an organization's unique alignment of their organizational requirements and objectives, risk appetite, and resources using the desired outcomes of the framework core. The implementation tiers describe the degree to which an organization’s cybersecurity risk management practices exhibit the characteristics defined in the framework core.;858573892697;us-east-1;2026-09-13 22:26:32.575478;cp_4;Event detection information is communicated.;Detect (DE);Detection Processes (DE.DP);;aws;;FAIL;GuardDuty is not enabled.;arn:aws:guardduty:us-east-1:858573892697:detector/unknown;guardduty_is_enabled;False;detector/unknown;NIST-CSF;National Institute of Standards and Technology (NIST) Cybersecurity Framework (CSF) v1.1;
aws;The NIST Cybersecurity Framework (CSF) is supported by governments and industries worldwide as a recommended baseline for use by any organization, regardless of sector or size. The NIST Cybersecurity Framework consists of three primary components: the framework core, the profiles, and the implementation tiers. The framework core contains desired cybersecurity activities and outcomes organized into 23 categories that cover the breadth of cybersecurity objectives for an organization. The profiles contain an organization's unique alignment of their organizational requirements and objectives, risk appetite, and resources using the desired outcomes of the framework core. The implementation tiers describe the degree to which an organization’s cybersecurity risk management practices exhibit the characteristics defined in the framework core.;858573892697;us-east-1;2026-09-13 22:26:32.575478;ra_1;Asset vulnerabilities are identified and documented.;Identify (ID);Risk Assessment (ID.RA);;aws;;FAIL;GuardDuty is not enabled.;arn:aws:guardduty:us-east-1:858573892697:detector/unknown;guardduty_is_enabled;False;detector/unknown;NIST-CSF;National Institute of Standards and Technology (NIST) Cybersecurity Framework (CSF) v1.1;
aws;The NIST Cybersecurity Framework (CSF) is supported by governments and industries worldwide as a recommended baseline for use by any organization, regardless of sector or size. The NIST Cybersecurity Framework consists of three primary components: the framework core, the profiles, and the implementation tiers. The framework core contains desired cybersecurity activities and outcomes organized into 23 categories that cover the breadth of cybersecurity objectives for an organization. The profiles contain an organization's unique alignment of their organizational requirements and objectives, risk appetite, and resources using the desired outcomes of the framework core. The implementation tiers describe the degree to which an organization’s cybersecurity risk management practices exhibit the characteristics defined in the framework core.;858573892697;us-east-1;2026-09-13 22:26:32.575478;ra_2;Cyber threat intelligence is received from information sharing forums and sources.;Identify (ID);Risk Assessment (ID.RA);;aws;;FAIL;GuardDuty is not enabled.;arn:aws:guardduty:us-east-1:858573892697:detector/unknown;guardduty_is_enabled;False;detector/unknown;NIST-CSF;National Institute of Standards and Technology (NIST) Cybersecurity Framework (CSF) v1.1;
aws;The NIST Cybersecurity Framework (CSF) is supported by governments and industries worldwide as a recommended baseline for use by any organization, regardless of sector or size. The NIST Cybersecurity Framework consists of three primary components: the framework core, the profiles, and the implementation tiers. The framework core contains desired cybersecurity activities and outcomes organized into 23 categories that cover the breadth of cybersecurity objectives for an organization. The profiles contain an organization's unique alignment of their organizational requirements and objectives, risk appetite, and resources using the desired outcomes of the framework core. The implementation tiers describe the degree to which an organization’s cybersecurity risk management practices exhibit the characteristics defined in the framework core.;858573892697;us-east-1;2026-09-13 22:26:32.575478;ra_3;Threats, both internal and external, are identified and documented.;Identify (ID);Risk Assessment (ID.RA);;aws;;FAIL;GuardDuty is not enabled.;arn:aws:guardduty:us-east-1:858573892697:detector/unknown;guardduty_is_enabled;False;detector/unknown;NIST-CSF;National Institute of Standards and Technology (NIST) Cybersecurity Framework (CSF) v1.1;
aws;The NIST Cybersecurity Framework (CSF) is supported by governments and industries worldwide as a recommended baseline for use by any organization, regardless of sector or size. The NIST Cybersecurity Framework consists of three primary components: the framework core, the profiles, and the implementation tiers. The framework core contains desired cybersecurity activities and outcomes organized into 23 categories that cover the breadth of cybersecurity objectives for an organization. The profiles contain an organization's unique alignment of their organizational requirements and objectives, risk appetite, and resources using the desired outcomes of the framework core. The implementation tiers describe the degree to which an organization’s cybersecurity risk management practices exhibit the characteristics defined in the framework core.;858573892697;us-east-1;2026-09-13 22:26:32.575478;ra_5;Threats, vulnerabilities, likelihoods, and impacts are used to determine risk.;Identify (ID);Risk Assessment (ID.RA);;aws;;FAIL;GuardDuty is not enabled.;arn:aws:guardduty:us-east-1:858573892697:detector/unknown;guardduty_is_enabled;False;detector/unknown;NIST-CSF;National Institute of Standards and Technology (NIST) Cybersecurity Framework (CSF) v1.1;
aws;The NIST Cybersecurity Framework (CSF) is supported by governments and industries worldwide as a recommended baseline for use by any organization, regardless of sector or size. The NIST Cybersecurity Framework consists of three primary components: the framework core, the profiles, and the implementation tiers. The framework core contains desired cybersecurity activities and outcomes organized into 23 categories that cover the breadth of cybersecurity objectives for an organization. The profiles contain an organization's unique alignment of their organizational requirements and objectives, risk appetite, and resources using the desired outcomes of the framework core. The implementation tiers describe the degree to which an organization’s cybersecurity risk management practices exhibit the characteristics defined in the framework core.;858573892697;us-east-1;2026-09-13 22:26:32.575478;sc_4;Suppliers and third-party partners are routinely assessed using audits, test results, or other forms of evaluations to confirm they are meeting their contractual obligations.;Identify (ID);Supply Chain Risk Management (ID.SC);;aws;;FAIL;GuardDuty is not enabled.;arn:aws:guardduty:us-east-1:858573892697:detector/unknown;guardduty_is_enabled;False;detector/unknown;NIST-CSF;National Institute of Standards and Technology (NIST) Cybersecurity Framework (CSF) v1.1;
aws;The NIST Cybersecurity Framework (CSF) is supported by governments and industries worldwide as a recommended baseline for use by any organization, regardless of sector or size. The NIST Cybersecurity Framework consists of three primary components: the framework core, the profiles, and the implementation tiers. The framework core contains desired cybersecurity activities and outcomes organized into 23 categories that cover the breadth of cybersecurity objectives for an organization. The profiles contain an organization's unique alignment of their organizational requirements and objectives, risk appetite, and resources using the desired outcomes of the framework core. The implementation tiers describe the degree to which an organization’s cybersecurity risk management practices exhibit the characteristics defined in the framework core.;858573892697;us-east-1;2026-09-13 22:26:32.575478;ds_5;Protections against data leaks are implemented.;Protect (PR);Data Security (PR.DS);;aws;;FAIL;GuardDuty is not enabled.;arn:aws:guardduty:us-east-1:858573892697:detector/unknown;guardduty_is_enabled;False;detector/unknown;NIST-CSF;National Institute of Standards and Technology (NIST) Cybersecurity Framework (CSF) v1.1;
aws;The NIST Cybersecurity Framework (CSF) is supported by governments and industries worldwide as a recommended baseline for use by any organization, regardless of sector or size. The NIST Cybersecurity Framework consists of three primary components: the framework core, the profiles, and the implementation tiers. The framework core contains desired cybersecurity activities and outcomes organized into 23 categories that cover the breadth of cybersecurity objectives for an organization. The profiles contain an organization's unique alignment of their organizational requirements and objectives, risk appetite, and resources using the desired outcomes of the framework core. The implementation tiers describe the degree to which an organization’s cybersecurity risk management practices exhibit the characteristics defined in the framework core.;858573892697;us-east-1;2026-09-13 22:26:32.575478;ac_1;Identities and credentials are issued, managed, verified, revoked, and audited for authorized devices, users and processes.;Protect (PR);Identity Management and Access Control (PR.AC);;aws;;PASS;AWS policy AWSDeepRacerCloudFormationAccessPolicy is attached but does not allow '*:*' administrative privileges.;arn:aws:iam::aws:policy/AWSDeepRacerCloudFormationAccessPolicy;iam_aws_attached_policy_no_administrative_privileges;False;AWSDeepRacerCloudFormationAccessPolicy;NIST-CSF;National Institute of Standards and Technology (NIST) Cybersecurity Framework (CSF) v1.1;
aws;The NIST Cybersecurity Framework (CSF) is supported by governments and industries worldwide as a recommended baseline for use by any organization, regardless of sector or size. The NIST Cybersecurity Framework consists of three primary components: the framework core, the profiles, and the implementation tiers. The framework core contains desired cybersecurity activities and outcomes organized into 23 categories that cover the breadth of cybersecurity objectives for an organization. The profiles contain an organization's unique alignment of their organizational requirements and objectives, risk appetite, and resources using the desired outcomes of the framework core. The implementation tiers describe the degree to which an organization’s cybersecurity risk management practices exhibit the characteristics defined in the framework core.;858573892697;us-east-1;2026-09-13 22:26:32.575478;ac_4;Access permissions and authorizations are managed, incorporating the principles of least privilege and separation of duties.;Protect (PR);Identity Management and Access Control (PR.AC);;aws;;PASS;AWS policy AWSDeepRacerCloudFormationAccessPolicy is attached but does not allow '*:*' administrative privileges.;arn:aws:iam::aws:policy/AWSDeepRacerCloudFormationAccessPolicy;iam_aws_attached_policy_no_administrative_privileges;False;AWSDeepRacerCloudFormationAccessPolicy;NIST-CSF;National Institute of Standards and Technology (NIST) Cybersecurity Framework (CSF) v1.1;
aws;The NIST Cybersecurity Framework (CSF) is supported by governments and industries worldwide as a recommended baseline for use by any organization, regardless of sector or size. The NIST Cybersecurity Framework consists of three primary components: the framework core, the profiles, and the implementation tiers. The framework core contains desired cybersecurity activities and outcomes organized into 23 categories that cover the breadth of cybersecurity objectives for an organization. The profiles contain an organization's unique alignment of their organizational requirements and objectives, risk appetite, and resources using the desired outcomes of the framework core. The implementation tiers describe the degree to which an organization’s cybersecurity risk management practices exhibit the characteristics defined in the framework core.;858573892697;us-east-1;2026-09-13 22:26:32.575478;pt_3;The principle of least functionality is incorporated by configuring systems to provide only essential capabilities.;Protect (PR);Protective Technology (PR.PT);;aws;;PASS;AWS policy AWSDeepRacerCloudFormationAccessPolicy is attached but does not allow '*:*' administrative privileges.;arn:aws:iam::aws:policy/AWSDeepRacerCloudFormationAccessPolicy;iam_aws_attached_policy_no_administrative_privileges;False;AWSDeepRacerCloudFormationAccessPolicy;NIST-CSF;National Institute of Standards and Technology (NIST) Cybersecurity Framework (CSF) v1.1;
aws;The NIST Cybersecurity Framework (CSF) is supported by governments and industries worldwide as a recommended baseline for use by any organization, regardless of sector or size. The NIST Cybersecurity Framework consists of three primary components: the framework core, the profiles, and the implementation tiers. The framework core contains desired cybersecurity activities and outcomes organized into 23 categories that cover the breadth of cybersecurity objectives for an organization. The profiles contain an organization's unique alignment of their organizational requirements and objectives, risk appetite, and resources using the desired outcomes of the framework core. The implementation tiers describe the degree to which an organization’s cybersecurity risk management practices exhibit the characteristics defined in the framework core.;858573892697;us-east-1;2026-09-13 22:26:32.575478;ac_1;Identities and credentials are issued, managed, verified, revoked, and audited for authorized devices, users and processes.;Protect (PR);Identity Management and Access Control (PR.AC);;aws;;PASS;AWS policy SystemAdministrator is attached but does not allow '*:*' administrative privileges.;arn:aws:iam::aws:policy/job-function/SystemAdministrator;iam_aws_attached_policy_no_administrative_privileges;False;SystemAdministrator;NIST-CSF;National Institute of Standards and Technology (NIST) Cybersecurity Framework (CSF) v1.1;
aws;The NIST Cybersecurity Framework (CSF) is supported by governments and industries worldwide as a recommended baseline for use by any organization, regardless of sector or size. The NIST Cybersecurity Framework consists of three primary components: the framework core, the profiles, and the implementation tiers. The framework core contains desired cybersecurity activities and outcomes organized into 23 categories that cover the breadth of cybersecurity objectives for an organization. The profiles contain an organization's unique alignment of their organizational requirements and objectives, risk appetite, and resources using the desired outcomes of the framework core. The implementation tiers describe the degree to which an organization’s cybersecurity risk management practices exhibit the characteristics defined in the framework core.;858573892697;us-east-1;2026-09-13 22:26:32.575478;ac_4;Access permissions and authorizations are managed, incorporating the principles of least privilege and separation of duties.;Protect (PR);Identity Management and Access Control (PR.AC);;aws;;PASS;AWS policy SystemAdministrator is attached but does not allow '*:*' administrative privileges.;arn:aws:iam::aws:policy/job-function/SystemAdministrator;iam_aws_attached_policy_no_administrative_privileges;False;SystemAdministrator;NIST-CSF;National Institute of Standards and Technology (NIST) Cybersecurity Framework (CSF) v1.1;
aws;The NIST Cybersecurity Framework (CSF) is supported by governments and industries worldwide as a recommended baseline for use by any organization, regardless of sector or size. The NIST Cybersecurity Framework consists of three primary components: the framework core, the profiles, and the implementation tiers. The framework core contains desired cybersecurity activities and outcomes organized into 23 categories that cover the breadth of cybersecurity objectives for an organization. The profiles contain an organization's unique alignment of their organizational requirements and objectives, risk appetite, and resources using the desired outcomes of the framework core. The implementation tiers describe the degree to which an organization’s cybersecurity risk management practices exhibit the characteristics defined in the framework core.;858573892697;us-east-1;2026-09-13 22:26:32.575478;pt_3;The principle of least functionality is incorporated by configuring systems to provide only essential capabilities.;Protect (PR);Protective Technology (PR.PT);;aws;;PASS;AWS policy SystemAdministrator is attached but does not allow '*:*' administrative privileges.;arn:aws:iam::aws:policy/job-function/SystemAdministrator;iam_aws_attached_policy_no_administrative_privileges;False;SystemAdministrator;NIST-CSF;National Institute of Standards and Technology (NIST) Cybersecurity Framework (CSF) v1.1;
aws;The NIST Cybersecurity Framework (CSF) is supported by governments and industries worldwide as a recommended baseline for use by any organization, regardless of sector or size. The NIST Cybersecurity Framework consists of three primary components: the framework core, the profiles, and the implementation tiers. The framework core contains desired cybersecurity activities and outcomes organized into 23 categories that cover the breadth of cybersecurity objectives for an organization. The profiles contain an organization's unique alignment of their organizational requirements and objectives, risk appetite, and resources using the desired outcomes of the framework core. The implementation tiers describe the degree to which an organization’s cybersecurity risk management practices exhibit the characteristics defined in the framework core.;858573892697;us-east-1;2026-09-13 22:26:32.575478;ac_1;Identities and credentials are issued, managed, verified, revoked, and audited for authorized devices, users and processes.;Protect (PR);Identity Management and Access Control (PR.AC);;aws;;PASS;AWS policy AmazonAPIGatewayAdministrator is attached but does not allow '*:*' administrative privileges.;arn:aws:iam::aws:policy/AmazonAPIGatewayAdministrator;iam_aws_attached_policy_no_administrative_privileges;False;AmazonAPIGatewayAdministrator;NIST-CSF;National Institute of Standards and Technology (NIST) Cybersecurity Framework (CSF) v1.1;
aws;The NIST Cybersecurity Framework (CSF) is supported by governments and industries worldwide as a recommended baseline for use by any organization, regardless of sector or size. The NIST Cybersecurity Framework consists of three primary components: the framework core, the profiles, and the implementation tiers. The framework core contains desired cybersecurity activities and outcomes organized into 23 categories that cover the breadth of cybersecurity objectives for an organization. The profiles contain an organization's unique alignment of their organizational requirements and objectives, risk appetite, and resources using the desired outcomes of the framework core. The implementation tiers describe the degree to which an organization’s cybersecurity risk management practices exhibit the characteristics defined in the framework core.;858573892697;us-east-1;2026-09-13 22:26:32.575478;ac_4;Access permissions and authorizations are managed, incorporating the principles of least privilege and separation of duties.;Protect (PR);Identity Management and Access Control (PR.AC);;aws;;PASS;AWS policy AmazonAPIGatewayAdministrator is attached but does not allow '*:*' administrative privileges.;arn:aws:iam::aws:policy/AmazonAPIGatewayAdministrator;iam_aws_attached_policy_no_administrative_privileges;False;AmazonAPIGatewayAdministrator;NIST-CSF;National Institute of Standards and Technology (NIST) Cybersecurity Framework (CSF) v1.1;
aws;The NIST Cybersecurity Framework (CSF) is supported by governments and industries worldwide as a recommended baseline for use by any organization, regardless of sector or size. The NIST Cybersecurity Framework consists of three primary components: the framework core, the profiles, and the implementation tiers. The framework core contains desired cybersecurity activities and outcomes organized into 23 categories that cover the breadth of cybersecurity objectives for an organization. The profiles contain an organization's unique alignment of their organizational requirements and objectives, risk appetite, and resources using the desired outcomes of the framework core. The implementation tiers describe the degree to which an organization’s cybersecurity risk management practices exhibit the characteristics defined in the framework core.;858573892697;us-east-1;2026-09-13 22:26:32.575478;pt_3;The principle of least functionality is incorporated by configuring systems to provide only essential capabilities.;Protect (PR);Protective Technology (PR.PT);;aws;;PASS;AWS policy AmazonAPIGatewayAdministrator is attached but does not allow '*:*' administrative privileges.;arn:aws:iam::aws:policy/AmazonAPIGatewayAdministrator;iam_aws_attached_policy_no_administrative_privileges;False;AmazonAPIGatewayAdministrator;NIST-CSF;National Institute of Standards and Technology (NIST) Cybersecurity Framework (CSF) v1.1;
aws;The NIST Cybersecurity Framework (CSF) is supported by governments and industries worldwide as a recommended baseline for use by any organization, regardless of sector or size. The NIST Cybersecurity Framework consists of three primary components: the framework core, the profiles, and the implementation tiers. The framework core contains desired cybersecurity activities and outcomes organized into 23 categories that cover the breadth of cybersecurity objectives for an organization. The profiles contain an organization's unique alignment of their organizational requirements and objectives, risk appetite, and resources using the desired outcomes of the framework core. The implementation tiers describe the degree to which an organization’s cybersecurity risk management practices exhibit the characteristics defined in the framework core.;858573892697;us-east-1;2026-09-13 22:26:32.575478;ac_1;Identities and credentials are issued, managed, verified, revoked, and audited for authorized devices, users and processes.;Protect (PR);Identity Management and Access Control (PR.AC);;aws;;PASS;AWS policy AmazonEC2ContainerRegistryFullAccess is attached but does not allow '*:*' administrative privileges.;arn:aws:iam::aws:policy/AmazonEC2ContainerRegistryFullAccess;iam_aws_attached_policy_no_administrative_privileges;False;AmazonEC2ContainerRegistryFullAccess;NIST-CSF;National Institute of Standards and Technology (NIST) Cybersecurity Framework (CSF) v1.1;
aws;The NIST Cybersecurity Framework (CSF) is supported by governments and industries worldwide as a recommended baseline for use by any organization, regardless of sector or size. The NIST Cybersecurity Framework consists of three primary components: the framework core, the profiles, and the implementation tiers. The framework core contains desired cybersecurity activities and outcomes organized into 23 categories that cover the breadth of cybersecurity objectives for an organization. The profiles contain an organization's unique alignment of their organizational requirements and objectives, risk appetite, and resources using the desired outcomes of the framework core. The implementation tiers describe the degree to which an organization’s cybersecurity risk management practices exhibit the characteristics defined in the framework core.;858573892697;us-east-1;2026-09-13 22:26:32.575478;ac_4;Access permissions and authorizations are managed, incorporating the principles of least privilege and separation of duties.;Protect (PR);Identity Management and Access Control (PR.AC);;aws;;PASS;AWS policy AmazonEC2ContainerRegistryFullAccess is attached but does not allow '*:*' administrative privileges.;arn:aws:iam::aws:policy/AmazonEC2ContainerRegistryFullAccess;iam_aws_attached_policy_no_administrative_privileges;False;AmazonEC2ContainerRegistryFullAccess;NIST-CSF;National Institute of Standards and Technology (NIST) Cybersecurity Framework (CSF) v1.1;
aws;The NIST Cybersecurity Framework (CSF) is supported by governments and industries worldwide as a recommended baseline for use by any organization, regardless of sector or size. The NIST Cybersecurity Framework consists of three primary components: the framework core, the profiles, and the implementation tiers. The framework core contains desired cybersecurity activities and outcomes organized into 23 categories that cover the breadth of cybersecurity objectives for an organization. The profiles contain an organization's unique alignment of their organizational requirements and objectives, risk appetite, and resources using the desired outcomes of the framework core. The implementation tiers describe the degree to which an organization’s cybersecurity risk management practices exhibit the characteristics defined in the framework core.;858573892697;us-east-1;2026-09-13 22:26:32.575478;pt_3;The principle of least functionality is incorporated by configuring systems to provide only essential capabilities.;Protect (PR);Protective Technology (PR.PT);;aws;;PASS;AWS policy AmazonEC2ContainerRegistryFullAccess is attached but does not allow '*:*' administrative privileges.;arn:aws:iam::aws:policy/AmazonEC2ContainerRegistryFullAccess;iam_aws_attached_policy_no_administrative_privileges;False;AmazonEC2ContainerRegistryFullAccess;NIST-CSF;National Institute of Standards and Technology (NIST) Cybersecurity Framework (CSF) v1.1;
aws;The NIST Cybersecurity Framework (CSF) is supported by governments and industries worldwide as a recommended baseline for use by any organization, regardless of sector or size. The NIST Cybersecurity Framework consists of three primary components: the framework core, the profiles, and the implementation tiers. The framework core contains desired cybersecurity activities and outcomes organized into 23 categories that cover the breadth of cybersecurity objectives for an organization. The profiles contain an organization's unique alignment of their organizational requirements and objectives, risk appetite, and resources using the desired outcomes of the framework core. The implementation tiers describe the degree to which an organization’s cybersecurity risk management practices exhibit the characteristics defined in the framework core.;858573892697;us-east-1;2026-09-13 22:26:32.575478;ac_1;Identities and credentials are issued, managed, verified, revoked, and audited for authorized devices, users and processes.;Protect (PR);Identity Management and Access Control (PR.AC);;aws;;PASS;AWS policy AWSCloud9ServiceRolePolicy is attached but does not allow '*:*' administrative privileges.;arn:aws:iam::aws:policy/aws-service-role/AWSCloud9ServiceRolePolicy;iam_aws_attached_policy_no_administrative_privileges;False;AWSCloud9ServiceRolePolicy;NIST-CSF;National Institute of Standards and Technology (NIST) Cybersecurity Framework (CSF) v1.1;
aws;The NIST Cybersecurity Framework (CSF) is supported by governments and industries worldwide as a recommended baseline for use by any organization, regardless of sector or size. The NIST Cybersecurity Framework consists of three primary components: the framework core, the profiles, and the implementation tiers. The framework core contains desired cybersecurity activities and outcomes organized into 23 categories that cover the breadth of cybersecurity objectives for an organization. The profiles contain an organization's unique alignment of their organizational requirements and objectives, risk appetite, and resources using the desired outcomes of the framework core. The implementation tiers describe the degree to which an organization’s cybersecurity risk management practices exhibit the characteristics defined in the framework core.;858573892697;us-east-1;2026-09-13 22:26:32.575478;ac_4;Access permissions and authorizations are managed, incorporating the principles of least privilege and separation of duties.;Protect (PR);Identity Management and Access Control (PR.AC);;aws;;PASS;AWS policy AWSCloud9ServiceRolePolicy is attached but does not allow '*:*' administrative privileges.;arn:aws:iam::aws:policy/aws-service-role/AWSCloud9ServiceRolePolicy;iam_aws_attached_policy_no_administrative_privileges;False;AWSCloud9ServiceRolePolicy;NIST-CSF;National Institute of Standards and Technology (NIST) Cybersecurity Framework (CSF) v1.1;
aws;The NIST Cybersecurity Framework (CSF) is supported by governments and industries worldwide as a recommended baseline for use by any organization, regardless of sector or size. The NIST Cybersecurity Framework consists of three primary components: the framework core, the profiles, and the implementation tiers. The framework core contains desired cybersecurity activities and outcomes organized into 23 categories that cover the breadth of cybersecurity objectives for an organization. The profiles contain an organization's unique alignment of their organizational requirements and objectives, risk appetite, and resources using the desired outcomes of the framework core. The implementation tiers describe the degree to which an organization’s cybersecurity risk management practices exhibit the characteristics defined in the framework core.;858573892697;us-east-1;2026-09-13 22:26:32.575478;pt_3;The principle of least functionality is incorporated by configuring systems to provide only essential capabilities.;Protect (PR);Protective Technology (PR.PT);;aws;;PASS;AWS policy AWSCloud9ServiceRolePolicy is attached but does not allow '*:*' administrative privileges.;arn:aws:iam::aws:policy/aws-service-role/AWSCloud9ServiceRolePolicy;iam_aws_attached_policy_no_administrative_privileges;False;AWSCloud9ServiceRolePolicy;NIST-CSF;National Institute of Standards and Technology (NIST) Cybersecurity Framework (CSF) v1.1;
aws;The NIST Cybersecurity Framework (CSF) is supported by governments and industries worldwide as a recommended baseline for use by any organization, regardless of sector or size. The NIST Cybersecurity Framework consists of three primary components: the framework core, the profiles, and the implementation tiers. The framework core contains desired cybersecurity activities and outcomes organized into 23 categories that cover the breadth of cybersecurity objectives for an organization. The profiles contain an organization's unique alignment of their organizational requirements and objectives, risk appetite, and resources using the desired outcomes of the framework core. The implementation tiers describe the degree to which an organization’s cybersecurity risk management practices exhibit the characteristics defined in the framework core.;858573892697;us-east-1;2026-09-13 22:26:32.575478;ac_1;Identities and credentials are issued, managed, verified, revoked, and audited for authorized devices, users and processes.;Protect (PR);Identity Management and Access Control (PR.AC);;aws;;PASS;AWS policy AmazonEC2ContainerServiceFullAccess is attached but does not allow '*:*' administrative privileges.;arn:aws:iam::aws:policy/AmazonEC2ContainerServiceFullAccess;iam_aws_attached_policy_no_administrative_privileges;False;AmazonEC2ContainerServiceFullAccess;NIST-CSF;National Institute of Standards and Technology (NIST) Cybersecurity Framework (CSF) v1.1;
aws;The NIST Cybersecurity Framework (CSF) is supported by governments and industries worldwide as a recommended baseline for use by any organization, regardless of sector or size. The NIST Cybersecurity Framework consists of three primary components: the framework core, the profiles, and the implementation tiers. The framework core contains desired cybersecurity activities and outcomes organized into 23 categories that cover the breadth of cybersecurity objectives for an organization. The profiles contain an organization's unique alignment of their organizational requirements and objectives, risk appetite, and resources using the desired outcomes of the framework core. The implementation tiers describe the degree to which an organization’s cybersecurity risk management practices exhibit the characteristics defined in the framework core.;858573892697;us-east-1;2026-09-13 22:26:32.575478;ac_4;Access permissions and authorizations are managed, incorporating the principles of least privilege and separation of duties.;Protect (PR);Identity Management and Access Control (PR.AC);;aws;;PASS;AWS policy AmazonEC2ContainerServiceFullAccess is attached but does not allow '*:*' administrative privileges.;arn:aws:iam::aws:policy/AmazonEC2ContainerServiceFullAccess;iam_aws_attached_policy_no_administrative_privileges;False;AmazonEC2ContainerServiceFullAccess;NIST-CSF;National Institute of Standards and Technology (NIST) Cybersecurity Framework (CSF) v1.1;
aws;The NIST Cybersecurity Framework (CSF) is supported by governments and industries worldwide as a recommended baseline for use by any organization, regardless of sector or size. The NIST Cybersecurity Framework consists of three primary components: the framework core, the profiles, and the implementation tiers. The framework core contains desired cybersecurity activities and outcomes organized into 23 categories that cover the breadth of cybersecurity objectives for an organization. The profiles contain an organization's unique alignment of their organizational requirements and objectives, risk appetite, and resources using the desired outcomes of the framework core. The implementation tiers describe the degree to which an organization’s cybersecurity risk management practices exhibit the characteristics defined in the framework core.;858573892697;us-east-1;2026-09-13 22:26:32.575478;pt_3;The principle of least functionality is incorporated by configuring systems to provide only essential capabilities.;Protect (PR);Protective Technology (PR.PT);;aws;;PASS;AWS policy AmazonEC2ContainerServiceFullAccess is attached but does not allow '*:*' administrative privileges.;arn:aws:iam::aws:policy/AmazonEC2ContainerServiceFullAccess;iam_aws_attached_policy_no_administrative_privileges;False;AmazonEC2ContainerServiceFullAccess;NIST-CSF;National Institute of Standards and Technology (NIST) Cybersecurity Framework (CSF) v1.1;
aws;The NIST Cybersecurity Framework (CSF) is supported by governments and industries worldwide as a recommended baseline for use by any organization, regardless of sector or size. The NIST Cybersecurity Framework consists of three primary components: the framework core, the profiles, and the implementation tiers. The framework core contains desired cybersecurity activities and outcomes organized into 23 categories that cover the breadth of cybersecurity objectives for an organization. The profiles contain an organization's unique alignment of their organizational requirements and objectives, risk appetite, and resources using the desired outcomes of the framework core. The implementation tiers describe the degree to which an organization’s cybersecurity risk management practices exhibit the characteristics defined in the framework core.;858573892697;us-east-1;2026-09-13 22:26:32.575478;ac_1;Identities and credentials are issued, managed, verified, revoked, and audited for authorized devices, users and processes.;Protect (PR);Identity Management and Access Control (PR.AC);;aws;;PASS;AWS policy AmazonRDSServiceRolePolicy is attached but does not allow '*:*' administrative privileges.;arn:aws:iam::aws:policy/aws-service-role/AmazonRDSServiceRolePolicy;iam_aws_attached_policy_no_administrative_privileges;False;AmazonRDSServiceRolePolicy;NIST-CSF;National Institute of Standards and Technology (NIST) Cybersecurity Framework (CSF) v1.1;
aws;The NIST Cybersecurity Framework (CSF) is supported by governments and industries worldwide as a recommended baseline for use by any organization, regardless of sector or size. The NIST Cybersecurity Framework consists of three primary components: the framework core, the profiles, and the implementation tiers. The framework core contains desired cybersecurity activities and outcomes organized into 23 categories that cover the breadth of cybersecurity objectives for an organization. The profiles contain an organization's unique alignment of their organizational requirements and objectives, risk appetite, and resources using the desired outcomes of the framework core. The implementation tiers describe the degree to which an organization’s cybersecurity risk management practices exhibit the characteristics defined in the framework core.;858573892697;us-east-1;2026-09-13 22:26:32.575478;ac_4;Access permissions and authorizations are managed, incorporating the principles of least privilege and separation of duties.;Protect (PR);Identity Management and Access Control (PR.AC);;aws;;PASS;AWS policy AmazonRDSServiceRolePolicy is attached but does not allow '*:*' administrative privileges.;arn:aws:iam::aws:policy/aws-service-role/AmazonRDSServiceRolePolicy;iam_aws_attached_policy_no_administrative_privileges;False;AmazonRDSServiceRolePolicy;NIST-CSF;National Institute of Standards and Technology (NIST) Cybersecurity Framework (CSF) v1.1;
aws;The NIST Cybersecurity Framework (CSF) is supported by governments and industries worldwide as a recommended baseline for use by any organization, regardless of sector or size. The NIST Cybersecurity Framework consists of three primary components: the framework core, the profiles, and the implementation tiers. The framework core contains desired cybersecurity activities and outcomes organized into 23 categories that cover the breadth of cybersecurity objectives for an organization. The profiles contain an organization's unique alignment of their organizational requirements and objectives, risk appetite, and resources using the desired outcomes of the framework core. The implementation tiers describe the degree to which an organization’s cybersecurity risk management practices exhibit the characteristics defined in the framework core.;858573892697;us-east-1;2026-09-13 22:26:32.575478;pt_3;The principle of least functionality is incorporated by configuring systems to provide only essential capabilities.;Protect (PR);Protective Technology (PR.PT);;aws;;PASS;AWS policy AmazonRDSServiceRolePolicy is attached but does not allow '*:*' administrative privileges.;arn:aws:iam::aws:policy/aws-service-role/AmazonRDSServiceRolePolicy;iam_aws_attached_policy_no_administrative_privileges;False;AmazonRDSServiceRolePolicy;NIST-CSF;National Institute of Standards and Technology (NIST) Cybersecurity Framework (CSF) v1.1;
aws;The NIST Cybersecurity Framework (CSF) is supported by governments and industries worldwide as a recommended baseline for use by any organization, regardless of sector or size. The NIST Cybersecurity Framework consists of three primary components: the framework core, the profiles, and the implementation tiers. The framework core contains desired cybersecurity activities and outcomes organized into 23 categories that cover the breadth of cybersecurity objectives for an organization. The profiles contain an organization's unique alignment of their organizational requirements and objectives, risk appetite, and resources using the desired outcomes of the framework core. The implementation tiers describe the degree to which an organization’s cybersecurity risk management practices exhibit the characteristics defined in the framework core.;858573892697;us-east-1;2026-09-13 22:26:32.575478;ac_1;Identities and credentials are issued, managed, verified, revoked, and audited for authorized devices, users and processes.;Protect (PR);Identity Management and Access Control (PR.AC);;aws;;PASS;AWS policy AWSTrustedAdvisorServiceRolePolicy is attached but does not allow '*:*' administrative privileges.;arn:aws:iam::aws:policy/aws-service-role/AWSTrustedAdvisorServiceRolePolicy;iam_aws_attached_policy_no_administrative_privileges;False;AWSTrustedAdvisorServiceRolePolicy;NIST-CSF;National Institute of Standards and Technology (NIST) Cybersecurity Framework (CSF) v1.1;
aws;The NIST Cybersecurity Framework (CSF) is supported by governments and industries worldwide as a recommended baseline for use by any organization, regardless of sector or size. The NIST Cybersecurity Framework consists of three primary components: the framework core, the profiles, and the implementation tiers. The framework core contains desired cybersecurity activities and outcomes organized into 23 categories that cover the breadth of cybersecurity objectives for an organization. The profiles contain an organization's unique alignment of their organizational requirements and objectives, risk appetite, and resources using the desired outcomes of the framework core. The implementation tiers describe the degree to which an organization’s cybersecurity risk management practices exhibit the characteristics defined in the framework core.;858573892697;us-east-1;2026-09-13 22:26:32.575478;ac_4;Access permissions and authorizations are managed, incorporating the principles of least privilege and separation of duties.;Protect (PR);Identity Management and Access Control (PR.AC);;aws;;PASS;AWS policy AWSTrustedAdvisorServiceRolePolicy is attached but does not allow '*:*' administrative privileges.;arn:aws:iam::aws:policy/aws-service-role/AWSTrustedAdvisorServiceRolePolicy;iam_aws_attached_policy_no_administrative_privileges;False;AWSTrustedAdvisorServiceRolePolicy;NIST-CSF;National Institute of Standards and Technology (NIST) Cybersecurity Framework (CSF) v1.1;
aws;The NIST Cybersecurity Framework (CSF) is supported by governments and industries worldwide as a recommended baseline for use by any organization, regardless of sector or size. The NIST Cybersecurity Framework consists of three primary components: the framework core, the profiles, and the implementation tiers. The framework core contains desired cybersecurity activities and outcomes organized into 23 categories that cover the breadth of cybersecurity objectives for an organization. The profiles contain an organization's unique alignment of their organizational requirements and objectives, risk appetite, and resources using the desired outcomes of the framework core. The implementation tiers describe the degree to which an organization’s cybersecurity risk management practices exhibit the characteristics defined in the framework core.;858573892697;us-east-1;2026-09-13 22:26:32.575478;pt_3;The principle of least functionality is incorporated by configuring systems to provide only essential capabilities.;Protect (PR);Protective Technology (PR.PT);;aws;;PASS;AWS policy AWSTrustedAdvisorServiceRolePolicy is attached but does not allow '*:*' administrative privileges.;arn:aws:iam::aws:policy/aws-service-role/AWSTrustedAdvisorServiceRolePolicy;iam_aws_attached_policy_no_administrative_privileges;False;AWSTrustedAdvisorServiceRolePolicy;NIST-CSF;National Institute of Standards and Technology (NIST) Cybersecurity Framework (CSF) v1.1;
aws;The NIST Cybersecurity Framework (CSF) is supported by governments and industries worldwide as a recommended baseline for use by any organization, regardless of sector or size. The NIST Cybersecurity Framework consists of three primary components: the framework core, the profiles, and the implementation tiers. The framework core contains desired cybersecurity activities and outcomes organized into 23 categories that cover the breadth of cybersecurity objectives for an organization. The profiles contain an organization's unique alignment of their organizational requirements and objectives, risk appetite, and resources using the desired outcomes of the framework core. The implementation tiers describe the degree to which an organization’s cybersecurity risk management practices exhibit the characteristics defined in the framework core.;858573892697;us-east-1;2026-09-13 22:26:32.575478;ac_1;Identities and credentials are issued, managed, verified, revoked, and audited for authorized devices, users and processes.;Protect (PR);Identity Management and Access Control (PR.AC);;aws;;FAIL;AWS policy AdministratorAccess is attached and allows '*:*' administrative privileges.;arn:aws:iam::aws:policy/AdministratorAccess;iam_aws_attached_policy_no_administrative_privileges;False;AdministratorAccess;NIST-CSF;National Institute of Standards and Technology (NIST) Cybersecurity Framework (CSF) v1.1;
aws;The NIST Cybersecurity Framework (CSF) is supported by governments and industries worldwide as a recommended baseline for use by any organization, regardless of sector or size. The NIST Cybersecurity Framework consists of three primary components: the framework core, the profiles, and the implementation tiers. The framework core contains desired cybersecurity activities and outcomes organized into 23 categories that cover the breadth of cybersecurity objectives for an organization. The profiles contain an organization's unique alignment of their organizational requirements and objectives, risk appetite, and resources using the desired outcomes of the framework core. The implementation tiers describe the degree to which an organization’s cybersecurity risk management practices exhibit the characteristics defined in the framework core.;858573892697;us-east-1;2026-09-13 22:26:32.575478;ac_4;Access permissions and authorizations are managed, incorporating the principles of least privilege and separation of duties.;Protect (PR);Identity Management and Access Control (PR.AC);;aws;;FAIL;AWS policy AdministratorAccess is attached and allows '*:*' administrative privileges.;arn:aws:iam::aws:policy/AdministratorAccess;iam_aws_attached_policy_no_administrative_privileges;False;AdministratorAccess;NIST-CSF;National Institute of Standards and Technology (NIST) Cybersecurity Framework (CSF) v1.1;
aws;The NIST Cybersecurity Framework (CSF) is supported by governments and industries worldwide as a recommended baseline for use by any organization, regardless of sector or size. The NIST Cybersecurity Framework consists of three primary components: the framework core, the profiles, and the implementation tiers. The framework core contains desired cybersecurity activities and outcomes organized into 23 categories that cover the breadth of cybersecurity objectives for an organization. The profiles contain an organization's unique alignment of their organizational requirements and objectives, risk appetite, and resources using the desired outcomes of the framework core. The implementation tiers describe the degree to which an organization’s cybersecurity risk management practices exhibit the characteristics defined in the framework core.;858573892697;us-east-1;2026-09-13 22:26:32.575478;pt_3;The principle of least functionality is incorporated by configuring systems to provide only essential capabilities.;Protect (PR);Protective Technology (PR.PT);;aws;;FAIL;AWS policy AdministratorAccess is attached and allows '*:*' administrative privileges.;arn:aws:iam::aws:policy/AdministratorAccess;iam_aws_attached_policy_no_administrative_privileges;False;AdministratorAccess;NIST-CSF;National Institute of Standards and Technology (NIST) Cybersecurity Framework (CSF) v1.1;
aws;The NIST Cybersecurity Framework (CSF) is supported by governments and industries worldwide as a recommended baseline for use by any organization, regardless of sector or size. The NIST Cybersecurity Framework consists of three primary components: the framework core, the profiles, and the implementation tiers. The framework core contains desired cybersecurity activities and outcomes organized into 23 categories that cover the breadth of cybersecurity objectives for an organization. The profiles contain an organization's unique alignment of their organizational requirements and objectives, risk appetite, and resources using the desired outcomes of the framework core. The implementation tiers describe the degree to which an organization’s cybersecurity risk management practices exhibit the characteristics defined in the framework core.;858573892697;us-east-1;2026-09-13 22:26:32.575478;ac_1;Identities and credentials are issued, managed, verified, revoked, and audited for authorized devices, users and processes.;Protect (PR);Identity Management and Access Control (PR.AC);;aws;;PASS;AWS policy AWSSupportServiceRolePolicy is attached but does not allow '*:*' administrative privileges.;arn:aws:iam::aws:policy/aws-service-role/AWSSupportServiceRolePolicy;iam_aws_attached_policy_no_administrative_privileges;False;AWSSupportServiceRolePolicy;NIST-CSF;National Institute of Standards and Technology (NIST) Cybersecurity Framework (CSF) v1.1;
aws;The NIST Cybersecurity Framework (CSF) is supported by governments and industries worldwide as a recommended baseline for use by any organization, regardless of sector or size. The NIST Cybersecurity Framework consists of three primary components: the framework core, the profiles, and the implementation tiers. The framework core contains desired cybersecurity activities and outcomes organized into 23 categories that cover the breadth of cybersecurity objectives for an organization. The profiles contain an organization's unique alignment of their organizational requirements and objectives, risk appetite, and resources using the desired outcomes of the framework core. The implementation tiers describe the degree to which an organization’s cybersecurity risk management practices exhibit the characteristics defined in the framework core.;858573892697;us-east-1;2026-09-13 22:26:32.575478;ac_4;Access permissions and authorizations are managed, incorporating the principles of least privilege and separation of duties.;Protect (PR);Identity Management and Access Control (PR.AC);;aws;;PASS;AWS policy AWSSupportServiceRolePolicy is attached but does not allow '*:*' administrative privileges.;arn:aws:iam::aws:policy/aws-service-role/AWSSupportServiceRolePolicy;iam_aws_attached_policy_no_administrative_privileges;False;AWSSupportServiceRolePolicy;NIST-CSF;National Institute of Standards and Technology (NIST) Cybersecurity Framework (CSF) v1.1;
aws;The NIST Cybersecurity Framework (CSF) is supported by governments and industries worldwide as a recommended baseline for use by any organization, regardless of sector or size. The NIST Cybersecurity Framework consists of three primary components: the framework core, the profiles, and the implementation tiers. The framework core contains desired cybersecurity activities and outcomes organized into 23 categories that cover the breadth of cybersecurity objectives for an organization. The profiles contain an organization's unique alignment of their organizational requirements and objectives, risk appetite, and resources using the desired outcomes of the framework core. The implementation tiers describe the degree to which an organization’s cybersecurity risk management practices exhibit the characteristics defined in the framework core.;858573892697;us-east-1;2026-09-13 22:26:32.575478;pt_3;The principle of least functionality is incorporated by configuring systems to provide only essential capabilities.;Protect (PR);Protective Technology (PR.PT);;aws;;PASS;AWS policy AWSSupportServiceRolePolicy is attached but does not allow '*:*' administrative privileges.;arn:aws:iam::aws:policy/aws-service-role/AWSSupportServiceRolePolicy;iam_aws_attached_policy_no_administrative_privileges;False;AWSSupportServiceRolePolicy;NIST-CSF;National Institute of Standards and Technology (NIST) Cybersecurity Framework (CSF) v1.1;
aws;The NIST Cybersecurity Framework (CSF) is supported by governments and industries worldwide as a recommended baseline for use by any organization, regardless of sector or size. The NIST Cybersecurity Framework consists of three primary components: the framework core, the profiles, and the implementation tiers. The framework core contains desired cybersecurity activities and outcomes organized into 23 categories that cover the breadth of cybersecurity objectives for an organization. The profiles contain an organization's unique alignment of their organizational requirements and objectives, risk appetite, and resources using the desired outcomes of the framework core. The implementation tiers describe the degree to which an organization’s cybersecurity risk management practices exhibit the characteristics defined in the framework core.;858573892697;us-east-1;2026-09-13 22:26:32.575478;ac_1;Identities and credentials are issued, managed, verified, revoked, and audited for authorized devices, users and processes.;Protect (PR);Identity Management and Access Control (PR.AC);;aws;;PASS;AWS policy AWSDeepRacerServiceRolePolicy is attached but does not allow '*:*' administrative privileges.;arn:aws:iam::aws:policy/service-role/AWSDeepRacerServiceRolePolicy;iam_aws_attached_policy_no_administrative_privileges;False;AWSDeepRacerServiceRolePolicy;NIST-CSF;National Institute of Standards and Technology (NIST) Cybersecurity Framework (CSF) v1.1;
aws;The NIST Cybersecurity Framework (CSF) is supported by governments and industries worldwide as a recommended baseline for use by any organization, regardless of sector or size. The NIST Cybersecurity Framework consists of three primary components: the framework core, the profiles, and the implementation tiers. The framework core contains desired cybersecurity activities and outcomes organized into 23 categories that cover the breadth of cybersecurity objectives for an organization. The profiles contain an organization's unique alignment of their organizational requirements and objectives, risk appetite, and resources using the desired outcomes of the framework core. The implementation tiers describe the degree to which an organization’s cybersecurity risk management practices exhibit the characteristics defined in the framework core.;858573892697;us-east-1;2026-09-13 22:26:32.575478;ac_4;Access permissions and authorizations are managed, incorporating the principles of least privilege and separation of duties.;Protect (PR);Identity Management and Access Control (PR.AC);;aws;;PASS;AWS policy AWSDeepRacerServiceRolePolicy is attached but does not allow '*:*' administrative privileges.;arn:aws:iam::aws:policy/service-role/AWSDeepRacerServiceRolePolicy;iam_aws_attached_policy_no_administrative_privileges;False;AWSDeepRacerServiceRolePolicy;NIST-CSF;National Institute of Standards and Technology (NIST) Cybersecurity Framework (CSF) v1.1;
aws;The NIST Cybersecurity Framework (CSF) is supported by governments and industries worldwide as a recommended baseline for use by any organization, regardless of sector or size. The NIST Cybersecurity Framework consists of three primary components: the framework core, the profiles, and the implementation tiers. The framework core contains desired cybersecurity activities and outcomes organized into 23 categories that cover the breadth of cybersecurity objectives for an organization. The profiles contain an organization's unique alignment of their organizational requirements and objectives, risk appetite, and resources using the desired outcomes of the framework core. The implementation tiers describe the degree to which an organization’s cybersecurity risk management practices exhibit the characteristics defined in the framework core.;858573892697;us-east-1;2026-09-13 22:26:32.575478;pt_3;The principle of least functionality is incorporated by configuring systems to provide only essential capabilities.;Protect (PR);Protective Technology (PR.PT);;aws;;PASS;AWS policy AWSDeepRacerServiceRolePolicy is attached but does not allow '*:*' administrative privileges.;arn:aws:iam::aws:policy/service-role/AWSDeepRacerServiceRolePolicy;iam_aws_attached_policy_no_administrative_privileges;False;AWSDeepRacerServiceRolePolicy;NIST-CSF;National Institute of Standards and Technology (NIST) Cybersecurity Framework (CSF) v1.1;
aws;The NIST Cybersecurity Framework (CSF) is supported by governments and industries worldwide as a recommended baseline for use by any organization, regardless of sector or size. The NIST Cybersecurity Framework consists of three primary components: the framework core, the profiles, and the implementation tiers. The framework core contains desired cybersecurity activities and outcomes organized into 23 categories that cover the breadth of cybersecurity objectives for an organization. The profiles contain an organization's unique alignment of their organizational requirements and objectives, risk appetite, and resources using the desired outcomes of the framework core. The implementation tiers describe the degree to which an organization’s cybersecurity risk management practices exhibit the characteristics defined in the framework core.;858573892697;us-east-1;2026-09-13 22:26:32.575478;ac_1;Identities and credentials are issued, managed, verified, revoked, and audited for authorized devices, users and processes.;Protect (PR);Identity Management and Access Control (PR.AC);;aws;;PASS;AWS policy DatabaseAdministrator is attached but does not allow '*:*' administrative privileges.;arn:aws:iam::aws:policy/job-function/DatabaseAdministrator;iam_aws_attached_policy_no_administrative_privileges;False;DatabaseAdministrator;NIST-CSF;National Institute of Standards and Technology (NIST) Cybersecurity Framework (CSF) v1.1;
aws;The NIST Cybersecurity Framework (CSF) is supported by governments and industries worldwide as a recommended baseline for use by any organization, regardless of sector or size. The NIST Cybersecurity Framework consists of three primary components: the framework core, the profiles, and the implementation tiers. The framework core contains desired cybersecurity activities and outcomes organized into 23 categories that cover the breadth of cybersecurity objectives for an organization. The profiles contain an organization's unique alignment of their organizational requirements and objectives, risk appetite, and resources using the desired outcomes of the framework core. The implementation tiers describe the degree to which an organization’s cybersecurity risk management practices exhibit the characteristics defined in the framework core.;858573892697;us-east-1;2026-09-13 22:26:32.575478;ac_4;Access permissions and authorizations are managed, incorporating the principles of least privilege and separation of duties.;Protect (PR);Identity Management and Access Control (PR.AC);;aws;;PASS;AWS policy DatabaseAdministrator is attached but does not allow '*:*' administrative privileges.;arn:aws:iam::aws:policy/job-function/DatabaseAdministrator;iam_aws_attached_policy_no_administrative_privileges;False;DatabaseAdministrator;NIST-CSF;National Institute of Standards and Technology (NIST) Cybersecurity Framework (CSF) v1.1;
aws;The NIST Cybersecurity Framework (CSF) is supported by governments and industries worldwide as a recommended baseline for use by any organization, regardless of sector or size. The NIST Cybersecurity Framework consists of three primary components: the framework core, the profiles, and the implementation tiers. The framework core contains desired cybersecurity activities and outcomes organized into 23 categories that cover the breadth of cybersecurity objectives for an organization. The profiles contain an organization's unique alignment of their organizational requirements and objectives, risk appetite, and resources using the desired outcomes of the framework core. The implementation tiers describe the degree to which an organization’s cybersecurity risk management practices exhibit the characteristics defined in the framework core.;858573892697;us-east-1;2026-09-13 22:26:32.575478;pt_3;The principle of least functionality is incorporated by configuring systems to provide only essential capabilities.;Protect (PR);Protective Technology (PR.PT);;aws;;PASS;AWS policy DatabaseAdministrator is attached but does not allow '*:*' administrative privileges.;arn:aws:iam::aws:policy/job-function/DatabaseAdministrator;iam_aws_attached_policy_no_administrative_privileges;False;DatabaseAdministrator;NIST-CSF;National Institute of Standards and Technology (NIST) Cybersecurity Framework (CSF) v1.1;
aws;The NIST Cybersecurity Framework (CSF) is supported by governments and industries worldwide as a recommended baseline for use by any organization, regardless of sector or size. The NIST Cybersecurity Framework consists of three primary components: the framework core, the profiles, and the implementation tiers. The framework core contains desired cybersecurity activities and outcomes organized into 23 categories that cover the breadth of cybersecurity objectives for an organization. The profiles contain an organization's unique alignment of their organizational requirements and objectives, risk appetite, and resources using the desired outcomes of the framework core. The implementation tiers describe the degree to which an organization’s cybersecurity risk management practices exhibit the characteristics defined in the framework core.;858573892697;us-east-1;2026-09-13 22:26:32.575478;ac_1;Identities and credentials are issued, managed, verified, revoked, and audited for authorized devices, users and processes.;Protect (PR);Identity Management and Access Control (PR.AC);;aws;;PASS;AWS policy AWSLambdaBasicExecutionRole is attached but does not allow '*:*' administrative privileges.;arn:aws:iam::aws:policy/service-role/AWSLambdaBasicExecutionRole;iam_aws_attached_policy_no_administrative_privileges;False;AWSLambdaBasicExecutionRole;NIST-CSF;National Institute of Standards and Technology (NIST) Cybersecurity Framework (CSF) v1.1;
aws;The NIST Cybersecurity Framework (CSF) is supported by governments and industries worldwide as a recommended baseline for use by any organization, regardless of sector or size. The NIST Cybersecurity Framework consists of three primary components: the framework core, the profiles, and the implementation tiers. The framework core contains desired cybersecurity activities and outcomes organized into 23 categories that cover the breadth of cybersecurity objectives for an organization. The profiles contain an organization's unique alignment of their organizational requirements and objectives, risk appetite, and resources using the desired outcomes of the framework core. The implementation tiers describe the degree to which an organization’s cybersecurity risk management practices exhibit the characteristics defined in the framework core.;858573892697;us-east-1;2026-09-13 22:26:32.575478;ac_4;Access permissions and authorizations are managed, incorporating the principles of least privilege and separation of duties.;Protect (PR);Identity Management and Access Control (PR.AC);;aws;;PASS;AWS policy AWSLambdaBasicExecutionRole is attached but does not allow '*:*' administrative privileges.;arn:aws:iam::aws:policy/service-role/AWSLambdaBasicExecutionRole;iam_aws_attached_policy_no_administrative_privileges;False;AWSLambdaBasicExecutionRole;NIST-CSF;National Institute of Standards and Technology (NIST) Cybersecurity Framework (CSF) v1.1;
aws;The NIST Cybersecurity Framework (CSF) is supported by governments and industries worldwide as a recommended baseline for use by any organization, regardless of sector or size. The NIST Cybersecurity Framework consists of three primary components: the framework core, the profiles, and the implementation tiers. The framework core contains desired cybersecurity activities and outcomes organized into 23 categories that cover the breadth of cybersecurity objectives for an organization. The profiles contain an organization's unique alignment of their organizational requirements and objectives, risk appetite, and resources using the desired outcomes of the framework core. The implementation tiers describe the degree to which an organization’s cybersecurity risk management practices exhibit the characteristics defined in the framework core.;858573892697;us-east-1;2026-09-13 22:26:32.575478;pt_3;The principle of least functionality is incorporated by configuring systems to provide only essential capabilities.;Protect (PR);Protective Technology (PR.PT);;aws;;PASS;AWS policy AWSLambdaBasicExecutionRole is attached but does not allow '*:*' administrative privileges.;arn:aws:iam::aws:policy/service-role/AWSLambdaBasicExecutionRole;iam_aws_attached_policy_no_administrative_privileges;False;AWSLambdaBasicExecutionRole;NIST-CSF;National Institute of Standards and Technology (NIST) Cybersecurity Framework (CSF) v1.1;
aws;The NIST Cybersecurity Framework (CSF) is supported by governments and industries worldwide as a recommended baseline for use by any organization, regardless of sector or size. The NIST Cybersecurity Framework consists of three primary components: the framework core, the profiles, and the implementation tiers. The framework core contains desired cybersecurity activities and outcomes organized into 23 categories that cover the breadth of cybersecurity objectives for an organization. The profiles contain an organization's unique alignment of their organizational requirements and objectives, risk appetite, and resources using the desired outcomes of the framework core. The implementation tiers describe the degree to which an organization’s cybersecurity risk management practices exhibit the characteristics defined in the framework core.;858573892697;us-east-1;2026-09-13 22:26:32.575478;ac_1;Identities and credentials are issued, managed, verified, revoked, and audited for authorized devices, users and processes.;Protect (PR);Identity Management and Access Control (PR.AC);;aws;;PASS;AWS policy IAMUserChangePassword is attached but does not allow '*:*' administrative privileges.;arn:aws:iam::aws:policy/IAMUserChangePassword;iam_aws_attached_policy_no_administrative_privileges;False;IAMUserChangePassword;NIST-CSF;National Institute of Standards and Technology (NIST) Cybersecurity Framework (CSF) v1.1;
aws;The NIST Cybersecurity Framework (CSF) is supported by governments and industries worldwide as a recommended baseline for use by any organization, regardless of sector or size. The NIST Cybersecurity Framework consists of three primary components: the framework core, the profiles, and the implementation tiers. The framework core contains desired cybersecurity activities and outcomes organized into 23 categories that cover the breadth of cybersecurity objectives for an organization. The profiles contain an organization's unique alignment of their organizational requirements and objectives, risk appetite, and resources using the desired outcomes of the framework core. The implementation tiers describe the degree to which an organization’s cybersecurity risk management practices exhibit the characteristics defined in the framework core.;858573892697;us-east-1;2026-09-13 22:26:32.575478;ac_4;Access permissions and authorizations are managed, incorporating the principles of least privilege and separation of duties.;Protect (PR);Identity Management and Access Control (PR.AC);;aws;;PASS;AWS policy IAMUserChangePassword is attached but does not allow '*:*' administrative privileges.;arn:aws:iam::aws:policy/IAMUserChangePassword;iam_aws_attached_policy_no_administrative_privileges;False;IAMUserChangePassword;NIST-CSF;National Institute of Standards and Technology (NIST) Cybersecurity Framework (CSF) v1.1;
aws;The NIST Cybersecurity Framework (CSF) is supported by governments and industries worldwide as a recommended baseline for use by any organization, regardless of sector or size. The NIST Cybersecurity Framework consists of three primary components: the framework core, the profiles, and the implementation tiers. The framework core contains desired cybersecurity activities and outcomes organized into 23 categories that cover the breadth of cybersecurity objectives for an organization. The profiles contain an organization's unique alignment of their organizational requirements and objectives, risk appetite, and resources using the desired outcomes of the framework core. The implementation tiers describe the degree to which an organization’s cybersecurity risk management practices exhibit the characteristics defined in the framework core.;858573892697;us-east-1;2026-09-13 22:26:32.575478;pt_3;The principle of least functionality is incorporated by configuring systems to provide only essential capabilities.;Protect (PR);Protective Technology (PR.PT);;aws;;PASS;AWS policy IAMUserChangePassword is attached but does not allow '*:*' administrative privileges.;arn:aws:iam::aws:policy/IAMUserChangePassword;iam_aws_attached_policy_no_administrative_privileges;False;IAMUserChangePassword;NIST-CSF;National Institute of Standards and Technology (NIST) Cybersecurity Framework (CSF) v1.1;
aws;The NIST Cybersecurity Framework (CSF) is supported by governments and industries worldwide as a recommended baseline for use by any organization, regardless of sector or size. The NIST Cybersecurity Framework consists of three primary components: the framework core, the profiles, and the implementation tiers. The framework core contains desired cybersecurity activities and outcomes organized into 23 categories that cover the breadth of cybersecurity objectives for an organization. The profiles contain an organization's unique alignment of their organizational requirements and objectives, risk appetite, and resources using the desired outcomes of the framework core. The implementation tiers describe the degree to which an organization’s cybersecurity risk management practices exhibit the characteristics defined in the framework core.;858573892697;us-east-1;2026-09-13 22:26:32.575478;ac_1;Identities and credentials are issued, managed, verified, revoked, and audited for authorized devices, users and processes.;Protect (PR);Identity Management and Access Control (PR.AC);;aws;;PASS;AWS policy NetworkAdministrator is attached but does not allow '*:*' administrative privileges.;arn:aws:iam::aws:policy/job-function/NetworkAdministrator;iam_aws_attached_policy_no_administrative_privileges;False;NetworkAdministrator;NIST-CSF;National Institute of Standards and Technology (NIST) Cybersecurity Framework (CSF) v1.1;
aws;The NIST Cybersecurity Framework (CSF) is supported by governments and industries worldwide as a recommended baseline for use by any organization, regardless of sector or size. The NIST Cybersecurity Framework consists of three primary components: the framework core, the profiles, and the implementation tiers. The framework core contains desired cybersecurity activities and outcomes organized into 23 categories that cover the breadth of cybersecurity objectives for an organization. The profiles contain an organization's unique alignment of their organizational requirements and objectives, risk appetite, and resources using the desired outcomes of the framework core. The implementation tiers describe the degree to which an organization’s cybersecurity risk management practices exhibit the characteristics defined in the framework core.;858573892697;us-east-1;2026-09-13 22:26:32.575478;ac_4;Access permissions and authorizations are managed, incorporating the principles of least privilege and separation of duties.;Protect (PR);Identity Management and Access Control (PR.AC);;aws;;PASS;AWS policy NetworkAdministrator is attached but does not allow '*:*' administrative privileges.;arn:aws:iam::aws:policy/job-function/NetworkAdministrator;iam_aws_attached_policy_no_administrative_privileges;False;NetworkAdministrator;NIST-CSF;National Institute of Standards and Technology (NIST) Cybersecurity Framework (CSF) v1.1;
aws;The NIST Cybersecurity Framework (CSF) is supported by governments and industries worldwide as a recommended baseline for use by any organization, regardless of sector or size. The NIST Cybersecurity Framework consists of three primary components: the framework core, the profiles, and the implementation tiers. The framework core contains desired cybersecurity activities and outcomes organized into 23 categories that cover the breadth of cybersecurity objectives for an organization. The profiles contain an organization's unique alignment of their organizational requirements and objectives, risk appetite, and resources using the desired outcomes of the framework core. The implementation tiers describe the degree to which an organization’s cybersecurity risk management practices exhibit the characteristics defined in the framework core.;858573892697;us-east-1;2026-09-13 22:26:32.575478;pt_3;The principle of least functionality is incorporated by configuring systems to provide only essential capabilities.;Protect (PR);Protective Technology (PR.PT);;aws;;PASS;AWS policy NetworkAdministrator is attached but does not allow '*:*' administrative privileges.;arn:aws:iam::aws:policy/job-function/NetworkAdministrator;iam_aws_attached_policy_no_administrative_privileges;False;NetworkAdministrator;NIST-CSF;National Institute of Standards and Technology (NIST) Cybersecurity Framework (CSF) v1.1;
aws;The NIST Cybersecurity Framework (CSF) is supported by governments and industries worldwide as a recommended baseline for use by any organization, regardless of sector or size. The NIST Cybersecurity Framework consists of three primary components: the framework core, the profiles, and the implementation tiers. The framework core contains desired cybersecurity activities and outcomes organized into 23 categories that cover the breadth of cybersecurity objectives for an organization. The profiles contain an organization's unique alignment of their organizational requirements and objectives, risk appetite, and resources using the desired outcomes of the framework core. The implementation tiers describe the degree to which an organization’s cybersecurity risk management practices exhibit the characteristics defined in the framework core.;858573892697;us-east-1;2026-09-13 22:26:32.575478;ac_1;Identities and credentials are issued, managed, verified, revoked, and audited for authorized devices, users and processes.;Protect (PR);Identity Management and Access Control (PR.AC);;aws;;PASS;AWS policy AWSDeepRacerRoboMakerAccessPolicy is attached but does not allow '*:*' administrative privileges.;arn:aws:iam::aws:policy/AWSDeepRacerRoboMakerAccessPolicy;iam_aws_attached_policy_no_administrative_privileges;False;AWSDeepRacerRoboMakerAccessPolicy;NIST-CSF;National Institute of Standards and Technology (NIST) Cybersecurity Framework (CSF) v1.1;
aws;The NIST Cybersecurity Framework (CSF) is supported by governments and industries worldwide as a recommended baseline for use by any organization, regardless of sector or size. The NIST Cybersecurity Framework consists of three primary components: the framework core, the profiles, and the implementation tiers. The framework core contains desired cybersecurity activities and outcomes organized into 23 categories that cover the breadth of cybersecurity objectives for an organization. The profiles contain an organization's unique alignment of their organizational requirements and objectives, risk appetite, and resources using the desired outcomes of the framework core. The implementation tiers describe the degree to which an organization’s cybersecurity risk management practices exhibit the characteristics defined in the framework core.;858573892697;us-east-1;2026-09-13 22:26:32.575478;ac_4;Access permissions and authorizations are managed, incorporating the principles of least privilege and separation of duties.;Protect (PR);Identity Management and Access Control (PR.AC);;aws;;PASS;AWS policy AWSDeepRacerRoboMakerAccessPolicy is attached but does not allow '*:*' administrative privileges.;arn:aws:iam::aws:policy/AWSDeepRacerRoboMakerAccessPolicy;iam_aws_attached_policy_no_administrative_privileges;False;AWSDeepRacerRoboMakerAccessPolicy;NIST-CSF;National Institute of Standards and Technology (NIST) Cybersecurity Framework (CSF) v1.1;
aws;The NIST Cybersecurity Framework (CSF) is supported by governments and industries worldwide as a recommended baseline for use by any organization, regardless of sector or size. The NIST Cybersecurity Framework consists of three primary components: the framework core, the profiles, and the implementation tiers. The framework core contains desired cybersecurity activities and outcomes organized into 23 categories that cover the breadth of cybersecurity objectives for an organization. The profiles contain an organization's unique alignment of their organizational requirements and objectives, risk appetite, and resources using the desired outcomes of the framework core. The implementation tiers describe the degree to which an organization’s cybersecurity risk management practices exhibit the characteristics defined in the framework core.;858573892697;us-east-1;2026-09-13 22:26:32.575478;pt_3;The principle of least functionality is incorporated by configuring systems to provide only essential capabilities.;Protect (PR);Protective Technology (PR.PT);;aws;;PASS;AWS policy AWSDeepRacerRoboMakerAccessPolicy is attached but does not allow '*:*' administrative privileges.;arn:aws:iam::aws:policy/AWSDeepRacerRoboMakerAccessPolicy;iam_aws_attached_policy_no_administrative_privileges;False;AWSDeepRacerRoboMakerAccessPolicy;NIST-CSF;National Institute of Standards and Technology (NIST) Cybersecurity Framework (CSF) v1.1;
aws;The NIST Cybersecurity Framework (CSF) is supported by governments and industries worldwide as a recommended baseline for use by any organization, regardless of sector or size. The NIST Cybersecurity Framework consists of three primary components: the framework core, the profiles, and the implementation tiers. The framework core contains desired cybersecurity activities and outcomes organized into 23 categories that cover the breadth of cybersecurity objectives for an organization. The profiles contain an organization's unique alignment of their organizational requirements and objectives, risk appetite, and resources using the desired outcomes of the framework core. The implementation tiers describe the degree to which an organization’s cybersecurity risk management practices exhibit the characteristics defined in the framework core.;858573892697;us-east-1;2026-09-13 22:26:32.575478;ac_1;Identities and credentials are issued, managed, verified, revoked, and audited for authorized devices, users and processes.;Protect (PR);Identity Management and Access Control (PR.AC);;aws;;PASS;AWS policy AmazonSageMakerFullAccess is attached but does not allow '*:*' administrative privileges.;arn:aws:iam::aws:policy/AmazonSageMakerFullAccess;iam_aws_attached_policy_no_administrative_privileges;False;AmazonSageMakerFullAccess;NIST-CSF;National Institute of Standards and Technology (NIST) Cybersecurity Framework (CSF) v1.1;
aws;The NIST Cybersecurity Framework (CSF) is supported by governments and industries worldwide as a recommended baseline for use by any organization, regardless of sector or size. The NIST Cybersecurity Framework consists of three primary components: the framework core, the profiles, and the implementation tiers. The framework core contains desired cybersecurity activities and outcomes organized into 23 categories that cover the breadth of cybersecurity objectives for an organization. The profiles contain an organization's unique alignment of their organizational requirements and objectives, risk appetite, and resources using the desired outcomes of the framework core. The implementation tiers describe the degree to which an organization’s cybersecurity risk management practices exhibit the characteristics defined in the framework core.;858573892697;us-east-1;2026-09-13 22:26:32.575478;ac_4;Access permissions and authorizations are managed, incorporating the principles of least privilege and separation of duties.;Protect (PR);Identity Management and Access Control (PR.AC);;aws;;PASS;AWS policy AmazonSageMakerFullAccess is attached but does not allow '*:*' administrative privileges.;arn:aws:iam::aws:policy/AmazonSageMakerFullAccess;iam_aws_attached_policy_no_administrative_privileges;False;AmazonSageMakerFullAccess;NIST-CSF;National Institute of Standards and Technology (NIST) Cybersecurity Framework (CSF) v1.1;
aws;The NIST Cybersecurity Framework (CSF) is supported by governments and industries worldwide as a recommended baseline for use by any organization, regardless of sector or size. The NIST Cybersecurity Framework consists of three primary components: the framework core, the profiles, and the implementation tiers. The framework core contains desired cybersecurity activities and outcomes organized into 23 categories that cover the breadth of cybersecurity objectives for an organization. The profiles contain an organization's unique alignment of their organizational requirements and objectives, risk appetite, and resources using the desired outcomes of the framework core. The implementation tiers describe the degree to which an organization’s cybersecurity risk management practices exhibit the characteristics defined in the framework core.;858573892697;us-east-1;2026-09-13 22:26:32.575478;pt_3;The principle of least functionality is incorporated by configuring systems to provide only essential capabilities.;Protect (PR);Protective Technology (PR.PT);;aws;;PASS;AWS policy AmazonSageMakerFullAccess is attached but does not allow '*:*' administrative privileges.;arn:aws:iam::aws:policy/AmazonSageMakerFullAccess;iam_aws_attached_policy_no_administrative_privileges;False;AmazonSageMakerFullAccess;NIST-CSF;National Institute of Standards and Technology (NIST) Cybersecurity Framework (CSF) v1.1;
aws;The NIST Cybersecurity Framework (CSF) is supported by governments and industries worldwide as a recommended baseline for use by any organization, regardless of sector or size. The NIST Cybersecurity Framework consists of three primary components: the framework core, the profiles, and the implementation tiers. The framework core contains desired cybersecurity activities and outcomes organized into 23 categories that cover the breadth of cybersecurity objectives for an organization. The profiles contain an organization's unique alignment of their organizational requirements and objectives, risk appetite, and resources using the desired outcomes of the framework core. The implementation tiers describe the degree to which an organization’s cybersecurity risk management practices exhibit the characteristics defined in the framework core.;858573892697;us-east-1;2026-09-13 22:26:32.575478;ac_1;Identities and credentials are issued, managed, verified, revoked, and audited for authorized devices, users and processes.;Protect (PR);Identity Management and Access Control (PR.AC);;aws;;PASS;AWS policy AmazonS3FullAccess is attached but does not allow '*:*' administrative privileges.;arn:aws:iam::aws:policy/AmazonS3FullAccess;iam_aws_attached_policy_no_administrative_privileges;False;AmazonS3FullAccess;NIST-CSF;National Institute of Standards and Technology (NIST) Cybersecurity Framework (CSF) v1.1;
aws;The NIST Cybersecurity Framework (CSF) is supported by governments and industries worldwide as a recommended baseline for use by any organization, regardless of sector or size. The NIST Cybersecurity Framework consists of three primary components: the framework core, the profiles, and the implementation tiers. The framework core contains desired cybersecurity activities and outcomes organized into 23 categories that cover the breadth of cybersecurity objectives for an organization. The profiles contain an organization's unique alignment of their organizational requirements and objectives, risk appetite, and resources using the desired outcomes of the framework core. The implementation tiers describe the degree to which an organization’s cybersecurity risk management practices exhibit the characteristics defined in the framework core.;858573892697;us-east-1;2026-09-13 22:26:32.575478;ac_4;Access permissions and authorizations are managed, incorporating the principles of least privilege and separation of duties.;Protect (PR);Identity Management and Access Control (PR.AC);;aws;;PASS;AWS policy AmazonS3FullAccess is attached but does not allow '*:*' administrative privileges.;arn:aws:iam::aws:policy/AmazonS3FullAccess;iam_aws_attached_policy_no_administrative_privileges;False;AmazonS3FullAccess;NIST-CSF;National Institute of Standards and Technology (NIST) Cybersecurity Framework (CSF) v1.1;
aws;The NIST Cybersecurity Framework (CSF) is supported by governments and industries worldwide as a recommended baseline for use by any organization, regardless of sector or size. The NIST Cybersecurity Framework consists of three primary components: the framework core, the profiles, and the implementation tiers. The framework core contains desired cybersecurity activities and outcomes organized into 23 categories that cover the breadth of cybersecurity objectives for an organization. The profiles contain an organization's unique alignment of their organizational requirements and objectives, risk appetite, and resources using the desired outcomes of the framework core. The implementation tiers describe the degree to which an organization’s cybersecurity risk management practices exhibit the characteristics defined in the framework core.;858573892697;us-east-1;2026-09-13 22:26:32.575478;pt_3;The principle of least functionality is incorporated by configuring systems to provide only essential capabilities.;Protect (PR);Protective Technology (PR.PT);;aws;;PASS;AWS policy AmazonS3FullAccess is attached but does not allow '*:*' administrative privileges.;arn:aws:iam::aws:policy/AmazonS3FullAccess;iam_aws_attached_policy_no_administrative_privileges;False;AmazonS3FullAccess;NIST-CSF;National Institute of Standards and Technology (NIST) Cybersecurity Framework (CSF) v1.1;
aws;The NIST Cybersecurity Framework (CSF) is supported by governments and industries worldwide as a recommended baseline for use by any organization, regardless of sector or size. The NIST Cybersecurity Framework consists of three primary components: the framework core, the profiles, and the implementation tiers. The framework core contains desired cybersecurity activities and outcomes organized into 23 categories that cover the breadth of cybersecurity objectives for an organization. The profiles contain an organization's unique alignment of their organizational requirements and objectives, risk appetite, and resources using the desired outcomes of the framework core. The implementation tiers describe the degree to which an organization’s cybersecurity risk management practices exhibit the characteristics defined in the framework core.;858573892697;us-east-1;2026-09-13 22:26:32.575478;ac_1;Identities and credentials are issued, managed, verified, revoked, and audited for authorized devices, users and processes.;Protect (PR);Identity Management and Access Control (PR.AC);;aws;;PASS;AWS policy AdministratorAccess-AWSElasticBeanstalk is attached but does not allow '*:*' administrative privileges.;arn:aws:iam::aws:policy/AdministratorAccess-AWSElasticBeanstalk;iam_aws_attached_policy_no_administrative_privileges;False;AdministratorAccess-AWSElasticBeanstalk;NIST-CSF;National Institute of Standards and Technology (NIST) Cybersecurity Framework (CSF) v1.1;
aws;The NIST Cybersecurity Framework (CSF) is supported by governments and industries worldwide as a recommended baseline for use by any organization, regardless of sector or size. The NIST Cybersecurity Framework consists of three primary components: the framework core, the profiles, and the implementation tiers. The framework core contains desired cybersecurity activities and outcomes organized into 23 categories that cover the breadth of cybersecurity objectives for an organization. The profiles contain an organization's unique alignment of their organizational requirements and objectives, risk appetite, and resources using the desired outcomes of the framework core. The implementation tiers describe the degree to which an organization’s cybersecurity risk management practices exhibit the characteristics defined in the framework core.;858573892697;us-east-1;2026-09-13 22:26:32.575478;ac_4;Access permissions and authorizations are managed, incorporating the principles of least privilege and separation of duties.;Protect (PR);Identity Management and Access Control (PR.AC);;aws;;PASS;AWS policy AdministratorAccess-AWSElasticBeanstalk is attached but does not allow '*:*' administrative privileges.;arn:aws:iam::aws:policy/AdministratorAccess-AWSElasticBeanstalk;iam_aws_attached_policy_no_administrative_privileges;False;AdministratorAccess-AWSElasticBeanstalk;NIST-CSF;National Institute of Standards and Technology (NIST) Cybersecurity Framework (CSF) v1.1;
aws;The NIST Cybersecurity Framework (CSF) is supported by governments and industries worldwide as a recommended baseline for use by any organization, regardless of sector or size. The NIST Cybersecurity Framework consists of three primary components: the framework core, the profiles, and the implementation tiers. The framework core contains desired cybersecurity activities and outcomes organized into 23 categories that cover the breadth of cybersecurity objectives for an organization. The profiles contain an organization's unique alignment of their organizational requirements and objectives, risk appetite, and resources using the desired outcomes of the framework core. The implementation tiers describe the degree to which an organization’s cybersecurity risk management practices exhibit the characteristics defined in the framework core.;858573892697;us-east-1;2026-09-13 22:26:32.575478;pt_3;The principle of least functionality is incorporated by configuring systems to provide only essential capabilities.;Protect (PR);Protective Technology (PR.PT);;aws;;PASS;AWS policy AdministratorAccess-AWSElasticBeanstalk is attached but does not allow '*:*' administrative privileges.;arn:aws:iam::aws:policy/AdministratorAccess-AWSElasticBeanstalk;iam_aws_attached_policy_no_administrative_privileges;False;AdministratorAccess-AWSElasticBeanstalk;NIST-CSF;National Institute of Standards and Technology (NIST) Cybersecurity Framework (CSF) v1.1;
aws;The NIST Cybersecurity Framework (CSF) is supported by governments and industries worldwide as a recommended baseline for use by any organization, regardless of sector or size. The NIST Cybersecurity Framework consists of three primary components: the framework core, the profiles, and the implementation tiers. The framework core contains desired cybersecurity activities and outcomes organized into 23 categories that cover the breadth of cybersecurity objectives for an organization. The profiles contain an organization's unique alignment of their organizational requirements and objectives, risk appetite, and resources using the desired outcomes of the framework core. The implementation tiers describe the degree to which an organization’s cybersecurity risk management practices exhibit the characteristics defined in the framework core.;858573892697;us-east-1;2026-09-13 22:26:32.575478;ac_1;Identities and credentials are issued, managed, verified, revoked, and audited for authorized devices, users and processes.;Protect (PR);Identity Management and Access Control (PR.AC);;aws;;PASS;AWS policy AWSResourceExplorerServiceRolePolicy is attached but does not allow '*:*' administrative privileges.;arn:aws:iam::aws:policy/aws-service-role/AWSResourceExplorerServiceRolePolicy;iam_aws_attached_policy_no_administrative_privileges;False;AWSResourceExplorerServiceRolePolicy;NIST-CSF;National Institute of Standards and Technology (NIST) Cybersecurity Framework (CSF) v1.1;
aws;The NIST Cybersecurity Framework (CSF) is supported by governments and industries worldwide as a recommended baseline for use by any organization, regardless of sector or size. The NIST Cybersecurity Framework consists of three primary components: the framework core, the profiles, and the implementation tiers. The framework core contains desired cybersecurity activities and outcomes organized into 23 categories that cover the breadth of cybersecurity objectives for an organization. The profiles contain an organization's unique alignment of their organizational requirements and objectives, risk appetite, and resources using the desired outcomes of the framework core. The implementation tiers describe the degree to which an organization’s cybersecurity risk management practices exhibit the characteristics defined in the framework core.;858573892697;us-east-1;2026-09-13 22:26:32.575478;ac_4;Access permissions and authorizations are managed, incorporating the principles of least privilege and separation of duties.;Protect (PR);Identity Management and Access Control (PR.AC);;aws;;PASS;AWS policy AWSResourceExplorerServiceRolePolicy is attached but does not allow '*:*' administrative privileges.;arn:aws:iam::aws:policy/aws-service-role/AWSResourceExplorerServiceRolePolicy;iam_aws_attached_policy_no_administrative_privileges;False;AWSResourceExplorerServiceRolePolicy;NIST-CSF;National Institute of Standards and Technology (NIST) Cybersecurity Framework (CSF) v1.1;
aws;The NIST Cybersecurity Framework (CSF) is supported by governments and industries worldwide as a recommended baseline for use by any organization, regardless of sector or size. The NIST Cybersecurity Framework consists of three primary components: the framework core, the profiles, and the implementation tiers. The framework core contains desired cybersecurity activities and outcomes organized into 23 categories that cover the breadth of cybersecurity objectives for an organization. The profiles contain an organization's unique alignment of their organizational requirements and objectives, risk appetite, and resources using the desired outcomes of the framework core. The implementation tiers describe the degree to which an organization’s cybersecurity risk management practices exhibit the characteristics defined in the framework core.;858573892697;us-east-1;2026-09-13 22:26:32.575478;pt_3;The principle of least functionality is incorporated by configuring systems to provide only essential capabilities.;Protect (PR);Protective Technology (PR.PT);;aws;;PASS;AWS policy AWSResourceExplorerServiceRolePolicy is attached but does not allow '*:*' administrative privileges.;arn:aws:iam::aws:policy/aws-service-role/AWSResourceExplorerServiceRolePolicy;iam_aws_attached_policy_no_administrative_privileges;False;AWSResourceExplorerServiceRolePolicy;NIST-CSF;National Institute of Standards and Technology (NIST) Cybersecurity Framework (CSF) v1.1;
aws;The NIST Cybersecurity Framework (CSF) is supported by governments and industries worldwide as a recommended baseline for use by any organization, regardless of sector or size. The NIST Cybersecurity Framework consists of three primary components: the framework core, the profiles, and the implementation tiers. The framework core contains desired cybersecurity activities and outcomes organized into 23 categories that cover the breadth of cybersecurity objectives for an organization. The profiles contain an organization's unique alignment of their organizational requirements and objectives, risk appetite, and resources using the desired outcomes of the framework core. The implementation tiers describe the degree to which an organization’s cybersecurity risk management practices exhibit the characteristics defined in the framework core.;858573892697;us-east-1;2026-09-13 22:26:32.575478;ac_1;Identities and credentials are issued, managed, verified, revoked, and audited for authorized devices, users and processes.;Protect (PR);Identity Management and Access Control (PR.AC);;aws;;PASS;AWS policy AWSCloudShellFullAccess is attached but does not allow '*:*' administrative privileges.;arn:aws:iam::aws:policy/AWSCloudShellFullAccess;iam_aws_attached_policy_no_administrative_privileges;False;AWSCloudShellFullAccess;NIST-CSF;National Institute of Standards and Technology (NIST) Cybersecurity Framework (CSF) v1.1;
aws;The NIST Cybersecurity Framework (CSF) is supported by governments and industries worldwide as a recommended baseline for use by any organization, regardless of sector or size. The NIST Cybersecurity Framework consists of three primary components: the framework core, the profiles, and the implementation tiers. The framework core contains desired cybersecurity activities and outcomes organized into 23 categories that cover the breadth of cybersecurity objectives for an organization. The profiles contain an organization's unique alignment of their organizational requirements and objectives, risk appetite, and resources using the desired outcomes of the framework core. The implementation tiers describe the degree to which an organization’s cybersecurity risk management practices exhibit the characteristics defined in the framework core.;858573892697;us-east-1;2026-09-13 22:26:32.575478;ac_4;Access permissions and authorizations are managed, incorporating the principles of least privilege and separation of duties.;Protect (PR);Identity Management and Access Control (PR.AC);;aws;;PASS;AWS policy AWSCloudShellFullAccess is attached but does not allow '*:*' administrative privileges.;arn:aws:iam::aws:policy/AWSCloudShellFullAccess;iam_aws_attached_policy_no_administrative_privileges;False;AWSCloudShellFullAccess;NIST-CSF;National Institute of Standards and Technology (NIST) Cybersecurity Framework (CSF) v1.1;
aws;The NIST Cybersecurity Framework (CSF) is supported by governments and industries worldwide as a recommended baseline for use by any organization, regardless of sector or size. The NIST Cybersecurity Framework consists of three primary components: the framework core, the profiles, and the implementation tiers. The framework core contains desired cybersecurity activities and outcomes organized into 23 categories that cover the breadth of cybersecurity objectives for an organization. The profiles contain an organization's unique alignment of their organizational requirements and objectives, risk appetite, and resources using the desired outcomes of the framework core. The implementation tiers describe the degree to which an organization’s cybersecurity risk management practices exhibit the characteristics defined in the framework core.;858573892697;us-east-1;2026-09-13 22:26:32.575478;pt_3;The principle of least functionality is incorporated by configuring systems to provide only essential capabilities.;Protect (PR);Protective Technology (PR.PT);;aws;;PASS;AWS policy AWSCloudShellFullAccess is attached but does not allow '*:*' administrative privileges.;arn:aws:iam::aws:policy/AWSCloudShellFullAccess;iam_aws_attached_policy_no_administrative_privileges;False;AWSCloudShellFullAccess;NIST-CSF;National Institute of Standards and Technology (NIST) Cybersecurity Framework (CSF) v1.1;
aws;The NIST Cybersecurity Framework (CSF) is supported by governments and industries worldwide as a recommended baseline for use by any organization, regardless of sector or size. The NIST Cybersecurity Framework consists of three primary components: the framework core, the profiles, and the implementation tiers. The framework core contains desired cybersecurity activities and outcomes organized into 23 categories that cover the breadth of cybersecurity objectives for an organization. The profiles contain an organization's unique alignment of their organizational requirements and objectives, risk appetite, and resources using the desired outcomes of the framework core. The implementation tiers describe the degree to which an organization’s cybersecurity risk management practices exhibit the characteristics defined in the framework core.;858573892697;us-east-1;2026-09-13 22:26:32.575478;ac_1;Identities and credentials are issued, managed, verified, revoked, and audited for authorized devices, users and processes.;Protect (PR);Identity Management and Access Control (PR.AC);;aws;;PASS;AWS policy AdministratorAccess-Amplify is attached but does not allow '*:*' administrative privileges.;arn:aws:iam::aws:policy/AdministratorAccess-Amplify;iam_aws_attached_policy_no_administrative_privileges;False;AdministratorAccess-Amplify;NIST-CSF;National Institute of Standards and Technology (NIST) Cybersecurity Framework (CSF) v1.1;
aws;The NIST Cybersecurity Framework (CSF) is supported by governments and industries worldwide as a recommended baseline for use by any organization, regardless of sector or size. The NIST Cybersecurity Framework consists of three primary components: the framework core, the profiles, and the implementation tiers. The framework core contains desired cybersecurity activities and outcomes organized into 23 categories that cover the breadth of cybersecurity objectives for an organization. The profiles contain an organization's unique alignment of their organizational requirements and objectives, risk appetite, and resources using the desired outcomes of the framework core. The implementation tiers describe the degree to which an organization’s cybersecurity risk management practices exhibit the characteristics defined in the framework core.;858573892697;us-east-1;2026-09-13 22:26:32.575478;ac_4;Access permissions and authorizations are managed, incorporating the principles of least privilege and separation of duties.;Protect (PR);Identity Management and Access Control (PR.AC);;aws;;PASS;AWS policy AdministratorAccess-Amplify is attached but does not allow '*:*' administrative privileges.;arn:aws:iam::aws:policy/AdministratorAccess-Amplify;iam_aws_attached_policy_no_administrative_privileges;False;AdministratorAccess-Amplify;NIST-CSF;National Institute of Standards and Technology (NIST) Cybersecurity Framework (CSF) v1.1;
aws;The NIST Cybersecurity Framework (CSF) is supported by governments and industries worldwide as a recommended baseline for use by any organization, regardless of sector or size. The NIST Cybersecurity Framework consists of three primary components: the framework core, the profiles, and the implementation tiers. The framework core contains desired cybersecurity activities and outcomes organized into 23 categories that cover the breadth of cybersecurity objectives for an organization. The profiles contain an organization's unique alignment of their organizational requirements and objectives, risk appetite, and resources using the desired outcomes of the framework core. The implementation tiers describe the degree to which an organization’s cybersecurity risk management practices exhibit the characteristics defined in the framework core.;858573892697;us-east-1;2026-09-13 22:26:32.575478;pt_3;The principle of least functionality is incorporated by configuring systems to provide only essential capabilities.;Protect (PR);Protective Technology (PR.PT);;aws;;PASS;AWS policy AdministratorAccess-Amplify is attached but does not allow '*:*' administrative privileges.;arn:aws:iam::aws:policy/AdministratorAccess-Amplify;iam_aws_attached_policy_no_administrative_privileges;False;AdministratorAccess-Amplify;NIST-CSF;National Institute of Standards and Technology (NIST) Cybersecurity Framework (CSF) v1.1;
aws;The NIST Cybersecurity Framework (CSF) is supported by governments and industries worldwide as a recommended baseline for use by any organization, regardless of sector or size. The NIST Cybersecurity Framework consists of three primary components: the framework core, the profiles, and the implementation tiers. The framework core contains desired cybersecurity activities and outcomes organized into 23 categories that cover the breadth of cybersecurity objectives for an organization. The profiles contain an organization's unique alignment of their organizational requirements and objectives, risk appetite, and resources using the desired outcomes of the framework core. The implementation tiers describe the degree to which an organization’s cybersecurity risk management practices exhibit the characteristics defined in the framework core.;858573892697;us-east-1;2026-09-13 22:26:32.575478;ac_1;Identities and credentials are issued, managed, verified, revoked, and audited for authorized devices, users and processes.;Protect (PR);Identity Management and Access Control (PR.AC);;aws;;PASS;AWS policy CostOptimizationHubServiceRolePolicy is attached but does not allow '*:*' administrative privileges.;arn:aws:iam::aws:policy/aws-service-role/CostOptimizationHubServiceRolePolicy;iam_aws_attached_policy_no_administrative_privileges;False;CostOptimizationHubServiceRolePolicy;NIST-CSF;National Institute of Standards and Technology (NIST) Cybersecurity Framework (CSF) v1.1;
aws;The NIST Cybersecurity Framework (CSF) is supported by governments and industries worldwide as a recommended baseline for use by any organization, regardless of sector or size. The NIST Cybersecurity Framework consists of three primary components: the framework core, the profiles, and the implementation tiers. The framework core contains desired cybersecurity activities and outcomes organized into 23 categories that cover the breadth of cybersecurity objectives for an organization. The profiles contain an organization's unique alignment of their organizational requirements and objectives, risk appetite, and resources using the desired outcomes of the framework core. The implementation tiers describe the degree to which an organization’s cybersecurity risk management practices exhibit the characteristics defined in the framework core.;858573892697;us-east-1;2026-09-13 22:26:32.575478;ac_4;Access permissions and authorizations are managed, incorporating the principles of least privilege and separation of duties.;Protect (PR);Identity Management and Access Control (PR.AC);;aws;;PASS;AWS policy CostOptimizationHubServiceRolePolicy is attached but does not allow '*:*' administrative privileges.;arn:aws:iam::aws:policy/aws-service-role/CostOptimizationHubServiceRolePolicy;iam_aws_attached_policy_no_administrative_privileges;False;CostOptimizationHubServiceRolePolicy;NIST-CSF;National Institute of Standards and Technology (NIST) Cybersecurity Framework (CSF) v1.1;
aws;The NIST Cybersecurity Framework (CSF) is supported by governments and industries worldwide as a recommended baseline for use by any organization, regardless of sector or size. The NIST Cybersecurity Framework consists of three primary components: the framework core, the profiles, and the implementation tiers. The framework core contains desired cybersecurity activities and outcomes organized into 23 categories that cover the breadth of cybersecurity objectives for an organization. The profiles contain an organization's unique alignment of their organizational requirements and objectives, risk appetite, and resources using the desired outcomes of the framework core. The implementation tiers describe the degree to which an organization’s cybersecurity risk management practices exhibit the characteristics defined in the framework core.;858573892697;us-east-1;2026-09-13 22:26:32.575478;pt_3;The principle of least functionality is incorporated by configuring systems to provide only essential capabilities.;Protect (PR);Protective Technology (PR.PT);;aws;;PASS;AWS policy CostOptimizationHubServiceRolePolicy is attached but does not allow '*:*' administrative privileges.;arn:aws:iam::aws:policy/aws-service-role/CostOptimizationHubServiceRolePolicy;iam_aws_attached_policy_no_administrative_privileges;False;CostOptimizationHubServiceRolePolicy;NIST-CSF;National Institute of Standards and Technology (NIST) Cybersecurity Framework (CSF) v1.1;
aws;The NIST Cybersecurity Framework (CSF) is supported by governments and industries worldwide as a recommended baseline for use by any organization, regardless of sector or size. The NIST Cybersecurity Framework consists of three primary components: the framework core, the profiles, and the implementation tiers. The framework core contains desired cybersecurity activities and outcomes organized into 23 categories that cover the breadth of cybersecurity objectives for an organization. The profiles contain an organization's unique alignment of their organizational requirements and objectives, risk appetite, and resources using the desired outcomes of the framework core. The implementation tiers describe the degree to which an organization’s cybersecurity risk management practices exhibit the characteristics defined in the framework core.;858573892697;us-east-1;2026-09-13 22:26:32.575478;ac_1;Identities and credentials are issued, managed, verified, revoked, and audited for authorized devices, users and processes.;Protect (PR);Identity Management and Access Control (PR.AC);;aws;;PASS;AWS policy AWSAuditManagerAdministratorAccess is attached but does not allow '*:*' administrative privileges.;arn:aws:iam::aws:policy/AWSAuditManagerAdministratorAccess;iam_aws_attached_policy_no_administrative_privileges;False;AWSAuditManagerAdministratorAccess;NIST-CSF;National Institute of Standards and Technology (NIST) Cybersecurity Framework (CSF) v1.1;
aws;The NIST Cybersecurity Framework (CSF) is supported by governments and industries worldwide as a recommended baseline for use by any organization, regardless of sector or size. The NIST Cybersecurity Framework consists of three primary components: the framework core, the profiles, and the implementation tiers. The framework core contains desired cybersecurity activities and outcomes organized into 23 categories that cover the breadth of cybersecurity objectives for an organization. The profiles contain an organization's unique alignment of their organizational requirements and objectives, risk appetite, and resources using the desired outcomes of the framework core. The implementation tiers describe the degree to which an organization’s cybersecurity risk management practices exhibit the characteristics defined in the framework core.;858573892697;us-east-1;2026-09-13 22:26:32.575478;ac_4;Access permissions and authorizations are managed, incorporating the principles of least privilege and separation of duties.;Protect (PR);Identity Management and Access Control (PR.AC);;aws;;PASS;AWS policy AWSAuditManagerAdministratorAccess is attached but does not allow '*:*' administrative privileges.;arn:aws:iam::aws:policy/AWSAuditManagerAdministratorAccess;iam_aws_attached_policy_no_administrative_privileges;False;AWSAuditManagerAdministratorAccess;NIST-CSF;National Institute of Standards and Technology (NIST) Cybersecurity Framework (CSF) v1.1;
aws;The NIST Cybersecurity Framework (CSF) is supported by governments and industries worldwide as a recommended baseline for use by any organization, regardless of sector or size. The NIST Cybersecurity Framework consists of three primary components: the framework core, the profiles, and the implementation tiers. The framework core contains desired cybersecurity activities and outcomes organized into 23 categories that cover the breadth of cybersecurity objectives for an organization. The profiles contain an organization's unique alignment of their organizational requirements and objectives, risk appetite, and resources using the desired outcomes of the framework core. The implementation tiers describe the degree to which an organization’s cybersecurity risk management practices exhibit the characteristics defined in the framework core.;858573892697;us-east-1;2026-09-13 22:26:32.575478;pt_3;The principle of least functionality is incorporated by configuring systems to provide only essential capabilities.;Protect (PR);Protective Technology (PR.PT);;aws;;PASS;AWS policy AWSAuditManagerAdministratorAccess is attached but does not allow '*:*' administrative privileges.;arn:aws:iam::aws:policy/AWSAuditManagerAdministratorAccess;iam_aws_attached_policy_no_administrative_privileges;False;AWSAuditManagerAdministratorAccess;NIST-CSF;National Institute of Standards and Technology (NIST) Cybersecurity Framework (CSF) v1.1;
aws;The NIST Cybersecurity Framework (CSF) is supported by governments and industries worldwide as a recommended baseline for use by any organization, regardless of sector or size. The NIST Cybersecurity Framework consists of three primary components: the framework core, the profiles, and the implementation tiers. The framework core contains desired cybersecurity activities and outcomes organized into 23 categories that cover the breadth of cybersecurity objectives for an organization. The profiles contain an organization's unique alignment of their organizational requirements and objectives, risk appetite, and resources using the desired outcomes of the framework core. The implementation tiers describe the degree to which an organization’s cybersecurity risk management practices exhibit the characteristics defined in the framework core.;858573892697;us-east-1;2026-09-13 22:26:32.575478;ac_1;Identities and credentials are issued, managed, verified, revoked, and audited for authorized devices, users and processes.;Protect (PR);Identity Management and Access Control (PR.AC);;aws;;PASS;Inline policy AWSRevokeOlderSessions attached to user EddieQ does not allow '*:*' administrative privileges.;arn:aws:iam::858573892697:user/EddieQ;iam_inline_policy_no_administrative_privileges;False;EddieQ/AWSRevokeOlderSessions;NIST-CSF;National Institute of Standards and Technology (NIST) Cybersecurity Framework (CSF) v1.1;
aws;The NIST Cybersecurity Framework (CSF) is supported by governments and industries worldwide as a recommended baseline for use by any organization, regardless of sector or size. The NIST Cybersecurity Framework consists of three primary components: the framework core, the profiles, and the implementation tiers. The framework core contains desired cybersecurity activities and outcomes organized into 23 categories that cover the breadth of cybersecurity objectives for an organization. The profiles contain an organization's unique alignment of their organizational requirements and objectives, risk appetite, and resources using the desired outcomes of the framework core. The implementation tiers describe the degree to which an organization’s cybersecurity risk management practices exhibit the characteristics defined in the framework core.;858573892697;us-east-1;2026-09-13 22:26:32.575478;ac_4;Access permissions and authorizations are managed, incorporating the principles of least privilege and separation of duties.;Protect (PR);Identity Management and Access Control (PR.AC);;aws;;PASS;Inline policy AWSRevokeOlderSessions attached to user EddieQ does not allow '*:*' administrative privileges.;arn:aws:iam::858573892697:user/EddieQ;iam_inline_policy_no_administrative_privileges;False;EddieQ/AWSRevokeOlderSessions;NIST-CSF;National Institute of Standards and Technology (NIST) Cybersecurity Framework (CSF) v1.1;
aws;The NIST Cybersecurity Framework (CSF) is supported by governments and industries worldwide as a recommended baseline for use by any organization, regardless of sector or size. The NIST Cybersecurity Framework consists of three primary components: the framework core, the profiles, and the implementation tiers. The framework core contains desired cybersecurity activities and outcomes organized into 23 categories that cover the breadth of cybersecurity objectives for an organization. The profiles contain an organization's unique alignment of their organizational requirements and objectives, risk appetite, and resources using the desired outcomes of the framework core. The implementation tiers describe the degree to which an organization’s cybersecurity risk management practices exhibit the characteristics defined in the framework core.;858573892697;us-east-1;2026-09-13 22:26:32.575478;pt_3;The principle of least functionality is incorporated by configuring systems to provide only essential capabilities.;Protect (PR);Protective Technology (PR.PT);;aws;;PASS;Inline policy AWSRevokeOlderSessions attached to user EddieQ does not allow '*:*' administrative privileges.;arn:aws:iam::858573892697:user/EddieQ;iam_inline_policy_no_administrative_privileges;False;EddieQ/AWSRevokeOlderSessions;NIST-CSF;National Institute of Standards and Technology (NIST) Cybersecurity Framework (CSF) v1.1;
aws;The NIST Cybersecurity Framework (CSF) is supported by governments and industries worldwide as a recommended baseline for use by any organization, regardless of sector or size. The NIST Cybersecurity Framework consists of three primary components: the framework core, the profiles, and the implementation tiers. The framework core contains desired cybersecurity activities and outcomes organized into 23 categories that cover the breadth of cybersecurity objectives for an organization. The profiles contain an organization's unique alignment of their organizational requirements and objectives, risk appetite, and resources using the desired outcomes of the framework core. The implementation tiers describe the degree to which an organization’s cybersecurity risk management practices exhibit the characteristics defined in the framework core.;858573892697;us-east-1;2026-09-13 22:26:32.575478;ac_4;Access permissions and authorizations are managed, incorporating the principles of least privilege and separation of duties.;Protect (PR);Identity Management and Access Control (PR.AC);;aws;;PASS;Inline policy AWSRevokeOlderSessions attached to user EddieQ does not allow 'aws-marketplace:Subscribe' on all resources.;arn:aws:iam::858573892697:user/EddieQ;iam_inline_policy_no_wildcard_marketplace_subscribe;False;EddieQ/AWSRevokeOlderSessions;NIST-CSF;National Institute of Standards and Technology (NIST) Cybersecurity Framework (CSF) v1.1;
aws;The NIST Cybersecurity Framework (CSF) is supported by governments and industries worldwide as a recommended baseline for use by any organization, regardless of sector or size. The NIST Cybersecurity Framework consists of three primary components: the framework core, the profiles, and the implementation tiers. The framework core contains desired cybersecurity activities and outcomes organized into 23 categories that cover the breadth of cybersecurity objectives for an organization. The profiles contain an organization's unique alignment of their organizational requirements and objectives, risk appetite, and resources using the desired outcomes of the framework core. The implementation tiers describe the degree to which an organization’s cybersecurity risk management practices exhibit the characteristics defined in the framework core.;858573892697;us-east-1;2026-09-13 22:26:32.575478;ac_1;Identities and credentials are issued, managed, verified, revoked, and audited for authorized devices, users and processes.;Protect (PR);Identity Management and Access Control (PR.AC);;aws;;PASS;Root account does not have access keys.;arn:aws:iam::858573892697:root;iam_no_root_access_key;False;<root_account>;NIST-CSF;National Institute of Standards and Technology (NIST) Cybersecurity Framework (CSF) v1.1;
aws;The NIST Cybersecurity Framework (CSF) is supported by governments and industries worldwide as a recommended baseline for use by any organization, regardless of sector or size. The NIST Cybersecurity Framework consists of three primary components: the framework core, the profiles, and the implementation tiers. The framework core contains desired cybersecurity activities and outcomes organized into 23 categories that cover the breadth of cybersecurity objectives for an organization. The profiles contain an organization's unique alignment of their organizational requirements and objectives, risk appetite, and resources using the desired outcomes of the framework core. The implementation tiers describe the degree to which an organization’s cybersecurity risk management practices exhibit the characteristics defined in the framework core.;858573892697;us-east-1;2026-09-13 22:26:32.575478;ac_4;Access permissions and authorizations are managed, incorporating the principles of least privilege and separation of duties.;Protect (PR);Identity Management and Access Control (PR.AC);;aws;;PASS;Root account does not have access keys.;arn:aws:iam::858573892697:root;iam_no_root_access_key;False;<root_account>;NIST-CSF;National Institute of Standards and Technology (NIST) Cybersecurity Framework (CSF) v1.1;
aws;The NIST Cybersecurity Framework (CSF) is supported by governments and industries worldwide as a recommended baseline for use by any organization, regardless of sector or size. The NIST Cybersecurity Framework consists of three primary components: the framework core, the profiles, and the implementation tiers. The framework core contains desired cybersecurity activities and outcomes organized into 23 categories that cover the breadth of cybersecurity objectives for an organization. The profiles contain an organization's unique alignment of their organizational requirements and objectives, risk appetite, and resources using the desired outcomes of the framework core. The implementation tiers describe the degree to which an organization’s cybersecurity risk management practices exhibit the characteristics defined in the framework core.;858573892697;us-east-1;2026-09-13 22:26:32.575478;pt_3;The principle of least functionality is incorporated by configuring systems to provide only essential capabilities.;Protect (PR);Protective Technology (PR.PT);;aws;;PASS;Root account does not have access keys.;arn:aws:iam::858573892697:root;iam_no_root_access_key;False;<root_account>;NIST-CSF;National Institute of Standards and Technology (NIST) Cybersecurity Framework (CSF) v1.1;
aws;The NIST Cybersecurity Framework (CSF) is supported by governments and industries worldwide as a recommended baseline for use by any organization, regardless of sector or size. The NIST Cybersecurity Framework consists of three primary components: the framework core, the profiles, and the implementation tiers. The framework core contains desired cybersecurity activities and outcomes organized into 23 categories that cover the breadth of cybersecurity objectives for an organization. The profiles contain an organization's unique alignment of their organizational requirements and objectives, risk appetite, and resources using the desired outcomes of the framework core. The implementation tiers describe the degree to which an organization’s cybersecurity risk management practices exhibit the characteristics defined in the framework core.;858573892697;us-east-1;2026-09-13 22:26:32.575478;ac_1;Identities and credentials are issued, managed, verified, revoked, and audited for authorized devices, users and processes.;Protect (PR);Identity Management and Access Control (PR.AC);;aws;;FAIL;IAM password policy reuse prevention is less than 24 or not set.;arn:aws:iam:us-east-1:858573892697:password-policy;iam_password_policy_reuse_24;False;858573892697;NIST-CSF;National Institute of Standards and Technology (NIST) Cybersecurity Framework (CSF) v1.1;
aws;The NIST Cybersecurity Framework (CSF) is supported by governments and industries worldwide as a recommended baseline for use by any organization, regardless of sector or size. The NIST Cybersecurity Framework consists of three primary components: the framework core, the profiles, and the implementation tiers. The framework core contains desired cybersecurity activities and outcomes organized into 23 categories that cover the breadth of cybersecurity objectives for an organization. The profiles contain an organization's unique alignment of their organizational requirements and objectives, risk appetite, and resources using the desired outcomes of the framework core. The implementation tiers describe the degree to which an organization’s cybersecurity risk management practices exhibit the characteristics defined in the framework core.;858573892697;us-east-1;2026-09-13 22:26:32.575478;ac_1;Identities and credentials are issued, managed, verified, revoked, and audited for authorized devices, users and processes.;Protect (PR);Identity Management and Access Control (PR.AC);;aws;;PASS;IAM Role AWSServiceRoleForResourceExplorer accessed Bedrock 3 days ago (threshold: 60 days).;arn:aws:iam::858573892697:role/aws-service-role/resource-explorer-2.amazonaws.com/AWSServiceRoleForResourceExplorer;iam_role_access_not_stale_to_bedrock;False;AWSServiceRoleForResourceExplorer;NIST-CSF;National Institute of Standards and Technology (NIST) Cybersecurity Framework (CSF) v1.1;
aws;The NIST Cybersecurity Framework (CSF) is supported by governments and industries worldwide as a recommended baseline for use by any organization, regardless of sector or size. The NIST Cybersecurity Framework consists of three primary components: the framework core, the profiles, and the implementation tiers. The framework core contains desired cybersecurity activities and outcomes organized into 23 categories that cover the breadth of cybersecurity objectives for an organization. The profiles contain an organization's unique alignment of their organizational requirements and objectives, risk appetite, and resources using the desired outcomes of the framework core. The implementation tiers describe the degree to which an organization’s cybersecurity risk management practices exhibit the characteristics defined in the framework core.;858573892697;us-east-1;2026-09-13 22:26:32.575478;ac_4;Access permissions and authorizations are managed, incorporating the principles of least privilege and separation of duties.;Protect (PR);Identity Management and Access Control (PR.AC);;aws;;PASS;IAM Role AWSServiceRoleForResourceExplorer accessed Bedrock 3 days ago (threshold: 60 days).;arn:aws:iam::858573892697:role/aws-service-role/resource-explorer-2.amazonaws.com/AWSServiceRoleForResourceExplorer;iam_role_access_not_stale_to_bedrock;False;AWSServiceRoleForResourceExplorer;NIST-CSF;National Institute of Standards and Technology (NIST) Cybersecurity Framework (CSF) v1.1;
aws;The NIST Cybersecurity Framework (CSF) is supported by governments and industries worldwide as a recommended baseline for use by any organization, regardless of sector or size. The NIST Cybersecurity Framework consists of three primary components: the framework core, the profiles, and the implementation tiers. The framework core contains desired cybersecurity activities and outcomes organized into 23 categories that cover the breadth of cybersecurity objectives for an organization. The profiles contain an organization's unique alignment of their organizational requirements and objectives, risk appetite, and resources using the desired outcomes of the framework core. The implementation tiers describe the degree to which an organization’s cybersecurity risk management practices exhibit the characteristics defined in the framework core.;858573892697;us-east-1;2026-09-13 22:26:32.575478;ac_1;Identities and credentials are issued, managed, verified, revoked, and audited for authorized devices, users and processes.;Protect (PR);Identity Management and Access Control (PR.AC);;aws;;FAIL;IAM Role AWSServiceRoleForSupport has Bedrock permissions but has never used them.;arn:aws:iam::858573892697:role/aws-service-role/support.amazonaws.com/AWSServiceRoleForSupport;iam_role_access_not_stale_to_bedrock;False;AWSServiceRoleForSupport;NIST-CSF;National Institute of Standards and Technology (NIST) Cybersecurity Framework (CSF) v1.1;
aws;The NIST Cybersecurity Framework (CSF) is supported by governments and industries worldwide as a recommended baseline for use by any organization, regardless of sector or size. The NIST Cybersecurity Framework consists of three primary components: the framework core, the profiles, and the implementation tiers. The framework core contains desired cybersecurity activities and outcomes organized into 23 categories that cover the breadth of cybersecurity objectives for an organization. The profiles contain an organization's unique alignment of their organizational requirements and objectives, risk appetite, and resources using the desired outcomes of the framework core. The implementation tiers describe the degree to which an organization’s cybersecurity risk management practices exhibit the characteristics defined in the framework core.;858573892697;us-east-1;2026-09-13 22:26:32.575478;ac_4;Access permissions and authorizations are managed, incorporating the principles of least privilege and separation of duties.;Protect (PR);Identity Management and Access Control (PR.AC);;aws;;FAIL;IAM Role AWSServiceRoleForSupport has Bedrock permissions but has never used them.;arn:aws:iam::858573892697:role/aws-service-role/support.amazonaws.com/AWSServiceRoleForSupport;iam_role_access_not_stale_to_bedrock;False;AWSServiceRoleForSupport;NIST-CSF;National Institute of Standards and Technology (NIST) Cybersecurity Framework (CSF) v1.1;
aws;The NIST Cybersecurity Framework (CSF) is supported by governments and industries worldwide as a recommended baseline for use by any organization, regardless of sector or size. The NIST Cybersecurity Framework consists of three primary components: the framework core, the profiles, and the implementation tiers. The framework core contains desired cybersecurity activities and outcomes organized into 23 categories that cover the breadth of cybersecurity objectives for an organization. The profiles contain an organization's unique alignment of their organizational requirements and objectives, risk appetite, and resources using the desired outcomes of the framework core. The implementation tiers describe the degree to which an organization’s cybersecurity risk management practices exhibit the characteristics defined in the framework core.;858573892697;us-east-1;2026-09-13 22:26:32.575478;ac_1;Identities and credentials are issued, managed, verified, revoked, and audited for authorized devices, users and processes.;Protect (PR);Identity Management and Access Control (PR.AC);;aws;;FAIL;IAM Role vaultcloud-app-role has Bedrock permissions but has never used them.;arn:aws:iam::858573892697:role/vaultcloud-app-role;iam_role_access_not_stale_to_bedrock;False;vaultcloud-app-role;NIST-CSF;National Institute of Standards and Technology (NIST) Cybersecurity Framework (CSF) v1.1;
aws;The NIST Cybersecurity Framework (CSF) is supported by governments and industries worldwide as a recommended baseline for use by any organization, regardless of sector or size. The NIST Cybersecurity Framework consists of three primary components: the framework core, the profiles, and the implementation tiers. The framework core contains desired cybersecurity activities and outcomes organized into 23 categories that cover the breadth of cybersecurity objectives for an organization. The profiles contain an organization's unique alignment of their organizational requirements and objectives, risk appetite, and resources using the desired outcomes of the framework core. The implementation tiers describe the degree to which an organization’s cybersecurity risk management practices exhibit the characteristics defined in the framework core.;858573892697;us-east-1;2026-09-13 22:26:32.575478;ac_4;Access permissions and authorizations are managed, incorporating the principles of least privilege and separation of duties.;Protect (PR);Identity Management and Access Control (PR.AC);;aws;;FAIL;IAM Role vaultcloud-app-role has Bedrock permissions but has never used them.;arn:aws:iam::858573892697:role/vaultcloud-app-role;iam_role_access_not_stale_to_bedrock;False;vaultcloud-app-role;NIST-CSF;National Institute of Standards and Technology (NIST) Cybersecurity Framework (CSF) v1.1;
aws;The NIST Cybersecurity Framework (CSF) is supported by governments and industries worldwide as a recommended baseline for use by any organization, regardless of sector or size. The NIST Cybersecurity Framework consists of three primary components: the framework core, the profiles, and the implementation tiers. The framework core contains desired cybersecurity activities and outcomes organized into 23 categories that cover the breadth of cybersecurity objectives for an organization. The profiles contain an organization's unique alignment of their organizational requirements and objectives, risk appetite, and resources using the desired outcomes of the framework core. The implementation tiers describe the degree to which an organization’s cybersecurity risk management practices exhibit the characteristics defined in the framework core.;858573892697;us-east-1;2026-09-13 22:26:32.575478;ac_1;Identities and credentials are issued, managed, verified, revoked, and audited for authorized devices, users and processes.;Protect (PR);Identity Management and Access Control (PR.AC);;aws;;FAIL;IAM Role vaultcloud-lambda-role has Bedrock permissions but has never used them.;arn:aws:iam::858573892697:role/vaultcloud-lambda-role;iam_role_access_not_stale_to_bedrock;False;vaultcloud-lambda-role;NIST-CSF;National Institute of Standards and Technology (NIST) Cybersecurity Framework (CSF) v1.1;
aws;The NIST Cybersecurity Framework (CSF) is supported by governments and industries worldwide as a recommended baseline for use by any organization, regardless of sector or size. The NIST Cybersecurity Framework consists of three primary components: the framework core, the profiles, and the implementation tiers. The framework core contains desired cybersecurity activities and outcomes organized into 23 categories that cover the breadth of cybersecurity objectives for an organization. The profiles contain an organization's unique alignment of their organizational requirements and objectives, risk appetite, and resources using the desired outcomes of the framework core. The implementation tiers describe the degree to which an organization’s cybersecurity risk management practices exhibit the characteristics defined in the framework core.;858573892697;us-east-1;2026-09-13 22:26:32.575478;ac_4;Access permissions and authorizations are managed, incorporating the principles of least privilege and separation of duties.;Protect (PR);Identity Management and Access Control (PR.AC);;aws;;FAIL;IAM Role vaultcloud-lambda-role has Bedrock permissions but has never used them.;arn:aws:iam::858573892697:role/vaultcloud-lambda-role;iam_role_access_not_stale_to_bedrock;False;vaultcloud-lambda-role;NIST-CSF;National Institute of Standards and Technology (NIST) Cybersecurity Framework (CSF) v1.1;
aws;The NIST Cybersecurity Framework (CSF) is supported by governments and industries worldwide as a recommended baseline for use by any organization, regardless of sector or size. The NIST Cybersecurity Framework consists of three primary components: the framework core, the profiles, and the implementation tiers. The framework core contains desired cybersecurity activities and outcomes organized into 23 categories that cover the breadth of cybersecurity objectives for an organization. The profiles contain an organization's unique alignment of their organizational requirements and objectives, risk appetite, and resources using the desired outcomes of the framework core. The implementation tiers describe the degree to which an organization’s cybersecurity risk management practices exhibit the characteristics defined in the framework core.;858573892697;us-east-1;2026-09-13 22:26:32.575478;ac_3;Remote access is managed.;Protect (PR);Identity Management and Access Control (PR.AC);;aws;;FAIL;Root account has a virtual MFA instead of a hardware MFA device enabled.;arn:aws:iam::858573892697:mfa;iam_root_hardware_mfa_enabled;False;<root_account>;NIST-CSF;National Institute of Standards and Technology (NIST) Cybersecurity Framework (CSF) v1.1;
aws;The NIST Cybersecurity Framework (CSF) is supported by governments and industries worldwide as a recommended baseline for use by any organization, regardless of sector or size. The NIST Cybersecurity Framework consists of three primary components: the framework core, the profiles, and the implementation tiers. The framework core contains desired cybersecurity activities and outcomes organized into 23 categories that cover the breadth of cybersecurity objectives for an organization. The profiles contain an organization's unique alignment of their organizational requirements and objectives, risk appetite, and resources using the desired outcomes of the framework core. The implementation tiers describe the degree to which an organization’s cybersecurity risk management practices exhibit the characteristics defined in the framework core.;858573892697;us-east-1;2026-09-13 22:26:32.575478;ac_7;Users, devices, and other assets are authenticated (e.g., single-factor, multi-factor) commensurate with the risk of the transaction (e.g., individuals’ security and privacy risks and other organizational risks).;Protect (PR);Identity Management and Access Control (PR.AC);;iam;;FAIL;Root account has a virtual MFA instead of a hardware MFA device enabled.;arn:aws:iam::858573892697:mfa;iam_root_hardware_mfa_enabled;False;<root_account>;NIST-CSF;National Institute of Standards and Technology (NIST) Cybersecurity Framework (CSF) v1.1;
aws;The NIST Cybersecurity Framework (CSF) is supported by governments and industries worldwide as a recommended baseline for use by any organization, regardless of sector or size. The NIST Cybersecurity Framework consists of three primary components: the framework core, the profiles, and the implementation tiers. The framework core contains desired cybersecurity activities and outcomes organized into 23 categories that cover the breadth of cybersecurity objectives for an organization. The profiles contain an organization's unique alignment of their organizational requirements and objectives, risk appetite, and resources using the desired outcomes of the framework core. The implementation tiers describe the degree to which an organization’s cybersecurity risk management practices exhibit the characteristics defined in the framework core.;858573892697;us-east-1;2026-09-13 22:26:32.575478;ac_3;Remote access is managed.;Protect (PR);Identity Management and Access Control (PR.AC);;aws;;PASS;MFA is enabled for root account.;arn:aws:iam::858573892697:root;iam_root_mfa_enabled;False;<root_account>;NIST-CSF;National Institute of Standards and Technology (NIST) Cybersecurity Framework (CSF) v1.1;
aws;The NIST Cybersecurity Framework (CSF) is supported by governments and industries worldwide as a recommended baseline for use by any organization, regardless of sector or size. The NIST Cybersecurity Framework consists of three primary components: the framework core, the profiles, and the implementation tiers. The framework core contains desired cybersecurity activities and outcomes organized into 23 categories that cover the breadth of cybersecurity objectives for an organization. The profiles contain an organization's unique alignment of their organizational requirements and objectives, risk appetite, and resources using the desired outcomes of the framework core. The implementation tiers describe the degree to which an organization’s cybersecurity risk management practices exhibit the characteristics defined in the framework core.;858573892697;us-east-1;2026-09-13 22:26:32.575478;ac_7;Users, devices, and other assets are authenticated (e.g., single-factor, multi-factor) commensurate with the risk of the transaction (e.g., individuals’ security and privacy risks and other organizational risks).;Protect (PR);Identity Management and Access Control (PR.AC);;iam;;PASS;MFA is enabled for root account.;arn:aws:iam::858573892697:root;iam_root_mfa_enabled;False;<root_account>;NIST-CSF;National Institute of Standards and Technology (NIST) Cybersecurity Framework (CSF) v1.1;
aws;The NIST Cybersecurity Framework (CSF) is supported by governments and industries worldwide as a recommended baseline for use by any organization, regardless of sector or size. The NIST Cybersecurity Framework consists of three primary components: the framework core, the profiles, and the implementation tiers. The framework core contains desired cybersecurity activities and outcomes organized into 23 categories that cover the breadth of cybersecurity objectives for an organization. The profiles contain an organization's unique alignment of their organizational requirements and objectives, risk appetite, and resources using the desired outcomes of the framework core. The implementation tiers describe the degree to which an organization’s cybersecurity risk management practices exhibit the characteristics defined in the framework core.;858573892697;us-east-1;2026-09-13 22:26:32.575478;ac_1;Identities and credentials are issued, managed, verified, revoked, and audited for authorized devices, users and processes.;Protect (PR);Identity Management and Access Control (PR.AC);;aws;;PASS;User <root_account> does not have access keys.;arn:aws:iam::858573892697:root;iam_rotate_access_key_90_days;False;<root_account>;NIST-CSF;National Institute of Standards and Technology (NIST) Cybersecurity Framework (CSF) v1.1;
aws;The NIST Cybersecurity Framework (CSF) is supported by governments and industries worldwide as a recommended baseline for use by any organization, regardless of sector or size. The NIST Cybersecurity Framework consists of three primary components: the framework core, the profiles, and the implementation tiers. The framework core contains desired cybersecurity activities and outcomes organized into 23 categories that cover the breadth of cybersecurity objectives for an organization. The profiles contain an organization's unique alignment of their organizational requirements and objectives, risk appetite, and resources using the desired outcomes of the framework core. The implementation tiers describe the degree to which an organization’s cybersecurity risk management practices exhibit the characteristics defined in the framework core.;858573892697;us-east-1;2026-09-13 22:26:32.575478;ac_1;Identities and credentials are issued, managed, verified, revoked, and audited for authorized devices, users and processes.;Protect (PR);Identity Management and Access Control (PR.AC);;aws;;FAIL;User EddieQ has not rotated access key 1 in over 90 days (2710 days).;arn:aws:iam::858573892697:user/EddieQ;iam_rotate_access_key_90_days;False;EddieQ-access-key-1;NIST-CSF;National Institute of Standards and Technology (NIST) Cybersecurity Framework (CSF) v1.1;
aws;The NIST Cybersecurity Framework (CSF) is supported by governments and industries worldwide as a recommended baseline for use by any organization, regardless of sector or size. The NIST Cybersecurity Framework consists of three primary components: the framework core, the profiles, and the implementation tiers. The framework core contains desired cybersecurity activities and outcomes organized into 23 categories that cover the breadth of cybersecurity objectives for an organization. The profiles contain an organization's unique alignment of their organizational requirements and objectives, risk appetite, and resources using the desired outcomes of the framework core. The implementation tiers describe the degree to which an organization’s cybersecurity risk management practices exhibit the characteristics defined in the framework core.;858573892697;us-east-1;2026-09-13 22:26:32.575478;ac_1;Identities and credentials are issued, managed, verified, revoked, and audited for authorized devices, users and processes.;Protect (PR);Identity Management and Access Control (PR.AC);;aws;;PASS;User QLabs does not have access keys older than 90 days.;arn:aws:iam::858573892697:user/QLabs;iam_rotate_access_key_90_days;False;QLabs;NIST-CSF;National Institute of Standards and Technology (NIST) Cybersecurity Framework (CSF) v1.1;
aws;The NIST Cybersecurity Framework (CSF) is supported by governments and industries worldwide as a recommended baseline for use by any organization, regardless of sector or size. The NIST Cybersecurity Framework consists of three primary components: the framework core, the profiles, and the implementation tiers. The framework core contains desired cybersecurity activities and outcomes organized into 23 categories that cover the breadth of cybersecurity objectives for an organization. The profiles contain an organization's unique alignment of their organizational requirements and objectives, risk appetite, and resources using the desired outcomes of the framework core. The implementation tiers describe the degree to which an organization’s cybersecurity risk management practices exhibit the characteristics defined in the framework core.;858573892697;us-east-1;2026-09-13 22:26:32.575478;ac_1;Identities and credentials are issued, managed, verified, revoked, and audited for authorized devices, users and processes.;Protect (PR);Identity Management and Access Control (PR.AC);;aws;;FAIL;IAM User EddieQ has Bedrock permissions but has never used them.;arn:aws:iam::858573892697:user/EddieQ;iam_user_access_not_stale_to_bedrock;False;EddieQ;NIST-CSF;National Institute of Standards and Technology (NIST) Cybersecurity Framework (CSF) v1.1;
aws;The NIST Cybersecurity Framework (CSF) is supported by governments and industries worldwide as a recommended baseline for use by any organization, regardless of sector or size. The NIST Cybersecurity Framework consists of three primary components: the framework core, the profiles, and the implementation tiers. The framework core contains desired cybersecurity activities and outcomes organized into 23 categories that cover the breadth of cybersecurity objectives for an organization. The profiles contain an organization's unique alignment of their organizational requirements and objectives, risk appetite, and resources using the desired outcomes of the framework core. The implementation tiers describe the degree to which an organization’s cybersecurity risk management practices exhibit the characteristics defined in the framework core.;858573892697;us-east-1;2026-09-13 22:26:32.575478;ac_4;Access permissions and authorizations are managed, incorporating the principles of least privilege and separation of duties.;Protect (PR);Identity Management and Access Control (PR.AC);;aws;;FAIL;IAM User EddieQ has Bedrock permissions but has never used them.;arn:aws:iam::858573892697:user/EddieQ;iam_user_access_not_stale_to_bedrock;False;EddieQ;NIST-CSF;National Institute of Standards and Technology (NIST) Cybersecurity Framework (CSF) v1.1;
aws;The NIST Cybersecurity Framework (CSF) is supported by governments and industries worldwide as a recommended baseline for use by any organization, regardless of sector or size. The NIST Cybersecurity Framework consists of three primary components: the framework core, the profiles, and the implementation tiers. The framework core contains desired cybersecurity activities and outcomes organized into 23 categories that cover the breadth of cybersecurity objectives for an organization. The profiles contain an organization's unique alignment of their organizational requirements and objectives, risk appetite, and resources using the desired outcomes of the framework core. The implementation tiers describe the degree to which an organization’s cybersecurity risk management practices exhibit the characteristics defined in the framework core.;858573892697;us-east-1;2026-09-13 22:26:32.575478;ac_1;Identities and credentials are issued, managed, verified, revoked, and audited for authorized devices, users and processes.;Protect (PR);Identity Management and Access Control (PR.AC);;aws;;PASS;IAM User QLabs accessed Bedrock 0 days ago (threshold: 60 days).;arn:aws:iam::858573892697:user/QLabs;iam_user_access_not_stale_to_bedrock;False;QLabs;NIST-CSF;National Institute of Standards and Technology (NIST) Cybersecurity Framework (CSF) v1.1;
aws;The NIST Cybersecurity Framework (CSF) is supported by governments and industries worldwide as a recommended baseline for use by any organization, regardless of sector or size. The NIST Cybersecurity Framework consists of three primary components: the framework core, the profiles, and the implementation tiers. The framework core contains desired cybersecurity activities and outcomes organized into 23 categories that cover the breadth of cybersecurity objectives for an organization. The profiles contain an organization's unique alignment of their organizational requirements and objectives, risk appetite, and resources using the desired outcomes of the framework core. The implementation tiers describe the degree to which an organization’s cybersecurity risk management practices exhibit the characteristics defined in the framework core.;858573892697;us-east-1;2026-09-13 22:26:32.575478;ac_4;Access permissions and authorizations are managed, incorporating the principles of least privilege and separation of duties.;Protect (PR);Identity Management and Access Control (PR.AC);;aws;;PASS;IAM User QLabs accessed Bedrock 0 days ago (threshold: 60 days).;arn:aws:iam::858573892697:user/QLabs;iam_user_access_not_stale_to_bedrock;False;QLabs;NIST-CSF;National Institute of Standards and Technology (NIST) Cybersecurity Framework (CSF) v1.1;
aws;The NIST Cybersecurity Framework (CSF) is supported by governments and industries worldwide as a recommended baseline for use by any organization, regardless of sector or size. The NIST Cybersecurity Framework consists of three primary components: the framework core, the profiles, and the implementation tiers. The framework core contains desired cybersecurity activities and outcomes organized into 23 categories that cover the breadth of cybersecurity objectives for an organization. The profiles contain an organization's unique alignment of their organizational requirements and objectives, risk appetite, and resources using the desired outcomes of the framework core. The implementation tiers describe the degree to which an organization’s cybersecurity risk management practices exhibit the characteristics defined in the framework core.;858573892697;us-east-1;2026-09-13 22:26:32.575478;ac_1;Identities and credentials are issued, managed, verified, revoked, and audited for authorized devices, users and processes.;Protect (PR);Identity Management and Access Control (PR.AC);;aws;;PASS;User <root_account> does not have access keys.;arn:aws:iam::858573892697:root;iam_user_accesskey_unused;False;<root_account>;NIST-CSF;National Institute of Standards and Technology (NIST) Cybersecurity Framework (CSF) v1.1;
aws;The NIST Cybersecurity Framework (CSF) is supported by governments and industries worldwide as a recommended baseline for use by any organization, regardless of sector or size. The NIST Cybersecurity Framework consists of three primary components: the framework core, the profiles, and the implementation tiers. The framework core contains desired cybersecurity activities and outcomes organized into 23 categories that cover the breadth of cybersecurity objectives for an organization. The profiles contain an organization's unique alignment of their organizational requirements and objectives, risk appetite, and resources using the desired outcomes of the framework core. The implementation tiers describe the degree to which an organization’s cybersecurity risk management practices exhibit the characteristics defined in the framework core.;858573892697;us-east-1;2026-09-13 22:26:32.575478;ac_4;Access permissions and authorizations are managed, incorporating the principles of least privilege and separation of duties.;Protect (PR);Identity Management and Access Control (PR.AC);;aws;;PASS;User <root_account> does not have access keys.;arn:aws:iam::858573892697:root;iam_user_accesskey_unused;False;<root_account>;NIST-CSF;National Institute of Standards and Technology (NIST) Cybersecurity Framework (CSF) v1.1;
aws;The NIST Cybersecurity Framework (CSF) is supported by governments and industries worldwide as a recommended baseline for use by any organization, regardless of sector or size. The NIST Cybersecurity Framework consists of three primary components: the framework core, the profiles, and the implementation tiers. The framework core contains desired cybersecurity activities and outcomes organized into 23 categories that cover the breadth of cybersecurity objectives for an organization. The profiles contain an organization's unique alignment of their organizational requirements and objectives, risk appetite, and resources using the desired outcomes of the framework core. The implementation tiers describe the degree to which an organization’s cybersecurity risk management practices exhibit the characteristics defined in the framework core.;858573892697;us-east-1;2026-09-13 22:26:32.575478;ac_1;Identities and credentials are issued, managed, verified, revoked, and audited for authorized devices, users and processes.;Protect (PR);Identity Management and Access Control (PR.AC);;aws;;PASS;User EddieQ does not have unused access keys for 45 days.;arn:aws:iam::858573892697:user/EddieQ;iam_user_accesskey_unused;False;EddieQ;NIST-CSF;National Institute of Standards and Technology (NIST) Cybersecurity Framework (CSF) v1.1;
aws;The NIST Cybersecurity Framework (CSF) is supported by governments and industries worldwide as a recommended baseline for use by any organization, regardless of sector or size. The NIST Cybersecurity Framework consists of three primary components: the framework core, the profiles, and the implementation tiers. The framework core contains desired cybersecurity activities and outcomes organized into 23 categories that cover the breadth of cybersecurity objectives for an organization. The profiles contain an organization's unique alignment of their organizational requirements and objectives, risk appetite, and resources using the desired outcomes of the framework core. The implementation tiers describe the degree to which an organization’s cybersecurity risk management practices exhibit the characteristics defined in the framework core.;858573892697;us-east-1;2026-09-13 22:26:32.575478;ac_4;Access permissions and authorizations are managed, incorporating the principles of least privilege and separation of duties.;Protect (PR);Identity Management and Access Control (PR.AC);;aws;;PASS;User EddieQ does not have unused access keys for 45 days.;arn:aws:iam::858573892697:user/EddieQ;iam_user_accesskey_unused;False;EddieQ;NIST-CSF;National Institute of Standards and Technology (NIST) Cybersecurity Framework (CSF) v1.1;
aws;The NIST Cybersecurity Framework (CSF) is supported by governments and industries worldwide as a recommended baseline for use by any organization, regardless of sector or size. The NIST Cybersecurity Framework consists of three primary components: the framework core, the profiles, and the implementation tiers. The framework core contains desired cybersecurity activities and outcomes organized into 23 categories that cover the breadth of cybersecurity objectives for an organization. The profiles contain an organization's unique alignment of their organizational requirements and objectives, risk appetite, and resources using the desired outcomes of the framework core. The implementation tiers describe the degree to which an organization’s cybersecurity risk management practices exhibit the characteristics defined in the framework core.;858573892697;us-east-1;2026-09-13 22:26:32.575478;ac_1;Identities and credentials are issued, managed, verified, revoked, and audited for authorized devices, users and processes.;Protect (PR);Identity Management and Access Control (PR.AC);;aws;;PASS;User QLabs does not have unused access keys for 45 days.;arn:aws:iam::858573892697:user/QLabs;iam_user_accesskey_unused;False;QLabs;NIST-CSF;National Institute of Standards and Technology (NIST) Cybersecurity Framework (CSF) v1.1;
aws;The NIST Cybersecurity Framework (CSF) is supported by governments and industries worldwide as a recommended baseline for use by any organization, regardless of sector or size. The NIST Cybersecurity Framework consists of three primary components: the framework core, the profiles, and the implementation tiers. The framework core contains desired cybersecurity activities and outcomes organized into 23 categories that cover the breadth of cybersecurity objectives for an organization. The profiles contain an organization's unique alignment of their organizational requirements and objectives, risk appetite, and resources using the desired outcomes of the framework core. The implementation tiers describe the degree to which an organization’s cybersecurity risk management practices exhibit the characteristics defined in the framework core.;858573892697;us-east-1;2026-09-13 22:26:32.575478;ac_4;Access permissions and authorizations are managed, incorporating the principles of least privilege and separation of duties.;Protect (PR);Identity Management and Access Control (PR.AC);;aws;;PASS;User QLabs does not have unused access keys for 45 days.;arn:aws:iam::858573892697:user/QLabs;iam_user_accesskey_unused;False;QLabs;NIST-CSF;National Institute of Standards and Technology (NIST) Cybersecurity Framework (CSF) v1.1;
aws;The NIST Cybersecurity Framework (CSF) is supported by governments and industries worldwide as a recommended baseline for use by any organization, regardless of sector or size. The NIST Cybersecurity Framework consists of three primary components: the framework core, the profiles, and the implementation tiers. The framework core contains desired cybersecurity activities and outcomes organized into 23 categories that cover the breadth of cybersecurity objectives for an organization. The profiles contain an organization's unique alignment of their organizational requirements and objectives, risk appetite, and resources using the desired outcomes of the framework core. The implementation tiers describe the degree to which an organization’s cybersecurity risk management practices exhibit the characteristics defined in the framework core.;858573892697;us-east-1;2026-09-13 22:26:32.575478;ac_1;Identities and credentials are issued, managed, verified, revoked, and audited for authorized devices, users and processes.;Protect (PR);Identity Management and Access Control (PR.AC);;aws;;FAIL;User EddieQ has not logged in to the console in the past 45 days (257 days).;arn:aws:iam::858573892697:user/EddieQ;iam_user_console_access_unused;False;EddieQ;NIST-CSF;National Institute of Standards and Technology (NIST) Cybersecurity Framework (CSF) v1.1;
aws;The NIST Cybersecurity Framework (CSF) is supported by governments and industries worldwide as a recommended baseline for use by any organization, regardless of sector or size. The NIST Cybersecurity Framework consists of three primary components: the framework core, the profiles, and the implementation tiers. The framework core contains desired cybersecurity activities and outcomes organized into 23 categories that cover the breadth of cybersecurity objectives for an organization. The profiles contain an organization's unique alignment of their organizational requirements and objectives, risk appetite, and resources using the desired outcomes of the framework core. The implementation tiers describe the degree to which an organization’s cybersecurity risk management practices exhibit the characteristics defined in the framework core.;858573892697;us-east-1;2026-09-13 22:26:32.575478;ac_4;Access permissions and authorizations are managed, incorporating the principles of least privilege and separation of duties.;Protect (PR);Identity Management and Access Control (PR.AC);;aws;;FAIL;User EddieQ has not logged in to the console in the past 45 days (257 days).;arn:aws:iam::858573892697:user/EddieQ;iam_user_console_access_unused;False;EddieQ;NIST-CSF;National Institute of Standards and Technology (NIST) Cybersecurity Framework (CSF) v1.1;
aws;The NIST Cybersecurity Framework (CSF) is supported by governments and industries worldwide as a recommended baseline for use by any organization, regardless of sector or size. The NIST Cybersecurity Framework consists of three primary components: the framework core, the profiles, and the implementation tiers. The framework core contains desired cybersecurity activities and outcomes organized into 23 categories that cover the breadth of cybersecurity objectives for an organization. The profiles contain an organization's unique alignment of their organizational requirements and objectives, risk appetite, and resources using the desired outcomes of the framework core. The implementation tiers describe the degree to which an organization’s cybersecurity risk management practices exhibit the characteristics defined in the framework core.;858573892697;us-east-1;2026-09-13 22:26:32.575478;ac_1;Identities and credentials are issued, managed, verified, revoked, and audited for authorized devices, users and processes.;Protect (PR);Identity Management and Access Control (PR.AC);;aws;;PASS;User QLabs has logged in to the console in the past 45 days (0 days).;arn:aws:iam::858573892697:user/QLabs;iam_user_console_access_unused;False;QLabs;NIST-CSF;National Institute of Standards and Technology (NIST) Cybersecurity Framework (CSF) v1.1;
aws;The NIST Cybersecurity Framework (CSF) is supported by governments and industries worldwide as a recommended baseline for use by any organization, regardless of sector or size. The NIST Cybersecurity Framework consists of three primary components: the framework core, the profiles, and the implementation tiers. The framework core contains desired cybersecurity activities and outcomes organized into 23 categories that cover the breadth of cybersecurity objectives for an organization. The profiles contain an organization's unique alignment of their organizational requirements and objectives, risk appetite, and resources using the desired outcomes of the framework core. The implementation tiers describe the degree to which an organization’s cybersecurity risk management practices exhibit the characteristics defined in the framework core.;858573892697;us-east-1;2026-09-13 22:26:32.575478;ac_4;Access permissions and authorizations are managed, incorporating the principles of least privilege and separation of duties.;Protect (PR);Identity Management and Access Control (PR.AC);;aws;;PASS;User QLabs has logged in to the console in the past 45 days (0 days).;arn:aws:iam::858573892697:user/QLabs;iam_user_console_access_unused;False;QLabs;NIST-CSF;National Institute of Standards and Technology (NIST) Cybersecurity Framework (CSF) v1.1;
aws;The NIST Cybersecurity Framework (CSF) is supported by governments and industries worldwide as a recommended baseline for use by any organization, regardless of sector or size. The NIST Cybersecurity Framework consists of three primary components: the framework core, the profiles, and the implementation tiers. The framework core contains desired cybersecurity activities and outcomes organized into 23 categories that cover the breadth of cybersecurity objectives for an organization. The profiles contain an organization's unique alignment of their organizational requirements and objectives, risk appetite, and resources using the desired outcomes of the framework core. The implementation tiers describe the degree to which an organization’s cybersecurity risk management practices exhibit the characteristics defined in the framework core.;858573892697;us-east-1;2026-09-13 22:26:32.575478;ac_3;Remote access is managed.;Protect (PR);Identity Management and Access Control (PR.AC);;aws;;PASS;User EddieQ has Console Password enabled and MFA enabled.;arn:aws:iam::858573892697:user/EddieQ;iam_user_mfa_enabled_console_access;False;EddieQ;NIST-CSF;National Institute of Standards and Technology (NIST) Cybersecurity Framework (CSF) v1.1;
aws;The NIST Cybersecurity Framework (CSF) is supported by governments and industries worldwide as a recommended baseline for use by any organization, regardless of sector or size. The NIST Cybersecurity Framework consists of three primary components: the framework core, the profiles, and the implementation tiers. The framework core contains desired cybersecurity activities and outcomes organized into 23 categories that cover the breadth of cybersecurity objectives for an organization. The profiles contain an organization's unique alignment of their organizational requirements and objectives, risk appetite, and resources using the desired outcomes of the framework core. The implementation tiers describe the degree to which an organization’s cybersecurity risk management practices exhibit the characteristics defined in the framework core.;858573892697;us-east-1;2026-09-13 22:26:32.575478;ac_7;Users, devices, and other assets are authenticated (e.g., single-factor, multi-factor) commensurate with the risk of the transaction (e.g., individuals’ security and privacy risks and other organizational risks).;Protect (PR);Identity Management and Access Control (PR.AC);;iam;;PASS;User EddieQ has Console Password enabled and MFA enabled.;arn:aws:iam::858573892697:user/EddieQ;iam_user_mfa_enabled_console_access;False;EddieQ;NIST-CSF;National Institute of Standards and Technology (NIST) Cybersecurity Framework (CSF) v1.1;
aws;The NIST Cybersecurity Framework (CSF) is supported by governments and industries worldwide as a recommended baseline for use by any organization, regardless of sector or size. The NIST Cybersecurity Framework consists of three primary components: the framework core, the profiles, and the implementation tiers. The framework core contains desired cybersecurity activities and outcomes organized into 23 categories that cover the breadth of cybersecurity objectives for an organization. The profiles contain an organization's unique alignment of their organizational requirements and objectives, risk appetite, and resources using the desired outcomes of the framework core. The implementation tiers describe the degree to which an organization’s cybersecurity risk management practices exhibit the characteristics defined in the framework core.;858573892697;us-east-1;2026-09-13 22:26:32.575478;ac_3;Remote access is managed.;Protect (PR);Identity Management and Access Control (PR.AC);;aws;;FAIL;User QLabs has Console Password enabled but MFA disabled.;arn:aws:iam::858573892697:user/QLabs;iam_user_mfa_enabled_console_access;False;QLabs;NIST-CSF;National Institute of Standards and Technology (NIST) Cybersecurity Framework (CSF) v1.1;
aws;The NIST Cybersecurity Framework (CSF) is supported by governments and industries worldwide as a recommended baseline for use by any organization, regardless of sector or size. The NIST Cybersecurity Framework consists of three primary components: the framework core, the profiles, and the implementation tiers. The framework core contains desired cybersecurity activities and outcomes organized into 23 categories that cover the breadth of cybersecurity objectives for an organization. The profiles contain an organization's unique alignment of their organizational requirements and objectives, risk appetite, and resources using the desired outcomes of the framework core. The implementation tiers describe the degree to which an organization’s cybersecurity risk management practices exhibit the characteristics defined in the framework core.;858573892697;us-east-1;2026-09-13 22:26:32.575478;ac_7;Users, devices, and other assets are authenticated (e.g., single-factor, multi-factor) commensurate with the risk of the transaction (e.g., individuals’ security and privacy risks and other organizational risks).;Protect (PR);Identity Management and Access Control (PR.AC);;iam;;FAIL;User QLabs has Console Password enabled but MFA disabled.;arn:aws:iam::858573892697:user/QLabs;iam_user_mfa_enabled_console_access;False;QLabs;NIST-CSF;National Institute of Standards and Technology (NIST) Cybersecurity Framework (CSF) v1.1;
aws;The NIST Cybersecurity Framework (CSF) is supported by governments and industries worldwide as a recommended baseline for use by any organization, regardless of sector or size. The NIST Cybersecurity Framework consists of three primary components: the framework core, the profiles, and the implementation tiers. The framework core contains desired cybersecurity activities and outcomes organized into 23 categories that cover the breadth of cybersecurity objectives for an organization. The profiles contain an organization's unique alignment of their organizational requirements and objectives, risk appetite, and resources using the desired outcomes of the framework core. The implementation tiers describe the degree to which an organization’s cybersecurity risk management practices exhibit the characteristics defined in the framework core.;858573892697;us-east-1;2026-09-13 22:26:32.575478;be_5;Resilience requirements to support delivery of critical services are established for all operating states (e.g. under duress/attack, during recovery, normal operations);Identify (ID);Business Environment (ID.BE);;aws;;FAIL;RDS Instance vaultcloud-prod-db does not have backup enabled.;arn:aws:rds:us-east-1:858573892697:db:vaultcloud-prod-db;rds_instance_backup_enabled;False;vaultcloud-prod-db;NIST-CSF;National Institute of Standards and Technology (NIST) Cybersecurity Framework (CSF) v1.1;
aws;The NIST Cybersecurity Framework (CSF) is supported by governments and industries worldwide as a recommended baseline for use by any organization, regardless of sector or size. The NIST Cybersecurity Framework consists of three primary components: the framework core, the profiles, and the implementation tiers. The framework core contains desired cybersecurity activities and outcomes organized into 23 categories that cover the breadth of cybersecurity objectives for an organization. The profiles contain an organization's unique alignment of their organizational requirements and objectives, risk appetite, and resources using the desired outcomes of the framework core. The implementation tiers describe the degree to which an organization’s cybersecurity risk management practices exhibit the characteristics defined in the framework core.;858573892697;us-east-1;2026-09-13 22:26:32.575478;ds_4;Adequate capacity to ensure availability is maintained.;Protect (PR);Data Security (PR.DS);;aws;;FAIL;RDS Instance vaultcloud-prod-db does not have backup enabled.;arn:aws:rds:us-east-1:858573892697:db:vaultcloud-prod-db;rds_instance_backup_enabled;False;vaultcloud-prod-db;NIST-CSF;National Institute of Standards and Technology (NIST) Cybersecurity Framework (CSF) v1.1;
aws;The NIST Cybersecurity Framework (CSF) is supported by governments and industries worldwide as a recommended baseline for use by any organization, regardless of sector or size. The NIST Cybersecurity Framework consists of three primary components: the framework core, the profiles, and the implementation tiers. The framework core contains desired cybersecurity activities and outcomes organized into 23 categories that cover the breadth of cybersecurity objectives for an organization. The profiles contain an organization's unique alignment of their organizational requirements and objectives, risk appetite, and resources using the desired outcomes of the framework core. The implementation tiers describe the degree to which an organization’s cybersecurity risk management practices exhibit the characteristics defined in the framework core.;858573892697;us-east-1;2026-09-13 22:26:32.575478;ip_4;Backups of information are conducted, maintained, and tested periodically.;Protect (PR);Information Protection Processes and Procedures (PR.IP);;aws;;FAIL;RDS Instance vaultcloud-prod-db does not have backup enabled.;arn:aws:rds:us-east-1:858573892697:db:vaultcloud-prod-db;rds_instance_backup_enabled;False;vaultcloud-prod-db;NIST-CSF;National Institute of Standards and Technology (NIST) Cybersecurity Framework (CSF) v1.1;
aws;The NIST Cybersecurity Framework (CSF) is supported by governments and industries worldwide as a recommended baseline for use by any organization, regardless of sector or size. The NIST Cybersecurity Framework consists of three primary components: the framework core, the profiles, and the implementation tiers. The framework core contains desired cybersecurity activities and outcomes organized into 23 categories that cover the breadth of cybersecurity objectives for an organization. The profiles contain an organization's unique alignment of their organizational requirements and objectives, risk appetite, and resources using the desired outcomes of the framework core. The implementation tiers describe the degree to which an organization’s cybersecurity risk management practices exhibit the characteristics defined in the framework core.;858573892697;us-east-1;2026-09-13 22:26:32.575478;ip_9;Response plans (Incident Response and Business Continuity) and recovery plans (Incident Recovery and Disaster Recovery) are in place and managed.;Protect (PR);Information Protection Processes and Procedures (PR.IP);;aws;;FAIL;RDS Instance vaultcloud-prod-db does not have backup enabled.;arn:aws:rds:us-east-1:858573892697:db:vaultcloud-prod-db;rds_instance_backup_enabled;False;vaultcloud-prod-db;NIST-CSF;National Institute of Standards and Technology (NIST) Cybersecurity Framework (CSF) v1.1;
aws;The NIST Cybersecurity Framework (CSF) is supported by governments and industries worldwide as a recommended baseline for use by any organization, regardless of sector or size. The NIST Cybersecurity Framework consists of three primary components: the framework core, the profiles, and the implementation tiers. The framework core contains desired cybersecurity activities and outcomes organized into 23 categories that cover the breadth of cybersecurity objectives for an organization. The profiles contain an organization's unique alignment of their organizational requirements and objectives, risk appetite, and resources using the desired outcomes of the framework core. The implementation tiers describe the degree to which an organization’s cybersecurity risk management practices exhibit the characteristics defined in the framework core.;858573892697;us-east-1;2026-09-13 22:26:32.575478;pt_5;Mechanisms (e.g., failsafe, load balancing, hot swap) are implemented to achieve resilience requirements in normal and adverse situations.;Protect (PR);Protective Technology (PR.PT);;aws;;FAIL;RDS Instance vaultcloud-prod-db does not have backup enabled.;arn:aws:rds:us-east-1:858573892697:db:vaultcloud-prod-db;rds_instance_backup_enabled;False;vaultcloud-prod-db;NIST-CSF;National Institute of Standards and Technology (NIST) Cybersecurity Framework (CSF) v1.1;
aws;The NIST Cybersecurity Framework (CSF) is supported by governments and industries worldwide as a recommended baseline for use by any organization, regardless of sector or size. The NIST Cybersecurity Framework consists of three primary components: the framework core, the profiles, and the implementation tiers. The framework core contains desired cybersecurity activities and outcomes organized into 23 categories that cover the breadth of cybersecurity objectives for an organization. The profiles contain an organization's unique alignment of their organizational requirements and objectives, risk appetite, and resources using the desired outcomes of the framework core. The implementation tiers describe the degree to which an organization’s cybersecurity risk management practices exhibit the characteristics defined in the framework core.;858573892697;us-east-1;2026-09-13 22:26:32.575478;rc_rp_1;Recovery plan is executed during or after a cybersecurity incident.;Recover (RC);Recovery Planning (RC.RP);;aws;;FAIL;RDS Instance vaultcloud-prod-db does not have backup enabled.;arn:aws:rds:us-east-1:858573892697:db:vaultcloud-prod-db;rds_instance_backup_enabled;False;vaultcloud-prod-db;NIST-CSF;National Institute of Standards and Technology (NIST) Cybersecurity Framework (CSF) v1.1;
aws;The NIST Cybersecurity Framework (CSF) is supported by governments and industries worldwide as a recommended baseline for use by any organization, regardless of sector or size. The NIST Cybersecurity Framework consists of three primary components: the framework core, the profiles, and the implementation tiers. The framework core contains desired cybersecurity activities and outcomes organized into 23 categories that cover the breadth of cybersecurity objectives for an organization. The profiles contain an organization's unique alignment of their organizational requirements and objectives, risk appetite, and resources using the desired outcomes of the framework core. The implementation tiers describe the degree to which an organization’s cybersecurity risk management practices exhibit the characteristics defined in the framework core.;858573892697;us-east-1;2026-09-13 22:26:32.575478;rp_1;Response plan is executed during or after an incident.;Respond (RS);Response Planning (RS.RP);;aws;;FAIL;RDS Instance vaultcloud-prod-db does not have backup enabled.;arn:aws:rds:us-east-1:858573892697:db:vaultcloud-prod-db;rds_instance_backup_enabled;False;vaultcloud-prod-db;NIST-CSF;National Institute of Standards and Technology (NIST) Cybersecurity Framework (CSF) v1.1;
aws;The NIST Cybersecurity Framework (CSF) is supported by governments and industries worldwide as a recommended baseline for use by any organization, regardless of sector or size. The NIST Cybersecurity Framework consists of three primary components: the framework core, the profiles, and the implementation tiers. The framework core contains desired cybersecurity activities and outcomes organized into 23 categories that cover the breadth of cybersecurity objectives for an organization. The profiles contain an organization's unique alignment of their organizational requirements and objectives, risk appetite, and resources using the desired outcomes of the framework core. The implementation tiers describe the degree to which an organization’s cybersecurity risk management practices exhibit the characteristics defined in the framework core.;858573892697;us-east-1;2026-09-13 22:26:32.575478;cm_2;The physical environment is monitored to detect potential cybersecurity events.;Detect (DE);Security Continuous Monitoring (DE.CM);;aws;;FAIL;RDS Instance vaultcloud-prod-db does not have enhanced monitoring enabled.;arn:aws:rds:us-east-1:858573892697:db:vaultcloud-prod-db;rds_instance_enhanced_monitoring_enabled;False;vaultcloud-prod-db;NIST-CSF;National Institute of Standards and Technology (NIST) Cybersecurity Framework (CSF) v1.1;
aws;The NIST Cybersecurity Framework (CSF) is supported by governments and industries worldwide as a recommended baseline for use by any organization, regardless of sector or size. The NIST Cybersecurity Framework consists of three primary components: the framework core, the profiles, and the implementation tiers. The framework core contains desired cybersecurity activities and outcomes organized into 23 categories that cover the breadth of cybersecurity objectives for an organization. The profiles contain an organization's unique alignment of their organizational requirements and objectives, risk appetite, and resources using the desired outcomes of the framework core. The implementation tiers describe the degree to which an organization’s cybersecurity risk management practices exhibit the characteristics defined in the framework core.;858573892697;us-east-1;2026-09-13 22:26:32.575478;ra_5;Threats, vulnerabilities, likelihoods, and impacts are used to determine risk.;Identify (ID);Risk Assessment (ID.RA);;aws;;FAIL;RDS Instance vaultcloud-prod-db does not have enhanced monitoring enabled.;arn:aws:rds:us-east-1:858573892697:db:vaultcloud-prod-db;rds_instance_enhanced_monitoring_enabled;False;vaultcloud-prod-db;NIST-CSF;National Institute of Standards and Technology (NIST) Cybersecurity Framework (CSF) v1.1;
aws;The NIST Cybersecurity Framework (CSF) is supported by governments and industries worldwide as a recommended baseline for use by any organization, regardless of sector or size. The NIST Cybersecurity Framework consists of three primary components: the framework core, the profiles, and the implementation tiers. The framework core contains desired cybersecurity activities and outcomes organized into 23 categories that cover the breadth of cybersecurity objectives for an organization. The profiles contain an organization's unique alignment of their organizational requirements and objectives, risk appetite, and resources using the desired outcomes of the framework core. The implementation tiers describe the degree to which an organization’s cybersecurity risk management practices exhibit the characteristics defined in the framework core.;858573892697;us-east-1;2026-09-13 22:26:32.575478;sc_4;Suppliers and third-party partners are routinely assessed using audits, test results, or other forms of evaluations to confirm they are meeting their contractual obligations.;Identify (ID);Supply Chain Risk Management (ID.SC);;aws;;FAIL;RDS Instance vaultcloud-prod-db does not have enhanced monitoring enabled.;arn:aws:rds:us-east-1:858573892697:db:vaultcloud-prod-db;rds_instance_enhanced_monitoring_enabled;False;vaultcloud-prod-db;NIST-CSF;National Institute of Standards and Technology (NIST) Cybersecurity Framework (CSF) v1.1;
aws;The NIST Cybersecurity Framework (CSF) is supported by governments and industries worldwide as a recommended baseline for use by any organization, regardless of sector or size. The NIST Cybersecurity Framework consists of three primary components: the framework core, the profiles, and the implementation tiers. The framework core contains desired cybersecurity activities and outcomes organized into 23 categories that cover the breadth of cybersecurity objectives for an organization. The profiles contain an organization's unique alignment of their organizational requirements and objectives, risk appetite, and resources using the desired outcomes of the framework core. The implementation tiers describe the degree to which an organization’s cybersecurity risk management practices exhibit the characteristics defined in the framework core.;858573892697;us-east-1;2026-09-13 22:26:32.575478;ds_4;Adequate capacity to ensure availability is maintained.;Protect (PR);Data Security (PR.DS);;aws;;FAIL;RDS Instance vaultcloud-prod-db does not have enhanced monitoring enabled.;arn:aws:rds:us-east-1:858573892697:db:vaultcloud-prod-db;rds_instance_enhanced_monitoring_enabled;False;vaultcloud-prod-db;NIST-CSF;National Institute of Standards and Technology (NIST) Cybersecurity Framework (CSF) v1.1;
aws;The NIST Cybersecurity Framework (CSF) is supported by governments and industries worldwide as a recommended baseline for use by any organization, regardless of sector or size. The NIST Cybersecurity Framework consists of three primary components: the framework core, the profiles, and the implementation tiers. The framework core contains desired cybersecurity activities and outcomes organized into 23 categories that cover the breadth of cybersecurity objectives for an organization. The profiles contain an organization's unique alignment of their organizational requirements and objectives, risk appetite, and resources using the desired outcomes of the framework core. The implementation tiers describe the degree to which an organization’s cybersecurity risk management practices exhibit the characteristics defined in the framework core.;858573892697;us-east-1;2026-09-13 22:26:32.575478;be_5;Resilience requirements to support delivery of critical services are established for all operating states (e.g. under duress/attack, during recovery, normal operations);Identify (ID);Business Environment (ID.BE);;aws;;FAIL;RDS Instance vaultcloud-prod-db does not have multi-AZ enabled.;arn:aws:rds:us-east-1:858573892697:db:vaultcloud-prod-db;rds_instance_multi_az;False;vaultcloud-prod-db;NIST-CSF;National Institute of Standards and Technology (NIST) Cybersecurity Framework (CSF) v1.1;
aws;The NIST Cybersecurity Framework (CSF) is supported by governments and industries worldwide as a recommended baseline for use by any organization, regardless of sector or size. The NIST Cybersecurity Framework consists of three primary components: the framework core, the profiles, and the implementation tiers. The framework core contains desired cybersecurity activities and outcomes organized into 23 categories that cover the breadth of cybersecurity objectives for an organization. The profiles contain an organization's unique alignment of their organizational requirements and objectives, risk appetite, and resources using the desired outcomes of the framework core. The implementation tiers describe the degree to which an organization’s cybersecurity risk management practices exhibit the characteristics defined in the framework core.;858573892697;us-east-1;2026-09-13 22:26:32.575478;ds_4;Adequate capacity to ensure availability is maintained.;Protect (PR);Data Security (PR.DS);;aws;;FAIL;RDS Instance vaultcloud-prod-db does not have multi-AZ enabled.;arn:aws:rds:us-east-1:858573892697:db:vaultcloud-prod-db;rds_instance_multi_az;False;vaultcloud-prod-db;NIST-CSF;National Institute of Standards and Technology (NIST) Cybersecurity Framework (CSF) v1.1;
aws;The NIST Cybersecurity Framework (CSF) is supported by governments and industries worldwide as a recommended baseline for use by any organization, regardless of sector or size. The NIST Cybersecurity Framework consists of three primary components: the framework core, the profiles, and the implementation tiers. The framework core contains desired cybersecurity activities and outcomes organized into 23 categories that cover the breadth of cybersecurity objectives for an organization. The profiles contain an organization's unique alignment of their organizational requirements and objectives, risk appetite, and resources using the desired outcomes of the framework core. The implementation tiers describe the degree to which an organization’s cybersecurity risk management practices exhibit the characteristics defined in the framework core.;858573892697;us-east-1;2026-09-13 22:26:32.575478;ip_9;Response plans (Incident Response and Business Continuity) and recovery plans (Incident Recovery and Disaster Recovery) are in place and managed.;Protect (PR);Information Protection Processes and Procedures (PR.IP);;aws;;FAIL;RDS Instance vaultcloud-prod-db does not have multi-AZ enabled.;arn:aws:rds:us-east-1:858573892697:db:vaultcloud-prod-db;rds_instance_multi_az;False;vaultcloud-prod-db;NIST-CSF;National Institute of Standards and Technology (NIST) Cybersecurity Framework (CSF) v1.1;
aws;The NIST Cybersecurity Framework (CSF) is supported by governments and industries worldwide as a recommended baseline for use by any organization, regardless of sector or size. The NIST Cybersecurity Framework consists of three primary components: the framework core, the profiles, and the implementation tiers. The framework core contains desired cybersecurity activities and outcomes organized into 23 categories that cover the breadth of cybersecurity objectives for an organization. The profiles contain an organization's unique alignment of their organizational requirements and objectives, risk appetite, and resources using the desired outcomes of the framework core. The implementation tiers describe the degree to which an organization’s cybersecurity risk management practices exhibit the characteristics defined in the framework core.;858573892697;us-east-1;2026-09-13 22:26:32.575478;pt_5;Mechanisms (e.g., failsafe, load balancing, hot swap) are implemented to achieve resilience requirements in normal and adverse situations.;Protect (PR);Protective Technology (PR.PT);;aws;;FAIL;RDS Instance vaultcloud-prod-db does not have multi-AZ enabled.;arn:aws:rds:us-east-1:858573892697:db:vaultcloud-prod-db;rds_instance_multi_az;False;vaultcloud-prod-db;NIST-CSF;National Institute of Standards and Technology (NIST) Cybersecurity Framework (CSF) v1.1;
aws;The NIST Cybersecurity Framework (CSF) is supported by governments and industries worldwide as a recommended baseline for use by any organization, regardless of sector or size. The NIST Cybersecurity Framework consists of three primary components: the framework core, the profiles, and the implementation tiers. The framework core contains desired cybersecurity activities and outcomes organized into 23 categories that cover the breadth of cybersecurity objectives for an organization. The profiles contain an organization's unique alignment of their organizational requirements and objectives, risk appetite, and resources using the desired outcomes of the framework core. The implementation tiers describe the degree to which an organization’s cybersecurity risk management practices exhibit the characteristics defined in the framework core.;858573892697;us-east-1;2026-09-13 22:26:32.575478;rc_rp_1;Recovery plan is executed during or after a cybersecurity incident.;Recover (RC);Recovery Planning (RC.RP);;aws;;FAIL;RDS Instance vaultcloud-prod-db does not have multi-AZ enabled.;arn:aws:rds:us-east-1:858573892697:db:vaultcloud-prod-db;rds_instance_multi_az;False;vaultcloud-prod-db;NIST-CSF;National Institute of Standards and Technology (NIST) Cybersecurity Framework (CSF) v1.1;
aws;The NIST Cybersecurity Framework (CSF) is supported by governments and industries worldwide as a recommended baseline for use by any organization, regardless of sector or size. The NIST Cybersecurity Framework consists of three primary components: the framework core, the profiles, and the implementation tiers. The framework core contains desired cybersecurity activities and outcomes organized into 23 categories that cover the breadth of cybersecurity objectives for an organization. The profiles contain an organization's unique alignment of their organizational requirements and objectives, risk appetite, and resources using the desired outcomes of the framework core. The implementation tiers describe the degree to which an organization’s cybersecurity risk management practices exhibit the characteristics defined in the framework core.;858573892697;us-east-1;2026-09-13 22:26:32.575478;rp_1;Response plan is executed during or after an incident.;Respond (RS);Response Planning (RS.RP);;aws;;FAIL;RDS Instance vaultcloud-prod-db does not have multi-AZ enabled.;arn:aws:rds:us-east-1:858573892697:db:vaultcloud-prod-db;rds_instance_multi_az;False;vaultcloud-prod-db;NIST-CSF;National Institute of Standards and Technology (NIST) Cybersecurity Framework (CSF) v1.1;
aws;The NIST Cybersecurity Framework (CSF) is supported by governments and industries worldwide as a recommended baseline for use by any organization, regardless of sector or size. The NIST Cybersecurity Framework consists of three primary components: the framework core, the profiles, and the implementation tiers. The framework core contains desired cybersecurity activities and outcomes organized into 23 categories that cover the breadth of cybersecurity objectives for an organization. The profiles contain an organization's unique alignment of their organizational requirements and objectives, risk appetite, and resources using the desired outcomes of the framework core. The implementation tiers describe the degree to which an organization’s cybersecurity risk management practices exhibit the characteristics defined in the framework core.;858573892697;us-east-1;2026-09-13 22:26:32.575478;ac_3;Remote access is managed.;Protect (PR);Identity Management and Access Control (PR.AC);;aws;;FAIL;RDS Instance vaultcloud-prod-db is set as publicly accessible and security group vaultcloud-db-sg (sg-059591e29c62e2064) has postgres port 5432 open to the Internet at endpoint vaultcloud-prod-db.cdis4ufrpqe3.us-east-1.rds.amazonaws.com in a public subnet subnet-060b354bc8a3f274c.;arn:aws:rds:us-east-1:858573892697:db:vaultcloud-prod-db;rds_instance_no_public_access;False;vaultcloud-prod-db;NIST-CSF;National Institute of Standards and Technology (NIST) Cybersecurity Framework (CSF) v1.1;
aws;The NIST Cybersecurity Framework (CSF) is supported by governments and industries worldwide as a recommended baseline for use by any organization, regardless of sector or size. The NIST Cybersecurity Framework consists of three primary components: the framework core, the profiles, and the implementation tiers. The framework core contains desired cybersecurity activities and outcomes organized into 23 categories that cover the breadth of cybersecurity objectives for an organization. The profiles contain an organization's unique alignment of their organizational requirements and objectives, risk appetite, and resources using the desired outcomes of the framework core. The implementation tiers describe the degree to which an organization’s cybersecurity risk management practices exhibit the characteristics defined in the framework core.;858573892697;us-east-1;2026-09-13 22:26:32.575478;ac_5;Network integrity is protected (e.g., network segregation, network segmentation).;Protect (PR);Identity Management and Access Control (PR.AC);;aws;;FAIL;RDS Instance vaultcloud-prod-db is set as publicly accessible and security group vaultcloud-db-sg (sg-059591e29c62e2064) has postgres port 5432 open to the Internet at endpoint vaultcloud-prod-db.cdis4ufrpqe3.us-east-1.rds.amazonaws.com in a public subnet subnet-060b354bc8a3f274c.;arn:aws:rds:us-east-1:858573892697:db:vaultcloud-prod-db;rds_instance_no_public_access;False;vaultcloud-prod-db;NIST-CSF;National Institute of Standards and Technology (NIST) Cybersecurity Framework (CSF) v1.1;
aws;The NIST Cybersecurity Framework (CSF) is supported by governments and industries worldwide as a recommended baseline for use by any organization, regardless of sector or size. The NIST Cybersecurity Framework consists of three primary components: the framework core, the profiles, and the implementation tiers. The framework core contains desired cybersecurity activities and outcomes organized into 23 categories that cover the breadth of cybersecurity objectives for an organization. The profiles contain an organization's unique alignment of their organizational requirements and objectives, risk appetite, and resources using the desired outcomes of the framework core. The implementation tiers describe the degree to which an organization’s cybersecurity risk management practices exhibit the characteristics defined in the framework core.;858573892697;us-east-1;2026-09-13 22:26:32.575478;ds_5;Protections against data leaks are implemented.;Protect (PR);Data Security (PR.DS);;aws;;FAIL;RDS Instance vaultcloud-prod-db is set as publicly accessible and security group vaultcloud-db-sg (sg-059591e29c62e2064) has postgres port 5432 open to the Internet at endpoint vaultcloud-prod-db.cdis4ufrpqe3.us-east-1.rds.amazonaws.com in a public subnet subnet-060b354bc8a3f274c.;arn:aws:rds:us-east-1:858573892697:db:vaultcloud-prod-db;rds_instance_no_public_access;False;vaultcloud-prod-db;NIST-CSF;National Institute of Standards and Technology (NIST) Cybersecurity Framework (CSF) v1.1;
aws;The NIST Cybersecurity Framework (CSF) is supported by governments and industries worldwide as a recommended baseline for use by any organization, regardless of sector or size. The NIST Cybersecurity Framework consists of three primary components: the framework core, the profiles, and the implementation tiers. The framework core contains desired cybersecurity activities and outcomes organized into 23 categories that cover the breadth of cybersecurity objectives for an organization. The profiles contain an organization's unique alignment of their organizational requirements and objectives, risk appetite, and resources using the desired outcomes of the framework core. The implementation tiers describe the degree to which an organization’s cybersecurity risk management practices exhibit the characteristics defined in the framework core.;858573892697;us-east-1;2026-09-13 22:26:32.575478;ip_8;Effectiveness of protection technologies is shared.;Protect (PR);Information Protection Processes and Procedures (PR.IP);;aws;;FAIL;RDS Instance vaultcloud-prod-db is set as publicly accessible and security group vaultcloud-db-sg (sg-059591e29c62e2064) has postgres port 5432 open to the Internet at endpoint vaultcloud-prod-db.cdis4ufrpqe3.us-east-1.rds.amazonaws.com in a public subnet subnet-060b354bc8a3f274c.;arn:aws:rds:us-east-1:858573892697:db:vaultcloud-prod-db;rds_instance_no_public_access;False;vaultcloud-prod-db;NIST-CSF;National Institute of Standards and Technology (NIST) Cybersecurity Framework (CSF) v1.1;
aws;The NIST Cybersecurity Framework (CSF) is supported by governments and industries worldwide as a recommended baseline for use by any organization, regardless of sector or size. The NIST Cybersecurity Framework consists of three primary components: the framework core, the profiles, and the implementation tiers. The framework core contains desired cybersecurity activities and outcomes organized into 23 categories that cover the breadth of cybersecurity objectives for an organization. The profiles contain an organization's unique alignment of their organizational requirements and objectives, risk appetite, and resources using the desired outcomes of the framework core. The implementation tiers describe the degree to which an organization’s cybersecurity risk management practices exhibit the characteristics defined in the framework core.;858573892697;us-east-1;2026-09-13 22:26:32.575478;pt_4;Communications and control networks are protected.;Protect (PR);Protective Technology (PR.PT);;aws;;FAIL;RDS Instance vaultcloud-prod-db is set as publicly accessible and security group vaultcloud-db-sg (sg-059591e29c62e2064) has postgres port 5432 open to the Internet at endpoint vaultcloud-prod-db.cdis4ufrpqe3.us-east-1.rds.amazonaws.com in a public subnet subnet-060b354bc8a3f274c.;arn:aws:rds:us-east-1:858573892697:db:vaultcloud-prod-db;rds_instance_no_public_access;False;vaultcloud-prod-db;NIST-CSF;National Institute of Standards and Technology (NIST) Cybersecurity Framework (CSF) v1.1;
aws;The NIST Cybersecurity Framework (CSF) is supported by governments and industries worldwide as a recommended baseline for use by any organization, regardless of sector or size. The NIST Cybersecurity Framework consists of three primary components: the framework core, the profiles, and the implementation tiers. The framework core contains desired cybersecurity activities and outcomes organized into 23 categories that cover the breadth of cybersecurity objectives for an organization. The profiles contain an organization's unique alignment of their organizational requirements and objectives, risk appetite, and resources using the desired outcomes of the framework core. The implementation tiers describe the degree to which an organization’s cybersecurity risk management practices exhibit the characteristics defined in the framework core.;858573892697;us-east-1;2026-09-13 22:26:32.575478;ds_1;Data-at-rest is protected.;Protect (PR);Data Security (PR.DS);;aws;;FAIL;RDS Instance vaultcloud-prod-db is not encrypted.;arn:aws:rds:us-east-1:858573892697:db:vaultcloud-prod-db;rds_instance_storage_encrypted;False;vaultcloud-prod-db;NIST-CSF;National Institute of Standards and Technology (NIST) Cybersecurity Framework (CSF) v1.1;
aws;The NIST Cybersecurity Framework (CSF) is supported by governments and industries worldwide as a recommended baseline for use by any organization, regardless of sector or size. The NIST Cybersecurity Framework consists of three primary components: the framework core, the profiles, and the implementation tiers. The framework core contains desired cybersecurity activities and outcomes organized into 23 categories that cover the breadth of cybersecurity objectives for an organization. The profiles contain an organization's unique alignment of their organizational requirements and objectives, risk appetite, and resources using the desired outcomes of the framework core. The implementation tiers describe the degree to which an organization’s cybersecurity risk management practices exhibit the characteristics defined in the framework core.;858573892697;us-east-1;2026-09-13 22:26:32.575478;ac_3;Remote access is managed.;Protect (PR);Identity Management and Access Control (PR.AC);;aws;;FAIL;Block Public Access is not configured for the account 858573892697.;arn:aws:s3:us-east-1:858573892697:account;s3_account_level_public_access_blocks;False;858573892697;NIST-CSF;National Institute of Standards and Technology (NIST) Cybersecurity Framework (CSF) v1.1;
aws;The NIST Cybersecurity Framework (CSF) is supported by governments and industries worldwide as a recommended baseline for use by any organization, regardless of sector or size. The NIST Cybersecurity Framework consists of three primary components: the framework core, the profiles, and the implementation tiers. The framework core contains desired cybersecurity activities and outcomes organized into 23 categories that cover the breadth of cybersecurity objectives for an organization. The profiles contain an organization's unique alignment of their organizational requirements and objectives, risk appetite, and resources using the desired outcomes of the framework core. The implementation tiers describe the degree to which an organization’s cybersecurity risk management practices exhibit the characteristics defined in the framework core.;858573892697;us-east-1;2026-09-13 22:26:32.575478;ac_5;Network integrity is protected (e.g., network segregation, network segmentation).;Protect (PR);Identity Management and Access Control (PR.AC);;aws;;FAIL;Block Public Access is not configured for the account 858573892697.;arn:aws:s3:us-east-1:858573892697:account;s3_account_level_public_access_blocks;False;858573892697;NIST-CSF;National Institute of Standards and Technology (NIST) Cybersecurity Framework (CSF) v1.1;
aws;The NIST Cybersecurity Framework (CSF) is supported by governments and industries worldwide as a recommended baseline for use by any organization, regardless of sector or size. The NIST Cybersecurity Framework consists of three primary components: the framework core, the profiles, and the implementation tiers. The framework core contains desired cybersecurity activities and outcomes organized into 23 categories that cover the breadth of cybersecurity objectives for an organization. The profiles contain an organization's unique alignment of their organizational requirements and objectives, risk appetite, and resources using the desired outcomes of the framework core. The implementation tiers describe the degree to which an organization’s cybersecurity risk management practices exhibit the characteristics defined in the framework core.;858573892697;us-east-1;2026-09-13 22:26:32.575478;ds_5;Protections against data leaks are implemented.;Protect (PR);Data Security (PR.DS);;aws;;FAIL;Block Public Access is not configured for the account 858573892697.;arn:aws:s3:us-east-1:858573892697:account;s3_account_level_public_access_blocks;False;858573892697;NIST-CSF;National Institute of Standards and Technology (NIST) Cybersecurity Framework (CSF) v1.1;
aws;The NIST Cybersecurity Framework (CSF) is supported by governments and industries worldwide as a recommended baseline for use by any organization, regardless of sector or size. The NIST Cybersecurity Framework consists of three primary components: the framework core, the profiles, and the implementation tiers. The framework core contains desired cybersecurity activities and outcomes organized into 23 categories that cover the breadth of cybersecurity objectives for an organization. The profiles contain an organization's unique alignment of their organizational requirements and objectives, risk appetite, and resources using the desired outcomes of the framework core. The implementation tiers describe the degree to which an organization’s cybersecurity risk management practices exhibit the characteristics defined in the framework core.;858573892697;us-east-1;2026-09-13 22:26:32.575478;ip_8;Effectiveness of protection technologies is shared.;Protect (PR);Information Protection Processes and Procedures (PR.IP);;aws;;FAIL;Block Public Access is not configured for the account 858573892697.;arn:aws:s3:us-east-1:858573892697:account;s3_account_level_public_access_blocks;False;858573892697;NIST-CSF;National Institute of Standards and Technology (NIST) Cybersecurity Framework (CSF) v1.1;
aws;The NIST Cybersecurity Framework (CSF) is supported by governments and industries worldwide as a recommended baseline for use by any organization, regardless of sector or size. The NIST Cybersecurity Framework consists of three primary components: the framework core, the profiles, and the implementation tiers. The framework core contains desired cybersecurity activities and outcomes organized into 23 categories that cover the breadth of cybersecurity objectives for an organization. The profiles contain an organization's unique alignment of their organizational requirements and objectives, risk appetite, and resources using the desired outcomes of the framework core. The implementation tiers describe the degree to which an organization’s cybersecurity risk management practices exhibit the characteristics defined in the framework core.;858573892697;us-east-1;2026-09-13 22:26:32.575478;pt_3;The principle of least functionality is incorporated by configuring systems to provide only essential capabilities.;Protect (PR);Protective Technology (PR.PT);;aws;;FAIL;Block Public Access is not configured for the account 858573892697.;arn:aws:s3:us-east-1:858573892697:account;s3_account_level_public_access_blocks;False;858573892697;NIST-CSF;National Institute of Standards and Technology (NIST) Cybersecurity Framework (CSF) v1.1;
aws;The NIST Cybersecurity Framework (CSF) is supported by governments and industries worldwide as a recommended baseline for use by any organization, regardless of sector or size. The NIST Cybersecurity Framework consists of three primary components: the framework core, the profiles, and the implementation tiers. The framework core contains desired cybersecurity activities and outcomes organized into 23 categories that cover the breadth of cybersecurity objectives for an organization. The profiles contain an organization's unique alignment of their organizational requirements and objectives, risk appetite, and resources using the desired outcomes of the framework core. The implementation tiers describe the degree to which an organization’s cybersecurity risk management practices exhibit the characteristics defined in the framework core.;858573892697;us-east-1;2026-09-13 22:26:32.575478;ds_1;Data-at-rest is protected.;Protect (PR);Data Security (PR.DS);;aws;;PASS;S3 Bucket nextwork-website-project-eddieqx has Server Side Encryption with AES256.;arn:aws:s3:::nextwork-website-project-eddieqx;s3_bucket_default_encryption;False;nextwork-website-project-eddieqx;NIST-CSF;National Institute of Standards and Technology (NIST) Cybersecurity Framework (CSF) v1.1;
aws;The NIST Cybersecurity Framework (CSF) is supported by governments and industries worldwide as a recommended baseline for use by any organization, regardless of sector or size. The NIST Cybersecurity Framework consists of three primary components: the framework core, the profiles, and the implementation tiers. The framework core contains desired cybersecurity activities and outcomes organized into 23 categories that cover the breadth of cybersecurity objectives for an organization. The profiles contain an organization's unique alignment of their organizational requirements and objectives, risk appetite, and resources using the desired outcomes of the framework core. The implementation tiers describe the degree to which an organization’s cybersecurity risk management practices exhibit the characteristics defined in the framework core.;858573892697;us-east-1;2026-09-13 22:26:32.575478;ds_1;Data-at-rest is protected.;Protect (PR);Data Security (PR.DS);;aws;;PASS;S3 Bucket vaultcloud-logs-prod-2024 has Server Side Encryption with AES256.;arn:aws:s3:::vaultcloud-logs-prod-2024;s3_bucket_default_encryption;False;vaultcloud-logs-prod-2024;NIST-CSF;National Institute of Standards and Technology (NIST) Cybersecurity Framework (CSF) v1.1;
aws;The NIST Cybersecurity Framework (CSF) is supported by governments and industries worldwide as a recommended baseline for use by any organization, regardless of sector or size. The NIST Cybersecurity Framework consists of three primary components: the framework core, the profiles, and the implementation tiers. The framework core contains desired cybersecurity activities and outcomes organized into 23 categories that cover the breadth of cybersecurity objectives for an organization. The profiles contain an organization's unique alignment of their organizational requirements and objectives, risk appetite, and resources using the desired outcomes of the framework core. The implementation tiers describe the degree to which an organization’s cybersecurity risk management practices exhibit the characteristics defined in the framework core.;858573892697;us-east-1;2026-09-13 22:26:32.575478;ds_1;Data-at-rest is protected.;Protect (PR);Data Security (PR.DS);;aws;;PASS;S3 Bucket vaultcloud-uploads-prod-2024 has Server Side Encryption with AES256.;arn:aws:s3:::vaultcloud-uploads-prod-2024;s3_bucket_default_encryption;False;vaultcloud-uploads-prod-2024;NIST-CSF;National Institute of Standards and Technology (NIST) Cybersecurity Framework (CSF) v1.1;
aws;The NIST Cybersecurity Framework (CSF) is supported by governments and industries worldwide as a recommended baseline for use by any organization, regardless of sector or size. The NIST Cybersecurity Framework consists of three primary components: the framework core, the profiles, and the implementation tiers. The framework core contains desired cybersecurity activities and outcomes organized into 23 categories that cover the breadth of cybersecurity objectives for an organization. The profiles contain an organization's unique alignment of their organizational requirements and objectives, risk appetite, and resources using the desired outcomes of the framework core. The implementation tiers describe the degree to which an organization’s cybersecurity risk management practices exhibit the characteristics defined in the framework core.;858573892697;us-east-1;2026-09-13 22:26:32.575478;be_5;Resilience requirements to support delivery of critical services are established for all operating states (e.g. under duress/attack, during recovery, normal operations);Identify (ID);Business Environment (ID.BE);;aws;;PASS;S3 Bucket nextwork-website-project-eddieqx has versioning enabled.;arn:aws:s3:::nextwork-website-project-eddieqx;s3_bucket_object_versioning;False;nextwork-website-project-eddieqx;NIST-CSF;National Institute of Standards and Technology (NIST) Cybersecurity Framework (CSF) v1.1;
aws;The NIST Cybersecurity Framework (CSF) is supported by governments and industries worldwide as a recommended baseline for use by any organization, regardless of sector or size. The NIST Cybersecurity Framework consists of three primary components: the framework core, the profiles, and the implementation tiers. The framework core contains desired cybersecurity activities and outcomes organized into 23 categories that cover the breadth of cybersecurity objectives for an organization. The profiles contain an organization's unique alignment of their organizational requirements and objectives, risk appetite, and resources using the desired outcomes of the framework core. The implementation tiers describe the degree to which an organization’s cybersecurity risk management practices exhibit the characteristics defined in the framework core.;858573892697;us-east-1;2026-09-13 22:26:32.575478;ds_4;Adequate capacity to ensure availability is maintained.;Protect (PR);Data Security (PR.DS);;aws;;PASS;S3 Bucket nextwork-website-project-eddieqx has versioning enabled.;arn:aws:s3:::nextwork-website-project-eddieqx;s3_bucket_object_versioning;False;nextwork-website-project-eddieqx;NIST-CSF;National Institute of Standards and Technology (NIST) Cybersecurity Framework (CSF) v1.1;
aws;The NIST Cybersecurity Framework (CSF) is supported by governments and industries worldwide as a recommended baseline for use by any organization, regardless of sector or size. The NIST Cybersecurity Framework consists of three primary components: the framework core, the profiles, and the implementation tiers. The framework core contains desired cybersecurity activities and outcomes organized into 23 categories that cover the breadth of cybersecurity objectives for an organization. The profiles contain an organization's unique alignment of their organizational requirements and objectives, risk appetite, and resources using the desired outcomes of the framework core. The implementation tiers describe the degree to which an organization’s cybersecurity risk management practices exhibit the characteristics defined in the framework core.;858573892697;us-east-1;2026-09-13 22:26:32.575478;ip_4;Backups of information are conducted, maintained, and tested periodically.;Protect (PR);Information Protection Processes and Procedures (PR.IP);;aws;;PASS;S3 Bucket nextwork-website-project-eddieqx has versioning enabled.;arn:aws:s3:::nextwork-website-project-eddieqx;s3_bucket_object_versioning;False;nextwork-website-project-eddieqx;NIST-CSF;National Institute of Standards and Technology (NIST) Cybersecurity Framework (CSF) v1.1;
aws;The NIST Cybersecurity Framework (CSF) is supported by governments and industries worldwide as a recommended baseline for use by any organization, regardless of sector or size. The NIST Cybersecurity Framework consists of three primary components: the framework core, the profiles, and the implementation tiers. The framework core contains desired cybersecurity activities and outcomes organized into 23 categories that cover the breadth of cybersecurity objectives for an organization. The profiles contain an organization's unique alignment of their organizational requirements and objectives, risk appetite, and resources using the desired outcomes of the framework core. The implementation tiers describe the degree to which an organization’s cybersecurity risk management practices exhibit the characteristics defined in the framework core.;858573892697;us-east-1;2026-09-13 22:26:32.575478;ip_9;Response plans (Incident Response and Business Continuity) and recovery plans (Incident Recovery and Disaster Recovery) are in place and managed.;Protect (PR);Information Protection Processes and Procedures (PR.IP);;aws;;PASS;S3 Bucket nextwork-website-project-eddieqx has versioning enabled.;arn:aws:s3:::nextwork-website-project-eddieqx;s3_bucket_object_versioning;False;nextwork-website-project-eddieqx;NIST-CSF;National Institute of Standards and Technology (NIST) Cybersecurity Framework (CSF) v1.1;
aws;The NIST Cybersecurity Framework (CSF) is supported by governments and industries worldwide as a recommended baseline for use by any organization, regardless of sector or size. The NIST Cybersecurity Framework consists of three primary components: the framework core, the profiles, and the implementation tiers. The framework core contains desired cybersecurity activities and outcomes organized into 23 categories that cover the breadth of cybersecurity objectives for an organization. The profiles contain an organization's unique alignment of their organizational requirements and objectives, risk appetite, and resources using the desired outcomes of the framework core. The implementation tiers describe the degree to which an organization’s cybersecurity risk management practices exhibit the characteristics defined in the framework core.;858573892697;us-east-1;2026-09-13 22:26:32.575478;pt_5;Mechanisms (e.g., failsafe, load balancing, hot swap) are implemented to achieve resilience requirements in normal and adverse situations.;Protect (PR);Protective Technology (PR.PT);;aws;;PASS;S3 Bucket nextwork-website-project-eddieqx has versioning enabled.;arn:aws:s3:::nextwork-website-project-eddieqx;s3_bucket_object_versioning;False;nextwork-website-project-eddieqx;NIST-CSF;National Institute of Standards and Technology (NIST) Cybersecurity Framework (CSF) v1.1;
aws;The NIST Cybersecurity Framework (CSF) is supported by governments and industries worldwide as a recommended baseline for use by any organization, regardless of sector or size. The NIST Cybersecurity Framework consists of three primary components: the framework core, the profiles, and the implementation tiers. The framework core contains desired cybersecurity activities and outcomes organized into 23 categories that cover the breadth of cybersecurity objectives for an organization. The profiles contain an organization's unique alignment of their organizational requirements and objectives, risk appetite, and resources using the desired outcomes of the framework core. The implementation tiers describe the degree to which an organization’s cybersecurity risk management practices exhibit the characteristics defined in the framework core.;858573892697;us-east-1;2026-09-13 22:26:32.575478;rc_rp_1;Recovery plan is executed during or after a cybersecurity incident.;Recover (RC);Recovery Planning (RC.RP);;aws;;PASS;S3 Bucket nextwork-website-project-eddieqx has versioning enabled.;arn:aws:s3:::nextwork-website-project-eddieqx;s3_bucket_object_versioning;False;nextwork-website-project-eddieqx;NIST-CSF;National Institute of Standards and Technology (NIST) Cybersecurity Framework (CSF) v1.1;
aws;The NIST Cybersecurity Framework (CSF) is supported by governments and industries worldwide as a recommended baseline for use by any organization, regardless of sector or size. The NIST Cybersecurity Framework consists of three primary components: the framework core, the profiles, and the implementation tiers. The framework core contains desired cybersecurity activities and outcomes organized into 23 categories that cover the breadth of cybersecurity objectives for an organization. The profiles contain an organization's unique alignment of their organizational requirements and objectives, risk appetite, and resources using the desired outcomes of the framework core. The implementation tiers describe the degree to which an organization’s cybersecurity risk management practices exhibit the characteristics defined in the framework core.;858573892697;us-east-1;2026-09-13 22:26:32.575478;rp_1;Response plan is executed during or after an incident.;Respond (RS);Response Planning (RS.RP);;aws;;PASS;S3 Bucket nextwork-website-project-eddieqx has versioning enabled.;arn:aws:s3:::nextwork-website-project-eddieqx;s3_bucket_object_versioning;False;nextwork-website-project-eddieqx;NIST-CSF;National Institute of Standards and Technology (NIST) Cybersecurity Framework (CSF) v1.1;
aws;The NIST Cybersecurity Framework (CSF) is supported by governments and industries worldwide as a recommended baseline for use by any organization, regardless of sector or size. The NIST Cybersecurity Framework consists of three primary components: the framework core, the profiles, and the implementation tiers. The framework core contains desired cybersecurity activities and outcomes organized into 23 categories that cover the breadth of cybersecurity objectives for an organization. The profiles contain an organization's unique alignment of their organizational requirements and objectives, risk appetite, and resources using the desired outcomes of the framework core. The implementation tiers describe the degree to which an organization’s cybersecurity risk management practices exhibit the characteristics defined in the framework core.;858573892697;us-east-1;2026-09-13 22:26:32.575478;be_5;Resilience requirements to support delivery of critical services are established for all operating states (e.g. under duress/attack, during recovery, normal operations);Identify (ID);Business Environment (ID.BE);;aws;;FAIL;S3 Bucket vaultcloud-logs-prod-2024 has versioning disabled.;arn:aws:s3:::vaultcloud-logs-prod-2024;s3_bucket_object_versioning;False;vaultcloud-logs-prod-2024;NIST-CSF;National Institute of Standards and Technology (NIST) Cybersecurity Framework (CSF) v1.1;
aws;The NIST Cybersecurity Framework (CSF) is supported by governments and industries worldwide as a recommended baseline for use by any organization, regardless of sector or size. The NIST Cybersecurity Framework consists of three primary components: the framework core, the profiles, and the implementation tiers. The framework core contains desired cybersecurity activities and outcomes organized into 23 categories that cover the breadth of cybersecurity objectives for an organization. The profiles contain an organization's unique alignment of their organizational requirements and objectives, risk appetite, and resources using the desired outcomes of the framework core. The implementation tiers describe the degree to which an organization’s cybersecurity risk management practices exhibit the characteristics defined in the framework core.;858573892697;us-east-1;2026-09-13 22:26:32.575478;ds_4;Adequate capacity to ensure availability is maintained.;Protect (PR);Data Security (PR.DS);;aws;;FAIL;S3 Bucket vaultcloud-logs-prod-2024 has versioning disabled.;arn:aws:s3:::vaultcloud-logs-prod-2024;s3_bucket_object_versioning;False;vaultcloud-logs-prod-2024;NIST-CSF;National Institute of Standards and Technology (NIST) Cybersecurity Framework (CSF) v1.1;
aws;The NIST Cybersecurity Framework (CSF) is supported by governments and industries worldwide as a recommended baseline for use by any organization, regardless of sector or size. The NIST Cybersecurity Framework consists of three primary components: the framework core, the profiles, and the implementation tiers. The framework core contains desired cybersecurity activities and outcomes organized into 23 categories that cover the breadth of cybersecurity objectives for an organization. The profiles contain an organization's unique alignment of their organizational requirements and objectives, risk appetite, and resources using the desired outcomes of the framework core. The implementation tiers describe the degree to which an organization’s cybersecurity risk management practices exhibit the characteristics defined in the framework core.;858573892697;us-east-1;2026-09-13 22:26:32.575478;ip_4;Backups of information are conducted, maintained, and tested periodically.;Protect (PR);Information Protection Processes and Procedures (PR.IP);;aws;;FAIL;S3 Bucket vaultcloud-logs-prod-2024 has versioning disabled.;arn:aws:s3:::vaultcloud-logs-prod-2024;s3_bucket_object_versioning;False;vaultcloud-logs-prod-2024;NIST-CSF;National Institute of Standards and Technology (NIST) Cybersecurity Framework (CSF) v1.1;
aws;The NIST Cybersecurity Framework (CSF) is supported by governments and industries worldwide as a recommended baseline for use by any organization, regardless of sector or size. The NIST Cybersecurity Framework consists of three primary components: the framework core, the profiles, and the implementation tiers. The framework core contains desired cybersecurity activities and outcomes organized into 23 categories that cover the breadth of cybersecurity objectives for an organization. The profiles contain an organization's unique alignment of their organizational requirements and objectives, risk appetite, and resources using the desired outcomes of the framework core. The implementation tiers describe the degree to which an organization’s cybersecurity risk management practices exhibit the characteristics defined in the framework core.;858573892697;us-east-1;2026-09-13 22:26:32.575478;ip_9;Response plans (Incident Response and Business Continuity) and recovery plans (Incident Recovery and Disaster Recovery) are in place and managed.;Protect (PR);Information Protection Processes and Procedures (PR.IP);;aws;;FAIL;S3 Bucket vaultcloud-logs-prod-2024 has versioning disabled.;arn:aws:s3:::vaultcloud-logs-prod-2024;s3_bucket_object_versioning;False;vaultcloud-logs-prod-2024;NIST-CSF;National Institute of Standards and Technology (NIST) Cybersecurity Framework (CSF) v1.1;
aws;The NIST Cybersecurity Framework (CSF) is supported by governments and industries worldwide as a recommended baseline for use by any organization, regardless of sector or size. The NIST Cybersecurity Framework consists of three primary components: the framework core, the profiles, and the implementation tiers. The framework core contains desired cybersecurity activities and outcomes organized into 23 categories that cover the breadth of cybersecurity objectives for an organization. The profiles contain an organization's unique alignment of their organizational requirements and objectives, risk appetite, and resources using the desired outcomes of the framework core. The implementation tiers describe the degree to which an organization’s cybersecurity risk management practices exhibit the characteristics defined in the framework core.;858573892697;us-east-1;2026-09-13 22:26:32.575478;pt_5;Mechanisms (e.g., failsafe, load balancing, hot swap) are implemented to achieve resilience requirements in normal and adverse situations.;Protect (PR);Protective Technology (PR.PT);;aws;;FAIL;S3 Bucket vaultcloud-logs-prod-2024 has versioning disabled.;arn:aws:s3:::vaultcloud-logs-prod-2024;s3_bucket_object_versioning;False;vaultcloud-logs-prod-2024;NIST-CSF;National Institute of Standards and Technology (NIST) Cybersecurity Framework (CSF) v1.1;
aws;The NIST Cybersecurity Framework (CSF) is supported by governments and industries worldwide as a recommended baseline for use by any organization, regardless of sector or size. The NIST Cybersecurity Framework consists of three primary components: the framework core, the profiles, and the implementation tiers. The framework core contains desired cybersecurity activities and outcomes organized into 23 categories that cover the breadth of cybersecurity objectives for an organization. The profiles contain an organization's unique alignment of their organizational requirements and objectives, risk appetite, and resources using the desired outcomes of the framework core. The implementation tiers describe the degree to which an organization’s cybersecurity risk management practices exhibit the characteristics defined in the framework core.;858573892697;us-east-1;2026-09-13 22:26:32.575478;rc_rp_1;Recovery plan is executed during or after a cybersecurity incident.;Recover (RC);Recovery Planning (RC.RP);;aws;;FAIL;S3 Bucket vaultcloud-logs-prod-2024 has versioning disabled.;arn:aws:s3:::vaultcloud-logs-prod-2024;s3_bucket_object_versioning;False;vaultcloud-logs-prod-2024;NIST-CSF;National Institute of Standards and Technology (NIST) Cybersecurity Framework (CSF) v1.1;
aws;The NIST Cybersecurity Framework (CSF) is supported by governments and industries worldwide as a recommended baseline for use by any organization, regardless of sector or size. The NIST Cybersecurity Framework consists of three primary components: the framework core, the profiles, and the implementation tiers. The framework core contains desired cybersecurity activities and outcomes organized into 23 categories that cover the breadth of cybersecurity objectives for an organization. The profiles contain an organization's unique alignment of their organizational requirements and objectives, risk appetite, and resources using the desired outcomes of the framework core. The implementation tiers describe the degree to which an organization’s cybersecurity risk management practices exhibit the characteristics defined in the framework core.;858573892697;us-east-1;2026-09-13 22:26:32.575478;rp_1;Response plan is executed during or after an incident.;Respond (RS);Response Planning (RS.RP);;aws;;FAIL;S3 Bucket vaultcloud-logs-prod-2024 has versioning disabled.;arn:aws:s3:::vaultcloud-logs-prod-2024;s3_bucket_object_versioning;False;vaultcloud-logs-prod-2024;NIST-CSF;National Institute of Standards and Technology (NIST) Cybersecurity Framework (CSF) v1.1;
aws;The NIST Cybersecurity Framework (CSF) is supported by governments and industries worldwide as a recommended baseline for use by any organization, regardless of sector or size. The NIST Cybersecurity Framework consists of three primary components: the framework core, the profiles, and the implementation tiers. The framework core contains desired cybersecurity activities and outcomes organized into 23 categories that cover the breadth of cybersecurity objectives for an organization. The profiles contain an organization's unique alignment of their organizational requirements and objectives, risk appetite, and resources using the desired outcomes of the framework core. The implementation tiers describe the degree to which an organization’s cybersecurity risk management practices exhibit the characteristics defined in the framework core.;858573892697;us-east-1;2026-09-13 22:26:32.575478;be_5;Resilience requirements to support delivery of critical services are established for all operating states (e.g. under duress/attack, during recovery, normal operations);Identify (ID);Business Environment (ID.BE);;aws;;FAIL;S3 Bucket vaultcloud-uploads-prod-2024 has versioning disabled.;arn:aws:s3:::vaultcloud-uploads-prod-2024;s3_bucket_object_versioning;False;vaultcloud-uploads-prod-2024;NIST-CSF;National Institute of Standards and Technology (NIST) Cybersecurity Framework (CSF) v1.1;
aws;The NIST Cybersecurity Framework (CSF) is supported by governments and industries worldwide as a recommended baseline for use by any organization, regardless of sector or size. The NIST Cybersecurity Framework consists of three primary components: the framework core, the profiles, and the implementation tiers. The framework core contains desired cybersecurity activities and outcomes organized into 23 categories that cover the breadth of cybersecurity objectives for an organization. The profiles contain an organization's unique alignment of their organizational requirements and objectives, risk appetite, and resources using the desired outcomes of the framework core. The implementation tiers describe the degree to which an organization’s cybersecurity risk management practices exhibit the characteristics defined in the framework core.;858573892697;us-east-1;2026-09-13 22:26:32.575478;ds_4;Adequate capacity to ensure availability is maintained.;Protect (PR);Data Security (PR.DS);;aws;;FAIL;S3 Bucket vaultcloud-uploads-prod-2024 has versioning disabled.;arn:aws:s3:::vaultcloud-uploads-prod-2024;s3_bucket_object_versioning;False;vaultcloud-uploads-prod-2024;NIST-CSF;National Institute of Standards and Technology (NIST) Cybersecurity Framework (CSF) v1.1;
aws;The NIST Cybersecurity Framework (CSF) is supported by governments and industries worldwide as a recommended baseline for use by any organization, regardless of sector or size. The NIST Cybersecurity Framework consists of three primary components: the framework core, the profiles, and the implementation tiers. The framework core contains desired cybersecurity activities and outcomes organized into 23 categories that cover the breadth of cybersecurity objectives for an organization. The profiles contain an organization's unique alignment of their organizational requirements and objectives, risk appetite, and resources using the desired outcomes of the framework core. The implementation tiers describe the degree to which an organization’s cybersecurity risk management practices exhibit the characteristics defined in the framework core.;858573892697;us-east-1;2026-09-13 22:26:32.575478;ip_4;Backups of information are conducted, maintained, and tested periodically.;Protect (PR);Information Protection Processes and Procedures (PR.IP);;aws;;FAIL;S3 Bucket vaultcloud-uploads-prod-2024 has versioning disabled.;arn:aws:s3:::vaultcloud-uploads-prod-2024;s3_bucket_object_versioning;False;vaultcloud-uploads-prod-2024;NIST-CSF;National Institute of Standards and Technology (NIST) Cybersecurity Framework (CSF) v1.1;
aws;The NIST Cybersecurity Framework (CSF) is supported by governments and industries worldwide as a recommended baseline for use by any organization, regardless of sector or size. The NIST Cybersecurity Framework consists of three primary components: the framework core, the profiles, and the implementation tiers. The framework core contains desired cybersecurity activities and outcomes organized into 23 categories that cover the breadth of cybersecurity objectives for an organization. The profiles contain an organization's unique alignment of their organizational requirements and objectives, risk appetite, and resources using the desired outcomes of the framework core. The implementation tiers describe the degree to which an organization’s cybersecurity risk management practices exhibit the characteristics defined in the framework core.;858573892697;us-east-1;2026-09-13 22:26:32.575478;ip_9;Response plans (Incident Response and Business Continuity) and recovery plans (Incident Recovery and Disaster Recovery) are in place and managed.;Protect (PR);Information Protection Processes and Procedures (PR.IP);;aws;;FAIL;S3 Bucket vaultcloud-uploads-prod-2024 has versioning disabled.;arn:aws:s3:::vaultcloud-uploads-prod-2024;s3_bucket_object_versioning;False;vaultcloud-uploads-prod-2024;NIST-CSF;National Institute of Standards and Technology (NIST) Cybersecurity Framework (CSF) v1.1;
aws;The NIST Cybersecurity Framework (CSF) is supported by governments and industries worldwide as a recommended baseline for use by any organization, regardless of sector or size. The NIST Cybersecurity Framework consists of three primary components: the framework core, the profiles, and the implementation tiers. The framework core contains desired cybersecurity activities and outcomes organized into 23 categories that cover the breadth of cybersecurity objectives for an organization. The profiles contain an organization's unique alignment of their organizational requirements and objectives, risk appetite, and resources using the desired outcomes of the framework core. The implementation tiers describe the degree to which an organization’s cybersecurity risk management practices exhibit the characteristics defined in the framework core.;858573892697;us-east-1;2026-09-13 22:26:32.575478;pt_5;Mechanisms (e.g., failsafe, load balancing, hot swap) are implemented to achieve resilience requirements in normal and adverse situations.;Protect (PR);Protective Technology (PR.PT);;aws;;FAIL;S3 Bucket vaultcloud-uploads-prod-2024 has versioning disabled.;arn:aws:s3:::vaultcloud-uploads-prod-2024;s3_bucket_object_versioning;False;vaultcloud-uploads-prod-2024;NIST-CSF;National Institute of Standards and Technology (NIST) Cybersecurity Framework (CSF) v1.1;
aws;The NIST Cybersecurity Framework (CSF) is supported by governments and industries worldwide as a recommended baseline for use by any organization, regardless of sector or size. The NIST Cybersecurity Framework consists of three primary components: the framework core, the profiles, and the implementation tiers. The framework core contains desired cybersecurity activities and outcomes organized into 23 categories that cover the breadth of cybersecurity objectives for an organization. The profiles contain an organization's unique alignment of their organizational requirements and objectives, risk appetite, and resources using the desired outcomes of the framework core. The implementation tiers describe the degree to which an organization’s cybersecurity risk management practices exhibit the characteristics defined in the framework core.;858573892697;us-east-1;2026-09-13 22:26:32.575478;rc_rp_1;Recovery plan is executed during or after a cybersecurity incident.;Recover (RC);Recovery Planning (RC.RP);;aws;;FAIL;S3 Bucket vaultcloud-uploads-prod-2024 has versioning disabled.;arn:aws:s3:::vaultcloud-uploads-prod-2024;s3_bucket_object_versioning;False;vaultcloud-uploads-prod-2024;NIST-CSF;National Institute of Standards and Technology (NIST) Cybersecurity Framework (CSF) v1.1;
aws;The NIST Cybersecurity Framework (CSF) is supported by governments and industries worldwide as a recommended baseline for use by any organization, regardless of sector or size. The NIST Cybersecurity Framework consists of three primary components: the framework core, the profiles, and the implementation tiers. The framework core contains desired cybersecurity activities and outcomes organized into 23 categories that cover the breadth of cybersecurity objectives for an organization. The profiles contain an organization's unique alignment of their organizational requirements and objectives, risk appetite, and resources using the desired outcomes of the framework core. The implementation tiers describe the degree to which an organization’s cybersecurity risk management practices exhibit the characteristics defined in the framework core.;858573892697;us-east-1;2026-09-13 22:26:32.575478;rp_1;Response plan is executed during or after an incident.;Respond (RS);Response Planning (RS.RP);;aws;;FAIL;S3 Bucket vaultcloud-uploads-prod-2024 has versioning disabled.;arn:aws:s3:::vaultcloud-uploads-prod-2024;s3_bucket_object_versioning;False;vaultcloud-uploads-prod-2024;NIST-CSF;National Institute of Standards and Technology (NIST) Cybersecurity Framework (CSF) v1.1;
aws;The NIST Cybersecurity Framework (CSF) is supported by governments and industries worldwide as a recommended baseline for use by any organization, regardless of sector or size. The NIST Cybersecurity Framework consists of three primary components: the framework core, the profiles, and the implementation tiers. The framework core contains desired cybersecurity activities and outcomes organized into 23 categories that cover the breadth of cybersecurity objectives for an organization. The profiles contain an organization's unique alignment of their organizational requirements and objectives, risk appetite, and resources using the desired outcomes of the framework core. The implementation tiers describe the degree to which an organization’s cybersecurity risk management practices exhibit the characteristics defined in the framework core.;858573892697;us-east-1;2026-09-13 22:26:32.575478;ac_3;Remote access is managed.;Protect (PR);Identity Management and Access Control (PR.AC);;aws;;PASS;S3 Bucket nextwork-website-project-eddieqx does not have a bucket policy.;arn:aws:s3:::nextwork-website-project-eddieqx;s3_bucket_policy_public_write_access;False;nextwork-website-project-eddieqx;NIST-CSF;National Institute of Standards and Technology (NIST) Cybersecurity Framework (CSF) v1.1;
aws;The NIST Cybersecurity Framework (CSF) is supported by governments and industries worldwide as a recommended baseline for use by any organization, regardless of sector or size. The NIST Cybersecurity Framework consists of three primary components: the framework core, the profiles, and the implementation tiers. The framework core contains desired cybersecurity activities and outcomes organized into 23 categories that cover the breadth of cybersecurity objectives for an organization. The profiles contain an organization's unique alignment of their organizational requirements and objectives, risk appetite, and resources using the desired outcomes of the framework core. The implementation tiers describe the degree to which an organization’s cybersecurity risk management practices exhibit the characteristics defined in the framework core.;858573892697;us-east-1;2026-09-13 22:26:32.575478;ac_5;Network integrity is protected (e.g., network segregation, network segmentation).;Protect (PR);Identity Management and Access Control (PR.AC);;aws;;PASS;S3 Bucket nextwork-website-project-eddieqx does not have a bucket policy.;arn:aws:s3:::nextwork-website-project-eddieqx;s3_bucket_policy_public_write_access;False;nextwork-website-project-eddieqx;NIST-CSF;National Institute of Standards and Technology (NIST) Cybersecurity Framework (CSF) v1.1;
aws;The NIST Cybersecurity Framework (CSF) is supported by governments and industries worldwide as a recommended baseline for use by any organization, regardless of sector or size. The NIST Cybersecurity Framework consists of three primary components: the framework core, the profiles, and the implementation tiers. The framework core contains desired cybersecurity activities and outcomes organized into 23 categories that cover the breadth of cybersecurity objectives for an organization. The profiles contain an organization's unique alignment of their organizational requirements and objectives, risk appetite, and resources using the desired outcomes of the framework core. The implementation tiers describe the degree to which an organization’s cybersecurity risk management practices exhibit the characteristics defined in the framework core.;858573892697;us-east-1;2026-09-13 22:26:32.575478;ds_5;Protections against data leaks are implemented.;Protect (PR);Data Security (PR.DS);;aws;;PASS;S3 Bucket nextwork-website-project-eddieqx does not have a bucket policy.;arn:aws:s3:::nextwork-website-project-eddieqx;s3_bucket_policy_public_write_access;False;nextwork-website-project-eddieqx;NIST-CSF;National Institute of Standards and Technology (NIST) Cybersecurity Framework (CSF) v1.1;
aws;The NIST Cybersecurity Framework (CSF) is supported by governments and industries worldwide as a recommended baseline for use by any organization, regardless of sector or size. The NIST Cybersecurity Framework consists of three primary components: the framework core, the profiles, and the implementation tiers. The framework core contains desired cybersecurity activities and outcomes organized into 23 categories that cover the breadth of cybersecurity objectives for an organization. The profiles contain an organization's unique alignment of their organizational requirements and objectives, risk appetite, and resources using the desired outcomes of the framework core. The implementation tiers describe the degree to which an organization’s cybersecurity risk management practices exhibit the characteristics defined in the framework core.;858573892697;us-east-1;2026-09-13 22:26:32.575478;ip_8;Effectiveness of protection technologies is shared.;Protect (PR);Information Protection Processes and Procedures (PR.IP);;aws;;PASS;S3 Bucket nextwork-website-project-eddieqx does not have a bucket policy.;arn:aws:s3:::nextwork-website-project-eddieqx;s3_bucket_policy_public_write_access;False;nextwork-website-project-eddieqx;NIST-CSF;National Institute of Standards and Technology (NIST) Cybersecurity Framework (CSF) v1.1;
aws;The NIST Cybersecurity Framework (CSF) is supported by governments and industries worldwide as a recommended baseline for use by any organization, regardless of sector or size. The NIST Cybersecurity Framework consists of three primary components: the framework core, the profiles, and the implementation tiers. The framework core contains desired cybersecurity activities and outcomes organized into 23 categories that cover the breadth of cybersecurity objectives for an organization. The profiles contain an organization's unique alignment of their organizational requirements and objectives, risk appetite, and resources using the desired outcomes of the framework core. The implementation tiers describe the degree to which an organization’s cybersecurity risk management practices exhibit the characteristics defined in the framework core.;858573892697;us-east-1;2026-09-13 22:26:32.575478;pt_3;The principle of least functionality is incorporated by configuring systems to provide only essential capabilities.;Protect (PR);Protective Technology (PR.PT);;aws;;PASS;S3 Bucket nextwork-website-project-eddieqx does not have a bucket policy.;arn:aws:s3:::nextwork-website-project-eddieqx;s3_bucket_policy_public_write_access;False;nextwork-website-project-eddieqx;NIST-CSF;National Institute of Standards and Technology (NIST) Cybersecurity Framework (CSF) v1.1;
aws;The NIST Cybersecurity Framework (CSF) is supported by governments and industries worldwide as a recommended baseline for use by any organization, regardless of sector or size. The NIST Cybersecurity Framework consists of three primary components: the framework core, the profiles, and the implementation tiers. The framework core contains desired cybersecurity activities and outcomes organized into 23 categories that cover the breadth of cybersecurity objectives for an organization. The profiles contain an organization's unique alignment of their organizational requirements and objectives, risk appetite, and resources using the desired outcomes of the framework core. The implementation tiers describe the degree to which an organization’s cybersecurity risk management practices exhibit the characteristics defined in the framework core.;858573892697;us-east-1;2026-09-13 22:26:32.575478;ac_3;Remote access is managed.;Protect (PR);Identity Management and Access Control (PR.AC);;aws;;PASS;S3 Bucket vaultcloud-logs-prod-2024 does not have a bucket policy.;arn:aws:s3:::vaultcloud-logs-prod-2024;s3_bucket_policy_public_write_access;False;vaultcloud-logs-prod-2024;NIST-CSF;National Institute of Standards and Technology (NIST) Cybersecurity Framework (CSF) v1.1;
aws;The NIST Cybersecurity Framework (CSF) is supported by governments and industries worldwide as a recommended baseline for use by any organization, regardless of sector or size. The NIST Cybersecurity Framework consists of three primary components: the framework core, the profiles, and the implementation tiers. The framework core contains desired cybersecurity activities and outcomes organized into 23 categories that cover the breadth of cybersecurity objectives for an organization. The profiles contain an organization's unique alignment of their organizational requirements and objectives, risk appetite, and resources using the desired outcomes of the framework core. The implementation tiers describe the degree to which an organization’s cybersecurity risk management practices exhibit the characteristics defined in the framework core.;858573892697;us-east-1;2026-09-13 22:26:32.575478;ac_5;Network integrity is protected (e.g., network segregation, network segmentation).;Protect (PR);Identity Management and Access Control (PR.AC);;aws;;PASS;S3 Bucket vaultcloud-logs-prod-2024 does not have a bucket policy.;arn:aws:s3:::vaultcloud-logs-prod-2024;s3_bucket_policy_public_write_access;False;vaultcloud-logs-prod-2024;NIST-CSF;National Institute of Standards and Technology (NIST) Cybersecurity Framework (CSF) v1.1;
aws;The NIST Cybersecurity Framework (CSF) is supported by governments and industries worldwide as a recommended baseline for use by any organization, regardless of sector or size. The NIST Cybersecurity Framework consists of three primary components: the framework core, the profiles, and the implementation tiers. The framework core contains desired cybersecurity activities and outcomes organized into 23 categories that cover the breadth of cybersecurity objectives for an organization. The profiles contain an organization's unique alignment of their organizational requirements and objectives, risk appetite, and resources using the desired outcomes of the framework core. The implementation tiers describe the degree to which an organization’s cybersecurity risk management practices exhibit the characteristics defined in the framework core.;858573892697;us-east-1;2026-09-13 22:26:32.575478;ds_5;Protections against data leaks are implemented.;Protect (PR);Data Security (PR.DS);;aws;;PASS;S3 Bucket vaultcloud-logs-prod-2024 does not have a bucket policy.;arn:aws:s3:::vaultcloud-logs-prod-2024;s3_bucket_policy_public_write_access;False;vaultcloud-logs-prod-2024;NIST-CSF;National Institute of Standards and Technology (NIST) Cybersecurity Framework (CSF) v1.1;
aws;The NIST Cybersecurity Framework (CSF) is supported by governments and industries worldwide as a recommended baseline for use by any organization, regardless of sector or size. The NIST Cybersecurity Framework consists of three primary components: the framework core, the profiles, and the implementation tiers. The framework core contains desired cybersecurity activities and outcomes organized into 23 categories that cover the breadth of cybersecurity objectives for an organization. The profiles contain an organization's unique alignment of their organizational requirements and objectives, risk appetite, and resources using the desired outcomes of the framework core. The implementation tiers describe the degree to which an organization’s cybersecurity risk management practices exhibit the characteristics defined in the framework core.;858573892697;us-east-1;2026-09-13 22:26:32.575478;ip_8;Effectiveness of protection technologies is shared.;Protect (PR);Information Protection Processes and Procedures (PR.IP);;aws;;PASS;S3 Bucket vaultcloud-logs-prod-2024 does not have a bucket policy.;arn:aws:s3:::vaultcloud-logs-prod-2024;s3_bucket_policy_public_write_access;False;vaultcloud-logs-prod-2024;NIST-CSF;National Institute of Standards and Technology (NIST) Cybersecurity Framework (CSF) v1.1;
aws;The NIST Cybersecurity Framework (CSF) is supported by governments and industries worldwide as a recommended baseline for use by any organization, regardless of sector or size. The NIST Cybersecurity Framework consists of three primary components: the framework core, the profiles, and the implementation tiers. The framework core contains desired cybersecurity activities and outcomes organized into 23 categories that cover the breadth of cybersecurity objectives for an organization. The profiles contain an organization's unique alignment of their organizational requirements and objectives, risk appetite, and resources using the desired outcomes of the framework core. The implementation tiers describe the degree to which an organization’s cybersecurity risk management practices exhibit the characteristics defined in the framework core.;858573892697;us-east-1;2026-09-13 22:26:32.575478;pt_3;The principle of least functionality is incorporated by configuring systems to provide only essential capabilities.;Protect (PR);Protective Technology (PR.PT);;aws;;PASS;S3 Bucket vaultcloud-logs-prod-2024 does not have a bucket policy.;arn:aws:s3:::vaultcloud-logs-prod-2024;s3_bucket_policy_public_write_access;False;vaultcloud-logs-prod-2024;NIST-CSF;National Institute of Standards and Technology (NIST) Cybersecurity Framework (CSF) v1.1;
aws;The NIST Cybersecurity Framework (CSF) is supported by governments and industries worldwide as a recommended baseline for use by any organization, regardless of sector or size. The NIST Cybersecurity Framework consists of three primary components: the framework core, the profiles, and the implementation tiers. The framework core contains desired cybersecurity activities and outcomes organized into 23 categories that cover the breadth of cybersecurity objectives for an organization. The profiles contain an organization's unique alignment of their organizational requirements and objectives, risk appetite, and resources using the desired outcomes of the framework core. The implementation tiers describe the degree to which an organization’s cybersecurity risk management practices exhibit the characteristics defined in the framework core.;858573892697;us-east-1;2026-09-13 22:26:32.575478;ac_3;Remote access is managed.;Protect (PR);Identity Management and Access Control (PR.AC);;aws;;PASS;S3 Bucket vaultcloud-uploads-prod-2024 does not have a bucket policy.;arn:aws:s3:::vaultcloud-uploads-prod-2024;s3_bucket_policy_public_write_access;False;vaultcloud-uploads-prod-2024;NIST-CSF;National Institute of Standards and Technology (NIST) Cybersecurity Framework (CSF) v1.1;
aws;The NIST Cybersecurity Framework (CSF) is supported by governments and industries worldwide as a recommended baseline for use by any organization, regardless of sector or size. The NIST Cybersecurity Framework consists of three primary components: the framework core, the profiles, and the implementation tiers. The framework core contains desired cybersecurity activities and outcomes organized into 23 categories that cover the breadth of cybersecurity objectives for an organization. The profiles contain an organization's unique alignment of their organizational requirements and objectives, risk appetite, and resources using the desired outcomes of the framework core. The implementation tiers describe the degree to which an organization’s cybersecurity risk management practices exhibit the characteristics defined in the framework core.;858573892697;us-east-1;2026-09-13 22:26:32.575478;ac_5;Network integrity is protected (e.g., network segregation, network segmentation).;Protect (PR);Identity Management and Access Control (PR.AC);;aws;;PASS;S3 Bucket vaultcloud-uploads-prod-2024 does not have a bucket policy.;arn:aws:s3:::vaultcloud-uploads-prod-2024;s3_bucket_policy_public_write_access;False;vaultcloud-uploads-prod-2024;NIST-CSF;National Institute of Standards and Technology (NIST) Cybersecurity Framework (CSF) v1.1;
aws;The NIST Cybersecurity Framework (CSF) is supported by governments and industries worldwide as a recommended baseline for use by any organization, regardless of sector or size. The NIST Cybersecurity Framework consists of three primary components: the framework core, the profiles, and the implementation tiers. The framework core contains desired cybersecurity activities and outcomes organized into 23 categories that cover the breadth of cybersecurity objectives for an organization. The profiles contain an organization's unique alignment of their organizational requirements and objectives, risk appetite, and resources using the desired outcomes of the framework core. The implementation tiers describe the degree to which an organization’s cybersecurity risk management practices exhibit the characteristics defined in the framework core.;858573892697;us-east-1;2026-09-13 22:26:32.575478;ds_5;Protections against data leaks are implemented.;Protect (PR);Data Security (PR.DS);;aws;;PASS;S3 Bucket vaultcloud-uploads-prod-2024 does not have a bucket policy.;arn:aws:s3:::vaultcloud-uploads-prod-2024;s3_bucket_policy_public_write_access;False;vaultcloud-uploads-prod-2024;NIST-CSF;National Institute of Standards and Technology (NIST) Cybersecurity Framework (CSF) v1.1;
aws;The NIST Cybersecurity Framework (CSF) is supported by governments and industries worldwide as a recommended baseline for use by any organization, regardless of sector or size. The NIST Cybersecurity Framework consists of three primary components: the framework core, the profiles, and the implementation tiers. The framework core contains desired cybersecurity activities and outcomes organized into 23 categories that cover the breadth of cybersecurity objectives for an organization. The profiles contain an organization's unique alignment of their organizational requirements and objectives, risk appetite, and resources using the desired outcomes of the framework core. The implementation tiers describe the degree to which an organization’s cybersecurity risk management practices exhibit the characteristics defined in the framework core.;858573892697;us-east-1;2026-09-13 22:26:32.575478;ip_8;Effectiveness of protection technologies is shared.;Protect (PR);Information Protection Processes and Procedures (PR.IP);;aws;;PASS;S3 Bucket vaultcloud-uploads-prod-2024 does not have a bucket policy.;arn:aws:s3:::vaultcloud-uploads-prod-2024;s3_bucket_policy_public_write_access;False;vaultcloud-uploads-prod-2024;NIST-CSF;National Institute of Standards and Technology (NIST) Cybersecurity Framework (CSF) v1.1;
aws;The NIST Cybersecurity Framework (CSF) is supported by governments and industries worldwide as a recommended baseline for use by any organization, regardless of sector or size. The NIST Cybersecurity Framework consists of three primary components: the framework core, the profiles, and the implementation tiers. The framework core contains desired cybersecurity activities and outcomes organized into 23 categories that cover the breadth of cybersecurity objectives for an organization. The profiles contain an organization's unique alignment of their organizational requirements and objectives, risk appetite, and resources using the desired outcomes of the framework core. The implementation tiers describe the degree to which an organization’s cybersecurity risk management practices exhibit the characteristics defined in the framework core.;858573892697;us-east-1;2026-09-13 22:26:32.575478;pt_3;The principle of least functionality is incorporated by configuring systems to provide only essential capabilities.;Protect (PR);Protective Technology (PR.PT);;aws;;PASS;S3 Bucket vaultcloud-uploads-prod-2024 does not have a bucket policy.;arn:aws:s3:::vaultcloud-uploads-prod-2024;s3_bucket_policy_public_write_access;False;vaultcloud-uploads-prod-2024;NIST-CSF;National Institute of Standards and Technology (NIST) Cybersecurity Framework (CSF) v1.1;
aws;The NIST Cybersecurity Framework (CSF) is supported by governments and industries worldwide as a recommended baseline for use by any organization, regardless of sector or size. The NIST Cybersecurity Framework consists of three primary components: the framework core, the profiles, and the implementation tiers. The framework core contains desired cybersecurity activities and outcomes organized into 23 categories that cover the breadth of cybersecurity objectives for an organization. The profiles contain an organization's unique alignment of their organizational requirements and objectives, risk appetite, and resources using the desired outcomes of the framework core. The implementation tiers describe the degree to which an organization’s cybersecurity risk management practices exhibit the characteristics defined in the framework core.;858573892697;us-east-1;2026-09-13 22:26:32.575478;ac_3;Remote access is managed.;Protect (PR);Identity Management and Access Control (PR.AC);;aws;;PASS;S3 Bucket nextwork-website-project-eddieqx is not public.;arn:aws:s3:::nextwork-website-project-eddieqx;s3_bucket_public_access;False;nextwork-website-project-eddieqx;NIST-CSF;National Institute of Standards and Technology (NIST) Cybersecurity Framework (CSF) v1.1;
aws;The NIST Cybersecurity Framework (CSF) is supported by governments and industries worldwide as a recommended baseline for use by any organization, regardless of sector or size. The NIST Cybersecurity Framework consists of three primary components: the framework core, the profiles, and the implementation tiers. The framework core contains desired cybersecurity activities and outcomes organized into 23 categories that cover the breadth of cybersecurity objectives for an organization. The profiles contain an organization's unique alignment of their organizational requirements and objectives, risk appetite, and resources using the desired outcomes of the framework core. The implementation tiers describe the degree to which an organization’s cybersecurity risk management practices exhibit the characteristics defined in the framework core.;858573892697;us-east-1;2026-09-13 22:26:32.575478;ac_5;Network integrity is protected (e.g., network segregation, network segmentation).;Protect (PR);Identity Management and Access Control (PR.AC);;aws;;PASS;S3 Bucket nextwork-website-project-eddieqx is not public.;arn:aws:s3:::nextwork-website-project-eddieqx;s3_bucket_public_access;False;nextwork-website-project-eddieqx;NIST-CSF;National Institute of Standards and Technology (NIST) Cybersecurity Framework (CSF) v1.1;
aws;The NIST Cybersecurity Framework (CSF) is supported by governments and industries worldwide as a recommended baseline for use by any organization, regardless of sector or size. The NIST Cybersecurity Framework consists of three primary components: the framework core, the profiles, and the implementation tiers. The framework core contains desired cybersecurity activities and outcomes organized into 23 categories that cover the breadth of cybersecurity objectives for an organization. The profiles contain an organization's unique alignment of their organizational requirements and objectives, risk appetite, and resources using the desired outcomes of the framework core. The implementation tiers describe the degree to which an organization’s cybersecurity risk management practices exhibit the characteristics defined in the framework core.;858573892697;us-east-1;2026-09-13 22:26:32.575478;ds_5;Protections against data leaks are implemented.;Protect (PR);Data Security (PR.DS);;aws;;PASS;S3 Bucket nextwork-website-project-eddieqx is not public.;arn:aws:s3:::nextwork-website-project-eddieqx;s3_bucket_public_access;False;nextwork-website-project-eddieqx;NIST-CSF;National Institute of Standards and Technology (NIST) Cybersecurity Framework (CSF) v1.1;
aws;The NIST Cybersecurity Framework (CSF) is supported by governments and industries worldwide as a recommended baseline for use by any organization, regardless of sector or size. The NIST Cybersecurity Framework consists of three primary components: the framework core, the profiles, and the implementation tiers. The framework core contains desired cybersecurity activities and outcomes organized into 23 categories that cover the breadth of cybersecurity objectives for an organization. The profiles contain an organization's unique alignment of their organizational requirements and objectives, risk appetite, and resources using the desired outcomes of the framework core. The implementation tiers describe the degree to which an organization’s cybersecurity risk management practices exhibit the characteristics defined in the framework core.;858573892697;us-east-1;2026-09-13 22:26:32.575478;ip_8;Effectiveness of protection technologies is shared.;Protect (PR);Information Protection Processes and Procedures (PR.IP);;aws;;PASS;S3 Bucket nextwork-website-project-eddieqx is not public.;arn:aws:s3:::nextwork-website-project-eddieqx;s3_bucket_public_access;False;nextwork-website-project-eddieqx;NIST-CSF;National Institute of Standards and Technology (NIST) Cybersecurity Framework (CSF) v1.1;
aws;The NIST Cybersecurity Framework (CSF) is supported by governments and industries worldwide as a recommended baseline for use by any organization, regardless of sector or size. The NIST Cybersecurity Framework consists of three primary components: the framework core, the profiles, and the implementation tiers. The framework core contains desired cybersecurity activities and outcomes organized into 23 categories that cover the breadth of cybersecurity objectives for an organization. The profiles contain an organization's unique alignment of their organizational requirements and objectives, risk appetite, and resources using the desired outcomes of the framework core. The implementation tiers describe the degree to which an organization’s cybersecurity risk management practices exhibit the characteristics defined in the framework core.;858573892697;us-east-1;2026-09-13 22:26:32.575478;pt_3;The principle of least functionality is incorporated by configuring systems to provide only essential capabilities.;Protect (PR);Protective Technology (PR.PT);;aws;;PASS;S3 Bucket nextwork-website-project-eddieqx is not public.;arn:aws:s3:::nextwork-website-project-eddieqx;s3_bucket_public_access;False;nextwork-website-project-eddieqx;NIST-CSF;National Institute of Standards and Technology (NIST) Cybersecurity Framework (CSF) v1.1;
aws;The NIST Cybersecurity Framework (CSF) is supported by governments and industries worldwide as a recommended baseline for use by any organization, regardless of sector or size. The NIST Cybersecurity Framework consists of three primary components: the framework core, the profiles, and the implementation tiers. The framework core contains desired cybersecurity activities and outcomes organized into 23 categories that cover the breadth of cybersecurity objectives for an organization. The profiles contain an organization's unique alignment of their organizational requirements and objectives, risk appetite, and resources using the desired outcomes of the framework core. The implementation tiers describe the degree to which an organization’s cybersecurity risk management practices exhibit the characteristics defined in the framework core.;858573892697;us-east-1;2026-09-13 22:26:32.575478;ac_3;Remote access is managed.;Protect (PR);Identity Management and Access Control (PR.AC);;aws;;PASS;S3 Bucket vaultcloud-logs-prod-2024 is not public.;arn:aws:s3:::vaultcloud-logs-prod-2024;s3_bucket_public_access;False;vaultcloud-logs-prod-2024;NIST-CSF;National Institute of Standards and Technology (NIST) Cybersecurity Framework (CSF) v1.1;
aws;The NIST Cybersecurity Framework (CSF) is supported by governments and industries worldwide as a recommended baseline for use by any organization, regardless of sector or size. The NIST Cybersecurity Framework consists of three primary components: the framework core, the profiles, and the implementation tiers. The framework core contains desired cybersecurity activities and outcomes organized into 23 categories that cover the breadth of cybersecurity objectives for an organization. The profiles contain an organization's unique alignment of their organizational requirements and objectives, risk appetite, and resources using the desired outcomes of the framework core. The implementation tiers describe the degree to which an organization’s cybersecurity risk management practices exhibit the characteristics defined in the framework core.;858573892697;us-east-1;2026-09-13 22:26:32.575478;ac_5;Network integrity is protected (e.g., network segregation, network segmentation).;Protect (PR);Identity Management and Access Control (PR.AC);;aws;;PASS;S3 Bucket vaultcloud-logs-prod-2024 is not public.;arn:aws:s3:::vaultcloud-logs-prod-2024;s3_bucket_public_access;False;vaultcloud-logs-prod-2024;NIST-CSF;National Institute of Standards and Technology (NIST) Cybersecurity Framework (CSF) v1.1;
aws;The NIST Cybersecurity Framework (CSF) is supported by governments and industries worldwide as a recommended baseline for use by any organization, regardless of sector or size. The NIST Cybersecurity Framework consists of three primary components: the framework core, the profiles, and the implementation tiers. The framework core contains desired cybersecurity activities and outcomes organized into 23 categories that cover the breadth of cybersecurity objectives for an organization. The profiles contain an organization's unique alignment of their organizational requirements and objectives, risk appetite, and resources using the desired outcomes of the framework core. The implementation tiers describe the degree to which an organization’s cybersecurity risk management practices exhibit the characteristics defined in the framework core.;858573892697;us-east-1;2026-09-13 22:26:32.575478;ds_5;Protections against data leaks are implemented.;Protect (PR);Data Security (PR.DS);;aws;;PASS;S3 Bucket vaultcloud-logs-prod-2024 is not public.;arn:aws:s3:::vaultcloud-logs-prod-2024;s3_bucket_public_access;False;vaultcloud-logs-prod-2024;NIST-CSF;National Institute of Standards and Technology (NIST) Cybersecurity Framework (CSF) v1.1;
aws;The NIST Cybersecurity Framework (CSF) is supported by governments and industries worldwide as a recommended baseline for use by any organization, regardless of sector or size. The NIST Cybersecurity Framework consists of three primary components: the framework core, the profiles, and the implementation tiers. The framework core contains desired cybersecurity activities and outcomes organized into 23 categories that cover the breadth of cybersecurity objectives for an organization. The profiles contain an organization's unique alignment of their organizational requirements and objectives, risk appetite, and resources using the desired outcomes of the framework core. The implementation tiers describe the degree to which an organization’s cybersecurity risk management practices exhibit the characteristics defined in the framework core.;858573892697;us-east-1;2026-09-13 22:26:32.575478;ip_8;Effectiveness of protection technologies is shared.;Protect (PR);Information Protection Processes and Procedures (PR.IP);;aws;;PASS;S3 Bucket vaultcloud-logs-prod-2024 is not public.;arn:aws:s3:::vaultcloud-logs-prod-2024;s3_bucket_public_access;False;vaultcloud-logs-prod-2024;NIST-CSF;National Institute of Standards and Technology (NIST) Cybersecurity Framework (CSF) v1.1;
aws;The NIST Cybersecurity Framework (CSF) is supported by governments and industries worldwide as a recommended baseline for use by any organization, regardless of sector or size. The NIST Cybersecurity Framework consists of three primary components: the framework core, the profiles, and the implementation tiers. The framework core contains desired cybersecurity activities and outcomes organized into 23 categories that cover the breadth of cybersecurity objectives for an organization. The profiles contain an organization's unique alignment of their organizational requirements and objectives, risk appetite, and resources using the desired outcomes of the framework core. The implementation tiers describe the degree to which an organization’s cybersecurity risk management practices exhibit the characteristics defined in the framework core.;858573892697;us-east-1;2026-09-13 22:26:32.575478;pt_3;The principle of least functionality is incorporated by configuring systems to provide only essential capabilities.;Protect (PR);Protective Technology (PR.PT);;aws;;PASS;S3 Bucket vaultcloud-logs-prod-2024 is not public.;arn:aws:s3:::vaultcloud-logs-prod-2024;s3_bucket_public_access;False;vaultcloud-logs-prod-2024;NIST-CSF;National Institute of Standards and Technology (NIST) Cybersecurity Framework (CSF) v1.1;
aws;The NIST Cybersecurity Framework (CSF) is supported by governments and industries worldwide as a recommended baseline for use by any organization, regardless of sector or size. The NIST Cybersecurity Framework consists of three primary components: the framework core, the profiles, and the implementation tiers. The framework core contains desired cybersecurity activities and outcomes organized into 23 categories that cover the breadth of cybersecurity objectives for an organization. The profiles contain an organization's unique alignment of their organizational requirements and objectives, risk appetite, and resources using the desired outcomes of the framework core. The implementation tiers describe the degree to which an organization’s cybersecurity risk management practices exhibit the characteristics defined in the framework core.;858573892697;us-east-1;2026-09-13 22:26:32.575478;ac_3;Remote access is managed.;Protect (PR);Identity Management and Access Control (PR.AC);;aws;;PASS;S3 Bucket vaultcloud-uploads-prod-2024 is not public.;arn:aws:s3:::vaultcloud-uploads-prod-2024;s3_bucket_public_access;False;vaultcloud-uploads-prod-2024;NIST-CSF;National Institute of Standards and Technology (NIST) Cybersecurity Framework (CSF) v1.1;
aws;The NIST Cybersecurity Framework (CSF) is supported by governments and industries worldwide as a recommended baseline for use by any organization, regardless of sector or size. The NIST Cybersecurity Framework consists of three primary components: the framework core, the profiles, and the implementation tiers. The framework core contains desired cybersecurity activities and outcomes organized into 23 categories that cover the breadth of cybersecurity objectives for an organization. The profiles contain an organization's unique alignment of their organizational requirements and objectives, risk appetite, and resources using the desired outcomes of the framework core. The implementation tiers describe the degree to which an organization’s cybersecurity risk management practices exhibit the characteristics defined in the framework core.;858573892697;us-east-1;2026-09-13 22:26:32.575478;ac_5;Network integrity is protected (e.g., network segregation, network segmentation).;Protect (PR);Identity Management and Access Control (PR.AC);;aws;;PASS;S3 Bucket vaultcloud-uploads-prod-2024 is not public.;arn:aws:s3:::vaultcloud-uploads-prod-2024;s3_bucket_public_access;False;vaultcloud-uploads-prod-2024;NIST-CSF;National Institute of Standards and Technology (NIST) Cybersecurity Framework (CSF) v1.1;
aws;The NIST Cybersecurity Framework (CSF) is supported by governments and industries worldwide as a recommended baseline for use by any organization, regardless of sector or size. The NIST Cybersecurity Framework consists of three primary components: the framework core, the profiles, and the implementation tiers. The framework core contains desired cybersecurity activities and outcomes organized into 23 categories that cover the breadth of cybersecurity objectives for an organization. The profiles contain an organization's unique alignment of their organizational requirements and objectives, risk appetite, and resources using the desired outcomes of the framework core. The implementation tiers describe the degree to which an organization’s cybersecurity risk management practices exhibit the characteristics defined in the framework core.;858573892697;us-east-1;2026-09-13 22:26:32.575478;ds_5;Protections against data leaks are implemented.;Protect (PR);Data Security (PR.DS);;aws;;PASS;S3 Bucket vaultcloud-uploads-prod-2024 is not public.;arn:aws:s3:::vaultcloud-uploads-prod-2024;s3_bucket_public_access;False;vaultcloud-uploads-prod-2024;NIST-CSF;National Institute of Standards and Technology (NIST) Cybersecurity Framework (CSF) v1.1;
aws;The NIST Cybersecurity Framework (CSF) is supported by governments and industries worldwide as a recommended baseline for use by any organization, regardless of sector or size. The NIST Cybersecurity Framework consists of three primary components: the framework core, the profiles, and the implementation tiers. The framework core contains desired cybersecurity activities and outcomes organized into 23 categories that cover the breadth of cybersecurity objectives for an organization. The profiles contain an organization's unique alignment of their organizational requirements and objectives, risk appetite, and resources using the desired outcomes of the framework core. The implementation tiers describe the degree to which an organization’s cybersecurity risk management practices exhibit the characteristics defined in the framework core.;858573892697;us-east-1;2026-09-13 22:26:32.575478;ip_8;Effectiveness of protection technologies is shared.;Protect (PR);Information Protection Processes and Procedures (PR.IP);;aws;;PASS;S3 Bucket vaultcloud-uploads-prod-2024 is not public.;arn:aws:s3:::vaultcloud-uploads-prod-2024;s3_bucket_public_access;False;vaultcloud-uploads-prod-2024;NIST-CSF;National Institute of Standards and Technology (NIST) Cybersecurity Framework (CSF) v1.1;
aws;The NIST Cybersecurity Framework (CSF) is supported by governments and industries worldwide as a recommended baseline for use by any organization, regardless of sector or size. The NIST Cybersecurity Framework consists of three primary components: the framework core, the profiles, and the implementation tiers. The framework core contains desired cybersecurity activities and outcomes organized into 23 categories that cover the breadth of cybersecurity objectives for an organization. The profiles contain an organization's unique alignment of their organizational requirements and objectives, risk appetite, and resources using the desired outcomes of the framework core. The implementation tiers describe the degree to which an organization’s cybersecurity risk management practices exhibit the characteristics defined in the framework core.;858573892697;us-east-1;2026-09-13 22:26:32.575478;pt_3;The principle of least functionality is incorporated by configuring systems to provide only essential capabilities.;Protect (PR);Protective Technology (PR.PT);;aws;;PASS;S3 Bucket vaultcloud-uploads-prod-2024 is not public.;arn:aws:s3:::vaultcloud-uploads-prod-2024;s3_bucket_public_access;False;vaultcloud-uploads-prod-2024;NIST-CSF;National Institute of Standards and Technology (NIST) Cybersecurity Framework (CSF) v1.1;
aws;The NIST Cybersecurity Framework (CSF) is supported by governments and industries worldwide as a recommended baseline for use by any organization, regardless of sector or size. The NIST Cybersecurity Framework consists of three primary components: the framework core, the profiles, and the implementation tiers. The framework core contains desired cybersecurity activities and outcomes organized into 23 categories that cover the breadth of cybersecurity objectives for an organization. The profiles contain an organization's unique alignment of their organizational requirements and objectives, risk appetite, and resources using the desired outcomes of the framework core. The implementation tiers describe the degree to which an organization’s cybersecurity risk management practices exhibit the characteristics defined in the framework core.;858573892697;us-east-1;2026-09-13 22:26:32.575478;ds_2;Data-in-transit is protected.;Protect (PR);Data Security (PR.DS);;aws;;FAIL;S3 Bucket nextwork-website-project-eddieqx does not have a bucket policy, thus it allows HTTP requests.;arn:aws:s3:::nextwork-website-project-eddieqx;s3_bucket_secure_transport_policy;False;nextwork-website-project-eddieqx;NIST-CSF;National Institute of Standards and Technology (NIST) Cybersecurity Framework (CSF) v1.1;
aws;The NIST Cybersecurity Framework (CSF) is supported by governments and industries worldwide as a recommended baseline for use by any organization, regardless of sector or size. The NIST Cybersecurity Framework consists of three primary components: the framework core, the profiles, and the implementation tiers. The framework core contains desired cybersecurity activities and outcomes organized into 23 categories that cover the breadth of cybersecurity objectives for an organization. The profiles contain an organization's unique alignment of their organizational requirements and objectives, risk appetite, and resources using the desired outcomes of the framework core. The implementation tiers describe the degree to which an organization’s cybersecurity risk management practices exhibit the characteristics defined in the framework core.;858573892697;us-east-1;2026-09-13 22:26:32.575478;ds_2;Data-in-transit is protected.;Protect (PR);Data Security (PR.DS);;aws;;FAIL;S3 Bucket vaultcloud-logs-prod-2024 does not have a bucket policy, thus it allows HTTP requests.;arn:aws:s3:::vaultcloud-logs-prod-2024;s3_bucket_secure_transport_policy;False;vaultcloud-logs-prod-2024;NIST-CSF;National Institute of Standards and Technology (NIST) Cybersecurity Framework (CSF) v1.1;
aws;The NIST Cybersecurity Framework (CSF) is supported by governments and industries worldwide as a recommended baseline for use by any organization, regardless of sector or size. The NIST Cybersecurity Framework consists of three primary components: the framework core, the profiles, and the implementation tiers. The framework core contains desired cybersecurity activities and outcomes organized into 23 categories that cover the breadth of cybersecurity objectives for an organization. The profiles contain an organization's unique alignment of their organizational requirements and objectives, risk appetite, and resources using the desired outcomes of the framework core. The implementation tiers describe the degree to which an organization’s cybersecurity risk management practices exhibit the characteristics defined in the framework core.;858573892697;us-east-1;2026-09-13 22:26:32.575478;ds_2;Data-in-transit is protected.;Protect (PR);Data Security (PR.DS);;aws;;FAIL;S3 Bucket vaultcloud-uploads-prod-2024 does not have a bucket policy, thus it allows HTTP requests.;arn:aws:s3:::vaultcloud-uploads-prod-2024;s3_bucket_secure_transport_policy;False;vaultcloud-uploads-prod-2024;NIST-CSF;National Institute of Standards and Technology (NIST) Cybersecurity Framework (CSF) v1.1;
aws;The NIST Cybersecurity Framework (CSF) is supported by governments and industries worldwide as a recommended baseline for use by any organization, regardless of sector or size. The NIST Cybersecurity Framework consists of three primary components: the framework core, the profiles, and the implementation tiers. The framework core contains desired cybersecurity activities and outcomes organized into 23 categories that cover the breadth of cybersecurity objectives for an organization. The profiles contain an organization's unique alignment of their organizational requirements and objectives, risk appetite, and resources using the desired outcomes of the framework core. The implementation tiers describe the degree to which an organization’s cybersecurity risk management practices exhibit the characteristics defined in the framework core.;858573892697;us-east-1;2026-09-13 22:26:32.575478;ae_1;A baseline of network operations and expected data flows for users and systems is established and managed.;Detect (DE);Anomalies and Events (DE.AE);;aws;;FAIL;S3 Bucket nextwork-website-project-eddieqx has server access logging disabled.;arn:aws:s3:::nextwork-website-project-eddieqx;s3_bucket_server_access_logging_enabled;False;nextwork-website-project-eddieqx;NIST-CSF;National Institute of Standards and Technology (NIST) Cybersecurity Framework (CSF) v1.1;
aws;The NIST Cybersecurity Framework (CSF) is supported by governments and industries worldwide as a recommended baseline for use by any organization, regardless of sector or size. The NIST Cybersecurity Framework consists of three primary components: the framework core, the profiles, and the implementation tiers. The framework core contains desired cybersecurity activities and outcomes organized into 23 categories that cover the breadth of cybersecurity objectives for an organization. The profiles contain an organization's unique alignment of their organizational requirements and objectives, risk appetite, and resources using the desired outcomes of the framework core. The implementation tiers describe the degree to which an organization’s cybersecurity risk management practices exhibit the characteristics defined in the framework core.;858573892697;us-east-1;2026-09-13 22:26:32.575478;ae_3;Event data are collected and correlated from multiple sources and sensors.;Detect (DE);Anomalies and Events (DE.AE);;aws;;FAIL;S3 Bucket nextwork-website-project-eddieqx has server access logging disabled.;arn:aws:s3:::nextwork-website-project-eddieqx;s3_bucket_server_access_logging_enabled;False;nextwork-website-project-eddieqx;NIST-CSF;National Institute of Standards and Technology (NIST) Cybersecurity Framework (CSF) v1.1;
aws;The NIST Cybersecurity Framework (CSF) is supported by governments and industries worldwide as a recommended baseline for use by any organization, regardless of sector or size. The NIST Cybersecurity Framework consists of three primary components: the framework core, the profiles, and the implementation tiers. The framework core contains desired cybersecurity activities and outcomes organized into 23 categories that cover the breadth of cybersecurity objectives for an organization. The profiles contain an organization's unique alignment of their organizational requirements and objectives, risk appetite, and resources using the desired outcomes of the framework core. The implementation tiers describe the degree to which an organization’s cybersecurity risk management practices exhibit the characteristics defined in the framework core.;858573892697;us-east-1;2026-09-13 22:26:32.575478;ae_4;Impact of events is determined.;Detect (DE);Anomalies and Events (DE.AE);;aws;;FAIL;S3 Bucket nextwork-website-project-eddieqx has server access logging disabled.;arn:aws:s3:::nextwork-website-project-eddieqx;s3_bucket_server_access_logging_enabled;False;nextwork-website-project-eddieqx;NIST-CSF;National Institute of Standards and Technology (NIST) Cybersecurity Framework (CSF) v1.1;
aws;The NIST Cybersecurity Framework (CSF) is supported by governments and industries worldwide as a recommended baseline for use by any organization, regardless of sector or size. The NIST Cybersecurity Framework consists of three primary components: the framework core, the profiles, and the implementation tiers. The framework core contains desired cybersecurity activities and outcomes organized into 23 categories that cover the breadth of cybersecurity objectives for an organization. The profiles contain an organization's unique alignment of their organizational requirements and objectives, risk appetite, and resources using the desired outcomes of the framework core. The implementation tiers describe the degree to which an organization’s cybersecurity risk management practices exhibit the characteristics defined in the framework core.;858573892697;us-east-1;2026-09-13 22:26:32.575478;cm_1;The network is monitored to detect potential cybersecurity events.;Detect (DE);Security Continuous Monitoring (DE.CM);;aws;;FAIL;S3 Bucket nextwork-website-project-eddieqx has server access logging disabled.;arn:aws:s3:::nextwork-website-project-eddieqx;s3_bucket_server_access_logging_enabled;False;nextwork-website-project-eddieqx;NIST-CSF;National Institute of Standards and Technology (NIST) Cybersecurity Framework (CSF) v1.1;
aws;The NIST Cybersecurity Framework (CSF) is supported by governments and industries worldwide as a recommended baseline for use by any organization, regardless of sector or size. The NIST Cybersecurity Framework consists of three primary components: the framework core, the profiles, and the implementation tiers. The framework core contains desired cybersecurity activities and outcomes organized into 23 categories that cover the breadth of cybersecurity objectives for an organization. The profiles contain an organization's unique alignment of their organizational requirements and objectives, risk appetite, and resources using the desired outcomes of the framework core. The implementation tiers describe the degree to which an organization’s cybersecurity risk management practices exhibit the characteristics defined in the framework core.;858573892697;us-east-1;2026-09-13 22:26:32.575478;cm_3;Personnel activity is monitored to detect potential cybersecurity events.;Detect (DE);Security Continuous Monitoring (DE.CM);;aws;;FAIL;S3 Bucket nextwork-website-project-eddieqx has server access logging disabled.;arn:aws:s3:::nextwork-website-project-eddieqx;s3_bucket_server_access_logging_enabled;False;nextwork-website-project-eddieqx;NIST-CSF;National Institute of Standards and Technology (NIST) Cybersecurity Framework (CSF) v1.1;
aws;The NIST Cybersecurity Framework (CSF) is supported by governments and industries worldwide as a recommended baseline for use by any organization, regardless of sector or size. The NIST Cybersecurity Framework consists of three primary components: the framework core, the profiles, and the implementation tiers. The framework core contains desired cybersecurity activities and outcomes organized into 23 categories that cover the breadth of cybersecurity objectives for an organization. The profiles contain an organization's unique alignment of their organizational requirements and objectives, risk appetite, and resources using the desired outcomes of the framework core. The implementation tiers describe the degree to which an organization’s cybersecurity risk management practices exhibit the characteristics defined in the framework core.;858573892697;us-east-1;2026-09-13 22:26:32.575478;cm_6;External service provider activity is monitored to detect potential cybersecurity events.;Detect (DE);Security Continuous Monitoring (DE.CM);;aws;;FAIL;S3 Bucket nextwork-website-project-eddieqx has server access logging disabled.;arn:aws:s3:::nextwork-website-project-eddieqx;s3_bucket_server_access_logging_enabled;False;nextwork-website-project-eddieqx;NIST-CSF;National Institute of Standards and Technology (NIST) Cybersecurity Framework (CSF) v1.1;
aws;The NIST Cybersecurity Framework (CSF) is supported by governments and industries worldwide as a recommended baseline for use by any organization, regardless of sector or size. The NIST Cybersecurity Framework consists of three primary components: the framework core, the profiles, and the implementation tiers. The framework core contains desired cybersecurity activities and outcomes organized into 23 categories that cover the breadth of cybersecurity objectives for an organization. The profiles contain an organization's unique alignment of their organizational requirements and objectives, risk appetite, and resources using the desired outcomes of the framework core. The implementation tiers describe the degree to which an organization’s cybersecurity risk management practices exhibit the characteristics defined in the framework core.;858573892697;us-east-1;2026-09-13 22:26:32.575478;cm_7;Monitoring for unauthorized personnel, connections, devices, and software is performed.;Detect (DE);Security Continuous Monitoring (DE.CM);;aws;;FAIL;S3 Bucket nextwork-website-project-eddieqx has server access logging disabled.;arn:aws:s3:::nextwork-website-project-eddieqx;s3_bucket_server_access_logging_enabled;False;nextwork-website-project-eddieqx;NIST-CSF;National Institute of Standards and Technology (NIST) Cybersecurity Framework (CSF) v1.1;
aws;The NIST Cybersecurity Framework (CSF) is supported by governments and industries worldwide as a recommended baseline for use by any organization, regardless of sector or size. The NIST Cybersecurity Framework consists of three primary components: the framework core, the profiles, and the implementation tiers. The framework core contains desired cybersecurity activities and outcomes organized into 23 categories that cover the breadth of cybersecurity objectives for an organization. The profiles contain an organization's unique alignment of their organizational requirements and objectives, risk appetite, and resources using the desired outcomes of the framework core. The implementation tiers describe the degree to which an organization’s cybersecurity risk management practices exhibit the characteristics defined in the framework core.;858573892697;us-east-1;2026-09-13 22:26:32.575478;am_3;Organizational communication and data flows are mapped.;Identify (ID);Asset Management (ID.AM);;aws;;FAIL;S3 Bucket nextwork-website-project-eddieqx has server access logging disabled.;arn:aws:s3:::nextwork-website-project-eddieqx;s3_bucket_server_access_logging_enabled;False;nextwork-website-project-eddieqx;NIST-CSF;National Institute of Standards and Technology (NIST) Cybersecurity Framework (CSF) v1.1;
aws;The NIST Cybersecurity Framework (CSF) is supported by governments and industries worldwide as a recommended baseline for use by any organization, regardless of sector or size. The NIST Cybersecurity Framework consists of three primary components: the framework core, the profiles, and the implementation tiers. The framework core contains desired cybersecurity activities and outcomes organized into 23 categories that cover the breadth of cybersecurity objectives for an organization. The profiles contain an organization's unique alignment of their organizational requirements and objectives, risk appetite, and resources using the desired outcomes of the framework core. The implementation tiers describe the degree to which an organization’s cybersecurity risk management practices exhibit the characteristics defined in the framework core.;858573892697;us-east-1;2026-09-13 22:26:32.575478;ac_6;Identities are proofed and bound to credentials and asserted in interactions.;Protect (PR);Identity Management and Access Control (PR.AC);;aws;;FAIL;S3 Bucket nextwork-website-project-eddieqx has server access logging disabled.;arn:aws:s3:::nextwork-website-project-eddieqx;s3_bucket_server_access_logging_enabled;False;nextwork-website-project-eddieqx;NIST-CSF;National Institute of Standards and Technology (NIST) Cybersecurity Framework (CSF) v1.1;
aws;The NIST Cybersecurity Framework (CSF) is supported by governments and industries worldwide as a recommended baseline for use by any organization, regardless of sector or size. The NIST Cybersecurity Framework consists of three primary components: the framework core, the profiles, and the implementation tiers. The framework core contains desired cybersecurity activities and outcomes organized into 23 categories that cover the breadth of cybersecurity objectives for an organization. The profiles contain an organization's unique alignment of their organizational requirements and objectives, risk appetite, and resources using the desired outcomes of the framework core. The implementation tiers describe the degree to which an organization’s cybersecurity risk management practices exhibit the characteristics defined in the framework core.;858573892697;us-east-1;2026-09-13 22:26:32.575478;ds_5;Protections against data leaks are implemented.;Protect (PR);Data Security (PR.DS);;aws;;FAIL;S3 Bucket nextwork-website-project-eddieqx has server access logging disabled.;arn:aws:s3:::nextwork-website-project-eddieqx;s3_bucket_server_access_logging_enabled;False;nextwork-website-project-eddieqx;NIST-CSF;National Institute of Standards and Technology (NIST) Cybersecurity Framework (CSF) v1.1;
aws;The NIST Cybersecurity Framework (CSF) is supported by governments and industries worldwide as a recommended baseline for use by any organization, regardless of sector or size. The NIST Cybersecurity Framework consists of three primary components: the framework core, the profiles, and the implementation tiers. The framework core contains desired cybersecurity activities and outcomes organized into 23 categories that cover the breadth of cybersecurity objectives for an organization. The profiles contain an organization's unique alignment of their organizational requirements and objectives, risk appetite, and resources using the desired outcomes of the framework core. The implementation tiers describe the degree to which an organization’s cybersecurity risk management practices exhibit the characteristics defined in the framework core.;858573892697;us-east-1;2026-09-13 22:26:32.575478;pt_1;Audit/log records are determined, documented, implemented, and reviewed in accordance with policy.;Protect (PR);Protective Technology (PR.PT);;aws;;FAIL;S3 Bucket nextwork-website-project-eddieqx has server access logging disabled.;arn:aws:s3:::nextwork-website-project-eddieqx;s3_bucket_server_access_logging_enabled;False;nextwork-website-project-eddieqx;NIST-CSF;National Institute of Standards and Technology (NIST) Cybersecurity Framework (CSF) v1.1;
aws;The NIST Cybersecurity Framework (CSF) is supported by governments and industries worldwide as a recommended baseline for use by any organization, regardless of sector or size. The NIST Cybersecurity Framework consists of three primary components: the framework core, the profiles, and the implementation tiers. The framework core contains desired cybersecurity activities and outcomes organized into 23 categories that cover the breadth of cybersecurity objectives for an organization. The profiles contain an organization's unique alignment of their organizational requirements and objectives, risk appetite, and resources using the desired outcomes of the framework core. The implementation tiers describe the degree to which an organization’s cybersecurity risk management practices exhibit the characteristics defined in the framework core.;858573892697;us-east-1;2026-09-13 22:26:32.575478;ae_1;A baseline of network operations and expected data flows for users and systems is established and managed.;Detect (DE);Anomalies and Events (DE.AE);;aws;;FAIL;S3 Bucket vaultcloud-logs-prod-2024 has server access logging disabled.;arn:aws:s3:::vaultcloud-logs-prod-2024;s3_bucket_server_access_logging_enabled;False;vaultcloud-logs-prod-2024;NIST-CSF;National Institute of Standards and Technology (NIST) Cybersecurity Framework (CSF) v1.1;
aws;The NIST Cybersecurity Framework (CSF) is supported by governments and industries worldwide as a recommended baseline for use by any organization, regardless of sector or size. The NIST Cybersecurity Framework consists of three primary components: the framework core, the profiles, and the implementation tiers. The framework core contains desired cybersecurity activities and outcomes organized into 23 categories that cover the breadth of cybersecurity objectives for an organization. The profiles contain an organization's unique alignment of their organizational requirements and objectives, risk appetite, and resources using the desired outcomes of the framework core. The implementation tiers describe the degree to which an organization’s cybersecurity risk management practices exhibit the characteristics defined in the framework core.;858573892697;us-east-1;2026-09-13 22:26:32.575478;ae_3;Event data are collected and correlated from multiple sources and sensors.;Detect (DE);Anomalies and Events (DE.AE);;aws;;FAIL;S3 Bucket vaultcloud-logs-prod-2024 has server access logging disabled.;arn:aws:s3:::vaultcloud-logs-prod-2024;s3_bucket_server_access_logging_enabled;False;vaultcloud-logs-prod-2024;NIST-CSF;National Institute of Standards and Technology (NIST) Cybersecurity Framework (CSF) v1.1;
aws;The NIST Cybersecurity Framework (CSF) is supported by governments and industries worldwide as a recommended baseline for use by any organization, regardless of sector or size. The NIST Cybersecurity Framework consists of three primary components: the framework core, the profiles, and the implementation tiers. The framework core contains desired cybersecurity activities and outcomes organized into 23 categories that cover the breadth of cybersecurity objectives for an organization. The profiles contain an organization's unique alignment of their organizational requirements and objectives, risk appetite, and resources using the desired outcomes of the framework core. The implementation tiers describe the degree to which an organization’s cybersecurity risk management practices exhibit the characteristics defined in the framework core.;858573892697;us-east-1;2026-09-13 22:26:32.575478;ae_4;Impact of events is determined.;Detect (DE);Anomalies and Events (DE.AE);;aws;;FAIL;S3 Bucket vaultcloud-logs-prod-2024 has server access logging disabled.;arn:aws:s3:::vaultcloud-logs-prod-2024;s3_bucket_server_access_logging_enabled;False;vaultcloud-logs-prod-2024;NIST-CSF;National Institute of Standards and Technology (NIST) Cybersecurity Framework (CSF) v1.1;
aws;The NIST Cybersecurity Framework (CSF) is supported by governments and industries worldwide as a recommended baseline for use by any organization, regardless of sector or size. The NIST Cybersecurity Framework consists of three primary components: the framework core, the profiles, and the implementation tiers. The framework core contains desired cybersecurity activities and outcomes organized into 23 categories that cover the breadth of cybersecurity objectives for an organization. The profiles contain an organization's unique alignment of their organizational requirements and objectives, risk appetite, and resources using the desired outcomes of the framework core. The implementation tiers describe the degree to which an organization’s cybersecurity risk management practices exhibit the characteristics defined in the framework core.;858573892697;us-east-1;2026-09-13 22:26:32.575478;cm_1;The network is monitored to detect potential cybersecurity events.;Detect (DE);Security Continuous Monitoring (DE.CM);;aws;;FAIL;S3 Bucket vaultcloud-logs-prod-2024 has server access logging disabled.;arn:aws:s3:::vaultcloud-logs-prod-2024;s3_bucket_server_access_logging_enabled;False;vaultcloud-logs-prod-2024;NIST-CSF;National Institute of Standards and Technology (NIST) Cybersecurity Framework (CSF) v1.1;
aws;The NIST Cybersecurity Framework (CSF) is supported by governments and industries worldwide as a recommended baseline for use by any organization, regardless of sector or size. The NIST Cybersecurity Framework consists of three primary components: the framework core, the profiles, and the implementation tiers. The framework core contains desired cybersecurity activities and outcomes organized into 23 categories that cover the breadth of cybersecurity objectives for an organization. The profiles contain an organization's unique alignment of their organizational requirements and objectives, risk appetite, and resources using the desired outcomes of the framework core. The implementation tiers describe the degree to which an organization’s cybersecurity risk management practices exhibit the characteristics defined in the framework core.;858573892697;us-east-1;2026-09-13 22:26:32.575478;cm_3;Personnel activity is monitored to detect potential cybersecurity events.;Detect (DE);Security Continuous Monitoring (DE.CM);;aws;;FAIL;S3 Bucket vaultcloud-logs-prod-2024 has server access logging disabled.;arn:aws:s3:::vaultcloud-logs-prod-2024;s3_bucket_server_access_logging_enabled;False;vaultcloud-logs-prod-2024;NIST-CSF;National Institute of Standards and Technology (NIST) Cybersecurity Framework (CSF) v1.1;
aws;The NIST Cybersecurity Framework (CSF) is supported by governments and industries worldwide as a recommended baseline for use by any organization, regardless of sector or size. The NIST Cybersecurity Framework consists of three primary components: the framework core, the profiles, and the implementation tiers. The framework core contains desired cybersecurity activities and outcomes organized into 23 categories that cover the breadth of cybersecurity objectives for an organization. The profiles contain an organization's unique alignment of their organizational requirements and objectives, risk appetite, and resources using the desired outcomes of the framework core. The implementation tiers describe the degree to which an organization’s cybersecurity risk management practices exhibit the characteristics defined in the framework core.;858573892697;us-east-1;2026-09-13 22:26:32.575478;cm_6;External service provider activity is monitored to detect potential cybersecurity events.;Detect (DE);Security Continuous Monitoring (DE.CM);;aws;;FAIL;S3 Bucket vaultcloud-logs-prod-2024 has server access logging disabled.;arn:aws:s3:::vaultcloud-logs-prod-2024;s3_bucket_server_access_logging_enabled;False;vaultcloud-logs-prod-2024;NIST-CSF;National Institute of Standards and Technology (NIST) Cybersecurity Framework (CSF) v1.1;
aws;The NIST Cybersecurity Framework (CSF) is supported by governments and industries worldwide as a recommended baseline for use by any organization, regardless of sector or size. The NIST Cybersecurity Framework consists of three primary components: the framework core, the profiles, and the implementation tiers. The framework core contains desired cybersecurity activities and outcomes organized into 23 categories that cover the breadth of cybersecurity objectives for an organization. The profiles contain an organization's unique alignment of their organizational requirements and objectives, risk appetite, and resources using the desired outcomes of the framework core. The implementation tiers describe the degree to which an organization’s cybersecurity risk management practices exhibit the characteristics defined in the framework core.;858573892697;us-east-1;2026-09-13 22:26:32.575478;cm_7;Monitoring for unauthorized personnel, connections, devices, and software is performed.;Detect (DE);Security Continuous Monitoring (DE.CM);;aws;;FAIL;S3 Bucket vaultcloud-logs-prod-2024 has server access logging disabled.;arn:aws:s3:::vaultcloud-logs-prod-2024;s3_bucket_server_access_logging_enabled;False;vaultcloud-logs-prod-2024;NIST-CSF;National Institute of Standards and Technology (NIST) Cybersecurity Framework (CSF) v1.1;
aws;The NIST Cybersecurity Framework (CSF) is supported by governments and industries worldwide as a recommended baseline for use by any organization, regardless of sector or size. The NIST Cybersecurity Framework consists of three primary components: the framework core, the profiles, and the implementation tiers. The framework core contains desired cybersecurity activities and outcomes organized into 23 categories that cover the breadth of cybersecurity objectives for an organization. The profiles contain an organization's unique alignment of their organizational requirements and objectives, risk appetite, and resources using the desired outcomes of the framework core. The implementation tiers describe the degree to which an organization’s cybersecurity risk management practices exhibit the characteristics defined in the framework core.;858573892697;us-east-1;2026-09-13 22:26:32.575478;am_3;Organizational communication and data flows are mapped.;Identify (ID);Asset Management (ID.AM);;aws;;FAIL;S3 Bucket vaultcloud-logs-prod-2024 has server access logging disabled.;arn:aws:s3:::vaultcloud-logs-prod-2024;s3_bucket_server_access_logging_enabled;False;vaultcloud-logs-prod-2024;NIST-CSF;National Institute of Standards and Technology (NIST) Cybersecurity Framework (CSF) v1.1;
aws;The NIST Cybersecurity Framework (CSF) is supported by governments and industries worldwide as a recommended baseline for use by any organization, regardless of sector or size. The NIST Cybersecurity Framework consists of three primary components: the framework core, the profiles, and the implementation tiers. The framework core contains desired cybersecurity activities and outcomes organized into 23 categories that cover the breadth of cybersecurity objectives for an organization. The profiles contain an organization's unique alignment of their organizational requirements and objectives, risk appetite, and resources using the desired outcomes of the framework core. The implementation tiers describe the degree to which an organization’s cybersecurity risk management practices exhibit the characteristics defined in the framework core.;858573892697;us-east-1;2026-09-13 22:26:32.575478;ac_6;Identities are proofed and bound to credentials and asserted in interactions.;Protect (PR);Identity Management and Access Control (PR.AC);;aws;;FAIL;S3 Bucket vaultcloud-logs-prod-2024 has server access logging disabled.;arn:aws:s3:::vaultcloud-logs-prod-2024;s3_bucket_server_access_logging_enabled;False;vaultcloud-logs-prod-2024;NIST-CSF;National Institute of Standards and Technology (NIST) Cybersecurity Framework (CSF) v1.1;
aws;The NIST Cybersecurity Framework (CSF) is supported by governments and industries worldwide as a recommended baseline for use by any organization, regardless of sector or size. The NIST Cybersecurity Framework consists of three primary components: the framework core, the profiles, and the implementation tiers. The framework core contains desired cybersecurity activities and outcomes organized into 23 categories that cover the breadth of cybersecurity objectives for an organization. The profiles contain an organization's unique alignment of their organizational requirements and objectives, risk appetite, and resources using the desired outcomes of the framework core. The implementation tiers describe the degree to which an organization’s cybersecurity risk management practices exhibit the characteristics defined in the framework core.;858573892697;us-east-1;2026-09-13 22:26:32.575478;ds_5;Protections against data leaks are implemented.;Protect (PR);Data Security (PR.DS);;aws;;FAIL;S3 Bucket vaultcloud-logs-prod-2024 has server access logging disabled.;arn:aws:s3:::vaultcloud-logs-prod-2024;s3_bucket_server_access_logging_enabled;False;vaultcloud-logs-prod-2024;NIST-CSF;National Institute of Standards and Technology (NIST) Cybersecurity Framework (CSF) v1.1;
aws;The NIST Cybersecurity Framework (CSF) is supported by governments and industries worldwide as a recommended baseline for use by any organization, regardless of sector or size. The NIST Cybersecurity Framework consists of three primary components: the framework core, the profiles, and the implementation tiers. The framework core contains desired cybersecurity activities and outcomes organized into 23 categories that cover the breadth of cybersecurity objectives for an organization. The profiles contain an organization's unique alignment of their organizational requirements and objectives, risk appetite, and resources using the desired outcomes of the framework core. The implementation tiers describe the degree to which an organization’s cybersecurity risk management practices exhibit the characteristics defined in the framework core.;858573892697;us-east-1;2026-09-13 22:26:32.575478;pt_1;Audit/log records are determined, documented, implemented, and reviewed in accordance with policy.;Protect (PR);Protective Technology (PR.PT);;aws;;FAIL;S3 Bucket vaultcloud-logs-prod-2024 has server access logging disabled.;arn:aws:s3:::vaultcloud-logs-prod-2024;s3_bucket_server_access_logging_enabled;False;vaultcloud-logs-prod-2024;NIST-CSF;National Institute of Standards and Technology (NIST) Cybersecurity Framework (CSF) v1.1;
aws;The NIST Cybersecurity Framework (CSF) is supported by governments and industries worldwide as a recommended baseline for use by any organization, regardless of sector or size. The NIST Cybersecurity Framework consists of three primary components: the framework core, the profiles, and the implementation tiers. The framework core contains desired cybersecurity activities and outcomes organized into 23 categories that cover the breadth of cybersecurity objectives for an organization. The profiles contain an organization's unique alignment of their organizational requirements and objectives, risk appetite, and resources using the desired outcomes of the framework core. The implementation tiers describe the degree to which an organization’s cybersecurity risk management practices exhibit the characteristics defined in the framework core.;858573892697;us-east-1;2026-09-13 22:26:32.575478;ae_1;A baseline of network operations and expected data flows for users and systems is established and managed.;Detect (DE);Anomalies and Events (DE.AE);;aws;;FAIL;S3 Bucket vaultcloud-uploads-prod-2024 has server access logging disabled.;arn:aws:s3:::vaultcloud-uploads-prod-2024;s3_bucket_server_access_logging_enabled;False;vaultcloud-uploads-prod-2024;NIST-CSF;National Institute of Standards and Technology (NIST) Cybersecurity Framework (CSF) v1.1;
aws;The NIST Cybersecurity Framework (CSF) is supported by governments and industries worldwide as a recommended baseline for use by any organization, regardless of sector or size. The NIST Cybersecurity Framework consists of three primary components: the framework core, the profiles, and the implementation tiers. The framework core contains desired cybersecurity activities and outcomes organized into 23 categories that cover the breadth of cybersecurity objectives for an organization. The profiles contain an organization's unique alignment of their organizational requirements and objectives, risk appetite, and resources using the desired outcomes of the framework core. The implementation tiers describe the degree to which an organization’s cybersecurity risk management practices exhibit the characteristics defined in the framework core.;858573892697;us-east-1;2026-09-13 22:26:32.575478;ae_3;Event data are collected and correlated from multiple sources and sensors.;Detect (DE);Anomalies and Events (DE.AE);;aws;;FAIL;S3 Bucket vaultcloud-uploads-prod-2024 has server access logging disabled.;arn:aws:s3:::vaultcloud-uploads-prod-2024;s3_bucket_server_access_logging_enabled;False;vaultcloud-uploads-prod-2024;NIST-CSF;National Institute of Standards and Technology (NIST) Cybersecurity Framework (CSF) v1.1;
aws;The NIST Cybersecurity Framework (CSF) is supported by governments and industries worldwide as a recommended baseline for use by any organization, regardless of sector or size. The NIST Cybersecurity Framework consists of three primary components: the framework core, the profiles, and the implementation tiers. The framework core contains desired cybersecurity activities and outcomes organized into 23 categories that cover the breadth of cybersecurity objectives for an organization. The profiles contain an organization's unique alignment of their organizational requirements and objectives, risk appetite, and resources using the desired outcomes of the framework core. The implementation tiers describe the degree to which an organization’s cybersecurity risk management practices exhibit the characteristics defined in the framework core.;858573892697;us-east-1;2026-09-13 22:26:32.575478;ae_4;Impact of events is determined.;Detect (DE);Anomalies and Events (DE.AE);;aws;;FAIL;S3 Bucket vaultcloud-uploads-prod-2024 has server access logging disabled.;arn:aws:s3:::vaultcloud-uploads-prod-2024;s3_bucket_server_access_logging_enabled;False;vaultcloud-uploads-prod-2024;NIST-CSF;National Institute of Standards and Technology (NIST) Cybersecurity Framework (CSF) v1.1;
aws;The NIST Cybersecurity Framework (CSF) is supported by governments and industries worldwide as a recommended baseline for use by any organization, regardless of sector or size. The NIST Cybersecurity Framework consists of three primary components: the framework core, the profiles, and the implementation tiers. The framework core contains desired cybersecurity activities and outcomes organized into 23 categories that cover the breadth of cybersecurity objectives for an organization. The profiles contain an organization's unique alignment of their organizational requirements and objectives, risk appetite, and resources using the desired outcomes of the framework core. The implementation tiers describe the degree to which an organization’s cybersecurity risk management practices exhibit the characteristics defined in the framework core.;858573892697;us-east-1;2026-09-13 22:26:32.575478;cm_1;The network is monitored to detect potential cybersecurity events.;Detect (DE);Security Continuous Monitoring (DE.CM);;aws;;FAIL;S3 Bucket vaultcloud-uploads-prod-2024 has server access logging disabled.;arn:aws:s3:::vaultcloud-uploads-prod-2024;s3_bucket_server_access_logging_enabled;False;vaultcloud-uploads-prod-2024;NIST-CSF;National Institute of Standards and Technology (NIST) Cybersecurity Framework (CSF) v1.1;
aws;The NIST Cybersecurity Framework (CSF) is supported by governments and industries worldwide as a recommended baseline for use by any organization, regardless of sector or size. The NIST Cybersecurity Framework consists of three primary components: the framework core, the profiles, and the implementation tiers. The framework core contains desired cybersecurity activities and outcomes organized into 23 categories that cover the breadth of cybersecurity objectives for an organization. The profiles contain an organization's unique alignment of their organizational requirements and objectives, risk appetite, and resources using the desired outcomes of the framework core. The implementation tiers describe the degree to which an organization’s cybersecurity risk management practices exhibit the characteristics defined in the framework core.;858573892697;us-east-1;2026-09-13 22:26:32.575478;cm_3;Personnel activity is monitored to detect potential cybersecurity events.;Detect (DE);Security Continuous Monitoring (DE.CM);;aws;;FAIL;S3 Bucket vaultcloud-uploads-prod-2024 has server access logging disabled.;arn:aws:s3:::vaultcloud-uploads-prod-2024;s3_bucket_server_access_logging_enabled;False;vaultcloud-uploads-prod-2024;NIST-CSF;National Institute of Standards and Technology (NIST) Cybersecurity Framework (CSF) v1.1;
aws;The NIST Cybersecurity Framework (CSF) is supported by governments and industries worldwide as a recommended baseline for use by any organization, regardless of sector or size. The NIST Cybersecurity Framework consists of three primary components: the framework core, the profiles, and the implementation tiers. The framework core contains desired cybersecurity activities and outcomes organized into 23 categories that cover the breadth of cybersecurity objectives for an organization. The profiles contain an organization's unique alignment of their organizational requirements and objectives, risk appetite, and resources using the desired outcomes of the framework core. The implementation tiers describe the degree to which an organization’s cybersecurity risk management practices exhibit the characteristics defined in the framework core.;858573892697;us-east-1;2026-09-13 22:26:32.575478;cm_6;External service provider activity is monitored to detect potential cybersecurity events.;Detect (DE);Security Continuous Monitoring (DE.CM);;aws;;FAIL;S3 Bucket vaultcloud-uploads-prod-2024 has server access logging disabled.;arn:aws:s3:::vaultcloud-uploads-prod-2024;s3_bucket_server_access_logging_enabled;False;vaultcloud-uploads-prod-2024;NIST-CSF;National Institute of Standards and Technology (NIST) Cybersecurity Framework (CSF) v1.1;
aws;The NIST Cybersecurity Framework (CSF) is supported by governments and industries worldwide as a recommended baseline for use by any organization, regardless of sector or size. The NIST Cybersecurity Framework consists of three primary components: the framework core, the profiles, and the implementation tiers. The framework core contains desired cybersecurity activities and outcomes organized into 23 categories that cover the breadth of cybersecurity objectives for an organization. The profiles contain an organization's unique alignment of their organizational requirements and objectives, risk appetite, and resources using the desired outcomes of the framework core. The implementation tiers describe the degree to which an organization’s cybersecurity risk management practices exhibit the characteristics defined in the framework core.;858573892697;us-east-1;2026-09-13 22:26:32.575478;cm_7;Monitoring for unauthorized personnel, connections, devices, and software is performed.;Detect (DE);Security Continuous Monitoring (DE.CM);;aws;;FAIL;S3 Bucket vaultcloud-uploads-prod-2024 has server access logging disabled.;arn:aws:s3:::vaultcloud-uploads-prod-2024;s3_bucket_server_access_logging_enabled;False;vaultcloud-uploads-prod-2024;NIST-CSF;National Institute of Standards and Technology (NIST) Cybersecurity Framework (CSF) v1.1;
aws;The NIST Cybersecurity Framework (CSF) is supported by governments and industries worldwide as a recommended baseline for use by any organization, regardless of sector or size. The NIST Cybersecurity Framework consists of three primary components: the framework core, the profiles, and the implementation tiers. The framework core contains desired cybersecurity activities and outcomes organized into 23 categories that cover the breadth of cybersecurity objectives for an organization. The profiles contain an organization's unique alignment of their organizational requirements and objectives, risk appetite, and resources using the desired outcomes of the framework core. The implementation tiers describe the degree to which an organization’s cybersecurity risk management practices exhibit the characteristics defined in the framework core.;858573892697;us-east-1;2026-09-13 22:26:32.575478;am_3;Organizational communication and data flows are mapped.;Identify (ID);Asset Management (ID.AM);;aws;;FAIL;S3 Bucket vaultcloud-uploads-prod-2024 has server access logging disabled.;arn:aws:s3:::vaultcloud-uploads-prod-2024;s3_bucket_server_access_logging_enabled;False;vaultcloud-uploads-prod-2024;NIST-CSF;National Institute of Standards and Technology (NIST) Cybersecurity Framework (CSF) v1.1;
aws;The NIST Cybersecurity Framework (CSF) is supported by governments and industries worldwide as a recommended baseline for use by any organization, regardless of sector or size. The NIST Cybersecurity Framework consists of three primary components: the framework core, the profiles, and the implementation tiers. The framework core contains desired cybersecurity activities and outcomes organized into 23 categories that cover the breadth of cybersecurity objectives for an organization. The profiles contain an organization's unique alignment of their organizational requirements and objectives, risk appetite, and resources using the desired outcomes of the framework core. The implementation tiers describe the degree to which an organization’s cybersecurity risk management practices exhibit the characteristics defined in the framework core.;858573892697;us-east-1;2026-09-13 22:26:32.575478;ac_6;Identities are proofed and bound to credentials and asserted in interactions.;Protect (PR);Identity Management and Access Control (PR.AC);;aws;;FAIL;S3 Bucket vaultcloud-uploads-prod-2024 has server access logging disabled.;arn:aws:s3:::vaultcloud-uploads-prod-2024;s3_bucket_server_access_logging_enabled;False;vaultcloud-uploads-prod-2024;NIST-CSF;National Institute of Standards and Technology (NIST) Cybersecurity Framework (CSF) v1.1;
aws;The NIST Cybersecurity Framework (CSF) is supported by governments and industries worldwide as a recommended baseline for use by any organization, regardless of sector or size. The NIST Cybersecurity Framework consists of three primary components: the framework core, the profiles, and the implementation tiers. The framework core contains desired cybersecurity activities and outcomes organized into 23 categories that cover the breadth of cybersecurity objectives for an organization. The profiles contain an organization's unique alignment of their organizational requirements and objectives, risk appetite, and resources using the desired outcomes of the framework core. The implementation tiers describe the degree to which an organization’s cybersecurity risk management practices exhibit the characteristics defined in the framework core.;858573892697;us-east-1;2026-09-13 22:26:32.575478;ds_5;Protections against data leaks are implemented.;Protect (PR);Data Security (PR.DS);;aws;;FAIL;S3 Bucket vaultcloud-uploads-prod-2024 has server access logging disabled.;arn:aws:s3:::vaultcloud-uploads-prod-2024;s3_bucket_server_access_logging_enabled;False;vaultcloud-uploads-prod-2024;NIST-CSF;National Institute of Standards and Technology (NIST) Cybersecurity Framework (CSF) v1.1;
aws;The NIST Cybersecurity Framework (CSF) is supported by governments and industries worldwide as a recommended baseline for use by any organization, regardless of sector or size. The NIST Cybersecurity Framework consists of three primary components: the framework core, the profiles, and the implementation tiers. The framework core contains desired cybersecurity activities and outcomes organized into 23 categories that cover the breadth of cybersecurity objectives for an organization. The profiles contain an organization's unique alignment of their organizational requirements and objectives, risk appetite, and resources using the desired outcomes of the framework core. The implementation tiers describe the degree to which an organization’s cybersecurity risk management practices exhibit the characteristics defined in the framework core.;858573892697;us-east-1;2026-09-13 22:26:32.575478;pt_1;Audit/log records are determined, documented, implemented, and reviewed in accordance with policy.;Protect (PR);Protective Technology (PR.PT);;aws;;FAIL;S3 Bucket vaultcloud-uploads-prod-2024 has server access logging disabled.;arn:aws:s3:::vaultcloud-uploads-prod-2024;s3_bucket_server_access_logging_enabled;False;vaultcloud-uploads-prod-2024;NIST-CSF;National Institute of Standards and Technology (NIST) Cybersecurity Framework (CSF) v1.1;
aws;The NIST Cybersecurity Framework (CSF) is supported by governments and industries worldwide as a recommended baseline for use by any organization, regardless of sector or size. The NIST Cybersecurity Framework consists of three primary components: the framework core, the profiles, and the implementation tiers. The framework core contains desired cybersecurity activities and outcomes organized into 23 categories that cover the breadth of cybersecurity objectives for an organization. The profiles contain an organization's unique alignment of their organizational requirements and objectives, risk appetite, and resources using the desired outcomes of the framework core. The implementation tiers describe the degree to which an organization’s cybersecurity risk management practices exhibit the characteristics defined in the framework core.;858573892697;us-east-1;2026-09-13 22:26:32.575478;ae_2;Detected events are analyzed to understand attack targets and methods.;Detect (DE);Anomalies and Events (DE.AE);;aws;;FAIL;Security Hub is not enabled.;arn:aws:securityhub:us-east-1:858573892697:hub/unknown;securityhub_enabled;False;hub/unknown;NIST-CSF;National Institute of Standards and Technology (NIST) Cybersecurity Framework (CSF) v1.1;
aws;The NIST Cybersecurity Framework (CSF) is supported by governments and industries worldwide as a recommended baseline for use by any organization, regardless of sector or size. The NIST Cybersecurity Framework consists of three primary components: the framework core, the profiles, and the implementation tiers. The framework core contains desired cybersecurity activities and outcomes organized into 23 categories that cover the breadth of cybersecurity objectives for an organization. The profiles contain an organization's unique alignment of their organizational requirements and objectives, risk appetite, and resources using the desired outcomes of the framework core. The implementation tiers describe the degree to which an organization’s cybersecurity risk management practices exhibit the characteristics defined in the framework core.;858573892697;us-east-1;2026-09-13 22:26:32.575478;ae_4;Impact of events is determined.;Detect (DE);Anomalies and Events (DE.AE);;aws;;FAIL;Security Hub is not enabled.;arn:aws:securityhub:us-east-1:858573892697:hub/unknown;securityhub_enabled;False;hub/unknown;NIST-CSF;National Institute of Standards and Technology (NIST) Cybersecurity Framework (CSF) v1.1;
aws;The NIST Cybersecurity Framework (CSF) is supported by governments and industries worldwide as a recommended baseline for use by any organization, regardless of sector or size. The NIST Cybersecurity Framework consists of three primary components: the framework core, the profiles, and the implementation tiers. The framework core contains desired cybersecurity activities and outcomes organized into 23 categories that cover the breadth of cybersecurity objectives for an organization. The profiles contain an organization's unique alignment of their organizational requirements and objectives, risk appetite, and resources using the desired outcomes of the framework core. The implementation tiers describe the degree to which an organization’s cybersecurity risk management practices exhibit the characteristics defined in the framework core.;858573892697;us-east-1;2026-09-13 22:26:32.575478;cm_1;The network is monitored to detect potential cybersecurity events.;Detect (DE);Security Continuous Monitoring (DE.CM);;aws;;FAIL;Security Hub is not enabled.;arn:aws:securityhub:us-east-1:858573892697:hub/unknown;securityhub_enabled;False;hub/unknown;NIST-CSF;National Institute of Standards and Technology (NIST) Cybersecurity Framework (CSF) v1.1;
aws;The NIST Cybersecurity Framework (CSF) is supported by governments and industries worldwide as a recommended baseline for use by any organization, regardless of sector or size. The NIST Cybersecurity Framework consists of three primary components: the framework core, the profiles, and the implementation tiers. The framework core contains desired cybersecurity activities and outcomes organized into 23 categories that cover the breadth of cybersecurity objectives for an organization. The profiles contain an organization's unique alignment of their organizational requirements and objectives, risk appetite, and resources using the desired outcomes of the framework core. The implementation tiers describe the degree to which an organization’s cybersecurity risk management practices exhibit the characteristics defined in the framework core.;858573892697;us-east-1;2026-09-13 22:26:32.575478;cm_2;The physical environment is monitored to detect potential cybersecurity events.;Detect (DE);Security Continuous Monitoring (DE.CM);;aws;;FAIL;Security Hub is not enabled.;arn:aws:securityhub:us-east-1:858573892697:hub/unknown;securityhub_enabled;False;hub/unknown;NIST-CSF;National Institute of Standards and Technology (NIST) Cybersecurity Framework (CSF) v1.1;
aws;The NIST Cybersecurity Framework (CSF) is supported by governments and industries worldwide as a recommended baseline for use by any organization, regardless of sector or size. The NIST Cybersecurity Framework consists of three primary components: the framework core, the profiles, and the implementation tiers. The framework core contains desired cybersecurity activities and outcomes organized into 23 categories that cover the breadth of cybersecurity objectives for an organization. The profiles contain an organization's unique alignment of their organizational requirements and objectives, risk appetite, and resources using the desired outcomes of the framework core. The implementation tiers describe the degree to which an organization’s cybersecurity risk management practices exhibit the characteristics defined in the framework core.;858573892697;us-east-1;2026-09-13 22:26:32.575478;cm_3;Personnel activity is monitored to detect potential cybersecurity events.;Detect (DE);Security Continuous Monitoring (DE.CM);;aws;;FAIL;Security Hub is not enabled.;arn:aws:securityhub:us-east-1:858573892697:hub/unknown;securityhub_enabled;False;hub/unknown;NIST-CSF;National Institute of Standards and Technology (NIST) Cybersecurity Framework (CSF) v1.1;
aws;The NIST Cybersecurity Framework (CSF) is supported by governments and industries worldwide as a recommended baseline for use by any organization, regardless of sector or size. The NIST Cybersecurity Framework consists of three primary components: the framework core, the profiles, and the implementation tiers. The framework core contains desired cybersecurity activities and outcomes organized into 23 categories that cover the breadth of cybersecurity objectives for an organization. The profiles contain an organization's unique alignment of their organizational requirements and objectives, risk appetite, and resources using the desired outcomes of the framework core. The implementation tiers describe the degree to which an organization’s cybersecurity risk management practices exhibit the characteristics defined in the framework core.;858573892697;us-east-1;2026-09-13 22:26:32.575478;cm_4;Malicious code is detected.;Detect (DE);Security Continuous Monitoring (DE.CM);;aws;;FAIL;Security Hub is not enabled.;arn:aws:securityhub:us-east-1:858573892697:hub/unknown;securityhub_enabled;False;hub/unknown;NIST-CSF;National Institute of Standards and Technology (NIST) Cybersecurity Framework (CSF) v1.1;
aws;The NIST Cybersecurity Framework (CSF) is supported by governments and industries worldwide as a recommended baseline for use by any organization, regardless of sector or size. The NIST Cybersecurity Framework consists of three primary components: the framework core, the profiles, and the implementation tiers. The framework core contains desired cybersecurity activities and outcomes organized into 23 categories that cover the breadth of cybersecurity objectives for an organization. The profiles contain an organization's unique alignment of their organizational requirements and objectives, risk appetite, and resources using the desired outcomes of the framework core. The implementation tiers describe the degree to which an organization’s cybersecurity risk management practices exhibit the characteristics defined in the framework core.;858573892697;us-east-1;2026-09-13 22:26:32.575478;cm_5;Unauthorized mobile code is detected.;Detect (DE);Security Continuous Monitoring (DE.CM);;aws;;FAIL;Security Hub is not enabled.;arn:aws:securityhub:us-east-1:858573892697:hub/unknown;securityhub_enabled;False;hub/unknown;NIST-CSF;National Institute of Standards and Technology (NIST) Cybersecurity Framework (CSF) v1.1;
aws;The NIST Cybersecurity Framework (CSF) is supported by governments and industries worldwide as a recommended baseline for use by any organization, regardless of sector or size. The NIST Cybersecurity Framework consists of three primary components: the framework core, the profiles, and the implementation tiers. The framework core contains desired cybersecurity activities and outcomes organized into 23 categories that cover the breadth of cybersecurity objectives for an organization. The profiles contain an organization's unique alignment of their organizational requirements and objectives, risk appetite, and resources using the desired outcomes of the framework core. The implementation tiers describe the degree to which an organization’s cybersecurity risk management practices exhibit the characteristics defined in the framework core.;858573892697;us-east-1;2026-09-13 22:26:32.575478;cm_6;External service provider activity is monitored to detect potential cybersecurity events.;Detect (DE);Security Continuous Monitoring (DE.CM);;aws;;FAIL;Security Hub is not enabled.;arn:aws:securityhub:us-east-1:858573892697:hub/unknown;securityhub_enabled;False;hub/unknown;NIST-CSF;National Institute of Standards and Technology (NIST) Cybersecurity Framework (CSF) v1.1;
aws;The NIST Cybersecurity Framework (CSF) is supported by governments and industries worldwide as a recommended baseline for use by any organization, regardless of sector or size. The NIST Cybersecurity Framework consists of three primary components: the framework core, the profiles, and the implementation tiers. The framework core contains desired cybersecurity activities and outcomes organized into 23 categories that cover the breadth of cybersecurity objectives for an organization. The profiles contain an organization's unique alignment of their organizational requirements and objectives, risk appetite, and resources using the desired outcomes of the framework core. The implementation tiers describe the degree to which an organization’s cybersecurity risk management practices exhibit the characteristics defined in the framework core.;858573892697;us-east-1;2026-09-13 22:26:32.575478;cm_7;Monitoring for unauthorized personnel, connections, devices, and software is performed.;Detect (DE);Security Continuous Monitoring (DE.CM);;aws;;FAIL;Security Hub is not enabled.;arn:aws:securityhub:us-east-1:858573892697:hub/unknown;securityhub_enabled;False;hub/unknown;NIST-CSF;National Institute of Standards and Technology (NIST) Cybersecurity Framework (CSF) v1.1;
aws;The NIST Cybersecurity Framework (CSF) is supported by governments and industries worldwide as a recommended baseline for use by any organization, regardless of sector or size. The NIST Cybersecurity Framework consists of three primary components: the framework core, the profiles, and the implementation tiers. The framework core contains desired cybersecurity activities and outcomes organized into 23 categories that cover the breadth of cybersecurity objectives for an organization. The profiles contain an organization's unique alignment of their organizational requirements and objectives, risk appetite, and resources using the desired outcomes of the framework core. The implementation tiers describe the degree to which an organization’s cybersecurity risk management practices exhibit the characteristics defined in the framework core.;858573892697;us-east-1;2026-09-13 22:26:32.575478;cp_4;Event detection information is communicated.;Detect (DE);Detection Processes (DE.DP);;aws;;FAIL;Security Hub is not enabled.;arn:aws:securityhub:us-east-1:858573892697:hub/unknown;securityhub_enabled;False;hub/unknown;NIST-CSF;National Institute of Standards and Technology (NIST) Cybersecurity Framework (CSF) v1.1;
aws;The NIST Cybersecurity Framework (CSF) is supported by governments and industries worldwide as a recommended baseline for use by any organization, regardless of sector or size. The NIST Cybersecurity Framework consists of three primary components: the framework core, the profiles, and the implementation tiers. The framework core contains desired cybersecurity activities and outcomes organized into 23 categories that cover the breadth of cybersecurity objectives for an organization. The profiles contain an organization's unique alignment of their organizational requirements and objectives, risk appetite, and resources using the desired outcomes of the framework core. The implementation tiers describe the degree to which an organization’s cybersecurity risk management practices exhibit the characteristics defined in the framework core.;858573892697;us-east-1;2026-09-13 22:26:32.575478;ra_1;Asset vulnerabilities are identified and documented.;Identify (ID);Risk Assessment (ID.RA);;aws;;FAIL;Security Hub is not enabled.;arn:aws:securityhub:us-east-1:858573892697:hub/unknown;securityhub_enabled;False;hub/unknown;NIST-CSF;National Institute of Standards and Technology (NIST) Cybersecurity Framework (CSF) v1.1;
aws;The NIST Cybersecurity Framework (CSF) is supported by governments and industries worldwide as a recommended baseline for use by any organization, regardless of sector or size. The NIST Cybersecurity Framework consists of three primary components: the framework core, the profiles, and the implementation tiers. The framework core contains desired cybersecurity activities and outcomes organized into 23 categories that cover the breadth of cybersecurity objectives for an organization. The profiles contain an organization's unique alignment of their organizational requirements and objectives, risk appetite, and resources using the desired outcomes of the framework core. The implementation tiers describe the degree to which an organization’s cybersecurity risk management practices exhibit the characteristics defined in the framework core.;858573892697;us-east-1;2026-09-13 22:26:32.575478;ra_2;Cyber threat intelligence is received from information sharing forums and sources.;Identify (ID);Risk Assessment (ID.RA);;aws;;FAIL;Security Hub is not enabled.;arn:aws:securityhub:us-east-1:858573892697:hub/unknown;securityhub_enabled;False;hub/unknown;NIST-CSF;National Institute of Standards and Technology (NIST) Cybersecurity Framework (CSF) v1.1;
aws;The NIST Cybersecurity Framework (CSF) is supported by governments and industries worldwide as a recommended baseline for use by any organization, regardless of sector or size. The NIST Cybersecurity Framework consists of three primary components: the framework core, the profiles, and the implementation tiers. The framework core contains desired cybersecurity activities and outcomes organized into 23 categories that cover the breadth of cybersecurity objectives for an organization. The profiles contain an organization's unique alignment of their organizational requirements and objectives, risk appetite, and resources using the desired outcomes of the framework core. The implementation tiers describe the degree to which an organization’s cybersecurity risk management practices exhibit the characteristics defined in the framework core.;858573892697;us-east-1;2026-09-13 22:26:32.575478;ra_3;Threats, both internal and external, are identified and documented.;Identify (ID);Risk Assessment (ID.RA);;aws;;FAIL;Security Hub is not enabled.;arn:aws:securityhub:us-east-1:858573892697:hub/unknown;securityhub_enabled;False;hub/unknown;NIST-CSF;National Institute of Standards and Technology (NIST) Cybersecurity Framework (CSF) v1.1;
aws;The NIST Cybersecurity Framework (CSF) is supported by governments and industries worldwide as a recommended baseline for use by any organization, regardless of sector or size. The NIST Cybersecurity Framework consists of three primary components: the framework core, the profiles, and the implementation tiers. The framework core contains desired cybersecurity activities and outcomes organized into 23 categories that cover the breadth of cybersecurity objectives for an organization. The profiles contain an organization's unique alignment of their organizational requirements and objectives, risk appetite, and resources using the desired outcomes of the framework core. The implementation tiers describe the degree to which an organization’s cybersecurity risk management practices exhibit the characteristics defined in the framework core.;858573892697;us-east-1;2026-09-13 22:26:32.575478;ra_5;Threats, vulnerabilities, likelihoods, and impacts are used to determine risk.;Identify (ID);Risk Assessment (ID.RA);;aws;;FAIL;Security Hub is not enabled.;arn:aws:securityhub:us-east-1:858573892697:hub/unknown;securityhub_enabled;False;hub/unknown;NIST-CSF;National Institute of Standards and Technology (NIST) Cybersecurity Framework (CSF) v1.1;
aws;The NIST Cybersecurity Framework (CSF) is supported by governments and industries worldwide as a recommended baseline for use by any organization, regardless of sector or size. The NIST Cybersecurity Framework consists of three primary components: the framework core, the profiles, and the implementation tiers. The framework core contains desired cybersecurity activities and outcomes organized into 23 categories that cover the breadth of cybersecurity objectives for an organization. The profiles contain an organization's unique alignment of their organizational requirements and objectives, risk appetite, and resources using the desired outcomes of the framework core. The implementation tiers describe the degree to which an organization’s cybersecurity risk management practices exhibit the characteristics defined in the framework core.;858573892697;us-east-1;2026-09-13 22:26:32.575478;sc_4;Suppliers and third-party partners are routinely assessed using audits, test results, or other forms of evaluations to confirm they are meeting their contractual obligations.;Identify (ID);Supply Chain Risk Management (ID.SC);;aws;;FAIL;Security Hub is not enabled.;arn:aws:securityhub:us-east-1:858573892697:hub/unknown;securityhub_enabled;False;hub/unknown;NIST-CSF;National Institute of Standards and Technology (NIST) Cybersecurity Framework (CSF) v1.1;
aws;The NIST Cybersecurity Framework (CSF) is supported by governments and industries worldwide as a recommended baseline for use by any organization, regardless of sector or size. The NIST Cybersecurity Framework consists of three primary components: the framework core, the profiles, and the implementation tiers. The framework core contains desired cybersecurity activities and outcomes organized into 23 categories that cover the breadth of cybersecurity objectives for an organization. The profiles contain an organization's unique alignment of their organizational requirements and objectives, risk appetite, and resources using the desired outcomes of the framework core. The implementation tiers describe the degree to which an organization’s cybersecurity risk management practices exhibit the characteristics defined in the framework core.;858573892697;us-east-1;2026-09-13 22:26:32.575478;ds_5;Protections against data leaks are implemented.;Protect (PR);Data Security (PR.DS);;aws;;FAIL;Security Hub is not enabled.;arn:aws:securityhub:us-east-1:858573892697:hub/unknown;securityhub_enabled;False;hub/unknown;NIST-CSF;National Institute of Standards and Technology (NIST) Cybersecurity Framework (CSF) v1.1;
aws;The NIST Cybersecurity Framework (CSF) is supported by governments and industries worldwide as a recommended baseline for use by any organization, regardless of sector or size. The NIST Cybersecurity Framework consists of three primary components: the framework core, the profiles, and the implementation tiers. The framework core contains desired cybersecurity activities and outcomes organized into 23 categories that cover the breadth of cybersecurity objectives for an organization. The profiles contain an organization's unique alignment of their organizational requirements and objectives, risk appetite, and resources using the desired outcomes of the framework core. The implementation tiers describe the degree to which an organization’s cybersecurity risk management practices exhibit the characteristics defined in the framework core.;858573892697;us-east-1;2026-09-13 22:26:32.575478;ds_8;Integrity checking mechanisms are used to verify hardware integrity.;Protect (PR);Data Security (PR.DS);;aws;;FAIL;Security Hub is not enabled.;arn:aws:securityhub:us-east-1:858573892697:hub/unknown;securityhub_enabled;False;hub/unknown;NIST-CSF;National Institute of Standards and Technology (NIST) Cybersecurity Framework (CSF) v1.1;
aws;The NIST Cybersecurity Framework (CSF) is supported by governments and industries worldwide as a recommended baseline for use by any organization, regardless of sector or size. The NIST Cybersecurity Framework consists of three primary components: the framework core, the profiles, and the implementation tiers. The framework core contains desired cybersecurity activities and outcomes organized into 23 categories that cover the breadth of cybersecurity objectives for an organization. The profiles contain an organization's unique alignment of their organizational requirements and objectives, risk appetite, and resources using the desired outcomes of the framework core. The implementation tiers describe the degree to which an organization’s cybersecurity risk management practices exhibit the characteristics defined in the framework core.;858573892697;us-east-1;2026-09-13 22:26:32.575478;ds_1;Data-at-rest is protected.;Protect (PR);Data Security (PR.DS);;aws;;FAIL;SNS topic BillingAlarm is not encrypted.;arn:aws:sns:us-east-1:858573892697:BillingAlarm;sns_topics_kms_encryption_at_rest_enabled;False;BillingAlarm;NIST-CSF;National Institute of Standards and Technology (NIST) Cybersecurity Framework (CSF) v1.1;
aws;The NIST Cybersecurity Framework (CSF) is supported by governments and industries worldwide as a recommended baseline for use by any organization, regardless of sector or size. The NIST Cybersecurity Framework consists of three primary components: the framework core, the profiles, and the implementation tiers. The framework core contains desired cybersecurity activities and outcomes organized into 23 categories that cover the breadth of cybersecurity objectives for an organization. The profiles contain an organization's unique alignment of their organizational requirements and objectives, risk appetite, and resources using the desired outcomes of the framework core. The implementation tiers describe the degree to which an organization’s cybersecurity risk management practices exhibit the characteristics defined in the framework core.;858573892697;us-east-1;2026-09-13 22:26:32.575478;ds_1;Data-at-rest is protected.;Protect (PR);Data Security (PR.DS);;aws;;FAIL;SNS topic Billing_Alarm is not encrypted.;arn:aws:sns:us-east-1:858573892697:Billing_Alarm;sns_topics_kms_encryption_at_rest_enabled;False;Billing_Alarm;NIST-CSF;National Institute of Standards and Technology (NIST) Cybersecurity Framework (CSF) v1.1;
aws;The NIST Cybersecurity Framework (CSF) is supported by governments and industries worldwide as a recommended baseline for use by any organization, regardless of sector or size. The NIST Cybersecurity Framework consists of three primary components: the framework core, the profiles, and the implementation tiers. The framework core contains desired cybersecurity activities and outcomes organized into 23 categories that cover the breadth of cybersecurity objectives for an organization. The profiles contain an organization's unique alignment of their organizational requirements and objectives, risk appetite, and resources using the desired outcomes of the framework core. The implementation tiers describe the degree to which an organization’s cybersecurity risk management practices exhibit the characteristics defined in the framework core.;858573892697;us-east-1;2026-09-13 22:26:32.575478;ae_1;A baseline of network operations and expected data flows for users and systems is established and managed.;Detect (DE);Anomalies and Events (DE.AE);;aws;;FAIL;VPC vaultcloud-vpc Flow logs are disabled.;arn:aws:ec2:us-east-1:858573892697:vpc/vpc-05003d63d9533f68c;vpc_flow_logs_enabled;False;vpc-05003d63d9533f68c;NIST-CSF;National Institute of Standards and Technology (NIST) Cybersecurity Framework (CSF) v1.1;
aws;The NIST Cybersecurity Framework (CSF) is supported by governments and industries worldwide as a recommended baseline for use by any organization, regardless of sector or size. The NIST Cybersecurity Framework consists of three primary components: the framework core, the profiles, and the implementation tiers. The framework core contains desired cybersecurity activities and outcomes organized into 23 categories that cover the breadth of cybersecurity objectives for an organization. The profiles contain an organization's unique alignment of their organizational requirements and objectives, risk appetite, and resources using the desired outcomes of the framework core. The implementation tiers describe the degree to which an organization’s cybersecurity risk management practices exhibit the characteristics defined in the framework core.;858573892697;us-east-1;2026-09-13 22:26:32.575478;ae_3;Event data are collected and correlated from multiple sources and sensors.;Detect (DE);Anomalies and Events (DE.AE);;aws;;FAIL;VPC vaultcloud-vpc Flow logs are disabled.;arn:aws:ec2:us-east-1:858573892697:vpc/vpc-05003d63d9533f68c;vpc_flow_logs_enabled;False;vpc-05003d63d9533f68c;NIST-CSF;National Institute of Standards and Technology (NIST) Cybersecurity Framework (CSF) v1.1;
aws;The NIST Cybersecurity Framework (CSF) is supported by governments and industries worldwide as a recommended baseline for use by any organization, regardless of sector or size. The NIST Cybersecurity Framework consists of three primary components: the framework core, the profiles, and the implementation tiers. The framework core contains desired cybersecurity activities and outcomes organized into 23 categories that cover the breadth of cybersecurity objectives for an organization. The profiles contain an organization's unique alignment of their organizational requirements and objectives, risk appetite, and resources using the desired outcomes of the framework core. The implementation tiers describe the degree to which an organization’s cybersecurity risk management practices exhibit the characteristics defined in the framework core.;858573892697;us-east-1;2026-09-13 22:26:32.575478;cm_1;The network is monitored to detect potential cybersecurity events.;Detect (DE);Security Continuous Monitoring (DE.CM);;aws;;FAIL;VPC vaultcloud-vpc Flow logs are disabled.;arn:aws:ec2:us-east-1:858573892697:vpc/vpc-05003d63d9533f68c;vpc_flow_logs_enabled;False;vpc-05003d63d9533f68c;NIST-CSF;National Institute of Standards and Technology (NIST) Cybersecurity Framework (CSF) v1.1;
aws;The NIST Cybersecurity Framework (CSF) is supported by governments and industries worldwide as a recommended baseline for use by any organization, regardless of sector or size. The NIST Cybersecurity Framework consists of three primary components: the framework core, the profiles, and the implementation tiers. The framework core contains desired cybersecurity activities and outcomes organized into 23 categories that cover the breadth of cybersecurity objectives for an organization. The profiles contain an organization's unique alignment of their organizational requirements and objectives, risk appetite, and resources using the desired outcomes of the framework core. The implementation tiers describe the degree to which an organization’s cybersecurity risk management practices exhibit the characteristics defined in the framework core.;858573892697;us-east-1;2026-09-13 22:26:32.575478;cm_7;Monitoring for unauthorized personnel, connections, devices, and software is performed.;Detect (DE);Security Continuous Monitoring (DE.CM);;aws;;FAIL;VPC vaultcloud-vpc Flow logs are disabled.;arn:aws:ec2:us-east-1:858573892697:vpc/vpc-05003d63d9533f68c;vpc_flow_logs_enabled;False;vpc-05003d63d9533f68c;NIST-CSF;National Institute of Standards and Technology (NIST) Cybersecurity Framework (CSF) v1.1;
aws;The NIST Cybersecurity Framework (CSF) is supported by governments and industries worldwide as a recommended baseline for use by any organization, regardless of sector or size. The NIST Cybersecurity Framework consists of three primary components: the framework core, the profiles, and the implementation tiers. The framework core contains desired cybersecurity activities and outcomes organized into 23 categories that cover the breadth of cybersecurity objectives for an organization. The profiles contain an organization's unique alignment of their organizational requirements and objectives, risk appetite, and resources using the desired outcomes of the framework core. The implementation tiers describe the degree to which an organization’s cybersecurity risk management practices exhibit the characteristics defined in the framework core.;858573892697;us-east-1;2026-09-13 22:26:32.575478;am_3;Organizational communication and data flows are mapped.;Identify (ID);Asset Management (ID.AM);;aws;;FAIL;VPC vaultcloud-vpc Flow logs are disabled.;arn:aws:ec2:us-east-1:858573892697:vpc/vpc-05003d63d9533f68c;vpc_flow_logs_enabled;False;vpc-05003d63d9533f68c;NIST-CSF;National Institute of Standards and Technology (NIST) Cybersecurity Framework (CSF) v1.1;
aws;The NIST Cybersecurity Framework (CSF) is supported by governments and industries worldwide as a recommended baseline for use by any organization, regardless of sector or size. The NIST Cybersecurity Framework consists of three primary components: the framework core, the profiles, and the implementation tiers. The framework core contains desired cybersecurity activities and outcomes organized into 23 categories that cover the breadth of cybersecurity objectives for an organization. The profiles contain an organization's unique alignment of their organizational requirements and objectives, risk appetite, and resources using the desired outcomes of the framework core. The implementation tiers describe the degree to which an organization’s cybersecurity risk management practices exhibit the characteristics defined in the framework core.;858573892697;us-east-1;2026-09-13 22:26:32.575478;ds_5;Protections against data leaks are implemented.;Protect (PR);Data Security (PR.DS);;aws;;FAIL;VPC vaultcloud-vpc Flow logs are disabled.;arn:aws:ec2:us-east-1:858573892697:vpc/vpc-05003d63d9533f68c;vpc_flow_logs_enabled;False;vpc-05003d63d9533f68c;NIST-CSF;National Institute of Standards and Technology (NIST) Cybersecurity Framework (CSF) v1.1;
aws;The NIST Cybersecurity Framework (CSF) is supported by governments and industries worldwide as a recommended baseline for use by any organization, regardless of sector or size. The NIST Cybersecurity Framework consists of three primary components: the framework core, the profiles, and the implementation tiers. The framework core contains desired cybersecurity activities and outcomes organized into 23 categories that cover the breadth of cybersecurity objectives for an organization. The profiles contain an organization's unique alignment of their organizational requirements and objectives, risk appetite, and resources using the desired outcomes of the framework core. The implementation tiers describe the degree to which an organization’s cybersecurity risk management practices exhibit the characteristics defined in the framework core.;858573892697;us-east-1;2026-09-13 22:26:32.575478;pt_1;Audit/log records are determined, documented, implemented, and reviewed in accordance with policy.;Protect (PR);Protective Technology (PR.PT);;aws;;FAIL;VPC vaultcloud-vpc Flow logs are disabled.;arn:aws:ec2:us-east-1:858573892697:vpc/vpc-05003d63d9533f68c;vpc_flow_logs_enabled;False;vpc-05003d63d9533f68c;NIST-CSF;National Institute of Standards and Technology (NIST) Cybersecurity Framework (CSF) v1.1;
aws;The NIST Cybersecurity Framework (CSF) is supported by governments and industries worldwide as a recommended baseline for use by any organization, regardless of sector or size. The NIST Cybersecurity Framework consists of three primary components: the framework core, the profiles, and the implementation tiers. The framework core contains desired cybersecurity activities and outcomes organized into 23 categories that cover the breadth of cybersecurity objectives for an organization. The profiles contain an organization's unique alignment of their organizational requirements and objectives, risk appetite, and resources using the desired outcomes of the framework core. The implementation tiers describe the degree to which an organization’s cybersecurity risk management practices exhibit the characteristics defined in the framework core.;;;2026-09-13 22:26:32.575478;am_5;Resources (e.g., hardware, devices, data, time, personnel, and software) are prioritized based on their classification, criticality, and business value.;Identify (ID);Asset Management (ID.AM);;aws;;MANUAL;Manual check;manual_check;manual;False;Manual check;NIST-CSF;National Institute of Standards and Technology (NIST) Cybersecurity Framework (CSF) v1.1;
aws;The NIST Cybersecurity Framework (CSF) is supported by governments and industries worldwide as a recommended baseline for use by any organization, regardless of sector or size. The NIST Cybersecurity Framework consists of three primary components: the framework core, the profiles, and the implementation tiers. The framework core contains desired cybersecurity activities and outcomes organized into 23 categories that cover the breadth of cybersecurity objectives for an organization. The profiles contain an organization's unique alignment of their organizational requirements and objectives, risk appetite, and resources using the desired outcomes of the framework core. The implementation tiers describe the degree to which an organization’s cybersecurity risk management practices exhibit the characteristics defined in the framework core.;;;2026-09-13 22:26:32.575478;am_6;Cybersecurity roles and responsibilities for the entire workforce and third-party stakeholders (e.g., suppliers, customers, partners) are established.;Identify (ID);Asset Management (ID.AM);;iam;;MANUAL;Manual check;manual_check;manual;False;Manual check;NIST-CSF;National Institute of Standards and Technology (NIST) Cybersecurity Framework (CSF) v1.1;
aws;The NIST Cybersecurity Framework (CSF) is supported by governments and industries worldwide as a recommended baseline for use by any organization, regardless of sector or size. The NIST Cybersecurity Framework consists of three primary components: the framework core, the profiles, and the implementation tiers. The framework core contains desired cybersecurity activities and outcomes organized into 23 categories that cover the breadth of cybersecurity objectives for an organization. The profiles contain an organization's unique alignment of their organizational requirements and objectives, risk appetite, and resources using the desired outcomes of the framework core. The implementation tiers describe the degree to which an organization’s cybersecurity risk management practices exhibit the characteristics defined in the framework core.;;;2026-09-13 22:26:32.575478;ip_7;Protection processes are improved.;Protect (PR);Information Protection Processes and Procedures (PR.IP);;ec2;;MANUAL;Manual check;manual_check;manual;False;Manual check;NIST-CSF;National Institute of Standards and Technology (NIST) Cybersecurity Framework (CSF) v1.1;
