PROVIDER;DESCRIPTION;ACCOUNTID;REGION;ASSESSMENTDATE;REQUIREMENTS_ID;REQUIREMENTS_DESCRIPTION;REQUIREMENTS_ATTRIBUTES_SECTION;REQUIREMENTS_ATTRIBUTES_SUBSECTION;REQUIREMENTS_ATTRIBUTES_SUBGROUP;REQUIREMENTS_ATTRIBUTES_SERVICE;REQUIREMENTS_ATTRIBUTES_TYPE;STATUS;STATUSEXTENDED;RESOURCEID;CHECKID;MUTED;RESOURCENAME;FRAMEWORK;NAME;REQUIREMENTS_ATTRIBUTES_COMMENT
aws;GxP refers to the regulations and guidelines that are applicable to life sciences organizations that make food and medical products. Medical products that fall under this include medicines, medical devices, and medical software applications. The overall intent of GxP requirements is to ensure that food and medical products are safe for consumers. It's also to ensure the integrity of data that's used to make product-related safety decisions.;858573892697;us-east-1;2026-09-13 22:26:32.575478;11.10-d;Persons who use closed systems to create, modify, maintain, or transmit electronic records shall employ procedures and controls designed to ensure the authenticity, integrity, and, when appropriate, the confidentiality of electronic records, and to ensure that the signer cannot readily repudiate the signed record as not genuine. Such procedures and controls shall include the following: (d) Limiting system access to authorized individuals.;11.10 Controls for closed systems;;;aws;;PASS;Lambda function aws-deepracer-reward-fn-b97e40d7-25de-4452-8b6e-9cee76f5bae0 has a resource-based policy without public access.;arn:aws:lambda:us-east-1:858573892697:function:aws-deepracer-reward-fn-b97e40d7-25de-4452-8b6e-9cee76f5bae0;awslambda_function_not_publicly_accessible;False;aws-deepracer-reward-fn-b97e40d7-25de-4452-8b6e-9cee76f5bae0;GxP-21-CFR-Part-11;GxP (Good Practices) 21 CFR Part 11;
aws;GxP refers to the regulations and guidelines that are applicable to life sciences organizations that make food and medical products. Medical products that fall under this include medicines, medical devices, and medical software applications. The overall intent of GxP requirements is to ensure that food and medical products are safe for consumers. It's also to ensure the integrity of data that's used to make product-related safety decisions.;858573892697;us-east-1;2026-09-13 22:26:32.575478;11.10-g;Persons who use closed systems to create, modify, maintain, or transmit electronic records shall employ procedures and controls designed to ensure the authenticity, integrity, and, when appropriate, the confidentiality of electronic records, and to ensure that the signer cannot readily repudiate the signed record as not genuine. Such procedures and controls shall include the following: (g) Use of authority checks to ensure that only authorized individuals can use the system, electronically sign a record, access the operation or computer system input or output device, alter a record, or perform the operation at hand.;11.10 Controls for closed systems;;;aws;;PASS;Lambda function aws-deepracer-reward-fn-b97e40d7-25de-4452-8b6e-9cee76f5bae0 has a resource-based policy without public access.;arn:aws:lambda:us-east-1:858573892697:function:aws-deepracer-reward-fn-b97e40d7-25de-4452-8b6e-9cee76f5bae0;awslambda_function_not_publicly_accessible;False;aws-deepracer-reward-fn-b97e40d7-25de-4452-8b6e-9cee76f5bae0;GxP-21-CFR-Part-11;GxP (Good Practices) 21 CFR Part 11;
aws;GxP refers to the regulations and guidelines that are applicable to life sciences organizations that make food and medical products. Medical products that fall under this include medicines, medical devices, and medical software applications. The overall intent of GxP requirements is to ensure that food and medical products are safe for consumers. It's also to ensure the integrity of data that's used to make product-related safety decisions.;858573892697;us-east-1;2026-09-13 22:26:32.575478;11.10-e;Persons who use closed systems to create, modify, maintain, or transmit electronic records shall employ procedures and controls designed to ensure the authenticity, integrity, and, when appropriate, the confidentiality of electronic records, and to ensure that the signer cannot readily repudiate the signed record as not genuine. Such procedures and controls shall include the following: (e) Use of secure, computer-generated, time-stamped audit trails to independently record the date and time of operator entries and actions that create, modify, or delete electronic records. Record changes shall not obscure previously recorded information. Such audit trail documentation shall be retained for a period at least as long as that required for the subject electronic records and shall be available for agency review and copying.;11.10 Controls for closed systems;;;aws;;FAIL;No CloudTrail trails enabled with logging were found.;arn:aws:cloudtrail:us-east-1:858573892697:trail;cloudtrail_multi_region_enabled;False;858573892697;GxP-21-CFR-Part-11;GxP (Good Practices) 21 CFR Part 11;
aws;GxP refers to the regulations and guidelines that are applicable to life sciences organizations that make food and medical products. Medical products that fall under this include medicines, medical devices, and medical software applications. The overall intent of GxP requirements is to ensure that food and medical products are safe for consumers. It's also to ensure the integrity of data that's used to make product-related safety decisions.;858573892697;us-east-1;2026-09-13 22:26:32.575478;11.10-k;Persons who use closed systems to create, modify, maintain, or transmit electronic records shall employ procedures and controls designed to ensure the authenticity, integrity, and, when appropriate, the confidentiality of electronic records, and to ensure that the signer cannot readily repudiate the signed record as not genuine. Such procedures and controls shall include the following: (k) Use of appropriate controls over systems documentation including: (1) Adequate controls over the distribution of, access to, and use of documentation for system operation and maintenance. (2) Revision and change control procedures to maintain an audit trail that documents time-sequenced development and modification of systems documentation.;11.10 Controls for closed systems;;;aws;;FAIL;No CloudTrail trails enabled with logging were found.;arn:aws:cloudtrail:us-east-1:858573892697:trail;cloudtrail_multi_region_enabled;False;858573892697;GxP-21-CFR-Part-11;GxP (Good Practices) 21 CFR Part 11;
aws;GxP refers to the regulations and guidelines that are applicable to life sciences organizations that make food and medical products. Medical products that fall under this include medicines, medical devices, and medical software applications. The overall intent of GxP requirements is to ensure that food and medical products are safe for consumers. It's also to ensure the integrity of data that's used to make product-related safety decisions.;858573892697;us-east-1;2026-09-13 22:26:32.575478;11.300-d;Persons who use electronic signatures based upon use of identification codes in combination with passwords shall employ controls to ensure their security and integrity. Such controls shall include: (d) Use of transaction safeguards to prevent unauthorized use of passwords and/or identification codes, and to detect and report in an immediate and urgent manner any attempts at their unauthorized use to the system security unit, and, as appropriate, to organizational management.;11.300 Controls for identification codes/passwords;;;aws;;FAIL;No CloudTrail trails enabled with logging were found.;arn:aws:cloudtrail:us-east-1:858573892697:trail;cloudtrail_multi_region_enabled;False;858573892697;GxP-21-CFR-Part-11;GxP (Good Practices) 21 CFR Part 11;
aws;GxP refers to the regulations and guidelines that are applicable to life sciences organizations that make food and medical products. Medical products that fall under this include medicines, medical devices, and medical software applications. The overall intent of GxP requirements is to ensure that food and medical products are safe for consumers. It's also to ensure the integrity of data that's used to make product-related safety decisions.;858573892697;us-east-1;2026-09-13 22:26:32.575478;11.10-e;Persons who use closed systems to create, modify, maintain, or transmit electronic records shall employ procedures and controls designed to ensure the authenticity, integrity, and, when appropriate, the confidentiality of electronic records, and to ensure that the signer cannot readily repudiate the signed record as not genuine. Such procedures and controls shall include the following: (e) Use of secure, computer-generated, time-stamped audit trails to independently record the date and time of operator entries and actions that create, modify, or delete electronic records. Record changes shall not obscure previously recorded information. Such audit trail documentation shall be retained for a period at least as long as that required for the subject electronic records and shall be available for agency review and copying.;11.10 Controls for closed systems;;;aws;;FAIL;No CloudTrail trails have a data event to record all S3 object-level API operations.;arn:aws:cloudtrail:us-east-1:858573892697:trail;cloudtrail_s3_dataevents_read_enabled;False;858573892697;GxP-21-CFR-Part-11;GxP (Good Practices) 21 CFR Part 11;
aws;GxP refers to the regulations and guidelines that are applicable to life sciences organizations that make food and medical products. Medical products that fall under this include medicines, medical devices, and medical software applications. The overall intent of GxP requirements is to ensure that food and medical products are safe for consumers. It's also to ensure the integrity of data that's used to make product-related safety decisions.;858573892697;us-east-1;2026-09-13 22:26:32.575478;11.10-k;Persons who use closed systems to create, modify, maintain, or transmit electronic records shall employ procedures and controls designed to ensure the authenticity, integrity, and, when appropriate, the confidentiality of electronic records, and to ensure that the signer cannot readily repudiate the signed record as not genuine. Such procedures and controls shall include the following: (k) Use of appropriate controls over systems documentation including: (1) Adequate controls over the distribution of, access to, and use of documentation for system operation and maintenance. (2) Revision and change control procedures to maintain an audit trail that documents time-sequenced development and modification of systems documentation.;11.10 Controls for closed systems;;;aws;;FAIL;No CloudTrail trails have a data event to record all S3 object-level API operations.;arn:aws:cloudtrail:us-east-1:858573892697:trail;cloudtrail_s3_dataevents_read_enabled;False;858573892697;GxP-21-CFR-Part-11;GxP (Good Practices) 21 CFR Part 11;
aws;GxP refers to the regulations and guidelines that are applicable to life sciences organizations that make food and medical products. Medical products that fall under this include medicines, medical devices, and medical software applications. The overall intent of GxP requirements is to ensure that food and medical products are safe for consumers. It's also to ensure the integrity of data that's used to make product-related safety decisions.;858573892697;us-east-1;2026-09-13 22:26:32.575478;11.10-e;Persons who use closed systems to create, modify, maintain, or transmit electronic records shall employ procedures and controls designed to ensure the authenticity, integrity, and, when appropriate, the confidentiality of electronic records, and to ensure that the signer cannot readily repudiate the signed record as not genuine. Such procedures and controls shall include the following: (e) Use of secure, computer-generated, time-stamped audit trails to independently record the date and time of operator entries and actions that create, modify, or delete electronic records. Record changes shall not obscure previously recorded information. Such audit trail documentation shall be retained for a period at least as long as that required for the subject electronic records and shall be available for agency review and copying.;11.10 Controls for closed systems;;;aws;;FAIL;No CloudTrail trails have a data event to record all S3 object-level API operations.;arn:aws:cloudtrail:us-east-1:858573892697:trail;cloudtrail_s3_dataevents_write_enabled;False;858573892697;GxP-21-CFR-Part-11;GxP (Good Practices) 21 CFR Part 11;
aws;GxP refers to the regulations and guidelines that are applicable to life sciences organizations that make food and medical products. Medical products that fall under this include medicines, medical devices, and medical software applications. The overall intent of GxP requirements is to ensure that food and medical products are safe for consumers. It's also to ensure the integrity of data that's used to make product-related safety decisions.;858573892697;us-east-1;2026-09-13 22:26:32.575478;11.10-k;Persons who use closed systems to create, modify, maintain, or transmit electronic records shall employ procedures and controls designed to ensure the authenticity, integrity, and, when appropriate, the confidentiality of electronic records, and to ensure that the signer cannot readily repudiate the signed record as not genuine. Such procedures and controls shall include the following: (k) Use of appropriate controls over systems documentation including: (1) Adequate controls over the distribution of, access to, and use of documentation for system operation and maintenance. (2) Revision and change control procedures to maintain an audit trail that documents time-sequenced development and modification of systems documentation.;11.10 Controls for closed systems;;;aws;;FAIL;No CloudTrail trails have a data event to record all S3 object-level API operations.;arn:aws:cloudtrail:us-east-1:858573892697:trail;cloudtrail_s3_dataevents_write_enabled;False;858573892697;GxP-21-CFR-Part-11;GxP (Good Practices) 21 CFR Part 11;
aws;GxP refers to the regulations and guidelines that are applicable to life sciences organizations that make food and medical products. Medical products that fall under this include medicines, medical devices, and medical software applications. The overall intent of GxP requirements is to ensure that food and medical products are safe for consumers. It's also to ensure the integrity of data that's used to make product-related safety decisions.;858573892697;us-east-1;2026-09-13 22:26:32.575478;11.10-g;Persons who use closed systems to create, modify, maintain, or transmit electronic records shall employ procedures and controls designed to ensure the authenticity, integrity, and, when appropriate, the confidentiality of electronic records, and to ensure that the signer cannot readily repudiate the signed record as not genuine. Such procedures and controls shall include the following: (g) Use of authority checks to ensure that only authorized individuals can use the system, electronically sign a record, access the operation or computer system input or output device, alter a record, or perform the operation at hand.;11.10 Controls for closed systems;;;aws;;FAIL;EBS Default Encryption is not activated.;arn:aws:ec2:us-east-1:858573892697:volume;ec2_ebs_default_encryption;False;858573892697;GxP-21-CFR-Part-11;GxP (Good Practices) 21 CFR Part 11;
aws;GxP refers to the regulations and guidelines that are applicable to life sciences organizations that make food and medical products. Medical products that fall under this include medicines, medical devices, and medical software applications. The overall intent of GxP requirements is to ensure that food and medical products are safe for consumers. It's also to ensure the integrity of data that's used to make product-related safety decisions.;858573892697;us-east-1;2026-09-13 22:26:32.575478;11.30;Persons who use open systems to create, modify, maintain, or transmit electronic records shall employ procedures and controls designed to ensure the authenticity, integrity, and, as appropriate, the confidentiality of electronic records from the point of their creation to the point of their receipt. Such procedures and controls shall include those identified in 11.10, as appropriate, and additional measures such as document encryption and use of appropriate digital signature standards to ensure, as necessary under the circumstances, record authenticity, integrity, and confidentiality.;11.30 Controls for open systems;;;aws;;FAIL;EBS Default Encryption is not activated.;arn:aws:ec2:us-east-1:858573892697:volume;ec2_ebs_default_encryption;False;858573892697;GxP-21-CFR-Part-11;GxP (Good Practices) 21 CFR Part 11;
aws;GxP refers to the regulations and guidelines that are applicable to life sciences organizations that make food and medical products. Medical products that fall under this include medicines, medical devices, and medical software applications. The overall intent of GxP requirements is to ensure that food and medical products are safe for consumers. It's also to ensure the integrity of data that's used to make product-related safety decisions.;858573892697;us-east-1;2026-09-13 22:26:32.575478;11.10-g;Persons who use closed systems to create, modify, maintain, or transmit electronic records shall employ procedures and controls designed to ensure the authenticity, integrity, and, when appropriate, the confidentiality of electronic records, and to ensure that the signer cannot readily repudiate the signed record as not genuine. Such procedures and controls shall include the following: (g) Use of authority checks to ensure that only authorized individuals can use the system, electronically sign a record, access the operation or computer system input or output device, alter a record, or perform the operation at hand.;11.10 Controls for closed systems;;;aws;;FAIL;EBS Snapshot vol-0eb1883546aae7c2c is unencrypted.;arn:aws:ec2:us-east-1:858573892697:volume/vol-0eb1883546aae7c2c;ec2_ebs_volume_encryption;False;vol-0eb1883546aae7c2c;GxP-21-CFR-Part-11;GxP (Good Practices) 21 CFR Part 11;
aws;GxP refers to the regulations and guidelines that are applicable to life sciences organizations that make food and medical products. Medical products that fall under this include medicines, medical devices, and medical software applications. The overall intent of GxP requirements is to ensure that food and medical products are safe for consumers. It's also to ensure the integrity of data that's used to make product-related safety decisions.;858573892697;us-east-1;2026-09-13 22:26:32.575478;11.30;Persons who use open systems to create, modify, maintain, or transmit electronic records shall employ procedures and controls designed to ensure the authenticity, integrity, and, as appropriate, the confidentiality of electronic records from the point of their creation to the point of their receipt. Such procedures and controls shall include those identified in 11.10, as appropriate, and additional measures such as document encryption and use of appropriate digital signature standards to ensure, as necessary under the circumstances, record authenticity, integrity, and confidentiality.;11.30 Controls for open systems;;;aws;;FAIL;EBS Snapshot vol-0eb1883546aae7c2c is unencrypted.;arn:aws:ec2:us-east-1:858573892697:volume/vol-0eb1883546aae7c2c;ec2_ebs_volume_encryption;False;vol-0eb1883546aae7c2c;GxP-21-CFR-Part-11;GxP (Good Practices) 21 CFR Part 11;
aws;GxP refers to the regulations and guidelines that are applicable to life sciences organizations that make food and medical products. Medical products that fall under this include medicines, medical devices, and medical software applications. The overall intent of GxP requirements is to ensure that food and medical products are safe for consumers. It's also to ensure the integrity of data that's used to make product-related safety decisions.;858573892697;us-east-1;2026-09-13 22:26:32.575478;11.10-d;Persons who use closed systems to create, modify, maintain, or transmit electronic records shall employ procedures and controls designed to ensure the authenticity, integrity, and, when appropriate, the confidentiality of electronic records, and to ensure that the signer cannot readily repudiate the signed record as not genuine. Such procedures and controls shall include the following: (d) Limiting system access to authorized individuals.;11.10 Controls for closed systems;;;aws;;PASS;EC2 Instance i-09f50c4dba74b8608 has IMDSv2 enabled and required.;arn:aws:ec2:us-east-1:858573892697:instance/i-09f50c4dba74b8608;ec2_instance_imdsv2_enabled;False;i-09f50c4dba74b8608;GxP-21-CFR-Part-11;GxP (Good Practices) 21 CFR Part 11;
aws;GxP refers to the regulations and guidelines that are applicable to life sciences organizations that make food and medical products. Medical products that fall under this include medicines, medical devices, and medical software applications. The overall intent of GxP requirements is to ensure that food and medical products are safe for consumers. It's also to ensure the integrity of data that's used to make product-related safety decisions.;858573892697;us-east-1;2026-09-13 22:26:32.575478;11.10-g;Persons who use closed systems to create, modify, maintain, or transmit electronic records shall employ procedures and controls designed to ensure the authenticity, integrity, and, when appropriate, the confidentiality of electronic records, and to ensure that the signer cannot readily repudiate the signed record as not genuine. Such procedures and controls shall include the following: (g) Use of authority checks to ensure that only authorized individuals can use the system, electronically sign a record, access the operation or computer system input or output device, alter a record, or perform the operation at hand.;11.10 Controls for closed systems;;;aws;;PASS;EC2 Instance i-09f50c4dba74b8608 has IMDSv2 enabled and required.;arn:aws:ec2:us-east-1:858573892697:instance/i-09f50c4dba74b8608;ec2_instance_imdsv2_enabled;False;i-09f50c4dba74b8608;GxP-21-CFR-Part-11;GxP (Good Practices) 21 CFR Part 11;
aws;GxP refers to the regulations and guidelines that are applicable to life sciences organizations that make food and medical products. Medical products that fall under this include medicines, medical devices, and medical software applications. The overall intent of GxP requirements is to ensure that food and medical products are safe for consumers. It's also to ensure the integrity of data that's used to make product-related safety decisions.;858573892697;us-east-1;2026-09-13 22:26:32.575478;11.10-a;Persons who use closed systems to create, modify, maintain, or transmit electronic records shall employ procedures and controls designed to ensure the authenticity, integrity, and, when appropriate, the confidentiality of electronic records, and to ensure that the signer cannot readily repudiate the signed record as not genuine. Such procedures and controls shall include the following: (a) Validation of systems to ensure accuracy, reliability, consistent intended performance, and the ability to discern invalid or altered records.;11.10 Controls for closed systems;;;aws;;FAIL;EC2 Instance i-09f50c4dba74b8608 is not managed by Systems Manager.;arn:aws:ec2:us-east-1:858573892697:instance/i-09f50c4dba74b8608;ec2_instance_managed_by_ssm;False;i-09f50c4dba74b8608;GxP-21-CFR-Part-11;GxP (Good Practices) 21 CFR Part 11;
aws;GxP refers to the regulations and guidelines that are applicable to life sciences organizations that make food and medical products. Medical products that fall under this include medicines, medical devices, and medical software applications. The overall intent of GxP requirements is to ensure that food and medical products are safe for consumers. It's also to ensure the integrity of data that's used to make product-related safety decisions.;858573892697;us-east-1;2026-09-13 22:26:32.575478;11.10-h;Persons who use closed systems to create, modify, maintain, or transmit electronic records shall employ procedures and controls designed to ensure the authenticity, integrity, and, when appropriate, the confidentiality of electronic records, and to ensure that the signer cannot readily repudiate the signed record as not genuine. Such procedures and controls shall include the following: (h) Use of device (e.g., terminal) checks to determine, as appropriate, the validity of the source of data input or operational instruction.;11.10 Controls for closed systems;;;aws;;FAIL;EC2 Instance i-09f50c4dba74b8608 is not managed by Systems Manager.;arn:aws:ec2:us-east-1:858573892697:instance/i-09f50c4dba74b8608;ec2_instance_managed_by_ssm;False;i-09f50c4dba74b8608;GxP-21-CFR-Part-11;GxP (Good Practices) 21 CFR Part 11;
aws;GxP refers to the regulations and guidelines that are applicable to life sciences organizations that make food and medical products. Medical products that fall under this include medicines, medical devices, and medical software applications. The overall intent of GxP requirements is to ensure that food and medical products are safe for consumers. It's also to ensure the integrity of data that's used to make product-related safety decisions.;858573892697;us-east-1;2026-09-13 22:26:32.575478;11.10-a;Persons who use closed systems to create, modify, maintain, or transmit electronic records shall employ procedures and controls designed to ensure the authenticity, integrity, and, when appropriate, the confidentiality of electronic records, and to ensure that the signer cannot readily repudiate the signed record as not genuine. Such procedures and controls shall include the following: (a) Validation of systems to ensure accuracy, reliability, consistent intended performance, and the ability to discern invalid or altered records.;11.10 Controls for closed systems;;;aws;;PASS;EC2 Instance i-09f50c4dba74b8608 is not older than 180 days (1 days).;arn:aws:ec2:us-east-1:858573892697:instance/i-09f50c4dba74b8608;ec2_instance_older_than_specific_days;False;i-09f50c4dba74b8608;GxP-21-CFR-Part-11;GxP (Good Practices) 21 CFR Part 11;
aws;GxP refers to the regulations and guidelines that are applicable to life sciences organizations that make food and medical products. Medical products that fall under this include medicines, medical devices, and medical software applications. The overall intent of GxP requirements is to ensure that food and medical products are safe for consumers. It's also to ensure the integrity of data that's used to make product-related safety decisions.;858573892697;us-east-1;2026-09-13 22:26:32.575478;11.10-d;Persons who use closed systems to create, modify, maintain, or transmit electronic records shall employ procedures and controls designed to ensure the authenticity, integrity, and, when appropriate, the confidentiality of electronic records, and to ensure that the signer cannot readily repudiate the signed record as not genuine. Such procedures and controls shall include the following: (d) Limiting system access to authorized individuals.;11.10 Controls for closed systems;;;aws;;FAIL;EC2 Instance i-09f50c4dba74b8608 not associated with an Instance Profile Role.;arn:aws:ec2:us-east-1:858573892697:instance/i-09f50c4dba74b8608;ec2_instance_profile_attached;False;i-09f50c4dba74b8608;GxP-21-CFR-Part-11;GxP (Good Practices) 21 CFR Part 11;
aws;GxP refers to the regulations and guidelines that are applicable to life sciences organizations that make food and medical products. Medical products that fall under this include medicines, medical devices, and medical software applications. The overall intent of GxP requirements is to ensure that food and medical products are safe for consumers. It's also to ensure the integrity of data that's used to make product-related safety decisions.;858573892697;us-east-1;2026-09-13 22:26:32.575478;11.10-g;Persons who use closed systems to create, modify, maintain, or transmit electronic records shall employ procedures and controls designed to ensure the authenticity, integrity, and, when appropriate, the confidentiality of electronic records, and to ensure that the signer cannot readily repudiate the signed record as not genuine. Such procedures and controls shall include the following: (g) Use of authority checks to ensure that only authorized individuals can use the system, electronically sign a record, access the operation or computer system input or output device, alter a record, or perform the operation at hand.;11.10 Controls for closed systems;;;aws;;FAIL;EC2 Instance i-09f50c4dba74b8608 not associated with an Instance Profile Role.;arn:aws:ec2:us-east-1:858573892697:instance/i-09f50c4dba74b8608;ec2_instance_profile_attached;False;i-09f50c4dba74b8608;GxP-21-CFR-Part-11;GxP (Good Practices) 21 CFR Part 11;
aws;GxP refers to the regulations and guidelines that are applicable to life sciences organizations that make food and medical products. Medical products that fall under this include medicines, medical devices, and medical software applications. The overall intent of GxP requirements is to ensure that food and medical products are safe for consumers. It's also to ensure the integrity of data that's used to make product-related safety decisions.;858573892697;us-east-1;2026-09-13 22:26:32.575478;11.10-d;Persons who use closed systems to create, modify, maintain, or transmit electronic records shall employ procedures and controls designed to ensure the authenticity, integrity, and, when appropriate, the confidentiality of electronic records, and to ensure that the signer cannot readily repudiate the signed record as not genuine. Such procedures and controls shall include the following: (d) Limiting system access to authorized individuals.;11.10 Controls for closed systems;;;aws;;FAIL;EC2 Instance i-09f50c4dba74b8608 has a Public IP: 184.193.35.205 (ec2-184-193-35-205.compute-1.amazonaws.com).;arn:aws:ec2:us-east-1:858573892697:instance/i-09f50c4dba74b8608;ec2_instance_public_ip;False;i-09f50c4dba74b8608;GxP-21-CFR-Part-11;GxP (Good Practices) 21 CFR Part 11;
aws;GxP refers to the regulations and guidelines that are applicable to life sciences organizations that make food and medical products. Medical products that fall under this include medicines, medical devices, and medical software applications. The overall intent of GxP requirements is to ensure that food and medical products are safe for consumers. It's also to ensure the integrity of data that's used to make product-related safety decisions.;858573892697;us-east-1;2026-09-13 22:26:32.575478;11.10-g;Persons who use closed systems to create, modify, maintain, or transmit electronic records shall employ procedures and controls designed to ensure the authenticity, integrity, and, when appropriate, the confidentiality of electronic records, and to ensure that the signer cannot readily repudiate the signed record as not genuine. Such procedures and controls shall include the following: (g) Use of authority checks to ensure that only authorized individuals can use the system, electronically sign a record, access the operation or computer system input or output device, alter a record, or perform the operation at hand.;11.10 Controls for closed systems;;;aws;;FAIL;EC2 Instance i-09f50c4dba74b8608 has a Public IP: 184.193.35.205 (ec2-184-193-35-205.compute-1.amazonaws.com).;arn:aws:ec2:us-east-1:858573892697:instance/i-09f50c4dba74b8608;ec2_instance_public_ip;False;i-09f50c4dba74b8608;GxP-21-CFR-Part-11;GxP (Good Practices) 21 CFR Part 11;
aws;GxP refers to the regulations and guidelines that are applicable to life sciences organizations that make food and medical products. Medical products that fall under this include medicines, medical devices, and medical software applications. The overall intent of GxP requirements is to ensure that food and medical products are safe for consumers. It's also to ensure the integrity of data that's used to make product-related safety decisions.;858573892697;us-east-1;2026-09-13 22:26:32.575478;11.10-d;Persons who use closed systems to create, modify, maintain, or transmit electronic records shall employ procedures and controls designed to ensure the authenticity, integrity, and, when appropriate, the confidentiality of electronic records, and to ensure that the signer cannot readily repudiate the signed record as not genuine. Such procedures and controls shall include the following: (d) Limiting system access to authorized individuals.;11.10 Controls for closed systems;;;aws;;FAIL;Network ACL acl-0098e87093e7acb5d has every port open to the Internet.;arn:aws:ec2:us-east-1:858573892697:network-acl/acl-0098e87093e7acb5d;ec2_networkacl_allow_ingress_any_port;False;acl-0098e87093e7acb5d;GxP-21-CFR-Part-11;GxP (Good Practices) 21 CFR Part 11;
aws;GxP refers to the regulations and guidelines that are applicable to life sciences organizations that make food and medical products. Medical products that fall under this include medicines, medical devices, and medical software applications. The overall intent of GxP requirements is to ensure that food and medical products are safe for consumers. It's also to ensure the integrity of data that's used to make product-related safety decisions.;858573892697;us-east-1;2026-09-13 22:26:32.575478;11.10-g;Persons who use closed systems to create, modify, maintain, or transmit electronic records shall employ procedures and controls designed to ensure the authenticity, integrity, and, when appropriate, the confidentiality of electronic records, and to ensure that the signer cannot readily repudiate the signed record as not genuine. Such procedures and controls shall include the following: (g) Use of authority checks to ensure that only authorized individuals can use the system, electronically sign a record, access the operation or computer system input or output device, alter a record, or perform the operation at hand.;11.10 Controls for closed systems;;;aws;;FAIL;Network ACL acl-0098e87093e7acb5d has every port open to the Internet.;arn:aws:ec2:us-east-1:858573892697:network-acl/acl-0098e87093e7acb5d;ec2_networkacl_allow_ingress_any_port;False;acl-0098e87093e7acb5d;GxP-21-CFR-Part-11;GxP (Good Practices) 21 CFR Part 11;
aws;GxP refers to the regulations and guidelines that are applicable to life sciences organizations that make food and medical products. Medical products that fall under this include medicines, medical devices, and medical software applications. The overall intent of GxP requirements is to ensure that food and medical products are safe for consumers. It's also to ensure the integrity of data that's used to make product-related safety decisions.;858573892697;us-east-1;2026-09-13 22:26:32.575478;11.10-k;Persons who use closed systems to create, modify, maintain, or transmit electronic records shall employ procedures and controls designed to ensure the authenticity, integrity, and, when appropriate, the confidentiality of electronic records, and to ensure that the signer cannot readily repudiate the signed record as not genuine. Such procedures and controls shall include the following: (k) Use of appropriate controls over systems documentation including: (1) Adequate controls over the distribution of, access to, and use of documentation for system operation and maintenance. (2) Revision and change control procedures to maintain an audit trail that documents time-sequenced development and modification of systems documentation.;11.10 Controls for closed systems;;;aws;;FAIL;Network ACL acl-0098e87093e7acb5d has every port open to the Internet.;arn:aws:ec2:us-east-1:858573892697:network-acl/acl-0098e87093e7acb5d;ec2_networkacl_allow_ingress_any_port;False;acl-0098e87093e7acb5d;GxP-21-CFR-Part-11;GxP (Good Practices) 21 CFR Part 11;
aws;GxP refers to the regulations and guidelines that are applicable to life sciences organizations that make food and medical products. Medical products that fall under this include medicines, medical devices, and medical software applications. The overall intent of GxP requirements is to ensure that food and medical products are safe for consumers. It's also to ensure the integrity of data that's used to make product-related safety decisions.;858573892697;us-east-1;2026-09-13 22:26:32.575478;11.10-d;Persons who use closed systems to create, modify, maintain, or transmit electronic records shall employ procedures and controls designed to ensure the authenticity, integrity, and, when appropriate, the confidentiality of electronic records, and to ensure that the signer cannot readily repudiate the signed record as not genuine. Such procedures and controls shall include the following: (d) Limiting system access to authorized individuals.;11.10 Controls for closed systems;;;aws;;FAIL;Network ACL acl-0dd8762c751bf1faf has every port open to the Internet.;arn:aws:ec2:us-east-1:858573892697:network-acl/acl-0dd8762c751bf1faf;ec2_networkacl_allow_ingress_any_port;False;acl-0dd8762c751bf1faf;GxP-21-CFR-Part-11;GxP (Good Practices) 21 CFR Part 11;
aws;GxP refers to the regulations and guidelines that are applicable to life sciences organizations that make food and medical products. Medical products that fall under this include medicines, medical devices, and medical software applications. The overall intent of GxP requirements is to ensure that food and medical products are safe for consumers. It's also to ensure the integrity of data that's used to make product-related safety decisions.;858573892697;us-east-1;2026-09-13 22:26:32.575478;11.10-g;Persons who use closed systems to create, modify, maintain, or transmit electronic records shall employ procedures and controls designed to ensure the authenticity, integrity, and, when appropriate, the confidentiality of electronic records, and to ensure that the signer cannot readily repudiate the signed record as not genuine. Such procedures and controls shall include the following: (g) Use of authority checks to ensure that only authorized individuals can use the system, electronically sign a record, access the operation or computer system input or output device, alter a record, or perform the operation at hand.;11.10 Controls for closed systems;;;aws;;FAIL;Network ACL acl-0dd8762c751bf1faf has every port open to the Internet.;arn:aws:ec2:us-east-1:858573892697:network-acl/acl-0dd8762c751bf1faf;ec2_networkacl_allow_ingress_any_port;False;acl-0dd8762c751bf1faf;GxP-21-CFR-Part-11;GxP (Good Practices) 21 CFR Part 11;
aws;GxP refers to the regulations and guidelines that are applicable to life sciences organizations that make food and medical products. Medical products that fall under this include medicines, medical devices, and medical software applications. The overall intent of GxP requirements is to ensure that food and medical products are safe for consumers. It's also to ensure the integrity of data that's used to make product-related safety decisions.;858573892697;us-east-1;2026-09-13 22:26:32.575478;11.10-k;Persons who use closed systems to create, modify, maintain, or transmit electronic records shall employ procedures and controls designed to ensure the authenticity, integrity, and, when appropriate, the confidentiality of electronic records, and to ensure that the signer cannot readily repudiate the signed record as not genuine. Such procedures and controls shall include the following: (k) Use of appropriate controls over systems documentation including: (1) Adequate controls over the distribution of, access to, and use of documentation for system operation and maintenance. (2) Revision and change control procedures to maintain an audit trail that documents time-sequenced development and modification of systems documentation.;11.10 Controls for closed systems;;;aws;;FAIL;Network ACL acl-0dd8762c751bf1faf has every port open to the Internet.;arn:aws:ec2:us-east-1:858573892697:network-acl/acl-0dd8762c751bf1faf;ec2_networkacl_allow_ingress_any_port;False;acl-0dd8762c751bf1faf;GxP-21-CFR-Part-11;GxP (Good Practices) 21 CFR Part 11;
aws;GxP refers to the regulations and guidelines that are applicable to life sciences organizations that make food and medical products. Medical products that fall under this include medicines, medical devices, and medical software applications. The overall intent of GxP requirements is to ensure that food and medical products are safe for consumers. It's also to ensure the integrity of data that's used to make product-related safety decisions.;858573892697;us-east-1;2026-09-13 22:26:32.575478;11.10-d;Persons who use closed systems to create, modify, maintain, or transmit electronic records shall employ procedures and controls designed to ensure the authenticity, integrity, and, when appropriate, the confidentiality of electronic records, and to ensure that the signer cannot readily repudiate the signed record as not genuine. Such procedures and controls shall include the following: (d) Limiting system access to authorized individuals.;11.10 Controls for closed systems;;;aws;;FAIL;Network ACL acl-063278b96400cd005 has every port open to the Internet.;arn:aws:ec2:us-east-1:858573892697:network-acl/acl-063278b96400cd005;ec2_networkacl_allow_ingress_any_port;False;acl-063278b96400cd005;GxP-21-CFR-Part-11;GxP (Good Practices) 21 CFR Part 11;
aws;GxP refers to the regulations and guidelines that are applicable to life sciences organizations that make food and medical products. Medical products that fall under this include medicines, medical devices, and medical software applications. The overall intent of GxP requirements is to ensure that food and medical products are safe for consumers. It's also to ensure the integrity of data that's used to make product-related safety decisions.;858573892697;us-east-1;2026-09-13 22:26:32.575478;11.10-g;Persons who use closed systems to create, modify, maintain, or transmit electronic records shall employ procedures and controls designed to ensure the authenticity, integrity, and, when appropriate, the confidentiality of electronic records, and to ensure that the signer cannot readily repudiate the signed record as not genuine. Such procedures and controls shall include the following: (g) Use of authority checks to ensure that only authorized individuals can use the system, electronically sign a record, access the operation or computer system input or output device, alter a record, or perform the operation at hand.;11.10 Controls for closed systems;;;aws;;FAIL;Network ACL acl-063278b96400cd005 has every port open to the Internet.;arn:aws:ec2:us-east-1:858573892697:network-acl/acl-063278b96400cd005;ec2_networkacl_allow_ingress_any_port;False;acl-063278b96400cd005;GxP-21-CFR-Part-11;GxP (Good Practices) 21 CFR Part 11;
aws;GxP refers to the regulations and guidelines that are applicable to life sciences organizations that make food and medical products. Medical products that fall under this include medicines, medical devices, and medical software applications. The overall intent of GxP requirements is to ensure that food and medical products are safe for consumers. It's also to ensure the integrity of data that's used to make product-related safety decisions.;858573892697;us-east-1;2026-09-13 22:26:32.575478;11.10-k;Persons who use closed systems to create, modify, maintain, or transmit electronic records shall employ procedures and controls designed to ensure the authenticity, integrity, and, when appropriate, the confidentiality of electronic records, and to ensure that the signer cannot readily repudiate the signed record as not genuine. Such procedures and controls shall include the following: (k) Use of appropriate controls over systems documentation including: (1) Adequate controls over the distribution of, access to, and use of documentation for system operation and maintenance. (2) Revision and change control procedures to maintain an audit trail that documents time-sequenced development and modification of systems documentation.;11.10 Controls for closed systems;;;aws;;FAIL;Network ACL acl-063278b96400cd005 has every port open to the Internet.;arn:aws:ec2:us-east-1:858573892697:network-acl/acl-063278b96400cd005;ec2_networkacl_allow_ingress_any_port;False;acl-063278b96400cd005;GxP-21-CFR-Part-11;GxP (Good Practices) 21 CFR Part 11;
aws;GxP refers to the regulations and guidelines that are applicable to life sciences organizations that make food and medical products. Medical products that fall under this include medicines, medical devices, and medical software applications. The overall intent of GxP requirements is to ensure that food and medical products are safe for consumers. It's also to ensure the integrity of data that's used to make product-related safety decisions.;858573892697;us-east-1;2026-09-13 22:26:32.575478;11.10-d;Persons who use closed systems to create, modify, maintain, or transmit electronic records shall employ procedures and controls designed to ensure the authenticity, integrity, and, when appropriate, the confidentiality of electronic records, and to ensure that the signer cannot readily repudiate the signed record as not genuine. Such procedures and controls shall include the following: (d) Limiting system access to authorized individuals.;11.10 Controls for closed systems;;;aws;;FAIL;Network ACL acl-5a2cdc27 has every port open to the Internet.;arn:aws:ec2:us-east-1:858573892697:network-acl/acl-5a2cdc27;ec2_networkacl_allow_ingress_any_port;False;acl-5a2cdc27;GxP-21-CFR-Part-11;GxP (Good Practices) 21 CFR Part 11;
aws;GxP refers to the regulations and guidelines that are applicable to life sciences organizations that make food and medical products. Medical products that fall under this include medicines, medical devices, and medical software applications. The overall intent of GxP requirements is to ensure that food and medical products are safe for consumers. It's also to ensure the integrity of data that's used to make product-related safety decisions.;858573892697;us-east-1;2026-09-13 22:26:32.575478;11.10-g;Persons who use closed systems to create, modify, maintain, or transmit electronic records shall employ procedures and controls designed to ensure the authenticity, integrity, and, when appropriate, the confidentiality of electronic records, and to ensure that the signer cannot readily repudiate the signed record as not genuine. Such procedures and controls shall include the following: (g) Use of authority checks to ensure that only authorized individuals can use the system, electronically sign a record, access the operation or computer system input or output device, alter a record, or perform the operation at hand.;11.10 Controls for closed systems;;;aws;;FAIL;Network ACL acl-5a2cdc27 has every port open to the Internet.;arn:aws:ec2:us-east-1:858573892697:network-acl/acl-5a2cdc27;ec2_networkacl_allow_ingress_any_port;False;acl-5a2cdc27;GxP-21-CFR-Part-11;GxP (Good Practices) 21 CFR Part 11;
aws;GxP refers to the regulations and guidelines that are applicable to life sciences organizations that make food and medical products. Medical products that fall under this include medicines, medical devices, and medical software applications. The overall intent of GxP requirements is to ensure that food and medical products are safe for consumers. It's also to ensure the integrity of data that's used to make product-related safety decisions.;858573892697;us-east-1;2026-09-13 22:26:32.575478;11.10-k;Persons who use closed systems to create, modify, maintain, or transmit electronic records shall employ procedures and controls designed to ensure the authenticity, integrity, and, when appropriate, the confidentiality of electronic records, and to ensure that the signer cannot readily repudiate the signed record as not genuine. Such procedures and controls shall include the following: (k) Use of appropriate controls over systems documentation including: (1) Adequate controls over the distribution of, access to, and use of documentation for system operation and maintenance. (2) Revision and change control procedures to maintain an audit trail that documents time-sequenced development and modification of systems documentation.;11.10 Controls for closed systems;;;aws;;FAIL;Network ACL acl-5a2cdc27 has every port open to the Internet.;arn:aws:ec2:us-east-1:858573892697:network-acl/acl-5a2cdc27;ec2_networkacl_allow_ingress_any_port;False;acl-5a2cdc27;GxP-21-CFR-Part-11;GxP (Good Practices) 21 CFR Part 11;
aws;GxP refers to the regulations and guidelines that are applicable to life sciences organizations that make food and medical products. Medical products that fall under this include medicines, medical devices, and medical software applications. The overall intent of GxP requirements is to ensure that food and medical products are safe for consumers. It's also to ensure the integrity of data that's used to make product-related safety decisions.;858573892697;us-east-1;2026-09-13 22:26:32.575478;11.10-d;Persons who use closed systems to create, modify, maintain, or transmit electronic records shall employ procedures and controls designed to ensure the authenticity, integrity, and, when appropriate, the confidentiality of electronic records, and to ensure that the signer cannot readily repudiate the signed record as not genuine. Such procedures and controls shall include the following: (d) Limiting system access to authorized individuals.;11.10 Controls for closed systems;;;aws;;PASS;Security group vaultcloud-db-sg (sg-059591e29c62e2064) has all ports open to the Internet and therefore was not checked against the specific SSH port 22.;arn:aws:ec2:us-east-1:858573892697:security-group/sg-059591e29c62e2064;ec2_securitygroup_allow_ingress_from_internet_to_tcp_port_22;False;sg-059591e29c62e2064;GxP-21-CFR-Part-11;GxP (Good Practices) 21 CFR Part 11;
aws;GxP refers to the regulations and guidelines that are applicable to life sciences organizations that make food and medical products. Medical products that fall under this include medicines, medical devices, and medical software applications. The overall intent of GxP requirements is to ensure that food and medical products are safe for consumers. It's also to ensure the integrity of data that's used to make product-related safety decisions.;858573892697;us-east-1;2026-09-13 22:26:32.575478;11.10-g;Persons who use closed systems to create, modify, maintain, or transmit electronic records shall employ procedures and controls designed to ensure the authenticity, integrity, and, when appropriate, the confidentiality of electronic records, and to ensure that the signer cannot readily repudiate the signed record as not genuine. Such procedures and controls shall include the following: (g) Use of authority checks to ensure that only authorized individuals can use the system, electronically sign a record, access the operation or computer system input or output device, alter a record, or perform the operation at hand.;11.10 Controls for closed systems;;;aws;;PASS;Security group vaultcloud-db-sg (sg-059591e29c62e2064) has all ports open to the Internet and therefore was not checked against the specific SSH port 22.;arn:aws:ec2:us-east-1:858573892697:security-group/sg-059591e29c62e2064;ec2_securitygroup_allow_ingress_from_internet_to_tcp_port_22;False;sg-059591e29c62e2064;GxP-21-CFR-Part-11;GxP (Good Practices) 21 CFR Part 11;
aws;GxP refers to the regulations and guidelines that are applicable to life sciences organizations that make food and medical products. Medical products that fall under this include medicines, medical devices, and medical software applications. The overall intent of GxP requirements is to ensure that food and medical products are safe for consumers. It's also to ensure the integrity of data that's used to make product-related safety decisions.;858573892697;us-east-1;2026-09-13 22:26:32.575478;11.10-d;Persons who use closed systems to create, modify, maintain, or transmit electronic records shall employ procedures and controls designed to ensure the authenticity, integrity, and, when appropriate, the confidentiality of electronic records, and to ensure that the signer cannot readily repudiate the signed record as not genuine. Such procedures and controls shall include the following: (d) Limiting system access to authorized individuals.;11.10 Controls for closed systems;;;aws;;PASS;Security group vaultcloud-app-sg (sg-0ef0bb575caf64a16) has all ports open to the Internet and therefore was not checked against the specific SSH port 22.;arn:aws:ec2:us-east-1:858573892697:security-group/sg-0ef0bb575caf64a16;ec2_securitygroup_allow_ingress_from_internet_to_tcp_port_22;False;sg-0ef0bb575caf64a16;GxP-21-CFR-Part-11;GxP (Good Practices) 21 CFR Part 11;
aws;GxP refers to the regulations and guidelines that are applicable to life sciences organizations that make food and medical products. Medical products that fall under this include medicines, medical devices, and medical software applications. The overall intent of GxP requirements is to ensure that food and medical products are safe for consumers. It's also to ensure the integrity of data that's used to make product-related safety decisions.;858573892697;us-east-1;2026-09-13 22:26:32.575478;11.10-g;Persons who use closed systems to create, modify, maintain, or transmit electronic records shall employ procedures and controls designed to ensure the authenticity, integrity, and, when appropriate, the confidentiality of electronic records, and to ensure that the signer cannot readily repudiate the signed record as not genuine. Such procedures and controls shall include the following: (g) Use of authority checks to ensure that only authorized individuals can use the system, electronically sign a record, access the operation or computer system input or output device, alter a record, or perform the operation at hand.;11.10 Controls for closed systems;;;aws;;PASS;Security group vaultcloud-app-sg (sg-0ef0bb575caf64a16) has all ports open to the Internet and therefore was not checked against the specific SSH port 22.;arn:aws:ec2:us-east-1:858573892697:security-group/sg-0ef0bb575caf64a16;ec2_securitygroup_allow_ingress_from_internet_to_tcp_port_22;False;sg-0ef0bb575caf64a16;GxP-21-CFR-Part-11;GxP (Good Practices) 21 CFR Part 11;
aws;GxP refers to the regulations and guidelines that are applicable to life sciences organizations that make food and medical products. Medical products that fall under this include medicines, medical devices, and medical software applications. The overall intent of GxP requirements is to ensure that food and medical products are safe for consumers. It's also to ensure the integrity of data that's used to make product-related safety decisions.;858573892697;us-east-1;2026-09-13 22:26:32.575478;11.300-d;Persons who use electronic signatures based upon use of identification codes in combination with passwords shall employ controls to ensure their security and integrity. Such controls shall include: (d) Use of transaction safeguards to prevent unauthorized use of passwords and/or identification codes, and to detect and report in an immediate and urgent manner any attempts at their unauthorized use to the system security unit, and, as appropriate, to organizational management.;11.300 Controls for identification codes/passwords;;;aws;;FAIL;GuardDuty is not enabled.;arn:aws:guardduty:us-east-1:858573892697:detector/unknown;guardduty_is_enabled;False;detector/unknown;GxP-21-CFR-Part-11;GxP (Good Practices) 21 CFR Part 11;
aws;GxP refers to the regulations and guidelines that are applicable to life sciences organizations that make food and medical products. Medical products that fall under this include medicines, medical devices, and medical software applications. The overall intent of GxP requirements is to ensure that food and medical products are safe for consumers. It's also to ensure the integrity of data that's used to make product-related safety decisions.;858573892697;us-east-1;2026-09-13 22:26:32.575478;11.10-d;Persons who use closed systems to create, modify, maintain, or transmit electronic records shall employ procedures and controls designed to ensure the authenticity, integrity, and, when appropriate, the confidentiality of electronic records, and to ensure that the signer cannot readily repudiate the signed record as not genuine. Such procedures and controls shall include the following: (d) Limiting system access to authorized individuals.;11.10 Controls for closed systems;;;aws;;PASS;AWS policy AWSDeepRacerCloudFormationAccessPolicy is attached but does not allow '*:*' administrative privileges.;arn:aws:iam::aws:policy/AWSDeepRacerCloudFormationAccessPolicy;iam_aws_attached_policy_no_administrative_privileges;False;AWSDeepRacerCloudFormationAccessPolicy;GxP-21-CFR-Part-11;GxP (Good Practices) 21 CFR Part 11;
aws;GxP refers to the regulations and guidelines that are applicable to life sciences organizations that make food and medical products. Medical products that fall under this include medicines, medical devices, and medical software applications. The overall intent of GxP requirements is to ensure that food and medical products are safe for consumers. It's also to ensure the integrity of data that's used to make product-related safety decisions.;858573892697;us-east-1;2026-09-13 22:26:32.575478;11.10-g;Persons who use closed systems to create, modify, maintain, or transmit electronic records shall employ procedures and controls designed to ensure the authenticity, integrity, and, when appropriate, the confidentiality of electronic records, and to ensure that the signer cannot readily repudiate the signed record as not genuine. Such procedures and controls shall include the following: (g) Use of authority checks to ensure that only authorized individuals can use the system, electronically sign a record, access the operation or computer system input or output device, alter a record, or perform the operation at hand.;11.10 Controls for closed systems;;;aws;;PASS;AWS policy AWSDeepRacerCloudFormationAccessPolicy is attached but does not allow '*:*' administrative privileges.;arn:aws:iam::aws:policy/AWSDeepRacerCloudFormationAccessPolicy;iam_aws_attached_policy_no_administrative_privileges;False;AWSDeepRacerCloudFormationAccessPolicy;GxP-21-CFR-Part-11;GxP (Good Practices) 21 CFR Part 11;
aws;GxP refers to the regulations and guidelines that are applicable to life sciences organizations that make food and medical products. Medical products that fall under this include medicines, medical devices, and medical software applications. The overall intent of GxP requirements is to ensure that food and medical products are safe for consumers. It's also to ensure the integrity of data that's used to make product-related safety decisions.;858573892697;us-east-1;2026-09-13 22:26:32.575478;11.10-d;Persons who use closed systems to create, modify, maintain, or transmit electronic records shall employ procedures and controls designed to ensure the authenticity, integrity, and, when appropriate, the confidentiality of electronic records, and to ensure that the signer cannot readily repudiate the signed record as not genuine. Such procedures and controls shall include the following: (d) Limiting system access to authorized individuals.;11.10 Controls for closed systems;;;aws;;PASS;AWS policy SystemAdministrator is attached but does not allow '*:*' administrative privileges.;arn:aws:iam::aws:policy/job-function/SystemAdministrator;iam_aws_attached_policy_no_administrative_privileges;False;SystemAdministrator;GxP-21-CFR-Part-11;GxP (Good Practices) 21 CFR Part 11;
aws;GxP refers to the regulations and guidelines that are applicable to life sciences organizations that make food and medical products. Medical products that fall under this include medicines, medical devices, and medical software applications. The overall intent of GxP requirements is to ensure that food and medical products are safe for consumers. It's also to ensure the integrity of data that's used to make product-related safety decisions.;858573892697;us-east-1;2026-09-13 22:26:32.575478;11.10-g;Persons who use closed systems to create, modify, maintain, or transmit electronic records shall employ procedures and controls designed to ensure the authenticity, integrity, and, when appropriate, the confidentiality of electronic records, and to ensure that the signer cannot readily repudiate the signed record as not genuine. Such procedures and controls shall include the following: (g) Use of authority checks to ensure that only authorized individuals can use the system, electronically sign a record, access the operation or computer system input or output device, alter a record, or perform the operation at hand.;11.10 Controls for closed systems;;;aws;;PASS;AWS policy SystemAdministrator is attached but does not allow '*:*' administrative privileges.;arn:aws:iam::aws:policy/job-function/SystemAdministrator;iam_aws_attached_policy_no_administrative_privileges;False;SystemAdministrator;GxP-21-CFR-Part-11;GxP (Good Practices) 21 CFR Part 11;
aws;GxP refers to the regulations and guidelines that are applicable to life sciences organizations that make food and medical products. Medical products that fall under this include medicines, medical devices, and medical software applications. The overall intent of GxP requirements is to ensure that food and medical products are safe for consumers. It's also to ensure the integrity of data that's used to make product-related safety decisions.;858573892697;us-east-1;2026-09-13 22:26:32.575478;11.10-d;Persons who use closed systems to create, modify, maintain, or transmit electronic records shall employ procedures and controls designed to ensure the authenticity, integrity, and, when appropriate, the confidentiality of electronic records, and to ensure that the signer cannot readily repudiate the signed record as not genuine. Such procedures and controls shall include the following: (d) Limiting system access to authorized individuals.;11.10 Controls for closed systems;;;aws;;PASS;AWS policy AmazonAPIGatewayAdministrator is attached but does not allow '*:*' administrative privileges.;arn:aws:iam::aws:policy/AmazonAPIGatewayAdministrator;iam_aws_attached_policy_no_administrative_privileges;False;AmazonAPIGatewayAdministrator;GxP-21-CFR-Part-11;GxP (Good Practices) 21 CFR Part 11;
aws;GxP refers to the regulations and guidelines that are applicable to life sciences organizations that make food and medical products. Medical products that fall under this include medicines, medical devices, and medical software applications. The overall intent of GxP requirements is to ensure that food and medical products are safe for consumers. It's also to ensure the integrity of data that's used to make product-related safety decisions.;858573892697;us-east-1;2026-09-13 22:26:32.575478;11.10-g;Persons who use closed systems to create, modify, maintain, or transmit electronic records shall employ procedures and controls designed to ensure the authenticity, integrity, and, when appropriate, the confidentiality of electronic records, and to ensure that the signer cannot readily repudiate the signed record as not genuine. Such procedures and controls shall include the following: (g) Use of authority checks to ensure that only authorized individuals can use the system, electronically sign a record, access the operation or computer system input or output device, alter a record, or perform the operation at hand.;11.10 Controls for closed systems;;;aws;;PASS;AWS policy AmazonAPIGatewayAdministrator is attached but does not allow '*:*' administrative privileges.;arn:aws:iam::aws:policy/AmazonAPIGatewayAdministrator;iam_aws_attached_policy_no_administrative_privileges;False;AmazonAPIGatewayAdministrator;GxP-21-CFR-Part-11;GxP (Good Practices) 21 CFR Part 11;
aws;GxP refers to the regulations and guidelines that are applicable to life sciences organizations that make food and medical products. Medical products that fall under this include medicines, medical devices, and medical software applications. The overall intent of GxP requirements is to ensure that food and medical products are safe for consumers. It's also to ensure the integrity of data that's used to make product-related safety decisions.;858573892697;us-east-1;2026-09-13 22:26:32.575478;11.10-d;Persons who use closed systems to create, modify, maintain, or transmit electronic records shall employ procedures and controls designed to ensure the authenticity, integrity, and, when appropriate, the confidentiality of electronic records, and to ensure that the signer cannot readily repudiate the signed record as not genuine. Such procedures and controls shall include the following: (d) Limiting system access to authorized individuals.;11.10 Controls for closed systems;;;aws;;PASS;AWS policy AmazonEC2ContainerRegistryFullAccess is attached but does not allow '*:*' administrative privileges.;arn:aws:iam::aws:policy/AmazonEC2ContainerRegistryFullAccess;iam_aws_attached_policy_no_administrative_privileges;False;AmazonEC2ContainerRegistryFullAccess;GxP-21-CFR-Part-11;GxP (Good Practices) 21 CFR Part 11;
aws;GxP refers to the regulations and guidelines that are applicable to life sciences organizations that make food and medical products. Medical products that fall under this include medicines, medical devices, and medical software applications. The overall intent of GxP requirements is to ensure that food and medical products are safe for consumers. It's also to ensure the integrity of data that's used to make product-related safety decisions.;858573892697;us-east-1;2026-09-13 22:26:32.575478;11.10-g;Persons who use closed systems to create, modify, maintain, or transmit electronic records shall employ procedures and controls designed to ensure the authenticity, integrity, and, when appropriate, the confidentiality of electronic records, and to ensure that the signer cannot readily repudiate the signed record as not genuine. Such procedures and controls shall include the following: (g) Use of authority checks to ensure that only authorized individuals can use the system, electronically sign a record, access the operation or computer system input or output device, alter a record, or perform the operation at hand.;11.10 Controls for closed systems;;;aws;;PASS;AWS policy AmazonEC2ContainerRegistryFullAccess is attached but does not allow '*:*' administrative privileges.;arn:aws:iam::aws:policy/AmazonEC2ContainerRegistryFullAccess;iam_aws_attached_policy_no_administrative_privileges;False;AmazonEC2ContainerRegistryFullAccess;GxP-21-CFR-Part-11;GxP (Good Practices) 21 CFR Part 11;
aws;GxP refers to the regulations and guidelines that are applicable to life sciences organizations that make food and medical products. Medical products that fall under this include medicines, medical devices, and medical software applications. The overall intent of GxP requirements is to ensure that food and medical products are safe for consumers. It's also to ensure the integrity of data that's used to make product-related safety decisions.;858573892697;us-east-1;2026-09-13 22:26:32.575478;11.10-d;Persons who use closed systems to create, modify, maintain, or transmit electronic records shall employ procedures and controls designed to ensure the authenticity, integrity, and, when appropriate, the confidentiality of electronic records, and to ensure that the signer cannot readily repudiate the signed record as not genuine. Such procedures and controls shall include the following: (d) Limiting system access to authorized individuals.;11.10 Controls for closed systems;;;aws;;PASS;AWS policy AWSCloud9ServiceRolePolicy is attached but does not allow '*:*' administrative privileges.;arn:aws:iam::aws:policy/aws-service-role/AWSCloud9ServiceRolePolicy;iam_aws_attached_policy_no_administrative_privileges;False;AWSCloud9ServiceRolePolicy;GxP-21-CFR-Part-11;GxP (Good Practices) 21 CFR Part 11;
aws;GxP refers to the regulations and guidelines that are applicable to life sciences organizations that make food and medical products. Medical products that fall under this include medicines, medical devices, and medical software applications. The overall intent of GxP requirements is to ensure that food and medical products are safe for consumers. It's also to ensure the integrity of data that's used to make product-related safety decisions.;858573892697;us-east-1;2026-09-13 22:26:32.575478;11.10-g;Persons who use closed systems to create, modify, maintain, or transmit electronic records shall employ procedures and controls designed to ensure the authenticity, integrity, and, when appropriate, the confidentiality of electronic records, and to ensure that the signer cannot readily repudiate the signed record as not genuine. Such procedures and controls shall include the following: (g) Use of authority checks to ensure that only authorized individuals can use the system, electronically sign a record, access the operation or computer system input or output device, alter a record, or perform the operation at hand.;11.10 Controls for closed systems;;;aws;;PASS;AWS policy AWSCloud9ServiceRolePolicy is attached but does not allow '*:*' administrative privileges.;arn:aws:iam::aws:policy/aws-service-role/AWSCloud9ServiceRolePolicy;iam_aws_attached_policy_no_administrative_privileges;False;AWSCloud9ServiceRolePolicy;GxP-21-CFR-Part-11;GxP (Good Practices) 21 CFR Part 11;
aws;GxP refers to the regulations and guidelines that are applicable to life sciences organizations that make food and medical products. Medical products that fall under this include medicines, medical devices, and medical software applications. The overall intent of GxP requirements is to ensure that food and medical products are safe for consumers. It's also to ensure the integrity of data that's used to make product-related safety decisions.;858573892697;us-east-1;2026-09-13 22:26:32.575478;11.10-d;Persons who use closed systems to create, modify, maintain, or transmit electronic records shall employ procedures and controls designed to ensure the authenticity, integrity, and, when appropriate, the confidentiality of electronic records, and to ensure that the signer cannot readily repudiate the signed record as not genuine. Such procedures and controls shall include the following: (d) Limiting system access to authorized individuals.;11.10 Controls for closed systems;;;aws;;PASS;AWS policy AmazonEC2ContainerServiceFullAccess is attached but does not allow '*:*' administrative privileges.;arn:aws:iam::aws:policy/AmazonEC2ContainerServiceFullAccess;iam_aws_attached_policy_no_administrative_privileges;False;AmazonEC2ContainerServiceFullAccess;GxP-21-CFR-Part-11;GxP (Good Practices) 21 CFR Part 11;
aws;GxP refers to the regulations and guidelines that are applicable to life sciences organizations that make food and medical products. Medical products that fall under this include medicines, medical devices, and medical software applications. The overall intent of GxP requirements is to ensure that food and medical products are safe for consumers. It's also to ensure the integrity of data that's used to make product-related safety decisions.;858573892697;us-east-1;2026-09-13 22:26:32.575478;11.10-g;Persons who use closed systems to create, modify, maintain, or transmit electronic records shall employ procedures and controls designed to ensure the authenticity, integrity, and, when appropriate, the confidentiality of electronic records, and to ensure that the signer cannot readily repudiate the signed record as not genuine. Such procedures and controls shall include the following: (g) Use of authority checks to ensure that only authorized individuals can use the system, electronically sign a record, access the operation or computer system input or output device, alter a record, or perform the operation at hand.;11.10 Controls for closed systems;;;aws;;PASS;AWS policy AmazonEC2ContainerServiceFullAccess is attached but does not allow '*:*' administrative privileges.;arn:aws:iam::aws:policy/AmazonEC2ContainerServiceFullAccess;iam_aws_attached_policy_no_administrative_privileges;False;AmazonEC2ContainerServiceFullAccess;GxP-21-CFR-Part-11;GxP (Good Practices) 21 CFR Part 11;
aws;GxP refers to the regulations and guidelines that are applicable to life sciences organizations that make food and medical products. Medical products that fall under this include medicines, medical devices, and medical software applications. The overall intent of GxP requirements is to ensure that food and medical products are safe for consumers. It's also to ensure the integrity of data that's used to make product-related safety decisions.;858573892697;us-east-1;2026-09-13 22:26:32.575478;11.10-d;Persons who use closed systems to create, modify, maintain, or transmit electronic records shall employ procedures and controls designed to ensure the authenticity, integrity, and, when appropriate, the confidentiality of electronic records, and to ensure that the signer cannot readily repudiate the signed record as not genuine. Such procedures and controls shall include the following: (d) Limiting system access to authorized individuals.;11.10 Controls for closed systems;;;aws;;PASS;AWS policy AmazonRDSServiceRolePolicy is attached but does not allow '*:*' administrative privileges.;arn:aws:iam::aws:policy/aws-service-role/AmazonRDSServiceRolePolicy;iam_aws_attached_policy_no_administrative_privileges;False;AmazonRDSServiceRolePolicy;GxP-21-CFR-Part-11;GxP (Good Practices) 21 CFR Part 11;
aws;GxP refers to the regulations and guidelines that are applicable to life sciences organizations that make food and medical products. Medical products that fall under this include medicines, medical devices, and medical software applications. The overall intent of GxP requirements is to ensure that food and medical products are safe for consumers. It's also to ensure the integrity of data that's used to make product-related safety decisions.;858573892697;us-east-1;2026-09-13 22:26:32.575478;11.10-g;Persons who use closed systems to create, modify, maintain, or transmit electronic records shall employ procedures and controls designed to ensure the authenticity, integrity, and, when appropriate, the confidentiality of electronic records, and to ensure that the signer cannot readily repudiate the signed record as not genuine. Such procedures and controls shall include the following: (g) Use of authority checks to ensure that only authorized individuals can use the system, electronically sign a record, access the operation or computer system input or output device, alter a record, or perform the operation at hand.;11.10 Controls for closed systems;;;aws;;PASS;AWS policy AmazonRDSServiceRolePolicy is attached but does not allow '*:*' administrative privileges.;arn:aws:iam::aws:policy/aws-service-role/AmazonRDSServiceRolePolicy;iam_aws_attached_policy_no_administrative_privileges;False;AmazonRDSServiceRolePolicy;GxP-21-CFR-Part-11;GxP (Good Practices) 21 CFR Part 11;
aws;GxP refers to the regulations and guidelines that are applicable to life sciences organizations that make food and medical products. Medical products that fall under this include medicines, medical devices, and medical software applications. The overall intent of GxP requirements is to ensure that food and medical products are safe for consumers. It's also to ensure the integrity of data that's used to make product-related safety decisions.;858573892697;us-east-1;2026-09-13 22:26:32.575478;11.10-d;Persons who use closed systems to create, modify, maintain, or transmit electronic records shall employ procedures and controls designed to ensure the authenticity, integrity, and, when appropriate, the confidentiality of electronic records, and to ensure that the signer cannot readily repudiate the signed record as not genuine. Such procedures and controls shall include the following: (d) Limiting system access to authorized individuals.;11.10 Controls for closed systems;;;aws;;PASS;AWS policy AWSTrustedAdvisorServiceRolePolicy is attached but does not allow '*:*' administrative privileges.;arn:aws:iam::aws:policy/aws-service-role/AWSTrustedAdvisorServiceRolePolicy;iam_aws_attached_policy_no_administrative_privileges;False;AWSTrustedAdvisorServiceRolePolicy;GxP-21-CFR-Part-11;GxP (Good Practices) 21 CFR Part 11;
aws;GxP refers to the regulations and guidelines that are applicable to life sciences organizations that make food and medical products. Medical products that fall under this include medicines, medical devices, and medical software applications. The overall intent of GxP requirements is to ensure that food and medical products are safe for consumers. It's also to ensure the integrity of data that's used to make product-related safety decisions.;858573892697;us-east-1;2026-09-13 22:26:32.575478;11.10-g;Persons who use closed systems to create, modify, maintain, or transmit electronic records shall employ procedures and controls designed to ensure the authenticity, integrity, and, when appropriate, the confidentiality of electronic records, and to ensure that the signer cannot readily repudiate the signed record as not genuine. Such procedures and controls shall include the following: (g) Use of authority checks to ensure that only authorized individuals can use the system, electronically sign a record, access the operation or computer system input or output device, alter a record, or perform the operation at hand.;11.10 Controls for closed systems;;;aws;;PASS;AWS policy AWSTrustedAdvisorServiceRolePolicy is attached but does not allow '*:*' administrative privileges.;arn:aws:iam::aws:policy/aws-service-role/AWSTrustedAdvisorServiceRolePolicy;iam_aws_attached_policy_no_administrative_privileges;False;AWSTrustedAdvisorServiceRolePolicy;GxP-21-CFR-Part-11;GxP (Good Practices) 21 CFR Part 11;
aws;GxP refers to the regulations and guidelines that are applicable to life sciences organizations that make food and medical products. Medical products that fall under this include medicines, medical devices, and medical software applications. The overall intent of GxP requirements is to ensure that food and medical products are safe for consumers. It's also to ensure the integrity of data that's used to make product-related safety decisions.;858573892697;us-east-1;2026-09-13 22:26:32.575478;11.10-d;Persons who use closed systems to create, modify, maintain, or transmit electronic records shall employ procedures and controls designed to ensure the authenticity, integrity, and, when appropriate, the confidentiality of electronic records, and to ensure that the signer cannot readily repudiate the signed record as not genuine. Such procedures and controls shall include the following: (d) Limiting system access to authorized individuals.;11.10 Controls for closed systems;;;aws;;FAIL;AWS policy AdministratorAccess is attached and allows '*:*' administrative privileges.;arn:aws:iam::aws:policy/AdministratorAccess;iam_aws_attached_policy_no_administrative_privileges;False;AdministratorAccess;GxP-21-CFR-Part-11;GxP (Good Practices) 21 CFR Part 11;
aws;GxP refers to the regulations and guidelines that are applicable to life sciences organizations that make food and medical products. Medical products that fall under this include medicines, medical devices, and medical software applications. The overall intent of GxP requirements is to ensure that food and medical products are safe for consumers. It's also to ensure the integrity of data that's used to make product-related safety decisions.;858573892697;us-east-1;2026-09-13 22:26:32.575478;11.10-g;Persons who use closed systems to create, modify, maintain, or transmit electronic records shall employ procedures and controls designed to ensure the authenticity, integrity, and, when appropriate, the confidentiality of electronic records, and to ensure that the signer cannot readily repudiate the signed record as not genuine. Such procedures and controls shall include the following: (g) Use of authority checks to ensure that only authorized individuals can use the system, electronically sign a record, access the operation or computer system input or output device, alter a record, or perform the operation at hand.;11.10 Controls for closed systems;;;aws;;FAIL;AWS policy AdministratorAccess is attached and allows '*:*' administrative privileges.;arn:aws:iam::aws:policy/AdministratorAccess;iam_aws_attached_policy_no_administrative_privileges;False;AdministratorAccess;GxP-21-CFR-Part-11;GxP (Good Practices) 21 CFR Part 11;
aws;GxP refers to the regulations and guidelines that are applicable to life sciences organizations that make food and medical products. Medical products that fall under this include medicines, medical devices, and medical software applications. The overall intent of GxP requirements is to ensure that food and medical products are safe for consumers. It's also to ensure the integrity of data that's used to make product-related safety decisions.;858573892697;us-east-1;2026-09-13 22:26:32.575478;11.10-d;Persons who use closed systems to create, modify, maintain, or transmit electronic records shall employ procedures and controls designed to ensure the authenticity, integrity, and, when appropriate, the confidentiality of electronic records, and to ensure that the signer cannot readily repudiate the signed record as not genuine. Such procedures and controls shall include the following: (d) Limiting system access to authorized individuals.;11.10 Controls for closed systems;;;aws;;PASS;AWS policy AWSSupportServiceRolePolicy is attached but does not allow '*:*' administrative privileges.;arn:aws:iam::aws:policy/aws-service-role/AWSSupportServiceRolePolicy;iam_aws_attached_policy_no_administrative_privileges;False;AWSSupportServiceRolePolicy;GxP-21-CFR-Part-11;GxP (Good Practices) 21 CFR Part 11;
aws;GxP refers to the regulations and guidelines that are applicable to life sciences organizations that make food and medical products. Medical products that fall under this include medicines, medical devices, and medical software applications. The overall intent of GxP requirements is to ensure that food and medical products are safe for consumers. It's also to ensure the integrity of data that's used to make product-related safety decisions.;858573892697;us-east-1;2026-09-13 22:26:32.575478;11.10-g;Persons who use closed systems to create, modify, maintain, or transmit electronic records shall employ procedures and controls designed to ensure the authenticity, integrity, and, when appropriate, the confidentiality of electronic records, and to ensure that the signer cannot readily repudiate the signed record as not genuine. Such procedures and controls shall include the following: (g) Use of authority checks to ensure that only authorized individuals can use the system, electronically sign a record, access the operation or computer system input or output device, alter a record, or perform the operation at hand.;11.10 Controls for closed systems;;;aws;;PASS;AWS policy AWSSupportServiceRolePolicy is attached but does not allow '*:*' administrative privileges.;arn:aws:iam::aws:policy/aws-service-role/AWSSupportServiceRolePolicy;iam_aws_attached_policy_no_administrative_privileges;False;AWSSupportServiceRolePolicy;GxP-21-CFR-Part-11;GxP (Good Practices) 21 CFR Part 11;
aws;GxP refers to the regulations and guidelines that are applicable to life sciences organizations that make food and medical products. Medical products that fall under this include medicines, medical devices, and medical software applications. The overall intent of GxP requirements is to ensure that food and medical products are safe for consumers. It's also to ensure the integrity of data that's used to make product-related safety decisions.;858573892697;us-east-1;2026-09-13 22:26:32.575478;11.10-d;Persons who use closed systems to create, modify, maintain, or transmit electronic records shall employ procedures and controls designed to ensure the authenticity, integrity, and, when appropriate, the confidentiality of electronic records, and to ensure that the signer cannot readily repudiate the signed record as not genuine. Such procedures and controls shall include the following: (d) Limiting system access to authorized individuals.;11.10 Controls for closed systems;;;aws;;PASS;AWS policy AWSDeepRacerServiceRolePolicy is attached but does not allow '*:*' administrative privileges.;arn:aws:iam::aws:policy/service-role/AWSDeepRacerServiceRolePolicy;iam_aws_attached_policy_no_administrative_privileges;False;AWSDeepRacerServiceRolePolicy;GxP-21-CFR-Part-11;GxP (Good Practices) 21 CFR Part 11;
aws;GxP refers to the regulations and guidelines that are applicable to life sciences organizations that make food and medical products. Medical products that fall under this include medicines, medical devices, and medical software applications. The overall intent of GxP requirements is to ensure that food and medical products are safe for consumers. It's also to ensure the integrity of data that's used to make product-related safety decisions.;858573892697;us-east-1;2026-09-13 22:26:32.575478;11.10-g;Persons who use closed systems to create, modify, maintain, or transmit electronic records shall employ procedures and controls designed to ensure the authenticity, integrity, and, when appropriate, the confidentiality of electronic records, and to ensure that the signer cannot readily repudiate the signed record as not genuine. Such procedures and controls shall include the following: (g) Use of authority checks to ensure that only authorized individuals can use the system, electronically sign a record, access the operation or computer system input or output device, alter a record, or perform the operation at hand.;11.10 Controls for closed systems;;;aws;;PASS;AWS policy AWSDeepRacerServiceRolePolicy is attached but does not allow '*:*' administrative privileges.;arn:aws:iam::aws:policy/service-role/AWSDeepRacerServiceRolePolicy;iam_aws_attached_policy_no_administrative_privileges;False;AWSDeepRacerServiceRolePolicy;GxP-21-CFR-Part-11;GxP (Good Practices) 21 CFR Part 11;
aws;GxP refers to the regulations and guidelines that are applicable to life sciences organizations that make food and medical products. Medical products that fall under this include medicines, medical devices, and medical software applications. The overall intent of GxP requirements is to ensure that food and medical products are safe for consumers. It's also to ensure the integrity of data that's used to make product-related safety decisions.;858573892697;us-east-1;2026-09-13 22:26:32.575478;11.10-d;Persons who use closed systems to create, modify, maintain, or transmit electronic records shall employ procedures and controls designed to ensure the authenticity, integrity, and, when appropriate, the confidentiality of electronic records, and to ensure that the signer cannot readily repudiate the signed record as not genuine. Such procedures and controls shall include the following: (d) Limiting system access to authorized individuals.;11.10 Controls for closed systems;;;aws;;PASS;AWS policy DatabaseAdministrator is attached but does not allow '*:*' administrative privileges.;arn:aws:iam::aws:policy/job-function/DatabaseAdministrator;iam_aws_attached_policy_no_administrative_privileges;False;DatabaseAdministrator;GxP-21-CFR-Part-11;GxP (Good Practices) 21 CFR Part 11;
aws;GxP refers to the regulations and guidelines that are applicable to life sciences organizations that make food and medical products. Medical products that fall under this include medicines, medical devices, and medical software applications. The overall intent of GxP requirements is to ensure that food and medical products are safe for consumers. It's also to ensure the integrity of data that's used to make product-related safety decisions.;858573892697;us-east-1;2026-09-13 22:26:32.575478;11.10-g;Persons who use closed systems to create, modify, maintain, or transmit electronic records shall employ procedures and controls designed to ensure the authenticity, integrity, and, when appropriate, the confidentiality of electronic records, and to ensure that the signer cannot readily repudiate the signed record as not genuine. Such procedures and controls shall include the following: (g) Use of authority checks to ensure that only authorized individuals can use the system, electronically sign a record, access the operation or computer system input or output device, alter a record, or perform the operation at hand.;11.10 Controls for closed systems;;;aws;;PASS;AWS policy DatabaseAdministrator is attached but does not allow '*:*' administrative privileges.;arn:aws:iam::aws:policy/job-function/DatabaseAdministrator;iam_aws_attached_policy_no_administrative_privileges;False;DatabaseAdministrator;GxP-21-CFR-Part-11;GxP (Good Practices) 21 CFR Part 11;
aws;GxP refers to the regulations and guidelines that are applicable to life sciences organizations that make food and medical products. Medical products that fall under this include medicines, medical devices, and medical software applications. The overall intent of GxP requirements is to ensure that food and medical products are safe for consumers. It's also to ensure the integrity of data that's used to make product-related safety decisions.;858573892697;us-east-1;2026-09-13 22:26:32.575478;11.10-d;Persons who use closed systems to create, modify, maintain, or transmit electronic records shall employ procedures and controls designed to ensure the authenticity, integrity, and, when appropriate, the confidentiality of electronic records, and to ensure that the signer cannot readily repudiate the signed record as not genuine. Such procedures and controls shall include the following: (d) Limiting system access to authorized individuals.;11.10 Controls for closed systems;;;aws;;PASS;AWS policy AWSLambdaBasicExecutionRole is attached but does not allow '*:*' administrative privileges.;arn:aws:iam::aws:policy/service-role/AWSLambdaBasicExecutionRole;iam_aws_attached_policy_no_administrative_privileges;False;AWSLambdaBasicExecutionRole;GxP-21-CFR-Part-11;GxP (Good Practices) 21 CFR Part 11;
aws;GxP refers to the regulations and guidelines that are applicable to life sciences organizations that make food and medical products. Medical products that fall under this include medicines, medical devices, and medical software applications. The overall intent of GxP requirements is to ensure that food and medical products are safe for consumers. It's also to ensure the integrity of data that's used to make product-related safety decisions.;858573892697;us-east-1;2026-09-13 22:26:32.575478;11.10-g;Persons who use closed systems to create, modify, maintain, or transmit electronic records shall employ procedures and controls designed to ensure the authenticity, integrity, and, when appropriate, the confidentiality of electronic records, and to ensure that the signer cannot readily repudiate the signed record as not genuine. Such procedures and controls shall include the following: (g) Use of authority checks to ensure that only authorized individuals can use the system, electronically sign a record, access the operation or computer system input or output device, alter a record, or perform the operation at hand.;11.10 Controls for closed systems;;;aws;;PASS;AWS policy AWSLambdaBasicExecutionRole is attached but does not allow '*:*' administrative privileges.;arn:aws:iam::aws:policy/service-role/AWSLambdaBasicExecutionRole;iam_aws_attached_policy_no_administrative_privileges;False;AWSLambdaBasicExecutionRole;GxP-21-CFR-Part-11;GxP (Good Practices) 21 CFR Part 11;
aws;GxP refers to the regulations and guidelines that are applicable to life sciences organizations that make food and medical products. Medical products that fall under this include medicines, medical devices, and medical software applications. The overall intent of GxP requirements is to ensure that food and medical products are safe for consumers. It's also to ensure the integrity of data that's used to make product-related safety decisions.;858573892697;us-east-1;2026-09-13 22:26:32.575478;11.10-d;Persons who use closed systems to create, modify, maintain, or transmit electronic records shall employ procedures and controls designed to ensure the authenticity, integrity, and, when appropriate, the confidentiality of electronic records, and to ensure that the signer cannot readily repudiate the signed record as not genuine. Such procedures and controls shall include the following: (d) Limiting system access to authorized individuals.;11.10 Controls for closed systems;;;aws;;PASS;AWS policy IAMUserChangePassword is attached but does not allow '*:*' administrative privileges.;arn:aws:iam::aws:policy/IAMUserChangePassword;iam_aws_attached_policy_no_administrative_privileges;False;IAMUserChangePassword;GxP-21-CFR-Part-11;GxP (Good Practices) 21 CFR Part 11;
aws;GxP refers to the regulations and guidelines that are applicable to life sciences organizations that make food and medical products. Medical products that fall under this include medicines, medical devices, and medical software applications. The overall intent of GxP requirements is to ensure that food and medical products are safe for consumers. It's also to ensure the integrity of data that's used to make product-related safety decisions.;858573892697;us-east-1;2026-09-13 22:26:32.575478;11.10-g;Persons who use closed systems to create, modify, maintain, or transmit electronic records shall employ procedures and controls designed to ensure the authenticity, integrity, and, when appropriate, the confidentiality of electronic records, and to ensure that the signer cannot readily repudiate the signed record as not genuine. Such procedures and controls shall include the following: (g) Use of authority checks to ensure that only authorized individuals can use the system, electronically sign a record, access the operation or computer system input or output device, alter a record, or perform the operation at hand.;11.10 Controls for closed systems;;;aws;;PASS;AWS policy IAMUserChangePassword is attached but does not allow '*:*' administrative privileges.;arn:aws:iam::aws:policy/IAMUserChangePassword;iam_aws_attached_policy_no_administrative_privileges;False;IAMUserChangePassword;GxP-21-CFR-Part-11;GxP (Good Practices) 21 CFR Part 11;
aws;GxP refers to the regulations and guidelines that are applicable to life sciences organizations that make food and medical products. Medical products that fall under this include medicines, medical devices, and medical software applications. The overall intent of GxP requirements is to ensure that food and medical products are safe for consumers. It's also to ensure the integrity of data that's used to make product-related safety decisions.;858573892697;us-east-1;2026-09-13 22:26:32.575478;11.10-d;Persons who use closed systems to create, modify, maintain, or transmit electronic records shall employ procedures and controls designed to ensure the authenticity, integrity, and, when appropriate, the confidentiality of electronic records, and to ensure that the signer cannot readily repudiate the signed record as not genuine. Such procedures and controls shall include the following: (d) Limiting system access to authorized individuals.;11.10 Controls for closed systems;;;aws;;PASS;AWS policy NetworkAdministrator is attached but does not allow '*:*' administrative privileges.;arn:aws:iam::aws:policy/job-function/NetworkAdministrator;iam_aws_attached_policy_no_administrative_privileges;False;NetworkAdministrator;GxP-21-CFR-Part-11;GxP (Good Practices) 21 CFR Part 11;
aws;GxP refers to the regulations and guidelines that are applicable to life sciences organizations that make food and medical products. Medical products that fall under this include medicines, medical devices, and medical software applications. The overall intent of GxP requirements is to ensure that food and medical products are safe for consumers. It's also to ensure the integrity of data that's used to make product-related safety decisions.;858573892697;us-east-1;2026-09-13 22:26:32.575478;11.10-g;Persons who use closed systems to create, modify, maintain, or transmit electronic records shall employ procedures and controls designed to ensure the authenticity, integrity, and, when appropriate, the confidentiality of electronic records, and to ensure that the signer cannot readily repudiate the signed record as not genuine. Such procedures and controls shall include the following: (g) Use of authority checks to ensure that only authorized individuals can use the system, electronically sign a record, access the operation or computer system input or output device, alter a record, or perform the operation at hand.;11.10 Controls for closed systems;;;aws;;PASS;AWS policy NetworkAdministrator is attached but does not allow '*:*' administrative privileges.;arn:aws:iam::aws:policy/job-function/NetworkAdministrator;iam_aws_attached_policy_no_administrative_privileges;False;NetworkAdministrator;GxP-21-CFR-Part-11;GxP (Good Practices) 21 CFR Part 11;
aws;GxP refers to the regulations and guidelines that are applicable to life sciences organizations that make food and medical products. Medical products that fall under this include medicines, medical devices, and medical software applications. The overall intent of GxP requirements is to ensure that food and medical products are safe for consumers. It's also to ensure the integrity of data that's used to make product-related safety decisions.;858573892697;us-east-1;2026-09-13 22:26:32.575478;11.10-d;Persons who use closed systems to create, modify, maintain, or transmit electronic records shall employ procedures and controls designed to ensure the authenticity, integrity, and, when appropriate, the confidentiality of electronic records, and to ensure that the signer cannot readily repudiate the signed record as not genuine. Such procedures and controls shall include the following: (d) Limiting system access to authorized individuals.;11.10 Controls for closed systems;;;aws;;PASS;AWS policy AWSDeepRacerRoboMakerAccessPolicy is attached but does not allow '*:*' administrative privileges.;arn:aws:iam::aws:policy/AWSDeepRacerRoboMakerAccessPolicy;iam_aws_attached_policy_no_administrative_privileges;False;AWSDeepRacerRoboMakerAccessPolicy;GxP-21-CFR-Part-11;GxP (Good Practices) 21 CFR Part 11;
aws;GxP refers to the regulations and guidelines that are applicable to life sciences organizations that make food and medical products. Medical products that fall under this include medicines, medical devices, and medical software applications. The overall intent of GxP requirements is to ensure that food and medical products are safe for consumers. It's also to ensure the integrity of data that's used to make product-related safety decisions.;858573892697;us-east-1;2026-09-13 22:26:32.575478;11.10-g;Persons who use closed systems to create, modify, maintain, or transmit electronic records shall employ procedures and controls designed to ensure the authenticity, integrity, and, when appropriate, the confidentiality of electronic records, and to ensure that the signer cannot readily repudiate the signed record as not genuine. Such procedures and controls shall include the following: (g) Use of authority checks to ensure that only authorized individuals can use the system, electronically sign a record, access the operation or computer system input or output device, alter a record, or perform the operation at hand.;11.10 Controls for closed systems;;;aws;;PASS;AWS policy AWSDeepRacerRoboMakerAccessPolicy is attached but does not allow '*:*' administrative privileges.;arn:aws:iam::aws:policy/AWSDeepRacerRoboMakerAccessPolicy;iam_aws_attached_policy_no_administrative_privileges;False;AWSDeepRacerRoboMakerAccessPolicy;GxP-21-CFR-Part-11;GxP (Good Practices) 21 CFR Part 11;
aws;GxP refers to the regulations and guidelines that are applicable to life sciences organizations that make food and medical products. Medical products that fall under this include medicines, medical devices, and medical software applications. The overall intent of GxP requirements is to ensure that food and medical products are safe for consumers. It's also to ensure the integrity of data that's used to make product-related safety decisions.;858573892697;us-east-1;2026-09-13 22:26:32.575478;11.10-d;Persons who use closed systems to create, modify, maintain, or transmit electronic records shall employ procedures and controls designed to ensure the authenticity, integrity, and, when appropriate, the confidentiality of electronic records, and to ensure that the signer cannot readily repudiate the signed record as not genuine. Such procedures and controls shall include the following: (d) Limiting system access to authorized individuals.;11.10 Controls for closed systems;;;aws;;PASS;AWS policy AmazonSageMakerFullAccess is attached but does not allow '*:*' administrative privileges.;arn:aws:iam::aws:policy/AmazonSageMakerFullAccess;iam_aws_attached_policy_no_administrative_privileges;False;AmazonSageMakerFullAccess;GxP-21-CFR-Part-11;GxP (Good Practices) 21 CFR Part 11;
aws;GxP refers to the regulations and guidelines that are applicable to life sciences organizations that make food and medical products. Medical products that fall under this include medicines, medical devices, and medical software applications. The overall intent of GxP requirements is to ensure that food and medical products are safe for consumers. It's also to ensure the integrity of data that's used to make product-related safety decisions.;858573892697;us-east-1;2026-09-13 22:26:32.575478;11.10-g;Persons who use closed systems to create, modify, maintain, or transmit electronic records shall employ procedures and controls designed to ensure the authenticity, integrity, and, when appropriate, the confidentiality of electronic records, and to ensure that the signer cannot readily repudiate the signed record as not genuine. Such procedures and controls shall include the following: (g) Use of authority checks to ensure that only authorized individuals can use the system, electronically sign a record, access the operation or computer system input or output device, alter a record, or perform the operation at hand.;11.10 Controls for closed systems;;;aws;;PASS;AWS policy AmazonSageMakerFullAccess is attached but does not allow '*:*' administrative privileges.;arn:aws:iam::aws:policy/AmazonSageMakerFullAccess;iam_aws_attached_policy_no_administrative_privileges;False;AmazonSageMakerFullAccess;GxP-21-CFR-Part-11;GxP (Good Practices) 21 CFR Part 11;
aws;GxP refers to the regulations and guidelines that are applicable to life sciences organizations that make food and medical products. Medical products that fall under this include medicines, medical devices, and medical software applications. The overall intent of GxP requirements is to ensure that food and medical products are safe for consumers. It's also to ensure the integrity of data that's used to make product-related safety decisions.;858573892697;us-east-1;2026-09-13 22:26:32.575478;11.10-d;Persons who use closed systems to create, modify, maintain, or transmit electronic records shall employ procedures and controls designed to ensure the authenticity, integrity, and, when appropriate, the confidentiality of electronic records, and to ensure that the signer cannot readily repudiate the signed record as not genuine. Such procedures and controls shall include the following: (d) Limiting system access to authorized individuals.;11.10 Controls for closed systems;;;aws;;PASS;AWS policy AmazonS3FullAccess is attached but does not allow '*:*' administrative privileges.;arn:aws:iam::aws:policy/AmazonS3FullAccess;iam_aws_attached_policy_no_administrative_privileges;False;AmazonS3FullAccess;GxP-21-CFR-Part-11;GxP (Good Practices) 21 CFR Part 11;
aws;GxP refers to the regulations and guidelines that are applicable to life sciences organizations that make food and medical products. Medical products that fall under this include medicines, medical devices, and medical software applications. The overall intent of GxP requirements is to ensure that food and medical products are safe for consumers. It's also to ensure the integrity of data that's used to make product-related safety decisions.;858573892697;us-east-1;2026-09-13 22:26:32.575478;11.10-g;Persons who use closed systems to create, modify, maintain, or transmit electronic records shall employ procedures and controls designed to ensure the authenticity, integrity, and, when appropriate, the confidentiality of electronic records, and to ensure that the signer cannot readily repudiate the signed record as not genuine. Such procedures and controls shall include the following: (g) Use of authority checks to ensure that only authorized individuals can use the system, electronically sign a record, access the operation or computer system input or output device, alter a record, or perform the operation at hand.;11.10 Controls for closed systems;;;aws;;PASS;AWS policy AmazonS3FullAccess is attached but does not allow '*:*' administrative privileges.;arn:aws:iam::aws:policy/AmazonS3FullAccess;iam_aws_attached_policy_no_administrative_privileges;False;AmazonS3FullAccess;GxP-21-CFR-Part-11;GxP (Good Practices) 21 CFR Part 11;
aws;GxP refers to the regulations and guidelines that are applicable to life sciences organizations that make food and medical products. Medical products that fall under this include medicines, medical devices, and medical software applications. The overall intent of GxP requirements is to ensure that food and medical products are safe for consumers. It's also to ensure the integrity of data that's used to make product-related safety decisions.;858573892697;us-east-1;2026-09-13 22:26:32.575478;11.10-d;Persons who use closed systems to create, modify, maintain, or transmit electronic records shall employ procedures and controls designed to ensure the authenticity, integrity, and, when appropriate, the confidentiality of electronic records, and to ensure that the signer cannot readily repudiate the signed record as not genuine. Such procedures and controls shall include the following: (d) Limiting system access to authorized individuals.;11.10 Controls for closed systems;;;aws;;PASS;AWS policy AdministratorAccess-AWSElasticBeanstalk is attached but does not allow '*:*' administrative privileges.;arn:aws:iam::aws:policy/AdministratorAccess-AWSElasticBeanstalk;iam_aws_attached_policy_no_administrative_privileges;False;AdministratorAccess-AWSElasticBeanstalk;GxP-21-CFR-Part-11;GxP (Good Practices) 21 CFR Part 11;
aws;GxP refers to the regulations and guidelines that are applicable to life sciences organizations that make food and medical products. Medical products that fall under this include medicines, medical devices, and medical software applications. The overall intent of GxP requirements is to ensure that food and medical products are safe for consumers. It's also to ensure the integrity of data that's used to make product-related safety decisions.;858573892697;us-east-1;2026-09-13 22:26:32.575478;11.10-g;Persons who use closed systems to create, modify, maintain, or transmit electronic records shall employ procedures and controls designed to ensure the authenticity, integrity, and, when appropriate, the confidentiality of electronic records, and to ensure that the signer cannot readily repudiate the signed record as not genuine. Such procedures and controls shall include the following: (g) Use of authority checks to ensure that only authorized individuals can use the system, electronically sign a record, access the operation or computer system input or output device, alter a record, or perform the operation at hand.;11.10 Controls for closed systems;;;aws;;PASS;AWS policy AdministratorAccess-AWSElasticBeanstalk is attached but does not allow '*:*' administrative privileges.;arn:aws:iam::aws:policy/AdministratorAccess-AWSElasticBeanstalk;iam_aws_attached_policy_no_administrative_privileges;False;AdministratorAccess-AWSElasticBeanstalk;GxP-21-CFR-Part-11;GxP (Good Practices) 21 CFR Part 11;
aws;GxP refers to the regulations and guidelines that are applicable to life sciences organizations that make food and medical products. Medical products that fall under this include medicines, medical devices, and medical software applications. The overall intent of GxP requirements is to ensure that food and medical products are safe for consumers. It's also to ensure the integrity of data that's used to make product-related safety decisions.;858573892697;us-east-1;2026-09-13 22:26:32.575478;11.10-d;Persons who use closed systems to create, modify, maintain, or transmit electronic records shall employ procedures and controls designed to ensure the authenticity, integrity, and, when appropriate, the confidentiality of electronic records, and to ensure that the signer cannot readily repudiate the signed record as not genuine. Such procedures and controls shall include the following: (d) Limiting system access to authorized individuals.;11.10 Controls for closed systems;;;aws;;PASS;AWS policy AWSResourceExplorerServiceRolePolicy is attached but does not allow '*:*' administrative privileges.;arn:aws:iam::aws:policy/aws-service-role/AWSResourceExplorerServiceRolePolicy;iam_aws_attached_policy_no_administrative_privileges;False;AWSResourceExplorerServiceRolePolicy;GxP-21-CFR-Part-11;GxP (Good Practices) 21 CFR Part 11;
aws;GxP refers to the regulations and guidelines that are applicable to life sciences organizations that make food and medical products. Medical products that fall under this include medicines, medical devices, and medical software applications. The overall intent of GxP requirements is to ensure that food and medical products are safe for consumers. It's also to ensure the integrity of data that's used to make product-related safety decisions.;858573892697;us-east-1;2026-09-13 22:26:32.575478;11.10-g;Persons who use closed systems to create, modify, maintain, or transmit electronic records shall employ procedures and controls designed to ensure the authenticity, integrity, and, when appropriate, the confidentiality of electronic records, and to ensure that the signer cannot readily repudiate the signed record as not genuine. Such procedures and controls shall include the following: (g) Use of authority checks to ensure that only authorized individuals can use the system, electronically sign a record, access the operation or computer system input or output device, alter a record, or perform the operation at hand.;11.10 Controls for closed systems;;;aws;;PASS;AWS policy AWSResourceExplorerServiceRolePolicy is attached but does not allow '*:*' administrative privileges.;arn:aws:iam::aws:policy/aws-service-role/AWSResourceExplorerServiceRolePolicy;iam_aws_attached_policy_no_administrative_privileges;False;AWSResourceExplorerServiceRolePolicy;GxP-21-CFR-Part-11;GxP (Good Practices) 21 CFR Part 11;
aws;GxP refers to the regulations and guidelines that are applicable to life sciences organizations that make food and medical products. Medical products that fall under this include medicines, medical devices, and medical software applications. The overall intent of GxP requirements is to ensure that food and medical products are safe for consumers. It's also to ensure the integrity of data that's used to make product-related safety decisions.;858573892697;us-east-1;2026-09-13 22:26:32.575478;11.10-d;Persons who use closed systems to create, modify, maintain, or transmit electronic records shall employ procedures and controls designed to ensure the authenticity, integrity, and, when appropriate, the confidentiality of electronic records, and to ensure that the signer cannot readily repudiate the signed record as not genuine. Such procedures and controls shall include the following: (d) Limiting system access to authorized individuals.;11.10 Controls for closed systems;;;aws;;PASS;AWS policy AWSCloudShellFullAccess is attached but does not allow '*:*' administrative privileges.;arn:aws:iam::aws:policy/AWSCloudShellFullAccess;iam_aws_attached_policy_no_administrative_privileges;False;AWSCloudShellFullAccess;GxP-21-CFR-Part-11;GxP (Good Practices) 21 CFR Part 11;
aws;GxP refers to the regulations and guidelines that are applicable to life sciences organizations that make food and medical products. Medical products that fall under this include medicines, medical devices, and medical software applications. The overall intent of GxP requirements is to ensure that food and medical products are safe for consumers. It's also to ensure the integrity of data that's used to make product-related safety decisions.;858573892697;us-east-1;2026-09-13 22:26:32.575478;11.10-g;Persons who use closed systems to create, modify, maintain, or transmit electronic records shall employ procedures and controls designed to ensure the authenticity, integrity, and, when appropriate, the confidentiality of electronic records, and to ensure that the signer cannot readily repudiate the signed record as not genuine. Such procedures and controls shall include the following: (g) Use of authority checks to ensure that only authorized individuals can use the system, electronically sign a record, access the operation or computer system input or output device, alter a record, or perform the operation at hand.;11.10 Controls for closed systems;;;aws;;PASS;AWS policy AWSCloudShellFullAccess is attached but does not allow '*:*' administrative privileges.;arn:aws:iam::aws:policy/AWSCloudShellFullAccess;iam_aws_attached_policy_no_administrative_privileges;False;AWSCloudShellFullAccess;GxP-21-CFR-Part-11;GxP (Good Practices) 21 CFR Part 11;
aws;GxP refers to the regulations and guidelines that are applicable to life sciences organizations that make food and medical products. Medical products that fall under this include medicines, medical devices, and medical software applications. The overall intent of GxP requirements is to ensure that food and medical products are safe for consumers. It's also to ensure the integrity of data that's used to make product-related safety decisions.;858573892697;us-east-1;2026-09-13 22:26:32.575478;11.10-d;Persons who use closed systems to create, modify, maintain, or transmit electronic records shall employ procedures and controls designed to ensure the authenticity, integrity, and, when appropriate, the confidentiality of electronic records, and to ensure that the signer cannot readily repudiate the signed record as not genuine. Such procedures and controls shall include the following: (d) Limiting system access to authorized individuals.;11.10 Controls for closed systems;;;aws;;PASS;AWS policy AdministratorAccess-Amplify is attached but does not allow '*:*' administrative privileges.;arn:aws:iam::aws:policy/AdministratorAccess-Amplify;iam_aws_attached_policy_no_administrative_privileges;False;AdministratorAccess-Amplify;GxP-21-CFR-Part-11;GxP (Good Practices) 21 CFR Part 11;
aws;GxP refers to the regulations and guidelines that are applicable to life sciences organizations that make food and medical products. Medical products that fall under this include medicines, medical devices, and medical software applications. The overall intent of GxP requirements is to ensure that food and medical products are safe for consumers. It's also to ensure the integrity of data that's used to make product-related safety decisions.;858573892697;us-east-1;2026-09-13 22:26:32.575478;11.10-g;Persons who use closed systems to create, modify, maintain, or transmit electronic records shall employ procedures and controls designed to ensure the authenticity, integrity, and, when appropriate, the confidentiality of electronic records, and to ensure that the signer cannot readily repudiate the signed record as not genuine. Such procedures and controls shall include the following: (g) Use of authority checks to ensure that only authorized individuals can use the system, electronically sign a record, access the operation or computer system input or output device, alter a record, or perform the operation at hand.;11.10 Controls for closed systems;;;aws;;PASS;AWS policy AdministratorAccess-Amplify is attached but does not allow '*:*' administrative privileges.;arn:aws:iam::aws:policy/AdministratorAccess-Amplify;iam_aws_attached_policy_no_administrative_privileges;False;AdministratorAccess-Amplify;GxP-21-CFR-Part-11;GxP (Good Practices) 21 CFR Part 11;
aws;GxP refers to the regulations and guidelines that are applicable to life sciences organizations that make food and medical products. Medical products that fall under this include medicines, medical devices, and medical software applications. The overall intent of GxP requirements is to ensure that food and medical products are safe for consumers. It's also to ensure the integrity of data that's used to make product-related safety decisions.;858573892697;us-east-1;2026-09-13 22:26:32.575478;11.10-d;Persons who use closed systems to create, modify, maintain, or transmit electronic records shall employ procedures and controls designed to ensure the authenticity, integrity, and, when appropriate, the confidentiality of electronic records, and to ensure that the signer cannot readily repudiate the signed record as not genuine. Such procedures and controls shall include the following: (d) Limiting system access to authorized individuals.;11.10 Controls for closed systems;;;aws;;PASS;AWS policy CostOptimizationHubServiceRolePolicy is attached but does not allow '*:*' administrative privileges.;arn:aws:iam::aws:policy/aws-service-role/CostOptimizationHubServiceRolePolicy;iam_aws_attached_policy_no_administrative_privileges;False;CostOptimizationHubServiceRolePolicy;GxP-21-CFR-Part-11;GxP (Good Practices) 21 CFR Part 11;
aws;GxP refers to the regulations and guidelines that are applicable to life sciences organizations that make food and medical products. Medical products that fall under this include medicines, medical devices, and medical software applications. The overall intent of GxP requirements is to ensure that food and medical products are safe for consumers. It's also to ensure the integrity of data that's used to make product-related safety decisions.;858573892697;us-east-1;2026-09-13 22:26:32.575478;11.10-g;Persons who use closed systems to create, modify, maintain, or transmit electronic records shall employ procedures and controls designed to ensure the authenticity, integrity, and, when appropriate, the confidentiality of electronic records, and to ensure that the signer cannot readily repudiate the signed record as not genuine. Such procedures and controls shall include the following: (g) Use of authority checks to ensure that only authorized individuals can use the system, electronically sign a record, access the operation or computer system input or output device, alter a record, or perform the operation at hand.;11.10 Controls for closed systems;;;aws;;PASS;AWS policy CostOptimizationHubServiceRolePolicy is attached but does not allow '*:*' administrative privileges.;arn:aws:iam::aws:policy/aws-service-role/CostOptimizationHubServiceRolePolicy;iam_aws_attached_policy_no_administrative_privileges;False;CostOptimizationHubServiceRolePolicy;GxP-21-CFR-Part-11;GxP (Good Practices) 21 CFR Part 11;
aws;GxP refers to the regulations and guidelines that are applicable to life sciences organizations that make food and medical products. Medical products that fall under this include medicines, medical devices, and medical software applications. The overall intent of GxP requirements is to ensure that food and medical products are safe for consumers. It's also to ensure the integrity of data that's used to make product-related safety decisions.;858573892697;us-east-1;2026-09-13 22:26:32.575478;11.10-d;Persons who use closed systems to create, modify, maintain, or transmit electronic records shall employ procedures and controls designed to ensure the authenticity, integrity, and, when appropriate, the confidentiality of electronic records, and to ensure that the signer cannot readily repudiate the signed record as not genuine. Such procedures and controls shall include the following: (d) Limiting system access to authorized individuals.;11.10 Controls for closed systems;;;aws;;PASS;AWS policy AWSAuditManagerAdministratorAccess is attached but does not allow '*:*' administrative privileges.;arn:aws:iam::aws:policy/AWSAuditManagerAdministratorAccess;iam_aws_attached_policy_no_administrative_privileges;False;AWSAuditManagerAdministratorAccess;GxP-21-CFR-Part-11;GxP (Good Practices) 21 CFR Part 11;
aws;GxP refers to the regulations and guidelines that are applicable to life sciences organizations that make food and medical products. Medical products that fall under this include medicines, medical devices, and medical software applications. The overall intent of GxP requirements is to ensure that food and medical products are safe for consumers. It's also to ensure the integrity of data that's used to make product-related safety decisions.;858573892697;us-east-1;2026-09-13 22:26:32.575478;11.10-g;Persons who use closed systems to create, modify, maintain, or transmit electronic records shall employ procedures and controls designed to ensure the authenticity, integrity, and, when appropriate, the confidentiality of electronic records, and to ensure that the signer cannot readily repudiate the signed record as not genuine. Such procedures and controls shall include the following: (g) Use of authority checks to ensure that only authorized individuals can use the system, electronically sign a record, access the operation or computer system input or output device, alter a record, or perform the operation at hand.;11.10 Controls for closed systems;;;aws;;PASS;AWS policy AWSAuditManagerAdministratorAccess is attached but does not allow '*:*' administrative privileges.;arn:aws:iam::aws:policy/AWSAuditManagerAdministratorAccess;iam_aws_attached_policy_no_administrative_privileges;False;AWSAuditManagerAdministratorAccess;GxP-21-CFR-Part-11;GxP (Good Practices) 21 CFR Part 11;
aws;GxP refers to the regulations and guidelines that are applicable to life sciences organizations that make food and medical products. Medical products that fall under this include medicines, medical devices, and medical software applications. The overall intent of GxP requirements is to ensure that food and medical products are safe for consumers. It's also to ensure the integrity of data that's used to make product-related safety decisions.;858573892697;us-east-1;2026-09-13 22:26:32.575478;11.10-d;Persons who use closed systems to create, modify, maintain, or transmit electronic records shall employ procedures and controls designed to ensure the authenticity, integrity, and, when appropriate, the confidentiality of electronic records, and to ensure that the signer cannot readily repudiate the signed record as not genuine. Such procedures and controls shall include the following: (d) Limiting system access to authorized individuals.;11.10 Controls for closed systems;;;aws;;PASS;Inline policy AWSRevokeOlderSessions attached to user EddieQ does not allow '*:*' administrative privileges.;arn:aws:iam::858573892697:user/EddieQ;iam_inline_policy_no_administrative_privileges;False;EddieQ/AWSRevokeOlderSessions;GxP-21-CFR-Part-11;GxP (Good Practices) 21 CFR Part 11;
aws;GxP refers to the regulations and guidelines that are applicable to life sciences organizations that make food and medical products. Medical products that fall under this include medicines, medical devices, and medical software applications. The overall intent of GxP requirements is to ensure that food and medical products are safe for consumers. It's also to ensure the integrity of data that's used to make product-related safety decisions.;858573892697;us-east-1;2026-09-13 22:26:32.575478;11.10-g;Persons who use closed systems to create, modify, maintain, or transmit electronic records shall employ procedures and controls designed to ensure the authenticity, integrity, and, when appropriate, the confidentiality of electronic records, and to ensure that the signer cannot readily repudiate the signed record as not genuine. Such procedures and controls shall include the following: (g) Use of authority checks to ensure that only authorized individuals can use the system, electronically sign a record, access the operation or computer system input or output device, alter a record, or perform the operation at hand.;11.10 Controls for closed systems;;;aws;;PASS;Inline policy AWSRevokeOlderSessions attached to user EddieQ does not allow '*:*' administrative privileges.;arn:aws:iam::858573892697:user/EddieQ;iam_inline_policy_no_administrative_privileges;False;EddieQ/AWSRevokeOlderSessions;GxP-21-CFR-Part-11;GxP (Good Practices) 21 CFR Part 11;
aws;GxP refers to the regulations and guidelines that are applicable to life sciences organizations that make food and medical products. Medical products that fall under this include medicines, medical devices, and medical software applications. The overall intent of GxP requirements is to ensure that food and medical products are safe for consumers. It's also to ensure the integrity of data that's used to make product-related safety decisions.;858573892697;us-east-1;2026-09-13 22:26:32.575478;11.10-d;Persons who use closed systems to create, modify, maintain, or transmit electronic records shall employ procedures and controls designed to ensure the authenticity, integrity, and, when appropriate, the confidentiality of electronic records, and to ensure that the signer cannot readily repudiate the signed record as not genuine. Such procedures and controls shall include the following: (d) Limiting system access to authorized individuals.;11.10 Controls for closed systems;;;aws;;PASS;Root account does not have access keys.;arn:aws:iam::858573892697:root;iam_no_root_access_key;False;<root_account>;GxP-21-CFR-Part-11;GxP (Good Practices) 21 CFR Part 11;
aws;GxP refers to the regulations and guidelines that are applicable to life sciences organizations that make food and medical products. Medical products that fall under this include medicines, medical devices, and medical software applications. The overall intent of GxP requirements is to ensure that food and medical products are safe for consumers. It's also to ensure the integrity of data that's used to make product-related safety decisions.;858573892697;us-east-1;2026-09-13 22:26:32.575478;11.10-g;Persons who use closed systems to create, modify, maintain, or transmit electronic records shall employ procedures and controls designed to ensure the authenticity, integrity, and, when appropriate, the confidentiality of electronic records, and to ensure that the signer cannot readily repudiate the signed record as not genuine. Such procedures and controls shall include the following: (g) Use of authority checks to ensure that only authorized individuals can use the system, electronically sign a record, access the operation or computer system input or output device, alter a record, or perform the operation at hand.;11.10 Controls for closed systems;;;aws;;PASS;Root account does not have access keys.;arn:aws:iam::858573892697:root;iam_no_root_access_key;False;<root_account>;GxP-21-CFR-Part-11;GxP (Good Practices) 21 CFR Part 11;
aws;GxP refers to the regulations and guidelines that are applicable to life sciences organizations that make food and medical products. Medical products that fall under this include medicines, medical devices, and medical software applications. The overall intent of GxP requirements is to ensure that food and medical products are safe for consumers. It's also to ensure the integrity of data that's used to make product-related safety decisions.;858573892697;us-east-1;2026-09-13 22:26:32.575478;11.200;"(a) Electronic signatures that are not based upon biometrics shall: (1) Employ at least two distinct identification components such as an identification code and password. (i) When an individual executes a series of signings during a single, continuous period of controlled system access, the first signing shall be executed using all electronic signature components; subsequent signings shall be executed using at least one electronic signature component that is only executable by, and designed to be used only by, the individual. (ii) When an individual executes one or more signings not performed during a single, continuous period of controlled system access, each signing shall be executed using all of the electronic signature components. (2) Be used only by their genuine owners; and (3) Be administered and executed to ensure that attempted use of an individual's electronic signature by anyone other than its genuine owner requires collaboration of two or more individuals.";11.200 Electronic signature components and controls;;;aws;;PASS;Root account does not have access keys.;arn:aws:iam::858573892697:root;iam_no_root_access_key;False;<root_account>;GxP-21-CFR-Part-11;GxP (Good Practices) 21 CFR Part 11;
aws;GxP refers to the regulations and guidelines that are applicable to life sciences organizations that make food and medical products. Medical products that fall under this include medicines, medical devices, and medical software applications. The overall intent of GxP requirements is to ensure that food and medical products are safe for consumers. It's also to ensure the integrity of data that's used to make product-related safety decisions.;858573892697;us-east-1;2026-09-13 22:26:32.575478;11.10-d;Persons who use closed systems to create, modify, maintain, or transmit electronic records shall employ procedures and controls designed to ensure the authenticity, integrity, and, when appropriate, the confidentiality of electronic records, and to ensure that the signer cannot readily repudiate the signed record as not genuine. Such procedures and controls shall include the following: (d) Limiting system access to authorized individuals.;11.10 Controls for closed systems;;;aws;;FAIL;IAM password policy does not require at least one lowercase letter.;arn:aws:iam:us-east-1:858573892697:password-policy;iam_password_policy_lowercase;False;858573892697;GxP-21-CFR-Part-11;GxP (Good Practices) 21 CFR Part 11;
aws;GxP refers to the regulations and guidelines that are applicable to life sciences organizations that make food and medical products. Medical products that fall under this include medicines, medical devices, and medical software applications. The overall intent of GxP requirements is to ensure that food and medical products are safe for consumers. It's also to ensure the integrity of data that's used to make product-related safety decisions.;858573892697;us-east-1;2026-09-13 22:26:32.575478;11.10-g;Persons who use closed systems to create, modify, maintain, or transmit electronic records shall employ procedures and controls designed to ensure the authenticity, integrity, and, when appropriate, the confidentiality of electronic records, and to ensure that the signer cannot readily repudiate the signed record as not genuine. Such procedures and controls shall include the following: (g) Use of authority checks to ensure that only authorized individuals can use the system, electronically sign a record, access the operation or computer system input or output device, alter a record, or perform the operation at hand.;11.10 Controls for closed systems;;;aws;;FAIL;IAM password policy does not require at least one lowercase letter.;arn:aws:iam:us-east-1:858573892697:password-policy;iam_password_policy_lowercase;False;858573892697;GxP-21-CFR-Part-11;GxP (Good Practices) 21 CFR Part 11;
aws;GxP refers to the regulations and guidelines that are applicable to life sciences organizations that make food and medical products. Medical products that fall under this include medicines, medical devices, and medical software applications. The overall intent of GxP requirements is to ensure that food and medical products are safe for consumers. It's also to ensure the integrity of data that's used to make product-related safety decisions.;858573892697;us-east-1;2026-09-13 22:26:32.575478;11.200;"(a) Electronic signatures that are not based upon biometrics shall: (1) Employ at least two distinct identification components such as an identification code and password. (i) When an individual executes a series of signings during a single, continuous period of controlled system access, the first signing shall be executed using all electronic signature components; subsequent signings shall be executed using at least one electronic signature component that is only executable by, and designed to be used only by, the individual. (ii) When an individual executes one or more signings not performed during a single, continuous period of controlled system access, each signing shall be executed using all of the electronic signature components. (2) Be used only by their genuine owners; and (3) Be administered and executed to ensure that attempted use of an individual's electronic signature by anyone other than its genuine owner requires collaboration of two or more individuals.";11.200 Electronic signature components and controls;;;aws;;FAIL;IAM password policy does not require at least one lowercase letter.;arn:aws:iam:us-east-1:858573892697:password-policy;iam_password_policy_lowercase;False;858573892697;GxP-21-CFR-Part-11;GxP (Good Practices) 21 CFR Part 11;
aws;GxP refers to the regulations and guidelines that are applicable to life sciences organizations that make food and medical products. Medical products that fall under this include medicines, medical devices, and medical software applications. The overall intent of GxP requirements is to ensure that food and medical products are safe for consumers. It's also to ensure the integrity of data that's used to make product-related safety decisions.;858573892697;us-east-1;2026-09-13 22:26:32.575478;11.300-b;Persons who use electronic signatures based upon use of identification codes in combination with passwords shall employ controls to ensure their security and integrity. Such controls shall include: (b) Ensuring that identification code and password issuances are periodically checked, recalled, or revised (e.g., to cover such events as password aging).;11.300 Controls for identification codes/passwords;;;aws;;FAIL;IAM password policy does not require at least one lowercase letter.;arn:aws:iam:us-east-1:858573892697:password-policy;iam_password_policy_lowercase;False;858573892697;GxP-21-CFR-Part-11;GxP (Good Practices) 21 CFR Part 11;
aws;GxP refers to the regulations and guidelines that are applicable to life sciences organizations that make food and medical products. Medical products that fall under this include medicines, medical devices, and medical software applications. The overall intent of GxP requirements is to ensure that food and medical products are safe for consumers. It's also to ensure the integrity of data that's used to make product-related safety decisions.;858573892697;us-east-1;2026-09-13 22:26:32.575478;11.10-d;Persons who use closed systems to create, modify, maintain, or transmit electronic records shall employ procedures and controls designed to ensure the authenticity, integrity, and, when appropriate, the confidentiality of electronic records, and to ensure that the signer cannot readily repudiate the signed record as not genuine. Such procedures and controls shall include the following: (d) Limiting system access to authorized individuals.;11.10 Controls for closed systems;;;aws;;FAIL;IAM password policy does not require minimum length of 14 characters.;arn:aws:iam:us-east-1:858573892697:password-policy;iam_password_policy_minimum_length_14;False;858573892697;GxP-21-CFR-Part-11;GxP (Good Practices) 21 CFR Part 11;
aws;GxP refers to the regulations and guidelines that are applicable to life sciences organizations that make food and medical products. Medical products that fall under this include medicines, medical devices, and medical software applications. The overall intent of GxP requirements is to ensure that food and medical products are safe for consumers. It's also to ensure the integrity of data that's used to make product-related safety decisions.;858573892697;us-east-1;2026-09-13 22:26:32.575478;11.10-g;Persons who use closed systems to create, modify, maintain, or transmit electronic records shall employ procedures and controls designed to ensure the authenticity, integrity, and, when appropriate, the confidentiality of electronic records, and to ensure that the signer cannot readily repudiate the signed record as not genuine. Such procedures and controls shall include the following: (g) Use of authority checks to ensure that only authorized individuals can use the system, electronically sign a record, access the operation or computer system input or output device, alter a record, or perform the operation at hand.;11.10 Controls for closed systems;;;aws;;FAIL;IAM password policy does not require minimum length of 14 characters.;arn:aws:iam:us-east-1:858573892697:password-policy;iam_password_policy_minimum_length_14;False;858573892697;GxP-21-CFR-Part-11;GxP (Good Practices) 21 CFR Part 11;
aws;GxP refers to the regulations and guidelines that are applicable to life sciences organizations that make food and medical products. Medical products that fall under this include medicines, medical devices, and medical software applications. The overall intent of GxP requirements is to ensure that food and medical products are safe for consumers. It's also to ensure the integrity of data that's used to make product-related safety decisions.;858573892697;us-east-1;2026-09-13 22:26:32.575478;11.200;"(a) Electronic signatures that are not based upon biometrics shall: (1) Employ at least two distinct identification components such as an identification code and password. (i) When an individual executes a series of signings during a single, continuous period of controlled system access, the first signing shall be executed using all electronic signature components; subsequent signings shall be executed using at least one electronic signature component that is only executable by, and designed to be used only by, the individual. (ii) When an individual executes one or more signings not performed during a single, continuous period of controlled system access, each signing shall be executed using all of the electronic signature components. (2) Be used only by their genuine owners; and (3) Be administered and executed to ensure that attempted use of an individual's electronic signature by anyone other than its genuine owner requires collaboration of two or more individuals.";11.200 Electronic signature components and controls;;;aws;;FAIL;IAM password policy does not require minimum length of 14 characters.;arn:aws:iam:us-east-1:858573892697:password-policy;iam_password_policy_minimum_length_14;False;858573892697;GxP-21-CFR-Part-11;GxP (Good Practices) 21 CFR Part 11;
aws;GxP refers to the regulations and guidelines that are applicable to life sciences organizations that make food and medical products. Medical products that fall under this include medicines, medical devices, and medical software applications. The overall intent of GxP requirements is to ensure that food and medical products are safe for consumers. It's also to ensure the integrity of data that's used to make product-related safety decisions.;858573892697;us-east-1;2026-09-13 22:26:32.575478;11.300-b;Persons who use electronic signatures based upon use of identification codes in combination with passwords shall employ controls to ensure their security and integrity. Such controls shall include: (b) Ensuring that identification code and password issuances are periodically checked, recalled, or revised (e.g., to cover such events as password aging).;11.300 Controls for identification codes/passwords;;;aws;;FAIL;IAM password policy does not require minimum length of 14 characters.;arn:aws:iam:us-east-1:858573892697:password-policy;iam_password_policy_minimum_length_14;False;858573892697;GxP-21-CFR-Part-11;GxP (Good Practices) 21 CFR Part 11;
aws;GxP refers to the regulations and guidelines that are applicable to life sciences organizations that make food and medical products. Medical products that fall under this include medicines, medical devices, and medical software applications. The overall intent of GxP requirements is to ensure that food and medical products are safe for consumers. It's also to ensure the integrity of data that's used to make product-related safety decisions.;858573892697;us-east-1;2026-09-13 22:26:32.575478;11.10-d;Persons who use closed systems to create, modify, maintain, or transmit electronic records shall employ procedures and controls designed to ensure the authenticity, integrity, and, when appropriate, the confidentiality of electronic records, and to ensure that the signer cannot readily repudiate the signed record as not genuine. Such procedures and controls shall include the following: (d) Limiting system access to authorized individuals.;11.10 Controls for closed systems;;;aws;;PASS;IAM password policy requires at least one number.;arn:aws:iam:us-east-1:858573892697:password-policy;iam_password_policy_number;False;858573892697;GxP-21-CFR-Part-11;GxP (Good Practices) 21 CFR Part 11;
aws;GxP refers to the regulations and guidelines that are applicable to life sciences organizations that make food and medical products. Medical products that fall under this include medicines, medical devices, and medical software applications. The overall intent of GxP requirements is to ensure that food and medical products are safe for consumers. It's also to ensure the integrity of data that's used to make product-related safety decisions.;858573892697;us-east-1;2026-09-13 22:26:32.575478;11.10-g;Persons who use closed systems to create, modify, maintain, or transmit electronic records shall employ procedures and controls designed to ensure the authenticity, integrity, and, when appropriate, the confidentiality of electronic records, and to ensure that the signer cannot readily repudiate the signed record as not genuine. Such procedures and controls shall include the following: (g) Use of authority checks to ensure that only authorized individuals can use the system, electronically sign a record, access the operation or computer system input or output device, alter a record, or perform the operation at hand.;11.10 Controls for closed systems;;;aws;;PASS;IAM password policy requires at least one number.;arn:aws:iam:us-east-1:858573892697:password-policy;iam_password_policy_number;False;858573892697;GxP-21-CFR-Part-11;GxP (Good Practices) 21 CFR Part 11;
aws;GxP refers to the regulations and guidelines that are applicable to life sciences organizations that make food and medical products. Medical products that fall under this include medicines, medical devices, and medical software applications. The overall intent of GxP requirements is to ensure that food and medical products are safe for consumers. It's also to ensure the integrity of data that's used to make product-related safety decisions.;858573892697;us-east-1;2026-09-13 22:26:32.575478;11.200;"(a) Electronic signatures that are not based upon biometrics shall: (1) Employ at least two distinct identification components such as an identification code and password. (i) When an individual executes a series of signings during a single, continuous period of controlled system access, the first signing shall be executed using all electronic signature components; subsequent signings shall be executed using at least one electronic signature component that is only executable by, and designed to be used only by, the individual. (ii) When an individual executes one or more signings not performed during a single, continuous period of controlled system access, each signing shall be executed using all of the electronic signature components. (2) Be used only by their genuine owners; and (3) Be administered and executed to ensure that attempted use of an individual's electronic signature by anyone other than its genuine owner requires collaboration of two or more individuals.";11.200 Electronic signature components and controls;;;aws;;PASS;IAM password policy requires at least one number.;arn:aws:iam:us-east-1:858573892697:password-policy;iam_password_policy_number;False;858573892697;GxP-21-CFR-Part-11;GxP (Good Practices) 21 CFR Part 11;
aws;GxP refers to the regulations and guidelines that are applicable to life sciences organizations that make food and medical products. Medical products that fall under this include medicines, medical devices, and medical software applications. The overall intent of GxP requirements is to ensure that food and medical products are safe for consumers. It's also to ensure the integrity of data that's used to make product-related safety decisions.;858573892697;us-east-1;2026-09-13 22:26:32.575478;11.300-b;Persons who use electronic signatures based upon use of identification codes in combination with passwords shall employ controls to ensure their security and integrity. Such controls shall include: (b) Ensuring that identification code and password issuances are periodically checked, recalled, or revised (e.g., to cover such events as password aging).;11.300 Controls for identification codes/passwords;;;aws;;PASS;IAM password policy requires at least one number.;arn:aws:iam:us-east-1:858573892697:password-policy;iam_password_policy_number;False;858573892697;GxP-21-CFR-Part-11;GxP (Good Practices) 21 CFR Part 11;
aws;GxP refers to the regulations and guidelines that are applicable to life sciences organizations that make food and medical products. Medical products that fall under this include medicines, medical devices, and medical software applications. The overall intent of GxP requirements is to ensure that food and medical products are safe for consumers. It's also to ensure the integrity of data that's used to make product-related safety decisions.;858573892697;us-east-1;2026-09-13 22:26:32.575478;11.10-d;Persons who use closed systems to create, modify, maintain, or transmit electronic records shall employ procedures and controls designed to ensure the authenticity, integrity, and, when appropriate, the confidentiality of electronic records, and to ensure that the signer cannot readily repudiate the signed record as not genuine. Such procedures and controls shall include the following: (d) Limiting system access to authorized individuals.;11.10 Controls for closed systems;;;aws;;PASS;IAM password policy requires at least one symbol.;arn:aws:iam:us-east-1:858573892697:password-policy;iam_password_policy_symbol;False;858573892697;GxP-21-CFR-Part-11;GxP (Good Practices) 21 CFR Part 11;
aws;GxP refers to the regulations and guidelines that are applicable to life sciences organizations that make food and medical products. Medical products that fall under this include medicines, medical devices, and medical software applications. The overall intent of GxP requirements is to ensure that food and medical products are safe for consumers. It's also to ensure the integrity of data that's used to make product-related safety decisions.;858573892697;us-east-1;2026-09-13 22:26:32.575478;11.10-g;Persons who use closed systems to create, modify, maintain, or transmit electronic records shall employ procedures and controls designed to ensure the authenticity, integrity, and, when appropriate, the confidentiality of electronic records, and to ensure that the signer cannot readily repudiate the signed record as not genuine. Such procedures and controls shall include the following: (g) Use of authority checks to ensure that only authorized individuals can use the system, electronically sign a record, access the operation or computer system input or output device, alter a record, or perform the operation at hand.;11.10 Controls for closed systems;;;aws;;PASS;IAM password policy requires at least one symbol.;arn:aws:iam:us-east-1:858573892697:password-policy;iam_password_policy_symbol;False;858573892697;GxP-21-CFR-Part-11;GxP (Good Practices) 21 CFR Part 11;
aws;GxP refers to the regulations and guidelines that are applicable to life sciences organizations that make food and medical products. Medical products that fall under this include medicines, medical devices, and medical software applications. The overall intent of GxP requirements is to ensure that food and medical products are safe for consumers. It's also to ensure the integrity of data that's used to make product-related safety decisions.;858573892697;us-east-1;2026-09-13 22:26:32.575478;11.200;"(a) Electronic signatures that are not based upon biometrics shall: (1) Employ at least two distinct identification components such as an identification code and password. (i) When an individual executes a series of signings during a single, continuous period of controlled system access, the first signing shall be executed using all electronic signature components; subsequent signings shall be executed using at least one electronic signature component that is only executable by, and designed to be used only by, the individual. (ii) When an individual executes one or more signings not performed during a single, continuous period of controlled system access, each signing shall be executed using all of the electronic signature components. (2) Be used only by their genuine owners; and (3) Be administered and executed to ensure that attempted use of an individual's electronic signature by anyone other than its genuine owner requires collaboration of two or more individuals.";11.200 Electronic signature components and controls;;;aws;;PASS;IAM password policy requires at least one symbol.;arn:aws:iam:us-east-1:858573892697:password-policy;iam_password_policy_symbol;False;858573892697;GxP-21-CFR-Part-11;GxP (Good Practices) 21 CFR Part 11;
aws;GxP refers to the regulations and guidelines that are applicable to life sciences organizations that make food and medical products. Medical products that fall under this include medicines, medical devices, and medical software applications. The overall intent of GxP requirements is to ensure that food and medical products are safe for consumers. It's also to ensure the integrity of data that's used to make product-related safety decisions.;858573892697;us-east-1;2026-09-13 22:26:32.575478;11.300-b;Persons who use electronic signatures based upon use of identification codes in combination with passwords shall employ controls to ensure their security and integrity. Such controls shall include: (b) Ensuring that identification code and password issuances are periodically checked, recalled, or revised (e.g., to cover such events as password aging).;11.300 Controls for identification codes/passwords;;;aws;;PASS;IAM password policy requires at least one symbol.;arn:aws:iam:us-east-1:858573892697:password-policy;iam_password_policy_symbol;False;858573892697;GxP-21-CFR-Part-11;GxP (Good Practices) 21 CFR Part 11;
aws;GxP refers to the regulations and guidelines that are applicable to life sciences organizations that make food and medical products. Medical products that fall under this include medicines, medical devices, and medical software applications. The overall intent of GxP requirements is to ensure that food and medical products are safe for consumers. It's also to ensure the integrity of data that's used to make product-related safety decisions.;858573892697;us-east-1;2026-09-13 22:26:32.575478;11.10-d;Persons who use closed systems to create, modify, maintain, or transmit electronic records shall employ procedures and controls designed to ensure the authenticity, integrity, and, when appropriate, the confidentiality of electronic records, and to ensure that the signer cannot readily repudiate the signed record as not genuine. Such procedures and controls shall include the following: (d) Limiting system access to authorized individuals.;11.10 Controls for closed systems;;;aws;;PASS;IAM password policy requires at least one uppercase letter.;arn:aws:iam:us-east-1:858573892697:password-policy;iam_password_policy_uppercase;False;858573892697;GxP-21-CFR-Part-11;GxP (Good Practices) 21 CFR Part 11;
aws;GxP refers to the regulations and guidelines that are applicable to life sciences organizations that make food and medical products. Medical products that fall under this include medicines, medical devices, and medical software applications. The overall intent of GxP requirements is to ensure that food and medical products are safe for consumers. It's also to ensure the integrity of data that's used to make product-related safety decisions.;858573892697;us-east-1;2026-09-13 22:26:32.575478;11.10-g;Persons who use closed systems to create, modify, maintain, or transmit electronic records shall employ procedures and controls designed to ensure the authenticity, integrity, and, when appropriate, the confidentiality of electronic records, and to ensure that the signer cannot readily repudiate the signed record as not genuine. Such procedures and controls shall include the following: (g) Use of authority checks to ensure that only authorized individuals can use the system, electronically sign a record, access the operation or computer system input or output device, alter a record, or perform the operation at hand.;11.10 Controls for closed systems;;;aws;;PASS;IAM password policy requires at least one uppercase letter.;arn:aws:iam:us-east-1:858573892697:password-policy;iam_password_policy_uppercase;False;858573892697;GxP-21-CFR-Part-11;GxP (Good Practices) 21 CFR Part 11;
aws;GxP refers to the regulations and guidelines that are applicable to life sciences organizations that make food and medical products. Medical products that fall under this include medicines, medical devices, and medical software applications. The overall intent of GxP requirements is to ensure that food and medical products are safe for consumers. It's also to ensure the integrity of data that's used to make product-related safety decisions.;858573892697;us-east-1;2026-09-13 22:26:32.575478;11.200;"(a) Electronic signatures that are not based upon biometrics shall: (1) Employ at least two distinct identification components such as an identification code and password. (i) When an individual executes a series of signings during a single, continuous period of controlled system access, the first signing shall be executed using all electronic signature components; subsequent signings shall be executed using at least one electronic signature component that is only executable by, and designed to be used only by, the individual. (ii) When an individual executes one or more signings not performed during a single, continuous period of controlled system access, each signing shall be executed using all of the electronic signature components. (2) Be used only by their genuine owners; and (3) Be administered and executed to ensure that attempted use of an individual's electronic signature by anyone other than its genuine owner requires collaboration of two or more individuals.";11.200 Electronic signature components and controls;;;aws;;PASS;IAM password policy requires at least one uppercase letter.;arn:aws:iam:us-east-1:858573892697:password-policy;iam_password_policy_uppercase;False;858573892697;GxP-21-CFR-Part-11;GxP (Good Practices) 21 CFR Part 11;
aws;GxP refers to the regulations and guidelines that are applicable to life sciences organizations that make food and medical products. Medical products that fall under this include medicines, medical devices, and medical software applications. The overall intent of GxP requirements is to ensure that food and medical products are safe for consumers. It's also to ensure the integrity of data that's used to make product-related safety decisions.;858573892697;us-east-1;2026-09-13 22:26:32.575478;11.300-b;Persons who use electronic signatures based upon use of identification codes in combination with passwords shall employ controls to ensure their security and integrity. Such controls shall include: (b) Ensuring that identification code and password issuances are periodically checked, recalled, or revised (e.g., to cover such events as password aging).;11.300 Controls for identification codes/passwords;;;aws;;PASS;IAM password policy requires at least one uppercase letter.;arn:aws:iam:us-east-1:858573892697:password-policy;iam_password_policy_uppercase;False;858573892697;GxP-21-CFR-Part-11;GxP (Good Practices) 21 CFR Part 11;
aws;GxP refers to the regulations and guidelines that are applicable to life sciences organizations that make food and medical products. Medical products that fall under this include medicines, medical devices, and medical software applications. The overall intent of GxP requirements is to ensure that food and medical products are safe for consumers. It's also to ensure the integrity of data that's used to make product-related safety decisions.;858573892697;us-east-1;2026-09-13 22:26:32.575478;11.10-d;Persons who use closed systems to create, modify, maintain, or transmit electronic records shall employ procedures and controls designed to ensure the authenticity, integrity, and, when appropriate, the confidentiality of electronic records, and to ensure that the signer cannot readily repudiate the signed record as not genuine. Such procedures and controls shall include the following: (d) Limiting system access to authorized individuals.;11.10 Controls for closed systems;;;aws;;FAIL;User EddieQ has the policy AmazonEC2ContainerRegistryFullAccess attached.;arn:aws:iam::858573892697:user/EddieQ;iam_policy_attached_only_to_group_or_roles;False;EddieQ/AmazonEC2ContainerRegistryFullAccess;GxP-21-CFR-Part-11;GxP (Good Practices) 21 CFR Part 11;
aws;GxP refers to the regulations and guidelines that are applicable to life sciences organizations that make food and medical products. Medical products that fall under this include medicines, medical devices, and medical software applications. The overall intent of GxP requirements is to ensure that food and medical products are safe for consumers. It's also to ensure the integrity of data that's used to make product-related safety decisions.;858573892697;us-east-1;2026-09-13 22:26:32.575478;11.10-g;Persons who use closed systems to create, modify, maintain, or transmit electronic records shall employ procedures and controls designed to ensure the authenticity, integrity, and, when appropriate, the confidentiality of electronic records, and to ensure that the signer cannot readily repudiate the signed record as not genuine. Such procedures and controls shall include the following: (g) Use of authority checks to ensure that only authorized individuals can use the system, electronically sign a record, access the operation or computer system input or output device, alter a record, or perform the operation at hand.;11.10 Controls for closed systems;;;aws;;FAIL;User EddieQ has the policy AmazonEC2ContainerRegistryFullAccess attached.;arn:aws:iam::858573892697:user/EddieQ;iam_policy_attached_only_to_group_or_roles;False;EddieQ/AmazonEC2ContainerRegistryFullAccess;GxP-21-CFR-Part-11;GxP (Good Practices) 21 CFR Part 11;
aws;GxP refers to the regulations and guidelines that are applicable to life sciences organizations that make food and medical products. Medical products that fall under this include medicines, medical devices, and medical software applications. The overall intent of GxP requirements is to ensure that food and medical products are safe for consumers. It's also to ensure the integrity of data that's used to make product-related safety decisions.;858573892697;us-east-1;2026-09-13 22:26:32.575478;11.10-d;Persons who use closed systems to create, modify, maintain, or transmit electronic records shall employ procedures and controls designed to ensure the authenticity, integrity, and, when appropriate, the confidentiality of electronic records, and to ensure that the signer cannot readily repudiate the signed record as not genuine. Such procedures and controls shall include the following: (d) Limiting system access to authorized individuals.;11.10 Controls for closed systems;;;aws;;FAIL;User EddieQ has the policy AmazonEC2ContainerServiceFullAccess attached.;arn:aws:iam::858573892697:user/EddieQ;iam_policy_attached_only_to_group_or_roles;False;EddieQ/AmazonEC2ContainerServiceFullAccess;GxP-21-CFR-Part-11;GxP (Good Practices) 21 CFR Part 11;
aws;GxP refers to the regulations and guidelines that are applicable to life sciences organizations that make food and medical products. Medical products that fall under this include medicines, medical devices, and medical software applications. The overall intent of GxP requirements is to ensure that food and medical products are safe for consumers. It's also to ensure the integrity of data that's used to make product-related safety decisions.;858573892697;us-east-1;2026-09-13 22:26:32.575478;11.10-g;Persons who use closed systems to create, modify, maintain, or transmit electronic records shall employ procedures and controls designed to ensure the authenticity, integrity, and, when appropriate, the confidentiality of electronic records, and to ensure that the signer cannot readily repudiate the signed record as not genuine. Such procedures and controls shall include the following: (g) Use of authority checks to ensure that only authorized individuals can use the system, electronically sign a record, access the operation or computer system input or output device, alter a record, or perform the operation at hand.;11.10 Controls for closed systems;;;aws;;FAIL;User EddieQ has the policy AmazonEC2ContainerServiceFullAccess attached.;arn:aws:iam::858573892697:user/EddieQ;iam_policy_attached_only_to_group_or_roles;False;EddieQ/AmazonEC2ContainerServiceFullAccess;GxP-21-CFR-Part-11;GxP (Good Practices) 21 CFR Part 11;
aws;GxP refers to the regulations and guidelines that are applicable to life sciences organizations that make food and medical products. Medical products that fall under this include medicines, medical devices, and medical software applications. The overall intent of GxP requirements is to ensure that food and medical products are safe for consumers. It's also to ensure the integrity of data that's used to make product-related safety decisions.;858573892697;us-east-1;2026-09-13 22:26:32.575478;11.10-d;Persons who use closed systems to create, modify, maintain, or transmit electronic records shall employ procedures and controls designed to ensure the authenticity, integrity, and, when appropriate, the confidentiality of electronic records, and to ensure that the signer cannot readily repudiate the signed record as not genuine. Such procedures and controls shall include the following: (d) Limiting system access to authorized individuals.;11.10 Controls for closed systems;;;aws;;FAIL;User EddieQ has the policy AdministratorAccess attached.;arn:aws:iam::858573892697:user/EddieQ;iam_policy_attached_only_to_group_or_roles;False;EddieQ/AdministratorAccess;GxP-21-CFR-Part-11;GxP (Good Practices) 21 CFR Part 11;
aws;GxP refers to the regulations and guidelines that are applicable to life sciences organizations that make food and medical products. Medical products that fall under this include medicines, medical devices, and medical software applications. The overall intent of GxP requirements is to ensure that food and medical products are safe for consumers. It's also to ensure the integrity of data that's used to make product-related safety decisions.;858573892697;us-east-1;2026-09-13 22:26:32.575478;11.10-g;Persons who use closed systems to create, modify, maintain, or transmit electronic records shall employ procedures and controls designed to ensure the authenticity, integrity, and, when appropriate, the confidentiality of electronic records, and to ensure that the signer cannot readily repudiate the signed record as not genuine. Such procedures and controls shall include the following: (g) Use of authority checks to ensure that only authorized individuals can use the system, electronically sign a record, access the operation or computer system input or output device, alter a record, or perform the operation at hand.;11.10 Controls for closed systems;;;aws;;FAIL;User EddieQ has the policy AdministratorAccess attached.;arn:aws:iam::858573892697:user/EddieQ;iam_policy_attached_only_to_group_or_roles;False;EddieQ/AdministratorAccess;GxP-21-CFR-Part-11;GxP (Good Practices) 21 CFR Part 11;
aws;GxP refers to the regulations and guidelines that are applicable to life sciences organizations that make food and medical products. Medical products that fall under this include medicines, medical devices, and medical software applications. The overall intent of GxP requirements is to ensure that food and medical products are safe for consumers. It's also to ensure the integrity of data that's used to make product-related safety decisions.;858573892697;us-east-1;2026-09-13 22:26:32.575478;11.10-d;Persons who use closed systems to create, modify, maintain, or transmit electronic records shall employ procedures and controls designed to ensure the authenticity, integrity, and, when appropriate, the confidentiality of electronic records, and to ensure that the signer cannot readily repudiate the signed record as not genuine. Such procedures and controls shall include the following: (d) Limiting system access to authorized individuals.;11.10 Controls for closed systems;;;aws;;FAIL;User EddieQ has the policy IAMUserChangePassword attached.;arn:aws:iam::858573892697:user/EddieQ;iam_policy_attached_only_to_group_or_roles;False;EddieQ/IAMUserChangePassword;GxP-21-CFR-Part-11;GxP (Good Practices) 21 CFR Part 11;
aws;GxP refers to the regulations and guidelines that are applicable to life sciences organizations that make food and medical products. Medical products that fall under this include medicines, medical devices, and medical software applications. The overall intent of GxP requirements is to ensure that food and medical products are safe for consumers. It's also to ensure the integrity of data that's used to make product-related safety decisions.;858573892697;us-east-1;2026-09-13 22:26:32.575478;11.10-g;Persons who use closed systems to create, modify, maintain, or transmit electronic records shall employ procedures and controls designed to ensure the authenticity, integrity, and, when appropriate, the confidentiality of electronic records, and to ensure that the signer cannot readily repudiate the signed record as not genuine. Such procedures and controls shall include the following: (g) Use of authority checks to ensure that only authorized individuals can use the system, electronically sign a record, access the operation or computer system input or output device, alter a record, or perform the operation at hand.;11.10 Controls for closed systems;;;aws;;FAIL;User EddieQ has the policy IAMUserChangePassword attached.;arn:aws:iam::858573892697:user/EddieQ;iam_policy_attached_only_to_group_or_roles;False;EddieQ/IAMUserChangePassword;GxP-21-CFR-Part-11;GxP (Good Practices) 21 CFR Part 11;
aws;GxP refers to the regulations and guidelines that are applicable to life sciences organizations that make food and medical products. Medical products that fall under this include medicines, medical devices, and medical software applications. The overall intent of GxP requirements is to ensure that food and medical products are safe for consumers. It's also to ensure the integrity of data that's used to make product-related safety decisions.;858573892697;us-east-1;2026-09-13 22:26:32.575478;11.10-d;Persons who use closed systems to create, modify, maintain, or transmit electronic records shall employ procedures and controls designed to ensure the authenticity, integrity, and, when appropriate, the confidentiality of electronic records, and to ensure that the signer cannot readily repudiate the signed record as not genuine. Such procedures and controls shall include the following: (d) Limiting system access to authorized individuals.;11.10 Controls for closed systems;;;aws;;FAIL;User EddieQ has the policy AWSCloudShellFullAccess attached.;arn:aws:iam::858573892697:user/EddieQ;iam_policy_attached_only_to_group_or_roles;False;EddieQ/AWSCloudShellFullAccess;GxP-21-CFR-Part-11;GxP (Good Practices) 21 CFR Part 11;
aws;GxP refers to the regulations and guidelines that are applicable to life sciences organizations that make food and medical products. Medical products that fall under this include medicines, medical devices, and medical software applications. The overall intent of GxP requirements is to ensure that food and medical products are safe for consumers. It's also to ensure the integrity of data that's used to make product-related safety decisions.;858573892697;us-east-1;2026-09-13 22:26:32.575478;11.10-g;Persons who use closed systems to create, modify, maintain, or transmit electronic records shall employ procedures and controls designed to ensure the authenticity, integrity, and, when appropriate, the confidentiality of electronic records, and to ensure that the signer cannot readily repudiate the signed record as not genuine. Such procedures and controls shall include the following: (g) Use of authority checks to ensure that only authorized individuals can use the system, electronically sign a record, access the operation or computer system input or output device, alter a record, or perform the operation at hand.;11.10 Controls for closed systems;;;aws;;FAIL;User EddieQ has the policy AWSCloudShellFullAccess attached.;arn:aws:iam::858573892697:user/EddieQ;iam_policy_attached_only_to_group_or_roles;False;EddieQ/AWSCloudShellFullAccess;GxP-21-CFR-Part-11;GxP (Good Practices) 21 CFR Part 11;
aws;GxP refers to the regulations and guidelines that are applicable to life sciences organizations that make food and medical products. Medical products that fall under this include medicines, medical devices, and medical software applications. The overall intent of GxP requirements is to ensure that food and medical products are safe for consumers. It's also to ensure the integrity of data that's used to make product-related safety decisions.;858573892697;us-east-1;2026-09-13 22:26:32.575478;11.10-d;Persons who use closed systems to create, modify, maintain, or transmit electronic records shall employ procedures and controls designed to ensure the authenticity, integrity, and, when appropriate, the confidentiality of electronic records, and to ensure that the signer cannot readily repudiate the signed record as not genuine. Such procedures and controls shall include the following: (d) Limiting system access to authorized individuals.;11.10 Controls for closed systems;;;aws;;FAIL;User EddieQ has the inline policy AWSRevokeOlderSessions attached.;arn:aws:iam::858573892697:user/EddieQ;iam_policy_attached_only_to_group_or_roles;False;EddieQ/AWSRevokeOlderSessions;GxP-21-CFR-Part-11;GxP (Good Practices) 21 CFR Part 11;
aws;GxP refers to the regulations and guidelines that are applicable to life sciences organizations that make food and medical products. Medical products that fall under this include medicines, medical devices, and medical software applications. The overall intent of GxP requirements is to ensure that food and medical products are safe for consumers. It's also to ensure the integrity of data that's used to make product-related safety decisions.;858573892697;us-east-1;2026-09-13 22:26:32.575478;11.10-g;Persons who use closed systems to create, modify, maintain, or transmit electronic records shall employ procedures and controls designed to ensure the authenticity, integrity, and, when appropriate, the confidentiality of electronic records, and to ensure that the signer cannot readily repudiate the signed record as not genuine. Such procedures and controls shall include the following: (g) Use of authority checks to ensure that only authorized individuals can use the system, electronically sign a record, access the operation or computer system input or output device, alter a record, or perform the operation at hand.;11.10 Controls for closed systems;;;aws;;FAIL;User EddieQ has the inline policy AWSRevokeOlderSessions attached.;arn:aws:iam::858573892697:user/EddieQ;iam_policy_attached_only_to_group_or_roles;False;EddieQ/AWSRevokeOlderSessions;GxP-21-CFR-Part-11;GxP (Good Practices) 21 CFR Part 11;
aws;GxP refers to the regulations and guidelines that are applicable to life sciences organizations that make food and medical products. Medical products that fall under this include medicines, medical devices, and medical software applications. The overall intent of GxP requirements is to ensure that food and medical products are safe for consumers. It's also to ensure the integrity of data that's used to make product-related safety decisions.;858573892697;us-east-1;2026-09-13 22:26:32.575478;11.10-d;Persons who use closed systems to create, modify, maintain, or transmit electronic records shall employ procedures and controls designed to ensure the authenticity, integrity, and, when appropriate, the confidentiality of electronic records, and to ensure that the signer cannot readily repudiate the signed record as not genuine. Such procedures and controls shall include the following: (d) Limiting system access to authorized individuals.;11.10 Controls for closed systems;;;aws;;PASS;User QLabs has no inline or attached policies.;arn:aws:iam::858573892697:user/QLabs;iam_policy_attached_only_to_group_or_roles;False;QLabs;GxP-21-CFR-Part-11;GxP (Good Practices) 21 CFR Part 11;
aws;GxP refers to the regulations and guidelines that are applicable to life sciences organizations that make food and medical products. Medical products that fall under this include medicines, medical devices, and medical software applications. The overall intent of GxP requirements is to ensure that food and medical products are safe for consumers. It's also to ensure the integrity of data that's used to make product-related safety decisions.;858573892697;us-east-1;2026-09-13 22:26:32.575478;11.10-g;Persons who use closed systems to create, modify, maintain, or transmit electronic records shall employ procedures and controls designed to ensure the authenticity, integrity, and, when appropriate, the confidentiality of electronic records, and to ensure that the signer cannot readily repudiate the signed record as not genuine. Such procedures and controls shall include the following: (g) Use of authority checks to ensure that only authorized individuals can use the system, electronically sign a record, access the operation or computer system input or output device, alter a record, or perform the operation at hand.;11.10 Controls for closed systems;;;aws;;PASS;User QLabs has no inline or attached policies.;arn:aws:iam::858573892697:user/QLabs;iam_policy_attached_only_to_group_or_roles;False;QLabs;GxP-21-CFR-Part-11;GxP (Good Practices) 21 CFR Part 11;
aws;GxP refers to the regulations and guidelines that are applicable to life sciences organizations that make food and medical products. Medical products that fall under this include medicines, medical devices, and medical software applications. The overall intent of GxP requirements is to ensure that food and medical products are safe for consumers. It's also to ensure the integrity of data that's used to make product-related safety decisions.;858573892697;us-east-1;2026-09-13 22:26:32.575478;11.10-d;Persons who use closed systems to create, modify, maintain, or transmit electronic records shall employ procedures and controls designed to ensure the authenticity, integrity, and, when appropriate, the confidentiality of electronic records, and to ensure that the signer cannot readily repudiate the signed record as not genuine. Such procedures and controls shall include the following: (d) Limiting system access to authorized individuals.;11.10 Controls for closed systems;;;aws;;FAIL;Root account has a virtual MFA instead of a hardware MFA device enabled.;arn:aws:iam::858573892697:mfa;iam_root_hardware_mfa_enabled;False;<root_account>;GxP-21-CFR-Part-11;GxP (Good Practices) 21 CFR Part 11;
aws;GxP refers to the regulations and guidelines that are applicable to life sciences organizations that make food and medical products. Medical products that fall under this include medicines, medical devices, and medical software applications. The overall intent of GxP requirements is to ensure that food and medical products are safe for consumers. It's also to ensure the integrity of data that's used to make product-related safety decisions.;858573892697;us-east-1;2026-09-13 22:26:32.575478;11.10-g;Persons who use closed systems to create, modify, maintain, or transmit electronic records shall employ procedures and controls designed to ensure the authenticity, integrity, and, when appropriate, the confidentiality of electronic records, and to ensure that the signer cannot readily repudiate the signed record as not genuine. Such procedures and controls shall include the following: (g) Use of authority checks to ensure that only authorized individuals can use the system, electronically sign a record, access the operation or computer system input or output device, alter a record, or perform the operation at hand.;11.10 Controls for closed systems;;;aws;;FAIL;Root account has a virtual MFA instead of a hardware MFA device enabled.;arn:aws:iam::858573892697:mfa;iam_root_hardware_mfa_enabled;False;<root_account>;GxP-21-CFR-Part-11;GxP (Good Practices) 21 CFR Part 11;
aws;GxP refers to the regulations and guidelines that are applicable to life sciences organizations that make food and medical products. Medical products that fall under this include medicines, medical devices, and medical software applications. The overall intent of GxP requirements is to ensure that food and medical products are safe for consumers. It's also to ensure the integrity of data that's used to make product-related safety decisions.;858573892697;us-east-1;2026-09-13 22:26:32.575478;11.200;"(a) Electronic signatures that are not based upon biometrics shall: (1) Employ at least two distinct identification components such as an identification code and password. (i) When an individual executes a series of signings during a single, continuous period of controlled system access, the first signing shall be executed using all electronic signature components; subsequent signings shall be executed using at least one electronic signature component that is only executable by, and designed to be used only by, the individual. (ii) When an individual executes one or more signings not performed during a single, continuous period of controlled system access, each signing shall be executed using all of the electronic signature components. (2) Be used only by their genuine owners; and (3) Be administered and executed to ensure that attempted use of an individual's electronic signature by anyone other than its genuine owner requires collaboration of two or more individuals.";11.200 Electronic signature components and controls;;;aws;;FAIL;Root account has a virtual MFA instead of a hardware MFA device enabled.;arn:aws:iam::858573892697:mfa;iam_root_hardware_mfa_enabled;False;<root_account>;GxP-21-CFR-Part-11;GxP (Good Practices) 21 CFR Part 11;
aws;GxP refers to the regulations and guidelines that are applicable to life sciences organizations that make food and medical products. Medical products that fall under this include medicines, medical devices, and medical software applications. The overall intent of GxP requirements is to ensure that food and medical products are safe for consumers. It's also to ensure the integrity of data that's used to make product-related safety decisions.;858573892697;us-east-1;2026-09-13 22:26:32.575478;11.10-d;Persons who use closed systems to create, modify, maintain, or transmit electronic records shall employ procedures and controls designed to ensure the authenticity, integrity, and, when appropriate, the confidentiality of electronic records, and to ensure that the signer cannot readily repudiate the signed record as not genuine. Such procedures and controls shall include the following: (d) Limiting system access to authorized individuals.;11.10 Controls for closed systems;;;aws;;PASS;MFA is enabled for root account.;arn:aws:iam::858573892697:root;iam_root_mfa_enabled;False;<root_account>;GxP-21-CFR-Part-11;GxP (Good Practices) 21 CFR Part 11;
aws;GxP refers to the regulations and guidelines that are applicable to life sciences organizations that make food and medical products. Medical products that fall under this include medicines, medical devices, and medical software applications. The overall intent of GxP requirements is to ensure that food and medical products are safe for consumers. It's also to ensure the integrity of data that's used to make product-related safety decisions.;858573892697;us-east-1;2026-09-13 22:26:32.575478;11.10-g;Persons who use closed systems to create, modify, maintain, or transmit electronic records shall employ procedures and controls designed to ensure the authenticity, integrity, and, when appropriate, the confidentiality of electronic records, and to ensure that the signer cannot readily repudiate the signed record as not genuine. Such procedures and controls shall include the following: (g) Use of authority checks to ensure that only authorized individuals can use the system, electronically sign a record, access the operation or computer system input or output device, alter a record, or perform the operation at hand.;11.10 Controls for closed systems;;;aws;;PASS;MFA is enabled for root account.;arn:aws:iam::858573892697:root;iam_root_mfa_enabled;False;<root_account>;GxP-21-CFR-Part-11;GxP (Good Practices) 21 CFR Part 11;
aws;GxP refers to the regulations and guidelines that are applicable to life sciences organizations that make food and medical products. Medical products that fall under this include medicines, medical devices, and medical software applications. The overall intent of GxP requirements is to ensure that food and medical products are safe for consumers. It's also to ensure the integrity of data that's used to make product-related safety decisions.;858573892697;us-east-1;2026-09-13 22:26:32.575478;11.200;"(a) Electronic signatures that are not based upon biometrics shall: (1) Employ at least two distinct identification components such as an identification code and password. (i) When an individual executes a series of signings during a single, continuous period of controlled system access, the first signing shall be executed using all electronic signature components; subsequent signings shall be executed using at least one electronic signature component that is only executable by, and designed to be used only by, the individual. (ii) When an individual executes one or more signings not performed during a single, continuous period of controlled system access, each signing shall be executed using all of the electronic signature components. (2) Be used only by their genuine owners; and (3) Be administered and executed to ensure that attempted use of an individual's electronic signature by anyone other than its genuine owner requires collaboration of two or more individuals.";11.200 Electronic signature components and controls;;;aws;;PASS;MFA is enabled for root account.;arn:aws:iam::858573892697:root;iam_root_mfa_enabled;False;<root_account>;GxP-21-CFR-Part-11;GxP (Good Practices) 21 CFR Part 11;
aws;GxP refers to the regulations and guidelines that are applicable to life sciences organizations that make food and medical products. Medical products that fall under this include medicines, medical devices, and medical software applications. The overall intent of GxP requirements is to ensure that food and medical products are safe for consumers. It's also to ensure the integrity of data that's used to make product-related safety decisions.;858573892697;us-east-1;2026-09-13 22:26:32.575478;11.10-d;Persons who use closed systems to create, modify, maintain, or transmit electronic records shall employ procedures and controls designed to ensure the authenticity, integrity, and, when appropriate, the confidentiality of electronic records, and to ensure that the signer cannot readily repudiate the signed record as not genuine. Such procedures and controls shall include the following: (d) Limiting system access to authorized individuals.;11.10 Controls for closed systems;;;aws;;PASS;User <root_account> does not have access keys.;arn:aws:iam::858573892697:root;iam_rotate_access_key_90_days;False;<root_account>;GxP-21-CFR-Part-11;GxP (Good Practices) 21 CFR Part 11;
aws;GxP refers to the regulations and guidelines that are applicable to life sciences organizations that make food and medical products. Medical products that fall under this include medicines, medical devices, and medical software applications. The overall intent of GxP requirements is to ensure that food and medical products are safe for consumers. It's also to ensure the integrity of data that's used to make product-related safety decisions.;858573892697;us-east-1;2026-09-13 22:26:32.575478;11.10-g;Persons who use closed systems to create, modify, maintain, or transmit electronic records shall employ procedures and controls designed to ensure the authenticity, integrity, and, when appropriate, the confidentiality of electronic records, and to ensure that the signer cannot readily repudiate the signed record as not genuine. Such procedures and controls shall include the following: (g) Use of authority checks to ensure that only authorized individuals can use the system, electronically sign a record, access the operation or computer system input or output device, alter a record, or perform the operation at hand.;11.10 Controls for closed systems;;;aws;;PASS;User <root_account> does not have access keys.;arn:aws:iam::858573892697:root;iam_rotate_access_key_90_days;False;<root_account>;GxP-21-CFR-Part-11;GxP (Good Practices) 21 CFR Part 11;
aws;GxP refers to the regulations and guidelines that are applicable to life sciences organizations that make food and medical products. Medical products that fall under this include medicines, medical devices, and medical software applications. The overall intent of GxP requirements is to ensure that food and medical products are safe for consumers. It's also to ensure the integrity of data that's used to make product-related safety decisions.;858573892697;us-east-1;2026-09-13 22:26:32.575478;11.200;"(a) Electronic signatures that are not based upon biometrics shall: (1) Employ at least two distinct identification components such as an identification code and password. (i) When an individual executes a series of signings during a single, continuous period of controlled system access, the first signing shall be executed using all electronic signature components; subsequent signings shall be executed using at least one electronic signature component that is only executable by, and designed to be used only by, the individual. (ii) When an individual executes one or more signings not performed during a single, continuous period of controlled system access, each signing shall be executed using all of the electronic signature components. (2) Be used only by their genuine owners; and (3) Be administered and executed to ensure that attempted use of an individual's electronic signature by anyone other than its genuine owner requires collaboration of two or more individuals.";11.200 Electronic signature components and controls;;;aws;;PASS;User <root_account> does not have access keys.;arn:aws:iam::858573892697:root;iam_rotate_access_key_90_days;False;<root_account>;GxP-21-CFR-Part-11;GxP (Good Practices) 21 CFR Part 11;
aws;GxP refers to the regulations and guidelines that are applicable to life sciences organizations that make food and medical products. Medical products that fall under this include medicines, medical devices, and medical software applications. The overall intent of GxP requirements is to ensure that food and medical products are safe for consumers. It's also to ensure the integrity of data that's used to make product-related safety decisions.;858573892697;us-east-1;2026-09-13 22:26:32.575478;11.300-b;Persons who use electronic signatures based upon use of identification codes in combination with passwords shall employ controls to ensure their security and integrity. Such controls shall include: (b) Ensuring that identification code and password issuances are periodically checked, recalled, or revised (e.g., to cover such events as password aging).;11.300 Controls for identification codes/passwords;;;aws;;PASS;User <root_account> does not have access keys.;arn:aws:iam::858573892697:root;iam_rotate_access_key_90_days;False;<root_account>;GxP-21-CFR-Part-11;GxP (Good Practices) 21 CFR Part 11;
aws;GxP refers to the regulations and guidelines that are applicable to life sciences organizations that make food and medical products. Medical products that fall under this include medicines, medical devices, and medical software applications. The overall intent of GxP requirements is to ensure that food and medical products are safe for consumers. It's also to ensure the integrity of data that's used to make product-related safety decisions.;858573892697;us-east-1;2026-09-13 22:26:32.575478;11.10-d;Persons who use closed systems to create, modify, maintain, or transmit electronic records shall employ procedures and controls designed to ensure the authenticity, integrity, and, when appropriate, the confidentiality of electronic records, and to ensure that the signer cannot readily repudiate the signed record as not genuine. Such procedures and controls shall include the following: (d) Limiting system access to authorized individuals.;11.10 Controls for closed systems;;;aws;;FAIL;User EddieQ has not rotated access key 1 in over 90 days (2710 days).;arn:aws:iam::858573892697:user/EddieQ;iam_rotate_access_key_90_days;False;EddieQ-access-key-1;GxP-21-CFR-Part-11;GxP (Good Practices) 21 CFR Part 11;
aws;GxP refers to the regulations and guidelines that are applicable to life sciences organizations that make food and medical products. Medical products that fall under this include medicines, medical devices, and medical software applications. The overall intent of GxP requirements is to ensure that food and medical products are safe for consumers. It's also to ensure the integrity of data that's used to make product-related safety decisions.;858573892697;us-east-1;2026-09-13 22:26:32.575478;11.10-g;Persons who use closed systems to create, modify, maintain, or transmit electronic records shall employ procedures and controls designed to ensure the authenticity, integrity, and, when appropriate, the confidentiality of electronic records, and to ensure that the signer cannot readily repudiate the signed record as not genuine. Such procedures and controls shall include the following: (g) Use of authority checks to ensure that only authorized individuals can use the system, electronically sign a record, access the operation or computer system input or output device, alter a record, or perform the operation at hand.;11.10 Controls for closed systems;;;aws;;FAIL;User EddieQ has not rotated access key 1 in over 90 days (2710 days).;arn:aws:iam::858573892697:user/EddieQ;iam_rotate_access_key_90_days;False;EddieQ-access-key-1;GxP-21-CFR-Part-11;GxP (Good Practices) 21 CFR Part 11;
aws;GxP refers to the regulations and guidelines that are applicable to life sciences organizations that make food and medical products. Medical products that fall under this include medicines, medical devices, and medical software applications. The overall intent of GxP requirements is to ensure that food and medical products are safe for consumers. It's also to ensure the integrity of data that's used to make product-related safety decisions.;858573892697;us-east-1;2026-09-13 22:26:32.575478;11.200;"(a) Electronic signatures that are not based upon biometrics shall: (1) Employ at least two distinct identification components such as an identification code and password. (i) When an individual executes a series of signings during a single, continuous period of controlled system access, the first signing shall be executed using all electronic signature components; subsequent signings shall be executed using at least one electronic signature component that is only executable by, and designed to be used only by, the individual. (ii) When an individual executes one or more signings not performed during a single, continuous period of controlled system access, each signing shall be executed using all of the electronic signature components. (2) Be used only by their genuine owners; and (3) Be administered and executed to ensure that attempted use of an individual's electronic signature by anyone other than its genuine owner requires collaboration of two or more individuals.";11.200 Electronic signature components and controls;;;aws;;FAIL;User EddieQ has not rotated access key 1 in over 90 days (2710 days).;arn:aws:iam::858573892697:user/EddieQ;iam_rotate_access_key_90_days;False;EddieQ-access-key-1;GxP-21-CFR-Part-11;GxP (Good Practices) 21 CFR Part 11;
aws;GxP refers to the regulations and guidelines that are applicable to life sciences organizations that make food and medical products. Medical products that fall under this include medicines, medical devices, and medical software applications. The overall intent of GxP requirements is to ensure that food and medical products are safe for consumers. It's also to ensure the integrity of data that's used to make product-related safety decisions.;858573892697;us-east-1;2026-09-13 22:26:32.575478;11.300-b;Persons who use electronic signatures based upon use of identification codes in combination with passwords shall employ controls to ensure their security and integrity. Such controls shall include: (b) Ensuring that identification code and password issuances are periodically checked, recalled, or revised (e.g., to cover such events as password aging).;11.300 Controls for identification codes/passwords;;;aws;;FAIL;User EddieQ has not rotated access key 1 in over 90 days (2710 days).;arn:aws:iam::858573892697:user/EddieQ;iam_rotate_access_key_90_days;False;EddieQ-access-key-1;GxP-21-CFR-Part-11;GxP (Good Practices) 21 CFR Part 11;
aws;GxP refers to the regulations and guidelines that are applicable to life sciences organizations that make food and medical products. Medical products that fall under this include medicines, medical devices, and medical software applications. The overall intent of GxP requirements is to ensure that food and medical products are safe for consumers. It's also to ensure the integrity of data that's used to make product-related safety decisions.;858573892697;us-east-1;2026-09-13 22:26:32.575478;11.10-d;Persons who use closed systems to create, modify, maintain, or transmit electronic records shall employ procedures and controls designed to ensure the authenticity, integrity, and, when appropriate, the confidentiality of electronic records, and to ensure that the signer cannot readily repudiate the signed record as not genuine. Such procedures and controls shall include the following: (d) Limiting system access to authorized individuals.;11.10 Controls for closed systems;;;aws;;PASS;User QLabs does not have access keys older than 90 days.;arn:aws:iam::858573892697:user/QLabs;iam_rotate_access_key_90_days;False;QLabs;GxP-21-CFR-Part-11;GxP (Good Practices) 21 CFR Part 11;
aws;GxP refers to the regulations and guidelines that are applicable to life sciences organizations that make food and medical products. Medical products that fall under this include medicines, medical devices, and medical software applications. The overall intent of GxP requirements is to ensure that food and medical products are safe for consumers. It's also to ensure the integrity of data that's used to make product-related safety decisions.;858573892697;us-east-1;2026-09-13 22:26:32.575478;11.10-g;Persons who use closed systems to create, modify, maintain, or transmit electronic records shall employ procedures and controls designed to ensure the authenticity, integrity, and, when appropriate, the confidentiality of electronic records, and to ensure that the signer cannot readily repudiate the signed record as not genuine. Such procedures and controls shall include the following: (g) Use of authority checks to ensure that only authorized individuals can use the system, electronically sign a record, access the operation or computer system input or output device, alter a record, or perform the operation at hand.;11.10 Controls for closed systems;;;aws;;PASS;User QLabs does not have access keys older than 90 days.;arn:aws:iam::858573892697:user/QLabs;iam_rotate_access_key_90_days;False;QLabs;GxP-21-CFR-Part-11;GxP (Good Practices) 21 CFR Part 11;
aws;GxP refers to the regulations and guidelines that are applicable to life sciences organizations that make food and medical products. Medical products that fall under this include medicines, medical devices, and medical software applications. The overall intent of GxP requirements is to ensure that food and medical products are safe for consumers. It's also to ensure the integrity of data that's used to make product-related safety decisions.;858573892697;us-east-1;2026-09-13 22:26:32.575478;11.200;"(a) Electronic signatures that are not based upon biometrics shall: (1) Employ at least two distinct identification components such as an identification code and password. (i) When an individual executes a series of signings during a single, continuous period of controlled system access, the first signing shall be executed using all electronic signature components; subsequent signings shall be executed using at least one electronic signature component that is only executable by, and designed to be used only by, the individual. (ii) When an individual executes one or more signings not performed during a single, continuous period of controlled system access, each signing shall be executed using all of the electronic signature components. (2) Be used only by their genuine owners; and (3) Be administered and executed to ensure that attempted use of an individual's electronic signature by anyone other than its genuine owner requires collaboration of two or more individuals.";11.200 Electronic signature components and controls;;;aws;;PASS;User QLabs does not have access keys older than 90 days.;arn:aws:iam::858573892697:user/QLabs;iam_rotate_access_key_90_days;False;QLabs;GxP-21-CFR-Part-11;GxP (Good Practices) 21 CFR Part 11;
aws;GxP refers to the regulations and guidelines that are applicable to life sciences organizations that make food and medical products. Medical products that fall under this include medicines, medical devices, and medical software applications. The overall intent of GxP requirements is to ensure that food and medical products are safe for consumers. It's also to ensure the integrity of data that's used to make product-related safety decisions.;858573892697;us-east-1;2026-09-13 22:26:32.575478;11.300-b;Persons who use electronic signatures based upon use of identification codes in combination with passwords shall employ controls to ensure their security and integrity. Such controls shall include: (b) Ensuring that identification code and password issuances are periodically checked, recalled, or revised (e.g., to cover such events as password aging).;11.300 Controls for identification codes/passwords;;;aws;;PASS;User QLabs does not have access keys older than 90 days.;arn:aws:iam::858573892697:user/QLabs;iam_rotate_access_key_90_days;False;QLabs;GxP-21-CFR-Part-11;GxP (Good Practices) 21 CFR Part 11;
aws;GxP refers to the regulations and guidelines that are applicable to life sciences organizations that make food and medical products. Medical products that fall under this include medicines, medical devices, and medical software applications. The overall intent of GxP requirements is to ensure that food and medical products are safe for consumers. It's also to ensure the integrity of data that's used to make product-related safety decisions.;858573892697;us-east-1;2026-09-13 22:26:32.575478;11.10-d;Persons who use closed systems to create, modify, maintain, or transmit electronic records shall employ procedures and controls designed to ensure the authenticity, integrity, and, when appropriate, the confidentiality of electronic records, and to ensure that the signer cannot readily repudiate the signed record as not genuine. Such procedures and controls shall include the following: (d) Limiting system access to authorized individuals.;11.10 Controls for closed systems;;;aws;;PASS;User <root_account> does not have access keys.;arn:aws:iam::858573892697:root;iam_user_accesskey_unused;False;<root_account>;GxP-21-CFR-Part-11;GxP (Good Practices) 21 CFR Part 11;
aws;GxP refers to the regulations and guidelines that are applicable to life sciences organizations that make food and medical products. Medical products that fall under this include medicines, medical devices, and medical software applications. The overall intent of GxP requirements is to ensure that food and medical products are safe for consumers. It's also to ensure the integrity of data that's used to make product-related safety decisions.;858573892697;us-east-1;2026-09-13 22:26:32.575478;11.10-g;Persons who use closed systems to create, modify, maintain, or transmit electronic records shall employ procedures and controls designed to ensure the authenticity, integrity, and, when appropriate, the confidentiality of electronic records, and to ensure that the signer cannot readily repudiate the signed record as not genuine. Such procedures and controls shall include the following: (g) Use of authority checks to ensure that only authorized individuals can use the system, electronically sign a record, access the operation or computer system input or output device, alter a record, or perform the operation at hand.;11.10 Controls for closed systems;;;aws;;PASS;User <root_account> does not have access keys.;arn:aws:iam::858573892697:root;iam_user_accesskey_unused;False;<root_account>;GxP-21-CFR-Part-11;GxP (Good Practices) 21 CFR Part 11;
aws;GxP refers to the regulations and guidelines that are applicable to life sciences organizations that make food and medical products. Medical products that fall under this include medicines, medical devices, and medical software applications. The overall intent of GxP requirements is to ensure that food and medical products are safe for consumers. It's also to ensure the integrity of data that's used to make product-related safety decisions.;858573892697;us-east-1;2026-09-13 22:26:32.575478;11.300-b;Persons who use electronic signatures based upon use of identification codes in combination with passwords shall employ controls to ensure their security and integrity. Such controls shall include: (b) Ensuring that identification code and password issuances are periodically checked, recalled, or revised (e.g., to cover such events as password aging).;11.300 Controls for identification codes/passwords;;;aws;;PASS;User <root_account> does not have access keys.;arn:aws:iam::858573892697:root;iam_user_accesskey_unused;False;<root_account>;GxP-21-CFR-Part-11;GxP (Good Practices) 21 CFR Part 11;
aws;GxP refers to the regulations and guidelines that are applicable to life sciences organizations that make food and medical products. Medical products that fall under this include medicines, medical devices, and medical software applications. The overall intent of GxP requirements is to ensure that food and medical products are safe for consumers. It's also to ensure the integrity of data that's used to make product-related safety decisions.;858573892697;us-east-1;2026-09-13 22:26:32.575478;11.10-d;Persons who use closed systems to create, modify, maintain, or transmit electronic records shall employ procedures and controls designed to ensure the authenticity, integrity, and, when appropriate, the confidentiality of electronic records, and to ensure that the signer cannot readily repudiate the signed record as not genuine. Such procedures and controls shall include the following: (d) Limiting system access to authorized individuals.;11.10 Controls for closed systems;;;aws;;PASS;User EddieQ does not have unused access keys for 45 days.;arn:aws:iam::858573892697:user/EddieQ;iam_user_accesskey_unused;False;EddieQ;GxP-21-CFR-Part-11;GxP (Good Practices) 21 CFR Part 11;
aws;GxP refers to the regulations and guidelines that are applicable to life sciences organizations that make food and medical products. Medical products that fall under this include medicines, medical devices, and medical software applications. The overall intent of GxP requirements is to ensure that food and medical products are safe for consumers. It's also to ensure the integrity of data that's used to make product-related safety decisions.;858573892697;us-east-1;2026-09-13 22:26:32.575478;11.10-g;Persons who use closed systems to create, modify, maintain, or transmit electronic records shall employ procedures and controls designed to ensure the authenticity, integrity, and, when appropriate, the confidentiality of electronic records, and to ensure that the signer cannot readily repudiate the signed record as not genuine. Such procedures and controls shall include the following: (g) Use of authority checks to ensure that only authorized individuals can use the system, electronically sign a record, access the operation or computer system input or output device, alter a record, or perform the operation at hand.;11.10 Controls for closed systems;;;aws;;PASS;User EddieQ does not have unused access keys for 45 days.;arn:aws:iam::858573892697:user/EddieQ;iam_user_accesskey_unused;False;EddieQ;GxP-21-CFR-Part-11;GxP (Good Practices) 21 CFR Part 11;
aws;GxP refers to the regulations and guidelines that are applicable to life sciences organizations that make food and medical products. Medical products that fall under this include medicines, medical devices, and medical software applications. The overall intent of GxP requirements is to ensure that food and medical products are safe for consumers. It's also to ensure the integrity of data that's used to make product-related safety decisions.;858573892697;us-east-1;2026-09-13 22:26:32.575478;11.300-b;Persons who use electronic signatures based upon use of identification codes in combination with passwords shall employ controls to ensure their security and integrity. Such controls shall include: (b) Ensuring that identification code and password issuances are periodically checked, recalled, or revised (e.g., to cover such events as password aging).;11.300 Controls for identification codes/passwords;;;aws;;PASS;User EddieQ does not have unused access keys for 45 days.;arn:aws:iam::858573892697:user/EddieQ;iam_user_accesskey_unused;False;EddieQ;GxP-21-CFR-Part-11;GxP (Good Practices) 21 CFR Part 11;
aws;GxP refers to the regulations and guidelines that are applicable to life sciences organizations that make food and medical products. Medical products that fall under this include medicines, medical devices, and medical software applications. The overall intent of GxP requirements is to ensure that food and medical products are safe for consumers. It's also to ensure the integrity of data that's used to make product-related safety decisions.;858573892697;us-east-1;2026-09-13 22:26:32.575478;11.10-d;Persons who use closed systems to create, modify, maintain, or transmit electronic records shall employ procedures and controls designed to ensure the authenticity, integrity, and, when appropriate, the confidentiality of electronic records, and to ensure that the signer cannot readily repudiate the signed record as not genuine. Such procedures and controls shall include the following: (d) Limiting system access to authorized individuals.;11.10 Controls for closed systems;;;aws;;PASS;User QLabs does not have unused access keys for 45 days.;arn:aws:iam::858573892697:user/QLabs;iam_user_accesskey_unused;False;QLabs;GxP-21-CFR-Part-11;GxP (Good Practices) 21 CFR Part 11;
aws;GxP refers to the regulations and guidelines that are applicable to life sciences organizations that make food and medical products. Medical products that fall under this include medicines, medical devices, and medical software applications. The overall intent of GxP requirements is to ensure that food and medical products are safe for consumers. It's also to ensure the integrity of data that's used to make product-related safety decisions.;858573892697;us-east-1;2026-09-13 22:26:32.575478;11.10-g;Persons who use closed systems to create, modify, maintain, or transmit electronic records shall employ procedures and controls designed to ensure the authenticity, integrity, and, when appropriate, the confidentiality of electronic records, and to ensure that the signer cannot readily repudiate the signed record as not genuine. Such procedures and controls shall include the following: (g) Use of authority checks to ensure that only authorized individuals can use the system, electronically sign a record, access the operation or computer system input or output device, alter a record, or perform the operation at hand.;11.10 Controls for closed systems;;;aws;;PASS;User QLabs does not have unused access keys for 45 days.;arn:aws:iam::858573892697:user/QLabs;iam_user_accesskey_unused;False;QLabs;GxP-21-CFR-Part-11;GxP (Good Practices) 21 CFR Part 11;
aws;GxP refers to the regulations and guidelines that are applicable to life sciences organizations that make food and medical products. Medical products that fall under this include medicines, medical devices, and medical software applications. The overall intent of GxP requirements is to ensure that food and medical products are safe for consumers. It's also to ensure the integrity of data that's used to make product-related safety decisions.;858573892697;us-east-1;2026-09-13 22:26:32.575478;11.300-b;Persons who use electronic signatures based upon use of identification codes in combination with passwords shall employ controls to ensure their security and integrity. Such controls shall include: (b) Ensuring that identification code and password issuances are periodically checked, recalled, or revised (e.g., to cover such events as password aging).;11.300 Controls for identification codes/passwords;;;aws;;PASS;User QLabs does not have unused access keys for 45 days.;arn:aws:iam::858573892697:user/QLabs;iam_user_accesskey_unused;False;QLabs;GxP-21-CFR-Part-11;GxP (Good Practices) 21 CFR Part 11;
aws;GxP refers to the regulations and guidelines that are applicable to life sciences organizations that make food and medical products. Medical products that fall under this include medicines, medical devices, and medical software applications. The overall intent of GxP requirements is to ensure that food and medical products are safe for consumers. It's also to ensure the integrity of data that's used to make product-related safety decisions.;858573892697;us-east-1;2026-09-13 22:26:32.575478;11.10-d;Persons who use closed systems to create, modify, maintain, or transmit electronic records shall employ procedures and controls designed to ensure the authenticity, integrity, and, when appropriate, the confidentiality of electronic records, and to ensure that the signer cannot readily repudiate the signed record as not genuine. Such procedures and controls shall include the following: (d) Limiting system access to authorized individuals.;11.10 Controls for closed systems;;;aws;;FAIL;User EddieQ has not logged in to the console in the past 45 days (257 days).;arn:aws:iam::858573892697:user/EddieQ;iam_user_console_access_unused;False;EddieQ;GxP-21-CFR-Part-11;GxP (Good Practices) 21 CFR Part 11;
aws;GxP refers to the regulations and guidelines that are applicable to life sciences organizations that make food and medical products. Medical products that fall under this include medicines, medical devices, and medical software applications. The overall intent of GxP requirements is to ensure that food and medical products are safe for consumers. It's also to ensure the integrity of data that's used to make product-related safety decisions.;858573892697;us-east-1;2026-09-13 22:26:32.575478;11.10-g;Persons who use closed systems to create, modify, maintain, or transmit electronic records shall employ procedures and controls designed to ensure the authenticity, integrity, and, when appropriate, the confidentiality of electronic records, and to ensure that the signer cannot readily repudiate the signed record as not genuine. Such procedures and controls shall include the following: (g) Use of authority checks to ensure that only authorized individuals can use the system, electronically sign a record, access the operation or computer system input or output device, alter a record, or perform the operation at hand.;11.10 Controls for closed systems;;;aws;;FAIL;User EddieQ has not logged in to the console in the past 45 days (257 days).;arn:aws:iam::858573892697:user/EddieQ;iam_user_console_access_unused;False;EddieQ;GxP-21-CFR-Part-11;GxP (Good Practices) 21 CFR Part 11;
aws;GxP refers to the regulations and guidelines that are applicable to life sciences organizations that make food and medical products. Medical products that fall under this include medicines, medical devices, and medical software applications. The overall intent of GxP requirements is to ensure that food and medical products are safe for consumers. It's also to ensure the integrity of data that's used to make product-related safety decisions.;858573892697;us-east-1;2026-09-13 22:26:32.575478;11.300-b;Persons who use electronic signatures based upon use of identification codes in combination with passwords shall employ controls to ensure their security and integrity. Such controls shall include: (b) Ensuring that identification code and password issuances are periodically checked, recalled, or revised (e.g., to cover such events as password aging).;11.300 Controls for identification codes/passwords;;;aws;;FAIL;User EddieQ has not logged in to the console in the past 45 days (257 days).;arn:aws:iam::858573892697:user/EddieQ;iam_user_console_access_unused;False;EddieQ;GxP-21-CFR-Part-11;GxP (Good Practices) 21 CFR Part 11;
aws;GxP refers to the regulations and guidelines that are applicable to life sciences organizations that make food and medical products. Medical products that fall under this include medicines, medical devices, and medical software applications. The overall intent of GxP requirements is to ensure that food and medical products are safe for consumers. It's also to ensure the integrity of data that's used to make product-related safety decisions.;858573892697;us-east-1;2026-09-13 22:26:32.575478;11.10-d;Persons who use closed systems to create, modify, maintain, or transmit electronic records shall employ procedures and controls designed to ensure the authenticity, integrity, and, when appropriate, the confidentiality of electronic records, and to ensure that the signer cannot readily repudiate the signed record as not genuine. Such procedures and controls shall include the following: (d) Limiting system access to authorized individuals.;11.10 Controls for closed systems;;;aws;;PASS;User QLabs has logged in to the console in the past 45 days (0 days).;arn:aws:iam::858573892697:user/QLabs;iam_user_console_access_unused;False;QLabs;GxP-21-CFR-Part-11;GxP (Good Practices) 21 CFR Part 11;
aws;GxP refers to the regulations and guidelines that are applicable to life sciences organizations that make food and medical products. Medical products that fall under this include medicines, medical devices, and medical software applications. The overall intent of GxP requirements is to ensure that food and medical products are safe for consumers. It's also to ensure the integrity of data that's used to make product-related safety decisions.;858573892697;us-east-1;2026-09-13 22:26:32.575478;11.10-g;Persons who use closed systems to create, modify, maintain, or transmit electronic records shall employ procedures and controls designed to ensure the authenticity, integrity, and, when appropriate, the confidentiality of electronic records, and to ensure that the signer cannot readily repudiate the signed record as not genuine. Such procedures and controls shall include the following: (g) Use of authority checks to ensure that only authorized individuals can use the system, electronically sign a record, access the operation or computer system input or output device, alter a record, or perform the operation at hand.;11.10 Controls for closed systems;;;aws;;PASS;User QLabs has logged in to the console in the past 45 days (0 days).;arn:aws:iam::858573892697:user/QLabs;iam_user_console_access_unused;False;QLabs;GxP-21-CFR-Part-11;GxP (Good Practices) 21 CFR Part 11;
aws;GxP refers to the regulations and guidelines that are applicable to life sciences organizations that make food and medical products. Medical products that fall under this include medicines, medical devices, and medical software applications. The overall intent of GxP requirements is to ensure that food and medical products are safe for consumers. It's also to ensure the integrity of data that's used to make product-related safety decisions.;858573892697;us-east-1;2026-09-13 22:26:32.575478;11.300-b;Persons who use electronic signatures based upon use of identification codes in combination with passwords shall employ controls to ensure their security and integrity. Such controls shall include: (b) Ensuring that identification code and password issuances are periodically checked, recalled, or revised (e.g., to cover such events as password aging).;11.300 Controls for identification codes/passwords;;;aws;;PASS;User QLabs has logged in to the console in the past 45 days (0 days).;arn:aws:iam::858573892697:user/QLabs;iam_user_console_access_unused;False;QLabs;GxP-21-CFR-Part-11;GxP (Good Practices) 21 CFR Part 11;
aws;GxP refers to the regulations and guidelines that are applicable to life sciences organizations that make food and medical products. Medical products that fall under this include medicines, medical devices, and medical software applications. The overall intent of GxP requirements is to ensure that food and medical products are safe for consumers. It's also to ensure the integrity of data that's used to make product-related safety decisions.;858573892697;us-east-1;2026-09-13 22:26:32.575478;11.10-d;Persons who use closed systems to create, modify, maintain, or transmit electronic records shall employ procedures and controls designed to ensure the authenticity, integrity, and, when appropriate, the confidentiality of electronic records, and to ensure that the signer cannot readily repudiate the signed record as not genuine. Such procedures and controls shall include the following: (d) Limiting system access to authorized individuals.;11.10 Controls for closed systems;;;aws;;PASS;User EddieQ has Console Password enabled and MFA enabled.;arn:aws:iam::858573892697:user/EddieQ;iam_user_mfa_enabled_console_access;False;EddieQ;GxP-21-CFR-Part-11;GxP (Good Practices) 21 CFR Part 11;
aws;GxP refers to the regulations and guidelines that are applicable to life sciences organizations that make food and medical products. Medical products that fall under this include medicines, medical devices, and medical software applications. The overall intent of GxP requirements is to ensure that food and medical products are safe for consumers. It's also to ensure the integrity of data that's used to make product-related safety decisions.;858573892697;us-east-1;2026-09-13 22:26:32.575478;11.10-g;Persons who use closed systems to create, modify, maintain, or transmit electronic records shall employ procedures and controls designed to ensure the authenticity, integrity, and, when appropriate, the confidentiality of electronic records, and to ensure that the signer cannot readily repudiate the signed record as not genuine. Such procedures and controls shall include the following: (g) Use of authority checks to ensure that only authorized individuals can use the system, electronically sign a record, access the operation or computer system input or output device, alter a record, or perform the operation at hand.;11.10 Controls for closed systems;;;aws;;PASS;User EddieQ has Console Password enabled and MFA enabled.;arn:aws:iam::858573892697:user/EddieQ;iam_user_mfa_enabled_console_access;False;EddieQ;GxP-21-CFR-Part-11;GxP (Good Practices) 21 CFR Part 11;
aws;GxP refers to the regulations and guidelines that are applicable to life sciences organizations that make food and medical products. Medical products that fall under this include medicines, medical devices, and medical software applications. The overall intent of GxP requirements is to ensure that food and medical products are safe for consumers. It's also to ensure the integrity of data that's used to make product-related safety decisions.;858573892697;us-east-1;2026-09-13 22:26:32.575478;11.200;"(a) Electronic signatures that are not based upon biometrics shall: (1) Employ at least two distinct identification components such as an identification code and password. (i) When an individual executes a series of signings during a single, continuous period of controlled system access, the first signing shall be executed using all electronic signature components; subsequent signings shall be executed using at least one electronic signature component that is only executable by, and designed to be used only by, the individual. (ii) When an individual executes one or more signings not performed during a single, continuous period of controlled system access, each signing shall be executed using all of the electronic signature components. (2) Be used only by their genuine owners; and (3) Be administered and executed to ensure that attempted use of an individual's electronic signature by anyone other than its genuine owner requires collaboration of two or more individuals.";11.200 Electronic signature components and controls;;;aws;;PASS;User EddieQ has Console Password enabled and MFA enabled.;arn:aws:iam::858573892697:user/EddieQ;iam_user_mfa_enabled_console_access;False;EddieQ;GxP-21-CFR-Part-11;GxP (Good Practices) 21 CFR Part 11;
aws;GxP refers to the regulations and guidelines that are applicable to life sciences organizations that make food and medical products. Medical products that fall under this include medicines, medical devices, and medical software applications. The overall intent of GxP requirements is to ensure that food and medical products are safe for consumers. It's also to ensure the integrity of data that's used to make product-related safety decisions.;858573892697;us-east-1;2026-09-13 22:26:32.575478;11.10-d;Persons who use closed systems to create, modify, maintain, or transmit electronic records shall employ procedures and controls designed to ensure the authenticity, integrity, and, when appropriate, the confidentiality of electronic records, and to ensure that the signer cannot readily repudiate the signed record as not genuine. Such procedures and controls shall include the following: (d) Limiting system access to authorized individuals.;11.10 Controls for closed systems;;;aws;;FAIL;User QLabs has Console Password enabled but MFA disabled.;arn:aws:iam::858573892697:user/QLabs;iam_user_mfa_enabled_console_access;False;QLabs;GxP-21-CFR-Part-11;GxP (Good Practices) 21 CFR Part 11;
aws;GxP refers to the regulations and guidelines that are applicable to life sciences organizations that make food and medical products. Medical products that fall under this include medicines, medical devices, and medical software applications. The overall intent of GxP requirements is to ensure that food and medical products are safe for consumers. It's also to ensure the integrity of data that's used to make product-related safety decisions.;858573892697;us-east-1;2026-09-13 22:26:32.575478;11.10-g;Persons who use closed systems to create, modify, maintain, or transmit electronic records shall employ procedures and controls designed to ensure the authenticity, integrity, and, when appropriate, the confidentiality of electronic records, and to ensure that the signer cannot readily repudiate the signed record as not genuine. Such procedures and controls shall include the following: (g) Use of authority checks to ensure that only authorized individuals can use the system, electronically sign a record, access the operation or computer system input or output device, alter a record, or perform the operation at hand.;11.10 Controls for closed systems;;;aws;;FAIL;User QLabs has Console Password enabled but MFA disabled.;arn:aws:iam::858573892697:user/QLabs;iam_user_mfa_enabled_console_access;False;QLabs;GxP-21-CFR-Part-11;GxP (Good Practices) 21 CFR Part 11;
aws;GxP refers to the regulations and guidelines that are applicable to life sciences organizations that make food and medical products. Medical products that fall under this include medicines, medical devices, and medical software applications. The overall intent of GxP requirements is to ensure that food and medical products are safe for consumers. It's also to ensure the integrity of data that's used to make product-related safety decisions.;858573892697;us-east-1;2026-09-13 22:26:32.575478;11.200;"(a) Electronic signatures that are not based upon biometrics shall: (1) Employ at least two distinct identification components such as an identification code and password. (i) When an individual executes a series of signings during a single, continuous period of controlled system access, the first signing shall be executed using all electronic signature components; subsequent signings shall be executed using at least one electronic signature component that is only executable by, and designed to be used only by, the individual. (ii) When an individual executes one or more signings not performed during a single, continuous period of controlled system access, each signing shall be executed using all of the electronic signature components. (2) Be used only by their genuine owners; and (3) Be administered and executed to ensure that attempted use of an individual's electronic signature by anyone other than its genuine owner requires collaboration of two or more individuals.";11.200 Electronic signature components and controls;;;aws;;FAIL;User QLabs has Console Password enabled but MFA disabled.;arn:aws:iam::858573892697:user/QLabs;iam_user_mfa_enabled_console_access;False;QLabs;GxP-21-CFR-Part-11;GxP (Good Practices) 21 CFR Part 11;
aws;GxP refers to the regulations and guidelines that are applicable to life sciences organizations that make food and medical products. Medical products that fall under this include medicines, medical devices, and medical software applications. The overall intent of GxP requirements is to ensure that food and medical products are safe for consumers. It's also to ensure the integrity of data that's used to make product-related safety decisions.;858573892697;us-east-1;2026-09-13 22:26:32.575478;11.10-a;Persons who use closed systems to create, modify, maintain, or transmit electronic records shall employ procedures and controls designed to ensure the authenticity, integrity, and, when appropriate, the confidentiality of electronic records, and to ensure that the signer cannot readily repudiate the signed record as not genuine. Such procedures and controls shall include the following: (a) Validation of systems to ensure accuracy, reliability, consistent intended performance, and the ability to discern invalid or altered records.;11.10 Controls for closed systems;;;aws;;FAIL;RDS Instance vaultcloud-prod-db does not have backup enabled.;arn:aws:rds:us-east-1:858573892697:db:vaultcloud-prod-db;rds_instance_backup_enabled;False;vaultcloud-prod-db;GxP-21-CFR-Part-11;GxP (Good Practices) 21 CFR Part 11;
aws;GxP refers to the regulations and guidelines that are applicable to life sciences organizations that make food and medical products. Medical products that fall under this include medicines, medical devices, and medical software applications. The overall intent of GxP requirements is to ensure that food and medical products are safe for consumers. It's also to ensure the integrity of data that's used to make product-related safety decisions.;858573892697;us-east-1;2026-09-13 22:26:32.575478;11.10-a;Persons who use closed systems to create, modify, maintain, or transmit electronic records shall employ procedures and controls designed to ensure the authenticity, integrity, and, when appropriate, the confidentiality of electronic records, and to ensure that the signer cannot readily repudiate the signed record as not genuine. Such procedures and controls shall include the following: (a) Validation of systems to ensure accuracy, reliability, consistent intended performance, and the ability to discern invalid or altered records.;11.10 Controls for closed systems;;;aws;;FAIL;RDS Instance vaultcloud-prod-db deletion protection is not enabled.;arn:aws:rds:us-east-1:858573892697:db:vaultcloud-prod-db;rds_instance_deletion_protection;False;vaultcloud-prod-db;GxP-21-CFR-Part-11;GxP (Good Practices) 21 CFR Part 11;
aws;GxP refers to the regulations and guidelines that are applicable to life sciences organizations that make food and medical products. Medical products that fall under this include medicines, medical devices, and medical software applications. The overall intent of GxP requirements is to ensure that food and medical products are safe for consumers. It's also to ensure the integrity of data that's used to make product-related safety decisions.;858573892697;us-east-1;2026-09-13 22:26:32.575478;11.10-e;Persons who use closed systems to create, modify, maintain, or transmit electronic records shall employ procedures and controls designed to ensure the authenticity, integrity, and, when appropriate, the confidentiality of electronic records, and to ensure that the signer cannot readily repudiate the signed record as not genuine. Such procedures and controls shall include the following: (e) Use of secure, computer-generated, time-stamped audit trails to independently record the date and time of operator entries and actions that create, modify, or delete electronic records. Record changes shall not obscure previously recorded information. Such audit trail documentation shall be retained for a period at least as long as that required for the subject electronic records and shall be available for agency review and copying.;11.10 Controls for closed systems;;;aws;;FAIL;RDS Instance vaultcloud-prod-db does not have CloudWatch Logs enabled.;arn:aws:rds:us-east-1:858573892697:db:vaultcloud-prod-db;rds_instance_integration_cloudwatch_logs;False;vaultcloud-prod-db;GxP-21-CFR-Part-11;GxP (Good Practices) 21 CFR Part 11;
aws;GxP refers to the regulations and guidelines that are applicable to life sciences organizations that make food and medical products. Medical products that fall under this include medicines, medical devices, and medical software applications. The overall intent of GxP requirements is to ensure that food and medical products are safe for consumers. It's also to ensure the integrity of data that's used to make product-related safety decisions.;858573892697;us-east-1;2026-09-13 22:26:32.575478;11.10-k;Persons who use closed systems to create, modify, maintain, or transmit electronic records shall employ procedures and controls designed to ensure the authenticity, integrity, and, when appropriate, the confidentiality of electronic records, and to ensure that the signer cannot readily repudiate the signed record as not genuine. Such procedures and controls shall include the following: (k) Use of appropriate controls over systems documentation including: (1) Adequate controls over the distribution of, access to, and use of documentation for system operation and maintenance. (2) Revision and change control procedures to maintain an audit trail that documents time-sequenced development and modification of systems documentation.;11.10 Controls for closed systems;;;aws;;FAIL;RDS Instance vaultcloud-prod-db does not have CloudWatch Logs enabled.;arn:aws:rds:us-east-1:858573892697:db:vaultcloud-prod-db;rds_instance_integration_cloudwatch_logs;False;vaultcloud-prod-db;GxP-21-CFR-Part-11;GxP (Good Practices) 21 CFR Part 11;
aws;GxP refers to the regulations and guidelines that are applicable to life sciences organizations that make food and medical products. Medical products that fall under this include medicines, medical devices, and medical software applications. The overall intent of GxP requirements is to ensure that food and medical products are safe for consumers. It's also to ensure the integrity of data that's used to make product-related safety decisions.;858573892697;us-east-1;2026-09-13 22:26:32.575478;11.10-a;Persons who use closed systems to create, modify, maintain, or transmit electronic records shall employ procedures and controls designed to ensure the authenticity, integrity, and, when appropriate, the confidentiality of electronic records, and to ensure that the signer cannot readily repudiate the signed record as not genuine. Such procedures and controls shall include the following: (a) Validation of systems to ensure accuracy, reliability, consistent intended performance, and the ability to discern invalid or altered records.;11.10 Controls for closed systems;;;aws;;FAIL;RDS Instance vaultcloud-prod-db does not have multi-AZ enabled.;arn:aws:rds:us-east-1:858573892697:db:vaultcloud-prod-db;rds_instance_multi_az;False;vaultcloud-prod-db;GxP-21-CFR-Part-11;GxP (Good Practices) 21 CFR Part 11;
aws;GxP refers to the regulations and guidelines that are applicable to life sciences organizations that make food and medical products. Medical products that fall under this include medicines, medical devices, and medical software applications. The overall intent of GxP requirements is to ensure that food and medical products are safe for consumers. It's also to ensure the integrity of data that's used to make product-related safety decisions.;858573892697;us-east-1;2026-09-13 22:26:32.575478;11.10-d;Persons who use closed systems to create, modify, maintain, or transmit electronic records shall employ procedures and controls designed to ensure the authenticity, integrity, and, when appropriate, the confidentiality of electronic records, and to ensure that the signer cannot readily repudiate the signed record as not genuine. Such procedures and controls shall include the following: (d) Limiting system access to authorized individuals.;11.10 Controls for closed systems;;;aws;;FAIL;RDS Instance vaultcloud-prod-db is set as publicly accessible and security group vaultcloud-db-sg (sg-059591e29c62e2064) has postgres port 5432 open to the Internet at endpoint vaultcloud-prod-db.cdis4ufrpqe3.us-east-1.rds.amazonaws.com in a public subnet subnet-060b354bc8a3f274c.;arn:aws:rds:us-east-1:858573892697:db:vaultcloud-prod-db;rds_instance_no_public_access;False;vaultcloud-prod-db;GxP-21-CFR-Part-11;GxP (Good Practices) 21 CFR Part 11;
aws;GxP refers to the regulations and guidelines that are applicable to life sciences organizations that make food and medical products. Medical products that fall under this include medicines, medical devices, and medical software applications. The overall intent of GxP requirements is to ensure that food and medical products are safe for consumers. It's also to ensure the integrity of data that's used to make product-related safety decisions.;858573892697;us-east-1;2026-09-13 22:26:32.575478;11.10-g;Persons who use closed systems to create, modify, maintain, or transmit electronic records shall employ procedures and controls designed to ensure the authenticity, integrity, and, when appropriate, the confidentiality of electronic records, and to ensure that the signer cannot readily repudiate the signed record as not genuine. Such procedures and controls shall include the following: (g) Use of authority checks to ensure that only authorized individuals can use the system, electronically sign a record, access the operation or computer system input or output device, alter a record, or perform the operation at hand.;11.10 Controls for closed systems;;;aws;;FAIL;RDS Instance vaultcloud-prod-db is set as publicly accessible and security group vaultcloud-db-sg (sg-059591e29c62e2064) has postgres port 5432 open to the Internet at endpoint vaultcloud-prod-db.cdis4ufrpqe3.us-east-1.rds.amazonaws.com in a public subnet subnet-060b354bc8a3f274c.;arn:aws:rds:us-east-1:858573892697:db:vaultcloud-prod-db;rds_instance_no_public_access;False;vaultcloud-prod-db;GxP-21-CFR-Part-11;GxP (Good Practices) 21 CFR Part 11;
aws;GxP refers to the regulations and guidelines that are applicable to life sciences organizations that make food and medical products. Medical products that fall under this include medicines, medical devices, and medical software applications. The overall intent of GxP requirements is to ensure that food and medical products are safe for consumers. It's also to ensure the integrity of data that's used to make product-related safety decisions.;858573892697;us-east-1;2026-09-13 22:26:32.575478;11.10-k;Persons who use closed systems to create, modify, maintain, or transmit electronic records shall employ procedures and controls designed to ensure the authenticity, integrity, and, when appropriate, the confidentiality of electronic records, and to ensure that the signer cannot readily repudiate the signed record as not genuine. Such procedures and controls shall include the following: (k) Use of appropriate controls over systems documentation including: (1) Adequate controls over the distribution of, access to, and use of documentation for system operation and maintenance. (2) Revision and change control procedures to maintain an audit trail that documents time-sequenced development and modification of systems documentation.;11.10 Controls for closed systems;;;aws;;FAIL;RDS Instance vaultcloud-prod-db is set as publicly accessible and security group vaultcloud-db-sg (sg-059591e29c62e2064) has postgres port 5432 open to the Internet at endpoint vaultcloud-prod-db.cdis4ufrpqe3.us-east-1.rds.amazonaws.com in a public subnet subnet-060b354bc8a3f274c.;arn:aws:rds:us-east-1:858573892697:db:vaultcloud-prod-db;rds_instance_no_public_access;False;vaultcloud-prod-db;GxP-21-CFR-Part-11;GxP (Good Practices) 21 CFR Part 11;
aws;GxP refers to the regulations and guidelines that are applicable to life sciences organizations that make food and medical products. Medical products that fall under this include medicines, medical devices, and medical software applications. The overall intent of GxP requirements is to ensure that food and medical products are safe for consumers. It's also to ensure the integrity of data that's used to make product-related safety decisions.;858573892697;us-east-1;2026-09-13 22:26:32.575478;11.10-c;Persons who use closed systems to create, modify, maintain, or transmit electronic records shall employ procedures and controls designed to ensure the authenticity, integrity, and, when appropriate, the confidentiality of electronic records, and to ensure that the signer cannot readily repudiate the signed record as not genuine. Such procedures and controls shall include the following: (c) Protection of records to enable their accurate and ready retrieval throughout the records retention period.;11.10 Controls for closed systems;;;aws;;FAIL;RDS Instance vaultcloud-prod-db is not encrypted.;arn:aws:rds:us-east-1:858573892697:db:vaultcloud-prod-db;rds_instance_storage_encrypted;False;vaultcloud-prod-db;GxP-21-CFR-Part-11;GxP (Good Practices) 21 CFR Part 11;
aws;GxP refers to the regulations and guidelines that are applicable to life sciences organizations that make food and medical products. Medical products that fall under this include medicines, medical devices, and medical software applications. The overall intent of GxP requirements is to ensure that food and medical products are safe for consumers. It's also to ensure the integrity of data that's used to make product-related safety decisions.;858573892697;us-east-1;2026-09-13 22:26:32.575478;11.30;Persons who use open systems to create, modify, maintain, or transmit electronic records shall employ procedures and controls designed to ensure the authenticity, integrity, and, as appropriate, the confidentiality of electronic records from the point of their creation to the point of their receipt. Such procedures and controls shall include those identified in 11.10, as appropriate, and additional measures such as document encryption and use of appropriate digital signature standards to ensure, as necessary under the circumstances, record authenticity, integrity, and confidentiality.;11.30 Controls for open systems;;;aws;;FAIL;RDS Instance vaultcloud-prod-db is not encrypted.;arn:aws:rds:us-east-1:858573892697:db:vaultcloud-prod-db;rds_instance_storage_encrypted;False;vaultcloud-prod-db;GxP-21-CFR-Part-11;GxP (Good Practices) 21 CFR Part 11;
aws;GxP refers to the regulations and guidelines that are applicable to life sciences organizations that make food and medical products. Medical products that fall under this include medicines, medical devices, and medical software applications. The overall intent of GxP requirements is to ensure that food and medical products are safe for consumers. It's also to ensure the integrity of data that's used to make product-related safety decisions.;858573892697;us-east-1;2026-09-13 22:26:32.575478;11.10-d;Persons who use closed systems to create, modify, maintain, or transmit electronic records shall employ procedures and controls designed to ensure the authenticity, integrity, and, when appropriate, the confidentiality of electronic records, and to ensure that the signer cannot readily repudiate the signed record as not genuine. Such procedures and controls shall include the following: (d) Limiting system access to authorized individuals.;11.10 Controls for closed systems;;;aws;;FAIL;Block Public Access is not configured for the account 858573892697.;arn:aws:s3:us-east-1:858573892697:account;s3_account_level_public_access_blocks;False;858573892697;GxP-21-CFR-Part-11;GxP (Good Practices) 21 CFR Part 11;
aws;GxP refers to the regulations and guidelines that are applicable to life sciences organizations that make food and medical products. Medical products that fall under this include medicines, medical devices, and medical software applications. The overall intent of GxP requirements is to ensure that food and medical products are safe for consumers. It's also to ensure the integrity of data that's used to make product-related safety decisions.;858573892697;us-east-1;2026-09-13 22:26:32.575478;11.10-g;Persons who use closed systems to create, modify, maintain, or transmit electronic records shall employ procedures and controls designed to ensure the authenticity, integrity, and, when appropriate, the confidentiality of electronic records, and to ensure that the signer cannot readily repudiate the signed record as not genuine. Such procedures and controls shall include the following: (g) Use of authority checks to ensure that only authorized individuals can use the system, electronically sign a record, access the operation or computer system input or output device, alter a record, or perform the operation at hand.;11.10 Controls for closed systems;;;aws;;FAIL;Block Public Access is not configured for the account 858573892697.;arn:aws:s3:us-east-1:858573892697:account;s3_account_level_public_access_blocks;False;858573892697;GxP-21-CFR-Part-11;GxP (Good Practices) 21 CFR Part 11;
aws;GxP refers to the regulations and guidelines that are applicable to life sciences organizations that make food and medical products. Medical products that fall under this include medicines, medical devices, and medical software applications. The overall intent of GxP requirements is to ensure that food and medical products are safe for consumers. It's also to ensure the integrity of data that's used to make product-related safety decisions.;858573892697;us-east-1;2026-09-13 22:26:32.575478;11.10-c;Persons who use closed systems to create, modify, maintain, or transmit electronic records shall employ procedures and controls designed to ensure the authenticity, integrity, and, when appropriate, the confidentiality of electronic records, and to ensure that the signer cannot readily repudiate the signed record as not genuine. Such procedures and controls shall include the following: (c) Protection of records to enable their accurate and ready retrieval throughout the records retention period.;11.10 Controls for closed systems;;;aws;;PASS;S3 Bucket nextwork-website-project-eddieqx has Server Side Encryption with AES256.;arn:aws:s3:::nextwork-website-project-eddieqx;s3_bucket_default_encryption;False;nextwork-website-project-eddieqx;GxP-21-CFR-Part-11;GxP (Good Practices) 21 CFR Part 11;
aws;GxP refers to the regulations and guidelines that are applicable to life sciences organizations that make food and medical products. Medical products that fall under this include medicines, medical devices, and medical software applications. The overall intent of GxP requirements is to ensure that food and medical products are safe for consumers. It's also to ensure the integrity of data that's used to make product-related safety decisions.;858573892697;us-east-1;2026-09-13 22:26:32.575478;11.30;Persons who use open systems to create, modify, maintain, or transmit electronic records shall employ procedures and controls designed to ensure the authenticity, integrity, and, as appropriate, the confidentiality of electronic records from the point of their creation to the point of their receipt. Such procedures and controls shall include those identified in 11.10, as appropriate, and additional measures such as document encryption and use of appropriate digital signature standards to ensure, as necessary under the circumstances, record authenticity, integrity, and confidentiality.;11.30 Controls for open systems;;;aws;;PASS;S3 Bucket nextwork-website-project-eddieqx has Server Side Encryption with AES256.;arn:aws:s3:::nextwork-website-project-eddieqx;s3_bucket_default_encryption;False;nextwork-website-project-eddieqx;GxP-21-CFR-Part-11;GxP (Good Practices) 21 CFR Part 11;
aws;GxP refers to the regulations and guidelines that are applicable to life sciences organizations that make food and medical products. Medical products that fall under this include medicines, medical devices, and medical software applications. The overall intent of GxP requirements is to ensure that food and medical products are safe for consumers. It's also to ensure the integrity of data that's used to make product-related safety decisions.;858573892697;us-east-1;2026-09-13 22:26:32.575478;11.10-c;Persons who use closed systems to create, modify, maintain, or transmit electronic records shall employ procedures and controls designed to ensure the authenticity, integrity, and, when appropriate, the confidentiality of electronic records, and to ensure that the signer cannot readily repudiate the signed record as not genuine. Such procedures and controls shall include the following: (c) Protection of records to enable their accurate and ready retrieval throughout the records retention period.;11.10 Controls for closed systems;;;aws;;PASS;S3 Bucket vaultcloud-logs-prod-2024 has Server Side Encryption with AES256.;arn:aws:s3:::vaultcloud-logs-prod-2024;s3_bucket_default_encryption;False;vaultcloud-logs-prod-2024;GxP-21-CFR-Part-11;GxP (Good Practices) 21 CFR Part 11;
aws;GxP refers to the regulations and guidelines that are applicable to life sciences organizations that make food and medical products. Medical products that fall under this include medicines, medical devices, and medical software applications. The overall intent of GxP requirements is to ensure that food and medical products are safe for consumers. It's also to ensure the integrity of data that's used to make product-related safety decisions.;858573892697;us-east-1;2026-09-13 22:26:32.575478;11.30;Persons who use open systems to create, modify, maintain, or transmit electronic records shall employ procedures and controls designed to ensure the authenticity, integrity, and, as appropriate, the confidentiality of electronic records from the point of their creation to the point of their receipt. Such procedures and controls shall include those identified in 11.10, as appropriate, and additional measures such as document encryption and use of appropriate digital signature standards to ensure, as necessary under the circumstances, record authenticity, integrity, and confidentiality.;11.30 Controls for open systems;;;aws;;PASS;S3 Bucket vaultcloud-logs-prod-2024 has Server Side Encryption with AES256.;arn:aws:s3:::vaultcloud-logs-prod-2024;s3_bucket_default_encryption;False;vaultcloud-logs-prod-2024;GxP-21-CFR-Part-11;GxP (Good Practices) 21 CFR Part 11;
aws;GxP refers to the regulations and guidelines that are applicable to life sciences organizations that make food and medical products. Medical products that fall under this include medicines, medical devices, and medical software applications. The overall intent of GxP requirements is to ensure that food and medical products are safe for consumers. It's also to ensure the integrity of data that's used to make product-related safety decisions.;858573892697;us-east-1;2026-09-13 22:26:32.575478;11.10-c;Persons who use closed systems to create, modify, maintain, or transmit electronic records shall employ procedures and controls designed to ensure the authenticity, integrity, and, when appropriate, the confidentiality of electronic records, and to ensure that the signer cannot readily repudiate the signed record as not genuine. Such procedures and controls shall include the following: (c) Protection of records to enable their accurate and ready retrieval throughout the records retention period.;11.10 Controls for closed systems;;;aws;;PASS;S3 Bucket vaultcloud-uploads-prod-2024 has Server Side Encryption with AES256.;arn:aws:s3:::vaultcloud-uploads-prod-2024;s3_bucket_default_encryption;False;vaultcloud-uploads-prod-2024;GxP-21-CFR-Part-11;GxP (Good Practices) 21 CFR Part 11;
aws;GxP refers to the regulations and guidelines that are applicable to life sciences organizations that make food and medical products. Medical products that fall under this include medicines, medical devices, and medical software applications. The overall intent of GxP requirements is to ensure that food and medical products are safe for consumers. It's also to ensure the integrity of data that's used to make product-related safety decisions.;858573892697;us-east-1;2026-09-13 22:26:32.575478;11.30;Persons who use open systems to create, modify, maintain, or transmit electronic records shall employ procedures and controls designed to ensure the authenticity, integrity, and, as appropriate, the confidentiality of electronic records from the point of their creation to the point of their receipt. Such procedures and controls shall include those identified in 11.10, as appropriate, and additional measures such as document encryption and use of appropriate digital signature standards to ensure, as necessary under the circumstances, record authenticity, integrity, and confidentiality.;11.30 Controls for open systems;;;aws;;PASS;S3 Bucket vaultcloud-uploads-prod-2024 has Server Side Encryption with AES256.;arn:aws:s3:::vaultcloud-uploads-prod-2024;s3_bucket_default_encryption;False;vaultcloud-uploads-prod-2024;GxP-21-CFR-Part-11;GxP (Good Practices) 21 CFR Part 11;
aws;GxP refers to the regulations and guidelines that are applicable to life sciences organizations that make food and medical products. Medical products that fall under this include medicines, medical devices, and medical software applications. The overall intent of GxP requirements is to ensure that food and medical products are safe for consumers. It's also to ensure the integrity of data that's used to make product-related safety decisions.;858573892697;us-east-1;2026-09-13 22:26:32.575478;11.10-a;Persons who use closed systems to create, modify, maintain, or transmit electronic records shall employ procedures and controls designed to ensure the authenticity, integrity, and, when appropriate, the confidentiality of electronic records, and to ensure that the signer cannot readily repudiate the signed record as not genuine. Such procedures and controls shall include the following: (a) Validation of systems to ensure accuracy, reliability, consistent intended performance, and the ability to discern invalid or altered records.;11.10 Controls for closed systems;;;aws;;PASS;S3 Bucket nextwork-website-project-eddieqx has versioning enabled.;arn:aws:s3:::nextwork-website-project-eddieqx;s3_bucket_object_versioning;False;nextwork-website-project-eddieqx;GxP-21-CFR-Part-11;GxP (Good Practices) 21 CFR Part 11;
aws;GxP refers to the regulations and guidelines that are applicable to life sciences organizations that make food and medical products. Medical products that fall under this include medicines, medical devices, and medical software applications. The overall intent of GxP requirements is to ensure that food and medical products are safe for consumers. It's also to ensure the integrity of data that's used to make product-related safety decisions.;858573892697;us-east-1;2026-09-13 22:26:32.575478;11.10-c;Persons who use closed systems to create, modify, maintain, or transmit electronic records shall employ procedures and controls designed to ensure the authenticity, integrity, and, when appropriate, the confidentiality of electronic records, and to ensure that the signer cannot readily repudiate the signed record as not genuine. Such procedures and controls shall include the following: (c) Protection of records to enable their accurate and ready retrieval throughout the records retention period.;11.10 Controls for closed systems;;;aws;;PASS;S3 Bucket nextwork-website-project-eddieqx has versioning enabled.;arn:aws:s3:::nextwork-website-project-eddieqx;s3_bucket_object_versioning;False;nextwork-website-project-eddieqx;GxP-21-CFR-Part-11;GxP (Good Practices) 21 CFR Part 11;
aws;GxP refers to the regulations and guidelines that are applicable to life sciences organizations that make food and medical products. Medical products that fall under this include medicines, medical devices, and medical software applications. The overall intent of GxP requirements is to ensure that food and medical products are safe for consumers. It's also to ensure the integrity of data that's used to make product-related safety decisions.;858573892697;us-east-1;2026-09-13 22:26:32.575478;11.10-a;Persons who use closed systems to create, modify, maintain, or transmit electronic records shall employ procedures and controls designed to ensure the authenticity, integrity, and, when appropriate, the confidentiality of electronic records, and to ensure that the signer cannot readily repudiate the signed record as not genuine. Such procedures and controls shall include the following: (a) Validation of systems to ensure accuracy, reliability, consistent intended performance, and the ability to discern invalid or altered records.;11.10 Controls for closed systems;;;aws;;FAIL;S3 Bucket vaultcloud-logs-prod-2024 has versioning disabled.;arn:aws:s3:::vaultcloud-logs-prod-2024;s3_bucket_object_versioning;False;vaultcloud-logs-prod-2024;GxP-21-CFR-Part-11;GxP (Good Practices) 21 CFR Part 11;
aws;GxP refers to the regulations and guidelines that are applicable to life sciences organizations that make food and medical products. Medical products that fall under this include medicines, medical devices, and medical software applications. The overall intent of GxP requirements is to ensure that food and medical products are safe for consumers. It's also to ensure the integrity of data that's used to make product-related safety decisions.;858573892697;us-east-1;2026-09-13 22:26:32.575478;11.10-c;Persons who use closed systems to create, modify, maintain, or transmit electronic records shall employ procedures and controls designed to ensure the authenticity, integrity, and, when appropriate, the confidentiality of electronic records, and to ensure that the signer cannot readily repudiate the signed record as not genuine. Such procedures and controls shall include the following: (c) Protection of records to enable their accurate and ready retrieval throughout the records retention period.;11.10 Controls for closed systems;;;aws;;FAIL;S3 Bucket vaultcloud-logs-prod-2024 has versioning disabled.;arn:aws:s3:::vaultcloud-logs-prod-2024;s3_bucket_object_versioning;False;vaultcloud-logs-prod-2024;GxP-21-CFR-Part-11;GxP (Good Practices) 21 CFR Part 11;
aws;GxP refers to the regulations and guidelines that are applicable to life sciences organizations that make food and medical products. Medical products that fall under this include medicines, medical devices, and medical software applications. The overall intent of GxP requirements is to ensure that food and medical products are safe for consumers. It's also to ensure the integrity of data that's used to make product-related safety decisions.;858573892697;us-east-1;2026-09-13 22:26:32.575478;11.10-a;Persons who use closed systems to create, modify, maintain, or transmit electronic records shall employ procedures and controls designed to ensure the authenticity, integrity, and, when appropriate, the confidentiality of electronic records, and to ensure that the signer cannot readily repudiate the signed record as not genuine. Such procedures and controls shall include the following: (a) Validation of systems to ensure accuracy, reliability, consistent intended performance, and the ability to discern invalid or altered records.;11.10 Controls for closed systems;;;aws;;FAIL;S3 Bucket vaultcloud-uploads-prod-2024 has versioning disabled.;arn:aws:s3:::vaultcloud-uploads-prod-2024;s3_bucket_object_versioning;False;vaultcloud-uploads-prod-2024;GxP-21-CFR-Part-11;GxP (Good Practices) 21 CFR Part 11;
aws;GxP refers to the regulations and guidelines that are applicable to life sciences organizations that make food and medical products. Medical products that fall under this include medicines, medical devices, and medical software applications. The overall intent of GxP requirements is to ensure that food and medical products are safe for consumers. It's also to ensure the integrity of data that's used to make product-related safety decisions.;858573892697;us-east-1;2026-09-13 22:26:32.575478;11.10-c;Persons who use closed systems to create, modify, maintain, or transmit electronic records shall employ procedures and controls designed to ensure the authenticity, integrity, and, when appropriate, the confidentiality of electronic records, and to ensure that the signer cannot readily repudiate the signed record as not genuine. Such procedures and controls shall include the following: (c) Protection of records to enable their accurate and ready retrieval throughout the records retention period.;11.10 Controls for closed systems;;;aws;;FAIL;S3 Bucket vaultcloud-uploads-prod-2024 has versioning disabled.;arn:aws:s3:::vaultcloud-uploads-prod-2024;s3_bucket_object_versioning;False;vaultcloud-uploads-prod-2024;GxP-21-CFR-Part-11;GxP (Good Practices) 21 CFR Part 11;
aws;GxP refers to the regulations and guidelines that are applicable to life sciences organizations that make food and medical products. Medical products that fall under this include medicines, medical devices, and medical software applications. The overall intent of GxP requirements is to ensure that food and medical products are safe for consumers. It's also to ensure the integrity of data that's used to make product-related safety decisions.;858573892697;us-east-1;2026-09-13 22:26:32.575478;11.10-c;Persons who use closed systems to create, modify, maintain, or transmit electronic records shall employ procedures and controls designed to ensure the authenticity, integrity, and, when appropriate, the confidentiality of electronic records, and to ensure that the signer cannot readily repudiate the signed record as not genuine. Such procedures and controls shall include the following: (c) Protection of records to enable their accurate and ready retrieval throughout the records retention period.;11.10 Controls for closed systems;;;aws;;PASS;S3 Bucket nextwork-website-project-eddieqx does not have a bucket policy.;arn:aws:s3:::nextwork-website-project-eddieqx;s3_bucket_policy_public_write_access;False;nextwork-website-project-eddieqx;GxP-21-CFR-Part-11;GxP (Good Practices) 21 CFR Part 11;
aws;GxP refers to the regulations and guidelines that are applicable to life sciences organizations that make food and medical products. Medical products that fall under this include medicines, medical devices, and medical software applications. The overall intent of GxP requirements is to ensure that food and medical products are safe for consumers. It's also to ensure the integrity of data that's used to make product-related safety decisions.;858573892697;us-east-1;2026-09-13 22:26:32.575478;11.10-d;Persons who use closed systems to create, modify, maintain, or transmit electronic records shall employ procedures and controls designed to ensure the authenticity, integrity, and, when appropriate, the confidentiality of electronic records, and to ensure that the signer cannot readily repudiate the signed record as not genuine. Such procedures and controls shall include the following: (d) Limiting system access to authorized individuals.;11.10 Controls for closed systems;;;aws;;PASS;S3 Bucket nextwork-website-project-eddieqx does not have a bucket policy.;arn:aws:s3:::nextwork-website-project-eddieqx;s3_bucket_policy_public_write_access;False;nextwork-website-project-eddieqx;GxP-21-CFR-Part-11;GxP (Good Practices) 21 CFR Part 11;
aws;GxP refers to the regulations and guidelines that are applicable to life sciences organizations that make food and medical products. Medical products that fall under this include medicines, medical devices, and medical software applications. The overall intent of GxP requirements is to ensure that food and medical products are safe for consumers. It's also to ensure the integrity of data that's used to make product-related safety decisions.;858573892697;us-east-1;2026-09-13 22:26:32.575478;11.10-g;Persons who use closed systems to create, modify, maintain, or transmit electronic records shall employ procedures and controls designed to ensure the authenticity, integrity, and, when appropriate, the confidentiality of electronic records, and to ensure that the signer cannot readily repudiate the signed record as not genuine. Such procedures and controls shall include the following: (g) Use of authority checks to ensure that only authorized individuals can use the system, electronically sign a record, access the operation or computer system input or output device, alter a record, or perform the operation at hand.;11.10 Controls for closed systems;;;aws;;PASS;S3 Bucket nextwork-website-project-eddieqx does not have a bucket policy.;arn:aws:s3:::nextwork-website-project-eddieqx;s3_bucket_policy_public_write_access;False;nextwork-website-project-eddieqx;GxP-21-CFR-Part-11;GxP (Good Practices) 21 CFR Part 11;
aws;GxP refers to the regulations and guidelines that are applicable to life sciences organizations that make food and medical products. Medical products that fall under this include medicines, medical devices, and medical software applications. The overall intent of GxP requirements is to ensure that food and medical products are safe for consumers. It's also to ensure the integrity of data that's used to make product-related safety decisions.;858573892697;us-east-1;2026-09-13 22:26:32.575478;11.10-k;Persons who use closed systems to create, modify, maintain, or transmit electronic records shall employ procedures and controls designed to ensure the authenticity, integrity, and, when appropriate, the confidentiality of electronic records, and to ensure that the signer cannot readily repudiate the signed record as not genuine. Such procedures and controls shall include the following: (k) Use of appropriate controls over systems documentation including: (1) Adequate controls over the distribution of, access to, and use of documentation for system operation and maintenance. (2) Revision and change control procedures to maintain an audit trail that documents time-sequenced development and modification of systems documentation.;11.10 Controls for closed systems;;;aws;;PASS;S3 Bucket nextwork-website-project-eddieqx does not have a bucket policy.;arn:aws:s3:::nextwork-website-project-eddieqx;s3_bucket_policy_public_write_access;False;nextwork-website-project-eddieqx;GxP-21-CFR-Part-11;GxP (Good Practices) 21 CFR Part 11;
aws;GxP refers to the regulations and guidelines that are applicable to life sciences organizations that make food and medical products. Medical products that fall under this include medicines, medical devices, and medical software applications. The overall intent of GxP requirements is to ensure that food and medical products are safe for consumers. It's also to ensure the integrity of data that's used to make product-related safety decisions.;858573892697;us-east-1;2026-09-13 22:26:32.575478;11.10-c;Persons who use closed systems to create, modify, maintain, or transmit electronic records shall employ procedures and controls designed to ensure the authenticity, integrity, and, when appropriate, the confidentiality of electronic records, and to ensure that the signer cannot readily repudiate the signed record as not genuine. Such procedures and controls shall include the following: (c) Protection of records to enable their accurate and ready retrieval throughout the records retention period.;11.10 Controls for closed systems;;;aws;;PASS;S3 Bucket vaultcloud-logs-prod-2024 does not have a bucket policy.;arn:aws:s3:::vaultcloud-logs-prod-2024;s3_bucket_policy_public_write_access;False;vaultcloud-logs-prod-2024;GxP-21-CFR-Part-11;GxP (Good Practices) 21 CFR Part 11;
aws;GxP refers to the regulations and guidelines that are applicable to life sciences organizations that make food and medical products. Medical products that fall under this include medicines, medical devices, and medical software applications. The overall intent of GxP requirements is to ensure that food and medical products are safe for consumers. It's also to ensure the integrity of data that's used to make product-related safety decisions.;858573892697;us-east-1;2026-09-13 22:26:32.575478;11.10-d;Persons who use closed systems to create, modify, maintain, or transmit electronic records shall employ procedures and controls designed to ensure the authenticity, integrity, and, when appropriate, the confidentiality of electronic records, and to ensure that the signer cannot readily repudiate the signed record as not genuine. Such procedures and controls shall include the following: (d) Limiting system access to authorized individuals.;11.10 Controls for closed systems;;;aws;;PASS;S3 Bucket vaultcloud-logs-prod-2024 does not have a bucket policy.;arn:aws:s3:::vaultcloud-logs-prod-2024;s3_bucket_policy_public_write_access;False;vaultcloud-logs-prod-2024;GxP-21-CFR-Part-11;GxP (Good Practices) 21 CFR Part 11;
aws;GxP refers to the regulations and guidelines that are applicable to life sciences organizations that make food and medical products. Medical products that fall under this include medicines, medical devices, and medical software applications. The overall intent of GxP requirements is to ensure that food and medical products are safe for consumers. It's also to ensure the integrity of data that's used to make product-related safety decisions.;858573892697;us-east-1;2026-09-13 22:26:32.575478;11.10-g;Persons who use closed systems to create, modify, maintain, or transmit electronic records shall employ procedures and controls designed to ensure the authenticity, integrity, and, when appropriate, the confidentiality of electronic records, and to ensure that the signer cannot readily repudiate the signed record as not genuine. Such procedures and controls shall include the following: (g) Use of authority checks to ensure that only authorized individuals can use the system, electronically sign a record, access the operation or computer system input or output device, alter a record, or perform the operation at hand.;11.10 Controls for closed systems;;;aws;;PASS;S3 Bucket vaultcloud-logs-prod-2024 does not have a bucket policy.;arn:aws:s3:::vaultcloud-logs-prod-2024;s3_bucket_policy_public_write_access;False;vaultcloud-logs-prod-2024;GxP-21-CFR-Part-11;GxP (Good Practices) 21 CFR Part 11;
aws;GxP refers to the regulations and guidelines that are applicable to life sciences organizations that make food and medical products. Medical products that fall under this include medicines, medical devices, and medical software applications. The overall intent of GxP requirements is to ensure that food and medical products are safe for consumers. It's also to ensure the integrity of data that's used to make product-related safety decisions.;858573892697;us-east-1;2026-09-13 22:26:32.575478;11.10-k;Persons who use closed systems to create, modify, maintain, or transmit electronic records shall employ procedures and controls designed to ensure the authenticity, integrity, and, when appropriate, the confidentiality of electronic records, and to ensure that the signer cannot readily repudiate the signed record as not genuine. Such procedures and controls shall include the following: (k) Use of appropriate controls over systems documentation including: (1) Adequate controls over the distribution of, access to, and use of documentation for system operation and maintenance. (2) Revision and change control procedures to maintain an audit trail that documents time-sequenced development and modification of systems documentation.;11.10 Controls for closed systems;;;aws;;PASS;S3 Bucket vaultcloud-logs-prod-2024 does not have a bucket policy.;arn:aws:s3:::vaultcloud-logs-prod-2024;s3_bucket_policy_public_write_access;False;vaultcloud-logs-prod-2024;GxP-21-CFR-Part-11;GxP (Good Practices) 21 CFR Part 11;
aws;GxP refers to the regulations and guidelines that are applicable to life sciences organizations that make food and medical products. Medical products that fall under this include medicines, medical devices, and medical software applications. The overall intent of GxP requirements is to ensure that food and medical products are safe for consumers. It's also to ensure the integrity of data that's used to make product-related safety decisions.;858573892697;us-east-1;2026-09-13 22:26:32.575478;11.10-c;Persons who use closed systems to create, modify, maintain, or transmit electronic records shall employ procedures and controls designed to ensure the authenticity, integrity, and, when appropriate, the confidentiality of electronic records, and to ensure that the signer cannot readily repudiate the signed record as not genuine. Such procedures and controls shall include the following: (c) Protection of records to enable their accurate and ready retrieval throughout the records retention period.;11.10 Controls for closed systems;;;aws;;PASS;S3 Bucket vaultcloud-uploads-prod-2024 does not have a bucket policy.;arn:aws:s3:::vaultcloud-uploads-prod-2024;s3_bucket_policy_public_write_access;False;vaultcloud-uploads-prod-2024;GxP-21-CFR-Part-11;GxP (Good Practices) 21 CFR Part 11;
aws;GxP refers to the regulations and guidelines that are applicable to life sciences organizations that make food and medical products. Medical products that fall under this include medicines, medical devices, and medical software applications. The overall intent of GxP requirements is to ensure that food and medical products are safe for consumers. It's also to ensure the integrity of data that's used to make product-related safety decisions.;858573892697;us-east-1;2026-09-13 22:26:32.575478;11.10-d;Persons who use closed systems to create, modify, maintain, or transmit electronic records shall employ procedures and controls designed to ensure the authenticity, integrity, and, when appropriate, the confidentiality of electronic records, and to ensure that the signer cannot readily repudiate the signed record as not genuine. Such procedures and controls shall include the following: (d) Limiting system access to authorized individuals.;11.10 Controls for closed systems;;;aws;;PASS;S3 Bucket vaultcloud-uploads-prod-2024 does not have a bucket policy.;arn:aws:s3:::vaultcloud-uploads-prod-2024;s3_bucket_policy_public_write_access;False;vaultcloud-uploads-prod-2024;GxP-21-CFR-Part-11;GxP (Good Practices) 21 CFR Part 11;
aws;GxP refers to the regulations and guidelines that are applicable to life sciences organizations that make food and medical products. Medical products that fall under this include medicines, medical devices, and medical software applications. The overall intent of GxP requirements is to ensure that food and medical products are safe for consumers. It's also to ensure the integrity of data that's used to make product-related safety decisions.;858573892697;us-east-1;2026-09-13 22:26:32.575478;11.10-g;Persons who use closed systems to create, modify, maintain, or transmit electronic records shall employ procedures and controls designed to ensure the authenticity, integrity, and, when appropriate, the confidentiality of electronic records, and to ensure that the signer cannot readily repudiate the signed record as not genuine. Such procedures and controls shall include the following: (g) Use of authority checks to ensure that only authorized individuals can use the system, electronically sign a record, access the operation or computer system input or output device, alter a record, or perform the operation at hand.;11.10 Controls for closed systems;;;aws;;PASS;S3 Bucket vaultcloud-uploads-prod-2024 does not have a bucket policy.;arn:aws:s3:::vaultcloud-uploads-prod-2024;s3_bucket_policy_public_write_access;False;vaultcloud-uploads-prod-2024;GxP-21-CFR-Part-11;GxP (Good Practices) 21 CFR Part 11;
aws;GxP refers to the regulations and guidelines that are applicable to life sciences organizations that make food and medical products. Medical products that fall under this include medicines, medical devices, and medical software applications. The overall intent of GxP requirements is to ensure that food and medical products are safe for consumers. It's also to ensure the integrity of data that's used to make product-related safety decisions.;858573892697;us-east-1;2026-09-13 22:26:32.575478;11.10-k;Persons who use closed systems to create, modify, maintain, or transmit electronic records shall employ procedures and controls designed to ensure the authenticity, integrity, and, when appropriate, the confidentiality of electronic records, and to ensure that the signer cannot readily repudiate the signed record as not genuine. Such procedures and controls shall include the following: (k) Use of appropriate controls over systems documentation including: (1) Adequate controls over the distribution of, access to, and use of documentation for system operation and maintenance. (2) Revision and change control procedures to maintain an audit trail that documents time-sequenced development and modification of systems documentation.;11.10 Controls for closed systems;;;aws;;PASS;S3 Bucket vaultcloud-uploads-prod-2024 does not have a bucket policy.;arn:aws:s3:::vaultcloud-uploads-prod-2024;s3_bucket_policy_public_write_access;False;vaultcloud-uploads-prod-2024;GxP-21-CFR-Part-11;GxP (Good Practices) 21 CFR Part 11;
aws;GxP refers to the regulations and guidelines that are applicable to life sciences organizations that make food and medical products. Medical products that fall under this include medicines, medical devices, and medical software applications. The overall intent of GxP requirements is to ensure that food and medical products are safe for consumers. It's also to ensure the integrity of data that's used to make product-related safety decisions.;858573892697;us-east-1;2026-09-13 22:26:32.575478;11.10-c;Persons who use closed systems to create, modify, maintain, or transmit electronic records shall employ procedures and controls designed to ensure the authenticity, integrity, and, when appropriate, the confidentiality of electronic records, and to ensure that the signer cannot readily repudiate the signed record as not genuine. Such procedures and controls shall include the following: (c) Protection of records to enable their accurate and ready retrieval throughout the records retention period.;11.10 Controls for closed systems;;;aws;;PASS;S3 Bucket nextwork-website-project-eddieqx is not public.;arn:aws:s3:::nextwork-website-project-eddieqx;s3_bucket_public_access;False;nextwork-website-project-eddieqx;GxP-21-CFR-Part-11;GxP (Good Practices) 21 CFR Part 11;
aws;GxP refers to the regulations and guidelines that are applicable to life sciences organizations that make food and medical products. Medical products that fall under this include medicines, medical devices, and medical software applications. The overall intent of GxP requirements is to ensure that food and medical products are safe for consumers. It's also to ensure the integrity of data that's used to make product-related safety decisions.;858573892697;us-east-1;2026-09-13 22:26:32.575478;11.10-d;Persons who use closed systems to create, modify, maintain, or transmit electronic records shall employ procedures and controls designed to ensure the authenticity, integrity, and, when appropriate, the confidentiality of electronic records, and to ensure that the signer cannot readily repudiate the signed record as not genuine. Such procedures and controls shall include the following: (d) Limiting system access to authorized individuals.;11.10 Controls for closed systems;;;aws;;PASS;S3 Bucket nextwork-website-project-eddieqx is not public.;arn:aws:s3:::nextwork-website-project-eddieqx;s3_bucket_public_access;False;nextwork-website-project-eddieqx;GxP-21-CFR-Part-11;GxP (Good Practices) 21 CFR Part 11;
aws;GxP refers to the regulations and guidelines that are applicable to life sciences organizations that make food and medical products. Medical products that fall under this include medicines, medical devices, and medical software applications. The overall intent of GxP requirements is to ensure that food and medical products are safe for consumers. It's also to ensure the integrity of data that's used to make product-related safety decisions.;858573892697;us-east-1;2026-09-13 22:26:32.575478;11.10-g;Persons who use closed systems to create, modify, maintain, or transmit electronic records shall employ procedures and controls designed to ensure the authenticity, integrity, and, when appropriate, the confidentiality of electronic records, and to ensure that the signer cannot readily repudiate the signed record as not genuine. Such procedures and controls shall include the following: (g) Use of authority checks to ensure that only authorized individuals can use the system, electronically sign a record, access the operation or computer system input or output device, alter a record, or perform the operation at hand.;11.10 Controls for closed systems;;;aws;;PASS;S3 Bucket nextwork-website-project-eddieqx is not public.;arn:aws:s3:::nextwork-website-project-eddieqx;s3_bucket_public_access;False;nextwork-website-project-eddieqx;GxP-21-CFR-Part-11;GxP (Good Practices) 21 CFR Part 11;
aws;GxP refers to the regulations and guidelines that are applicable to life sciences organizations that make food and medical products. Medical products that fall under this include medicines, medical devices, and medical software applications. The overall intent of GxP requirements is to ensure that food and medical products are safe for consumers. It's also to ensure the integrity of data that's used to make product-related safety decisions.;858573892697;us-east-1;2026-09-13 22:26:32.575478;11.10-k;Persons who use closed systems to create, modify, maintain, or transmit electronic records shall employ procedures and controls designed to ensure the authenticity, integrity, and, when appropriate, the confidentiality of electronic records, and to ensure that the signer cannot readily repudiate the signed record as not genuine. Such procedures and controls shall include the following: (k) Use of appropriate controls over systems documentation including: (1) Adequate controls over the distribution of, access to, and use of documentation for system operation and maintenance. (2) Revision and change control procedures to maintain an audit trail that documents time-sequenced development and modification of systems documentation.;11.10 Controls for closed systems;;;aws;;PASS;S3 Bucket nextwork-website-project-eddieqx is not public.;arn:aws:s3:::nextwork-website-project-eddieqx;s3_bucket_public_access;False;nextwork-website-project-eddieqx;GxP-21-CFR-Part-11;GxP (Good Practices) 21 CFR Part 11;
aws;GxP refers to the regulations and guidelines that are applicable to life sciences organizations that make food and medical products. Medical products that fall under this include medicines, medical devices, and medical software applications. The overall intent of GxP requirements is to ensure that food and medical products are safe for consumers. It's also to ensure the integrity of data that's used to make product-related safety decisions.;858573892697;us-east-1;2026-09-13 22:26:32.575478;11.10-c;Persons who use closed systems to create, modify, maintain, or transmit electronic records shall employ procedures and controls designed to ensure the authenticity, integrity, and, when appropriate, the confidentiality of electronic records, and to ensure that the signer cannot readily repudiate the signed record as not genuine. Such procedures and controls shall include the following: (c) Protection of records to enable their accurate and ready retrieval throughout the records retention period.;11.10 Controls for closed systems;;;aws;;PASS;S3 Bucket vaultcloud-logs-prod-2024 is not public.;arn:aws:s3:::vaultcloud-logs-prod-2024;s3_bucket_public_access;False;vaultcloud-logs-prod-2024;GxP-21-CFR-Part-11;GxP (Good Practices) 21 CFR Part 11;
aws;GxP refers to the regulations and guidelines that are applicable to life sciences organizations that make food and medical products. Medical products that fall under this include medicines, medical devices, and medical software applications. The overall intent of GxP requirements is to ensure that food and medical products are safe for consumers. It's also to ensure the integrity of data that's used to make product-related safety decisions.;858573892697;us-east-1;2026-09-13 22:26:32.575478;11.10-d;Persons who use closed systems to create, modify, maintain, or transmit electronic records shall employ procedures and controls designed to ensure the authenticity, integrity, and, when appropriate, the confidentiality of electronic records, and to ensure that the signer cannot readily repudiate the signed record as not genuine. Such procedures and controls shall include the following: (d) Limiting system access to authorized individuals.;11.10 Controls for closed systems;;;aws;;PASS;S3 Bucket vaultcloud-logs-prod-2024 is not public.;arn:aws:s3:::vaultcloud-logs-prod-2024;s3_bucket_public_access;False;vaultcloud-logs-prod-2024;GxP-21-CFR-Part-11;GxP (Good Practices) 21 CFR Part 11;
aws;GxP refers to the regulations and guidelines that are applicable to life sciences organizations that make food and medical products. Medical products that fall under this include medicines, medical devices, and medical software applications. The overall intent of GxP requirements is to ensure that food and medical products are safe for consumers. It's also to ensure the integrity of data that's used to make product-related safety decisions.;858573892697;us-east-1;2026-09-13 22:26:32.575478;11.10-g;Persons who use closed systems to create, modify, maintain, or transmit electronic records shall employ procedures and controls designed to ensure the authenticity, integrity, and, when appropriate, the confidentiality of electronic records, and to ensure that the signer cannot readily repudiate the signed record as not genuine. Such procedures and controls shall include the following: (g) Use of authority checks to ensure that only authorized individuals can use the system, electronically sign a record, access the operation or computer system input or output device, alter a record, or perform the operation at hand.;11.10 Controls for closed systems;;;aws;;PASS;S3 Bucket vaultcloud-logs-prod-2024 is not public.;arn:aws:s3:::vaultcloud-logs-prod-2024;s3_bucket_public_access;False;vaultcloud-logs-prod-2024;GxP-21-CFR-Part-11;GxP (Good Practices) 21 CFR Part 11;
aws;GxP refers to the regulations and guidelines that are applicable to life sciences organizations that make food and medical products. Medical products that fall under this include medicines, medical devices, and medical software applications. The overall intent of GxP requirements is to ensure that food and medical products are safe for consumers. It's also to ensure the integrity of data that's used to make product-related safety decisions.;858573892697;us-east-1;2026-09-13 22:26:32.575478;11.10-k;Persons who use closed systems to create, modify, maintain, or transmit electronic records shall employ procedures and controls designed to ensure the authenticity, integrity, and, when appropriate, the confidentiality of electronic records, and to ensure that the signer cannot readily repudiate the signed record as not genuine. Such procedures and controls shall include the following: (k) Use of appropriate controls over systems documentation including: (1) Adequate controls over the distribution of, access to, and use of documentation for system operation and maintenance. (2) Revision and change control procedures to maintain an audit trail that documents time-sequenced development and modification of systems documentation.;11.10 Controls for closed systems;;;aws;;PASS;S3 Bucket vaultcloud-logs-prod-2024 is not public.;arn:aws:s3:::vaultcloud-logs-prod-2024;s3_bucket_public_access;False;vaultcloud-logs-prod-2024;GxP-21-CFR-Part-11;GxP (Good Practices) 21 CFR Part 11;
aws;GxP refers to the regulations and guidelines that are applicable to life sciences organizations that make food and medical products. Medical products that fall under this include medicines, medical devices, and medical software applications. The overall intent of GxP requirements is to ensure that food and medical products are safe for consumers. It's also to ensure the integrity of data that's used to make product-related safety decisions.;858573892697;us-east-1;2026-09-13 22:26:32.575478;11.10-c;Persons who use closed systems to create, modify, maintain, or transmit electronic records shall employ procedures and controls designed to ensure the authenticity, integrity, and, when appropriate, the confidentiality of electronic records, and to ensure that the signer cannot readily repudiate the signed record as not genuine. Such procedures and controls shall include the following: (c) Protection of records to enable their accurate and ready retrieval throughout the records retention period.;11.10 Controls for closed systems;;;aws;;PASS;S3 Bucket vaultcloud-uploads-prod-2024 is not public.;arn:aws:s3:::vaultcloud-uploads-prod-2024;s3_bucket_public_access;False;vaultcloud-uploads-prod-2024;GxP-21-CFR-Part-11;GxP (Good Practices) 21 CFR Part 11;
aws;GxP refers to the regulations and guidelines that are applicable to life sciences organizations that make food and medical products. Medical products that fall under this include medicines, medical devices, and medical software applications. The overall intent of GxP requirements is to ensure that food and medical products are safe for consumers. It's also to ensure the integrity of data that's used to make product-related safety decisions.;858573892697;us-east-1;2026-09-13 22:26:32.575478;11.10-d;Persons who use closed systems to create, modify, maintain, or transmit electronic records shall employ procedures and controls designed to ensure the authenticity, integrity, and, when appropriate, the confidentiality of electronic records, and to ensure that the signer cannot readily repudiate the signed record as not genuine. Such procedures and controls shall include the following: (d) Limiting system access to authorized individuals.;11.10 Controls for closed systems;;;aws;;PASS;S3 Bucket vaultcloud-uploads-prod-2024 is not public.;arn:aws:s3:::vaultcloud-uploads-prod-2024;s3_bucket_public_access;False;vaultcloud-uploads-prod-2024;GxP-21-CFR-Part-11;GxP (Good Practices) 21 CFR Part 11;
aws;GxP refers to the regulations and guidelines that are applicable to life sciences organizations that make food and medical products. Medical products that fall under this include medicines, medical devices, and medical software applications. The overall intent of GxP requirements is to ensure that food and medical products are safe for consumers. It's also to ensure the integrity of data that's used to make product-related safety decisions.;858573892697;us-east-1;2026-09-13 22:26:32.575478;11.10-g;Persons who use closed systems to create, modify, maintain, or transmit electronic records shall employ procedures and controls designed to ensure the authenticity, integrity, and, when appropriate, the confidentiality of electronic records, and to ensure that the signer cannot readily repudiate the signed record as not genuine. Such procedures and controls shall include the following: (g) Use of authority checks to ensure that only authorized individuals can use the system, electronically sign a record, access the operation or computer system input or output device, alter a record, or perform the operation at hand.;11.10 Controls for closed systems;;;aws;;PASS;S3 Bucket vaultcloud-uploads-prod-2024 is not public.;arn:aws:s3:::vaultcloud-uploads-prod-2024;s3_bucket_public_access;False;vaultcloud-uploads-prod-2024;GxP-21-CFR-Part-11;GxP (Good Practices) 21 CFR Part 11;
aws;GxP refers to the regulations and guidelines that are applicable to life sciences organizations that make food and medical products. Medical products that fall under this include medicines, medical devices, and medical software applications. The overall intent of GxP requirements is to ensure that food and medical products are safe for consumers. It's also to ensure the integrity of data that's used to make product-related safety decisions.;858573892697;us-east-1;2026-09-13 22:26:32.575478;11.10-k;Persons who use closed systems to create, modify, maintain, or transmit electronic records shall employ procedures and controls designed to ensure the authenticity, integrity, and, when appropriate, the confidentiality of electronic records, and to ensure that the signer cannot readily repudiate the signed record as not genuine. Such procedures and controls shall include the following: (k) Use of appropriate controls over systems documentation including: (1) Adequate controls over the distribution of, access to, and use of documentation for system operation and maintenance. (2) Revision and change control procedures to maintain an audit trail that documents time-sequenced development and modification of systems documentation.;11.10 Controls for closed systems;;;aws;;PASS;S3 Bucket vaultcloud-uploads-prod-2024 is not public.;arn:aws:s3:::vaultcloud-uploads-prod-2024;s3_bucket_public_access;False;vaultcloud-uploads-prod-2024;GxP-21-CFR-Part-11;GxP (Good Practices) 21 CFR Part 11;
aws;GxP refers to the regulations and guidelines that are applicable to life sciences organizations that make food and medical products. Medical products that fall under this include medicines, medical devices, and medical software applications. The overall intent of GxP requirements is to ensure that food and medical products are safe for consumers. It's also to ensure the integrity of data that's used to make product-related safety decisions.;858573892697;us-east-1;2026-09-13 22:26:32.575478;11.10-c;Persons who use closed systems to create, modify, maintain, or transmit electronic records shall employ procedures and controls designed to ensure the authenticity, integrity, and, when appropriate, the confidentiality of electronic records, and to ensure that the signer cannot readily repudiate the signed record as not genuine. Such procedures and controls shall include the following: (c) Protection of records to enable their accurate and ready retrieval throughout the records retention period.;11.10 Controls for closed systems;;;aws;;FAIL;S3 Bucket nextwork-website-project-eddieqx does not have a bucket policy, thus it allows HTTP requests.;arn:aws:s3:::nextwork-website-project-eddieqx;s3_bucket_secure_transport_policy;False;nextwork-website-project-eddieqx;GxP-21-CFR-Part-11;GxP (Good Practices) 21 CFR Part 11;
aws;GxP refers to the regulations and guidelines that are applicable to life sciences organizations that make food and medical products. Medical products that fall under this include medicines, medical devices, and medical software applications. The overall intent of GxP requirements is to ensure that food and medical products are safe for consumers. It's also to ensure the integrity of data that's used to make product-related safety decisions.;858573892697;us-east-1;2026-09-13 22:26:32.575478;11.30;Persons who use open systems to create, modify, maintain, or transmit electronic records shall employ procedures and controls designed to ensure the authenticity, integrity, and, as appropriate, the confidentiality of electronic records from the point of their creation to the point of their receipt. Such procedures and controls shall include those identified in 11.10, as appropriate, and additional measures such as document encryption and use of appropriate digital signature standards to ensure, as necessary under the circumstances, record authenticity, integrity, and confidentiality.;11.30 Controls for open systems;;;aws;;FAIL;S3 Bucket nextwork-website-project-eddieqx does not have a bucket policy, thus it allows HTTP requests.;arn:aws:s3:::nextwork-website-project-eddieqx;s3_bucket_secure_transport_policy;False;nextwork-website-project-eddieqx;GxP-21-CFR-Part-11;GxP (Good Practices) 21 CFR Part 11;
aws;GxP refers to the regulations and guidelines that are applicable to life sciences organizations that make food and medical products. Medical products that fall under this include medicines, medical devices, and medical software applications. The overall intent of GxP requirements is to ensure that food and medical products are safe for consumers. It's also to ensure the integrity of data that's used to make product-related safety decisions.;858573892697;us-east-1;2026-09-13 22:26:32.575478;11.10-c;Persons who use closed systems to create, modify, maintain, or transmit electronic records shall employ procedures and controls designed to ensure the authenticity, integrity, and, when appropriate, the confidentiality of electronic records, and to ensure that the signer cannot readily repudiate the signed record as not genuine. Such procedures and controls shall include the following: (c) Protection of records to enable their accurate and ready retrieval throughout the records retention period.;11.10 Controls for closed systems;;;aws;;FAIL;S3 Bucket vaultcloud-logs-prod-2024 does not have a bucket policy, thus it allows HTTP requests.;arn:aws:s3:::vaultcloud-logs-prod-2024;s3_bucket_secure_transport_policy;False;vaultcloud-logs-prod-2024;GxP-21-CFR-Part-11;GxP (Good Practices) 21 CFR Part 11;
aws;GxP refers to the regulations and guidelines that are applicable to life sciences organizations that make food and medical products. Medical products that fall under this include medicines, medical devices, and medical software applications. The overall intent of GxP requirements is to ensure that food and medical products are safe for consumers. It's also to ensure the integrity of data that's used to make product-related safety decisions.;858573892697;us-east-1;2026-09-13 22:26:32.575478;11.30;Persons who use open systems to create, modify, maintain, or transmit electronic records shall employ procedures and controls designed to ensure the authenticity, integrity, and, as appropriate, the confidentiality of electronic records from the point of their creation to the point of their receipt. Such procedures and controls shall include those identified in 11.10, as appropriate, and additional measures such as document encryption and use of appropriate digital signature standards to ensure, as necessary under the circumstances, record authenticity, integrity, and confidentiality.;11.30 Controls for open systems;;;aws;;FAIL;S3 Bucket vaultcloud-logs-prod-2024 does not have a bucket policy, thus it allows HTTP requests.;arn:aws:s3:::vaultcloud-logs-prod-2024;s3_bucket_secure_transport_policy;False;vaultcloud-logs-prod-2024;GxP-21-CFR-Part-11;GxP (Good Practices) 21 CFR Part 11;
aws;GxP refers to the regulations and guidelines that are applicable to life sciences organizations that make food and medical products. Medical products that fall under this include medicines, medical devices, and medical software applications. The overall intent of GxP requirements is to ensure that food and medical products are safe for consumers. It's also to ensure the integrity of data that's used to make product-related safety decisions.;858573892697;us-east-1;2026-09-13 22:26:32.575478;11.10-c;Persons who use closed systems to create, modify, maintain, or transmit electronic records shall employ procedures and controls designed to ensure the authenticity, integrity, and, when appropriate, the confidentiality of electronic records, and to ensure that the signer cannot readily repudiate the signed record as not genuine. Such procedures and controls shall include the following: (c) Protection of records to enable their accurate and ready retrieval throughout the records retention period.;11.10 Controls for closed systems;;;aws;;FAIL;S3 Bucket vaultcloud-uploads-prod-2024 does not have a bucket policy, thus it allows HTTP requests.;arn:aws:s3:::vaultcloud-uploads-prod-2024;s3_bucket_secure_transport_policy;False;vaultcloud-uploads-prod-2024;GxP-21-CFR-Part-11;GxP (Good Practices) 21 CFR Part 11;
aws;GxP refers to the regulations and guidelines that are applicable to life sciences organizations that make food and medical products. Medical products that fall under this include medicines, medical devices, and medical software applications. The overall intent of GxP requirements is to ensure that food and medical products are safe for consumers. It's also to ensure the integrity of data that's used to make product-related safety decisions.;858573892697;us-east-1;2026-09-13 22:26:32.575478;11.30;Persons who use open systems to create, modify, maintain, or transmit electronic records shall employ procedures and controls designed to ensure the authenticity, integrity, and, as appropriate, the confidentiality of electronic records from the point of their creation to the point of their receipt. Such procedures and controls shall include those identified in 11.10, as appropriate, and additional measures such as document encryption and use of appropriate digital signature standards to ensure, as necessary under the circumstances, record authenticity, integrity, and confidentiality.;11.30 Controls for open systems;;;aws;;FAIL;S3 Bucket vaultcloud-uploads-prod-2024 does not have a bucket policy, thus it allows HTTP requests.;arn:aws:s3:::vaultcloud-uploads-prod-2024;s3_bucket_secure_transport_policy;False;vaultcloud-uploads-prod-2024;GxP-21-CFR-Part-11;GxP (Good Practices) 21 CFR Part 11;
aws;GxP refers to the regulations and guidelines that are applicable to life sciences organizations that make food and medical products. Medical products that fall under this include medicines, medical devices, and medical software applications. The overall intent of GxP requirements is to ensure that food and medical products are safe for consumers. It's also to ensure the integrity of data that's used to make product-related safety decisions.;858573892697;us-east-1;2026-09-13 22:26:32.575478;11.10-e;Persons who use closed systems to create, modify, maintain, or transmit electronic records shall employ procedures and controls designed to ensure the authenticity, integrity, and, when appropriate, the confidentiality of electronic records, and to ensure that the signer cannot readily repudiate the signed record as not genuine. Such procedures and controls shall include the following: (e) Use of secure, computer-generated, time-stamped audit trails to independently record the date and time of operator entries and actions that create, modify, or delete electronic records. Record changes shall not obscure previously recorded information. Such audit trail documentation shall be retained for a period at least as long as that required for the subject electronic records and shall be available for agency review and copying.;11.10 Controls for closed systems;;;aws;;FAIL;S3 Bucket nextwork-website-project-eddieqx has server access logging disabled.;arn:aws:s3:::nextwork-website-project-eddieqx;s3_bucket_server_access_logging_enabled;False;nextwork-website-project-eddieqx;GxP-21-CFR-Part-11;GxP (Good Practices) 21 CFR Part 11;
aws;GxP refers to the regulations and guidelines that are applicable to life sciences organizations that make food and medical products. Medical products that fall under this include medicines, medical devices, and medical software applications. The overall intent of GxP requirements is to ensure that food and medical products are safe for consumers. It's also to ensure the integrity of data that's used to make product-related safety decisions.;858573892697;us-east-1;2026-09-13 22:26:32.575478;11.10-k;Persons who use closed systems to create, modify, maintain, or transmit electronic records shall employ procedures and controls designed to ensure the authenticity, integrity, and, when appropriate, the confidentiality of electronic records, and to ensure that the signer cannot readily repudiate the signed record as not genuine. Such procedures and controls shall include the following: (k) Use of appropriate controls over systems documentation including: (1) Adequate controls over the distribution of, access to, and use of documentation for system operation and maintenance. (2) Revision and change control procedures to maintain an audit trail that documents time-sequenced development and modification of systems documentation.;11.10 Controls for closed systems;;;aws;;FAIL;S3 Bucket nextwork-website-project-eddieqx has server access logging disabled.;arn:aws:s3:::nextwork-website-project-eddieqx;s3_bucket_server_access_logging_enabled;False;nextwork-website-project-eddieqx;GxP-21-CFR-Part-11;GxP (Good Practices) 21 CFR Part 11;
aws;GxP refers to the regulations and guidelines that are applicable to life sciences organizations that make food and medical products. Medical products that fall under this include medicines, medical devices, and medical software applications. The overall intent of GxP requirements is to ensure that food and medical products are safe for consumers. It's also to ensure the integrity of data that's used to make product-related safety decisions.;858573892697;us-east-1;2026-09-13 22:26:32.575478;11.10-e;Persons who use closed systems to create, modify, maintain, or transmit electronic records shall employ procedures and controls designed to ensure the authenticity, integrity, and, when appropriate, the confidentiality of electronic records, and to ensure that the signer cannot readily repudiate the signed record as not genuine. Such procedures and controls shall include the following: (e) Use of secure, computer-generated, time-stamped audit trails to independently record the date and time of operator entries and actions that create, modify, or delete electronic records. Record changes shall not obscure previously recorded information. Such audit trail documentation shall be retained for a period at least as long as that required for the subject electronic records and shall be available for agency review and copying.;11.10 Controls for closed systems;;;aws;;FAIL;S3 Bucket vaultcloud-logs-prod-2024 has server access logging disabled.;arn:aws:s3:::vaultcloud-logs-prod-2024;s3_bucket_server_access_logging_enabled;False;vaultcloud-logs-prod-2024;GxP-21-CFR-Part-11;GxP (Good Practices) 21 CFR Part 11;
aws;GxP refers to the regulations and guidelines that are applicable to life sciences organizations that make food and medical products. Medical products that fall under this include medicines, medical devices, and medical software applications. The overall intent of GxP requirements is to ensure that food and medical products are safe for consumers. It's also to ensure the integrity of data that's used to make product-related safety decisions.;858573892697;us-east-1;2026-09-13 22:26:32.575478;11.10-k;Persons who use closed systems to create, modify, maintain, or transmit electronic records shall employ procedures and controls designed to ensure the authenticity, integrity, and, when appropriate, the confidentiality of electronic records, and to ensure that the signer cannot readily repudiate the signed record as not genuine. Such procedures and controls shall include the following: (k) Use of appropriate controls over systems documentation including: (1) Adequate controls over the distribution of, access to, and use of documentation for system operation and maintenance. (2) Revision and change control procedures to maintain an audit trail that documents time-sequenced development and modification of systems documentation.;11.10 Controls for closed systems;;;aws;;FAIL;S3 Bucket vaultcloud-logs-prod-2024 has server access logging disabled.;arn:aws:s3:::vaultcloud-logs-prod-2024;s3_bucket_server_access_logging_enabled;False;vaultcloud-logs-prod-2024;GxP-21-CFR-Part-11;GxP (Good Practices) 21 CFR Part 11;
aws;GxP refers to the regulations and guidelines that are applicable to life sciences organizations that make food and medical products. Medical products that fall under this include medicines, medical devices, and medical software applications. The overall intent of GxP requirements is to ensure that food and medical products are safe for consumers. It's also to ensure the integrity of data that's used to make product-related safety decisions.;858573892697;us-east-1;2026-09-13 22:26:32.575478;11.10-e;Persons who use closed systems to create, modify, maintain, or transmit electronic records shall employ procedures and controls designed to ensure the authenticity, integrity, and, when appropriate, the confidentiality of electronic records, and to ensure that the signer cannot readily repudiate the signed record as not genuine. Such procedures and controls shall include the following: (e) Use of secure, computer-generated, time-stamped audit trails to independently record the date and time of operator entries and actions that create, modify, or delete electronic records. Record changes shall not obscure previously recorded information. Such audit trail documentation shall be retained for a period at least as long as that required for the subject electronic records and shall be available for agency review and copying.;11.10 Controls for closed systems;;;aws;;FAIL;S3 Bucket vaultcloud-uploads-prod-2024 has server access logging disabled.;arn:aws:s3:::vaultcloud-uploads-prod-2024;s3_bucket_server_access_logging_enabled;False;vaultcloud-uploads-prod-2024;GxP-21-CFR-Part-11;GxP (Good Practices) 21 CFR Part 11;
aws;GxP refers to the regulations and guidelines that are applicable to life sciences organizations that make food and medical products. Medical products that fall under this include medicines, medical devices, and medical software applications. The overall intent of GxP requirements is to ensure that food and medical products are safe for consumers. It's also to ensure the integrity of data that's used to make product-related safety decisions.;858573892697;us-east-1;2026-09-13 22:26:32.575478;11.10-k;Persons who use closed systems to create, modify, maintain, or transmit electronic records shall employ procedures and controls designed to ensure the authenticity, integrity, and, when appropriate, the confidentiality of electronic records, and to ensure that the signer cannot readily repudiate the signed record as not genuine. Such procedures and controls shall include the following: (k) Use of appropriate controls over systems documentation including: (1) Adequate controls over the distribution of, access to, and use of documentation for system operation and maintenance. (2) Revision and change control procedures to maintain an audit trail that documents time-sequenced development and modification of systems documentation.;11.10 Controls for closed systems;;;aws;;FAIL;S3 Bucket vaultcloud-uploads-prod-2024 has server access logging disabled.;arn:aws:s3:::vaultcloud-uploads-prod-2024;s3_bucket_server_access_logging_enabled;False;vaultcloud-uploads-prod-2024;GxP-21-CFR-Part-11;GxP (Good Practices) 21 CFR Part 11;
aws;GxP refers to the regulations and guidelines that are applicable to life sciences organizations that make food and medical products. Medical products that fall under this include medicines, medical devices, and medical software applications. The overall intent of GxP requirements is to ensure that food and medical products are safe for consumers. It's also to ensure the integrity of data that's used to make product-related safety decisions.;858573892697;us-east-1;2026-09-13 22:26:32.575478;11.300-d;Persons who use electronic signatures based upon use of identification codes in combination with passwords shall employ controls to ensure their security and integrity. Such controls shall include: (d) Use of transaction safeguards to prevent unauthorized use of passwords and/or identification codes, and to detect and report in an immediate and urgent manner any attempts at their unauthorized use to the system security unit, and, as appropriate, to organizational management.;11.300 Controls for identification codes/passwords;;;aws;;FAIL;Security Hub is not enabled.;arn:aws:securityhub:us-east-1:858573892697:hub/unknown;securityhub_enabled;False;hub/unknown;GxP-21-CFR-Part-11;GxP (Good Practices) 21 CFR Part 11;
aws;GxP refers to the regulations and guidelines that are applicable to life sciences organizations that make food and medical products. Medical products that fall under this include medicines, medical devices, and medical software applications. The overall intent of GxP requirements is to ensure that food and medical products are safe for consumers. It's also to ensure the integrity of data that's used to make product-related safety decisions.;858573892697;us-east-1;2026-09-13 22:26:32.575478;11.30;Persons who use open systems to create, modify, maintain, or transmit electronic records shall employ procedures and controls designed to ensure the authenticity, integrity, and, as appropriate, the confidentiality of electronic records from the point of their creation to the point of their receipt. Such procedures and controls shall include those identified in 11.10, as appropriate, and additional measures such as document encryption and use of appropriate digital signature standards to ensure, as necessary under the circumstances, record authenticity, integrity, and confidentiality.;11.30 Controls for open systems;;;aws;;FAIL;SNS topic BillingAlarm is not encrypted.;arn:aws:sns:us-east-1:858573892697:BillingAlarm;sns_topics_kms_encryption_at_rest_enabled;False;BillingAlarm;GxP-21-CFR-Part-11;GxP (Good Practices) 21 CFR Part 11;
aws;GxP refers to the regulations and guidelines that are applicable to life sciences organizations that make food and medical products. Medical products that fall under this include medicines, medical devices, and medical software applications. The overall intent of GxP requirements is to ensure that food and medical products are safe for consumers. It's also to ensure the integrity of data that's used to make product-related safety decisions.;858573892697;us-east-1;2026-09-13 22:26:32.575478;11.30;Persons who use open systems to create, modify, maintain, or transmit electronic records shall employ procedures and controls designed to ensure the authenticity, integrity, and, as appropriate, the confidentiality of electronic records from the point of their creation to the point of their receipt. Such procedures and controls shall include those identified in 11.10, as appropriate, and additional measures such as document encryption and use of appropriate digital signature standards to ensure, as necessary under the circumstances, record authenticity, integrity, and confidentiality.;11.30 Controls for open systems;;;aws;;FAIL;SNS topic Billing_Alarm is not encrypted.;arn:aws:sns:us-east-1:858573892697:Billing_Alarm;sns_topics_kms_encryption_at_rest_enabled;False;Billing_Alarm;GxP-21-CFR-Part-11;GxP (Good Practices) 21 CFR Part 11;
aws;GxP refers to the regulations and guidelines that are applicable to life sciences organizations that make food and medical products. Medical products that fall under this include medicines, medical devices, and medical software applications. The overall intent of GxP requirements is to ensure that food and medical products are safe for consumers. It's also to ensure the integrity of data that's used to make product-related safety decisions.;858573892697;us-east-1;2026-09-13 22:26:32.575478;11.10-e;Persons who use closed systems to create, modify, maintain, or transmit electronic records shall employ procedures and controls designed to ensure the authenticity, integrity, and, when appropriate, the confidentiality of electronic records, and to ensure that the signer cannot readily repudiate the signed record as not genuine. Such procedures and controls shall include the following: (e) Use of secure, computer-generated, time-stamped audit trails to independently record the date and time of operator entries and actions that create, modify, or delete electronic records. Record changes shall not obscure previously recorded information. Such audit trail documentation shall be retained for a period at least as long as that required for the subject electronic records and shall be available for agency review and copying.;11.10 Controls for closed systems;;;aws;;FAIL;VPC vaultcloud-vpc Flow logs are disabled.;arn:aws:ec2:us-east-1:858573892697:vpc/vpc-05003d63d9533f68c;vpc_flow_logs_enabled;False;vpc-05003d63d9533f68c;GxP-21-CFR-Part-11;GxP (Good Practices) 21 CFR Part 11;
