PROVIDER;DESCRIPTION;ACCOUNTID;REGION;ASSESSMENTDATE;REQUIREMENTS_ID;REQUIREMENTS_DESCRIPTION;REQUIREMENTS_ATTRIBUTES_SECTION;REQUIREMENTS_ATTRIBUTES_SUBSECTION;REQUIREMENTS_ATTRIBUTES_SUBGROUP;REQUIREMENTS_ATTRIBUTES_SERVICE;REQUIREMENTS_ATTRIBUTES_TYPE;STATUS;STATUSEXTENDED;RESOURCEID;CHECKID;MUTED;RESOURCENAME;FRAMEWORK;NAME;REQUIREMENTS_ATTRIBUTES_COMMENT
aws;The NIST Cybersecurity Framework (CSF) 2.0 offers a taxonomy of high-level cybersecurity outcomes that can be used by any organization regardless of its size, sector, or maturity to better understand, assess, prioritize, and communicate its cybersecurity efforts. The framework's core functions are organized into six key areas: Govern (new), Identify, Protect, Detect, Respond, and Recover. Together, these functions provide a comprehensive lifecycle approach to managing cybersecurity risk.;987292390922;eu-west-2;2026-09-13 17:05:55.304157;po_3;Legal and regulatory requirements regarding cybersecurity, including privacy and civil liberties obligations, are understood and managed.;Govern (GV);Policies, Processes, and Procedures (GV.PO);;aws;;FAIL;IAM Access Analyzer in account 987292390922 is not enabled.;arn:aws:accessanalyzer:eu-west-2:987292390922:analyzer/unknown;accessanalyzer_enabled;False;analyzer/unknown;NIST-CSF;National Institute of Standards and Technology (NIST) Cybersecurity Framework (CSF) v2.0;
aws;The NIST Cybersecurity Framework (CSF) 2.0 offers a taxonomy of high-level cybersecurity outcomes that can be used by any organization regardless of its size, sector, or maturity to better understand, assess, prioritize, and communicate its cybersecurity efforts. The framework's core functions are organized into six key areas: Govern (new), Identify, Protect, Detect, Respond, and Recover. Together, these functions provide a comprehensive lifecycle approach to managing cybersecurity risk.;987292390922;eu-west-2;2026-09-13 17:05:55.304157;po_4;Governance and risk management processes address cybersecurity risks.;Govern (GV);Policies, Processes, and Procedures (GV.PO);;aws;;FAIL;IAM Access Analyzer in account 987292390922 is not enabled.;arn:aws:accessanalyzer:eu-west-2:987292390922:analyzer/unknown;accessanalyzer_enabled;False;analyzer/unknown;NIST-CSF;National Institute of Standards and Technology (NIST) Cybersecurity Framework (CSF) v2.0;
aws;The NIST Cybersecurity Framework (CSF) 2.0 offers a taxonomy of high-level cybersecurity outcomes that can be used by any organization regardless of its size, sector, or maturity to better understand, assess, prioritize, and communicate its cybersecurity efforts. The framework's core functions are organized into six key areas: Govern (new), Identify, Protect, Detect, Respond, and Recover. Together, these functions provide a comprehensive lifecycle approach to managing cybersecurity risk.;987292390922;eu-west-2;2026-09-13 17:05:55.304157;ov_2;Cybersecurity risk management performance is measured and reported.;Govern (GV);Oversight (GV.OV);;aws;;FAIL;IAM Access Analyzer in account 987292390922 is not enabled.;arn:aws:accessanalyzer:eu-west-2:987292390922:analyzer/unknown;accessanalyzer_enabled;False;analyzer/unknown;NIST-CSF;National Institute of Standards and Technology (NIST) Cybersecurity Framework (CSF) v2.0;
aws;The NIST Cybersecurity Framework (CSF) 2.0 offers a taxonomy of high-level cybersecurity outcomes that can be used by any organization regardless of its size, sector, or maturity to better understand, assess, prioritize, and communicate its cybersecurity efforts. The framework's core functions are organized into six key areas: Govern (new), Identify, Protect, Detect, Respond, and Recover. Together, these functions provide a comprehensive lifecycle approach to managing cybersecurity risk.;987292390922;eu-west-2;2026-09-13 17:05:55.304157;ov_3;Cybersecurity risk management strategy and practices are reviewed and adjusted to adapt to changes in the threat landscape, technologies, or mission, business, or system environments.;Govern (GV);Oversight (GV.OV);;aws;;FAIL;IAM Access Analyzer in account 987292390922 is not enabled.;arn:aws:accessanalyzer:eu-west-2:987292390922:analyzer/unknown;accessanalyzer_enabled;False;analyzer/unknown;NIST-CSF;National Institute of Standards and Technology (NIST) Cybersecurity Framework (CSF) v2.0;
aws;The NIST Cybersecurity Framework (CSF) 2.0 offers a taxonomy of high-level cybersecurity outcomes that can be used by any organization regardless of its size, sector, or maturity to better understand, assess, prioritize, and communicate its cybersecurity efforts. The framework's core functions are organized into six key areas: Govern (new), Identify, Protect, Detect, Respond, and Recover. Together, these functions provide a comprehensive lifecycle approach to managing cybersecurity risk.;987292390922;eu-west-2;2026-09-13 17:05:55.304157;ac_1;Identities and credentials are issued, managed, verified, revoked, and audited for authorized devices, users and processes.;Protect (PR);Identity Management and Access Control (PR.AC);;aws;;FAIL;IAM Access Analyzer in account 987292390922 is not enabled.;arn:aws:accessanalyzer:eu-west-2:987292390922:analyzer/unknown;accessanalyzer_enabled;False;analyzer/unknown;NIST-CSF;National Institute of Standards and Technology (NIST) Cybersecurity Framework (CSF) v2.0;
aws;The NIST Cybersecurity Framework (CSF) 2.0 offers a taxonomy of high-level cybersecurity outcomes that can be used by any organization regardless of its size, sector, or maturity to better understand, assess, prioritize, and communicate its cybersecurity efforts. The framework's core functions are organized into six key areas: Govern (new), Identify, Protect, Detect, Respond, and Recover. Together, these functions provide a comprehensive lifecycle approach to managing cybersecurity risk.;987292390922;eu-west-2;2026-09-13 17:05:55.304157;ac_6;Identities are proofed and bound to credentials and asserted in interactions.;Protect (PR);Identity Management and Access Control (PR.AC);;aws;;FAIL;IAM Access Analyzer in account 987292390922 is not enabled.;arn:aws:accessanalyzer:eu-west-2:987292390922:analyzer/unknown;accessanalyzer_enabled;False;analyzer/unknown;NIST-CSF;National Institute of Standards and Technology (NIST) Cybersecurity Framework (CSF) v2.0;
aws;The NIST Cybersecurity Framework (CSF) 2.0 offers a taxonomy of high-level cybersecurity outcomes that can be used by any organization regardless of its size, sector, or maturity to better understand, assess, prioritize, and communicate its cybersecurity efforts. The framework's core functions are organized into six key areas: Govern (new), Identify, Protect, Detect, Respond, and Recover. Together, these functions provide a comprehensive lifecycle approach to managing cybersecurity risk.;987292390922;us-east-1;2026-09-13 17:05:55.304157;po_3;Legal and regulatory requirements regarding cybersecurity, including privacy and civil liberties obligations, are understood and managed.;Govern (GV);Policies, Processes, and Procedures (GV.PO);;aws;;FAIL;IAM Access Analyzer in account 987292390922 is not enabled.;arn:aws:accessanalyzer:us-east-1:987292390922:analyzer/unknown;accessanalyzer_enabled;False;analyzer/unknown;NIST-CSF;National Institute of Standards and Technology (NIST) Cybersecurity Framework (CSF) v2.0;
aws;The NIST Cybersecurity Framework (CSF) 2.0 offers a taxonomy of high-level cybersecurity outcomes that can be used by any organization regardless of its size, sector, or maturity to better understand, assess, prioritize, and communicate its cybersecurity efforts. The framework's core functions are organized into six key areas: Govern (new), Identify, Protect, Detect, Respond, and Recover. Together, these functions provide a comprehensive lifecycle approach to managing cybersecurity risk.;987292390922;us-east-1;2026-09-13 17:05:55.304157;po_4;Governance and risk management processes address cybersecurity risks.;Govern (GV);Policies, Processes, and Procedures (GV.PO);;aws;;FAIL;IAM Access Analyzer in account 987292390922 is not enabled.;arn:aws:accessanalyzer:us-east-1:987292390922:analyzer/unknown;accessanalyzer_enabled;False;analyzer/unknown;NIST-CSF;National Institute of Standards and Technology (NIST) Cybersecurity Framework (CSF) v2.0;
aws;The NIST Cybersecurity Framework (CSF) 2.0 offers a taxonomy of high-level cybersecurity outcomes that can be used by any organization regardless of its size, sector, or maturity to better understand, assess, prioritize, and communicate its cybersecurity efforts. The framework's core functions are organized into six key areas: Govern (new), Identify, Protect, Detect, Respond, and Recover. Together, these functions provide a comprehensive lifecycle approach to managing cybersecurity risk.;987292390922;us-east-1;2026-09-13 17:05:55.304157;ov_2;Cybersecurity risk management performance is measured and reported.;Govern (GV);Oversight (GV.OV);;aws;;FAIL;IAM Access Analyzer in account 987292390922 is not enabled.;arn:aws:accessanalyzer:us-east-1:987292390922:analyzer/unknown;accessanalyzer_enabled;False;analyzer/unknown;NIST-CSF;National Institute of Standards and Technology (NIST) Cybersecurity Framework (CSF) v2.0;
aws;The NIST Cybersecurity Framework (CSF) 2.0 offers a taxonomy of high-level cybersecurity outcomes that can be used by any organization regardless of its size, sector, or maturity to better understand, assess, prioritize, and communicate its cybersecurity efforts. The framework's core functions are organized into six key areas: Govern (new), Identify, Protect, Detect, Respond, and Recover. Together, these functions provide a comprehensive lifecycle approach to managing cybersecurity risk.;987292390922;us-east-1;2026-09-13 17:05:55.304157;ov_3;Cybersecurity risk management strategy and practices are reviewed and adjusted to adapt to changes in the threat landscape, technologies, or mission, business, or system environments.;Govern (GV);Oversight (GV.OV);;aws;;FAIL;IAM Access Analyzer in account 987292390922 is not enabled.;arn:aws:accessanalyzer:us-east-1:987292390922:analyzer/unknown;accessanalyzer_enabled;False;analyzer/unknown;NIST-CSF;National Institute of Standards and Technology (NIST) Cybersecurity Framework (CSF) v2.0;
aws;The NIST Cybersecurity Framework (CSF) 2.0 offers a taxonomy of high-level cybersecurity outcomes that can be used by any organization regardless of its size, sector, or maturity to better understand, assess, prioritize, and communicate its cybersecurity efforts. The framework's core functions are organized into six key areas: Govern (new), Identify, Protect, Detect, Respond, and Recover. Together, these functions provide a comprehensive lifecycle approach to managing cybersecurity risk.;987292390922;us-east-1;2026-09-13 17:05:55.304157;ac_1;Identities and credentials are issued, managed, verified, revoked, and audited for authorized devices, users and processes.;Protect (PR);Identity Management and Access Control (PR.AC);;aws;;FAIL;IAM Access Analyzer in account 987292390922 is not enabled.;arn:aws:accessanalyzer:us-east-1:987292390922:analyzer/unknown;accessanalyzer_enabled;False;analyzer/unknown;NIST-CSF;National Institute of Standards and Technology (NIST) Cybersecurity Framework (CSF) v2.0;
aws;The NIST Cybersecurity Framework (CSF) 2.0 offers a taxonomy of high-level cybersecurity outcomes that can be used by any organization regardless of its size, sector, or maturity to better understand, assess, prioritize, and communicate its cybersecurity efforts. The framework's core functions are organized into six key areas: Govern (new), Identify, Protect, Detect, Respond, and Recover. Together, these functions provide a comprehensive lifecycle approach to managing cybersecurity risk.;987292390922;us-east-1;2026-09-13 17:05:55.304157;ac_6;Identities are proofed and bound to credentials and asserted in interactions.;Protect (PR);Identity Management and Access Control (PR.AC);;aws;;FAIL;IAM Access Analyzer in account 987292390922 is not enabled.;arn:aws:accessanalyzer:us-east-1:987292390922:analyzer/unknown;accessanalyzer_enabled;False;analyzer/unknown;NIST-CSF;National Institute of Standards and Technology (NIST) Cybersecurity Framework (CSF) v2.0;
aws;The NIST Cybersecurity Framework (CSF) 2.0 offers a taxonomy of high-level cybersecurity outcomes that can be used by any organization regardless of its size, sector, or maturity to better understand, assess, prioritize, and communicate its cybersecurity efforts. The framework's core functions are organized into six key areas: Govern (new), Identify, Protect, Detect, Respond, and Recover. Together, these functions provide a comprehensive lifecycle approach to managing cybersecurity risk.;987292390922;us-east-1;2026-09-13 17:05:55.304157;be_5;Resilience requirements to support delivery of critical services are established for all operating states (e.g. under duress/attack, during recovery, normal operations);Identify (ID);Business Environment (ID.BE);;aws;;FAIL;No Backup Vault exist.;arn:aws:backup:us-east-1:987292390922:backup-vault;backup_vaults_exist;False;987292390922;NIST-CSF;National Institute of Standards and Technology (NIST) Cybersecurity Framework (CSF) v2.0;
aws;The NIST Cybersecurity Framework (CSF) 2.0 offers a taxonomy of high-level cybersecurity outcomes that can be used by any organization regardless of its size, sector, or maturity to better understand, assess, prioritize, and communicate its cybersecurity efforts. The framework's core functions are organized into six key areas: Govern (new), Identify, Protect, Detect, Respond, and Recover. Together, these functions provide a comprehensive lifecycle approach to managing cybersecurity risk.;987292390922;us-east-1;2026-09-13 17:05:55.304157;ds_3;Assets are formally managed throughout removal, transfers, and disposition.;Protect (PR);Data Security (PR.DS);;aws;;FAIL;No Backup Vault exist.;arn:aws:backup:us-east-1:987292390922:backup-vault;backup_vaults_exist;False;987292390922;NIST-CSF;National Institute of Standards and Technology (NIST) Cybersecurity Framework (CSF) v2.0;
aws;The NIST Cybersecurity Framework (CSF) 2.0 offers a taxonomy of high-level cybersecurity outcomes that can be used by any organization regardless of its size, sector, or maturity to better understand, assess, prioritize, and communicate its cybersecurity efforts. The framework's core functions are organized into six key areas: Govern (new), Identify, Protect, Detect, Respond, and Recover. Together, these functions provide a comprehensive lifecycle approach to managing cybersecurity risk.;987292390922;us-east-1;2026-09-13 17:05:55.304157;ip_4;Backups of information are conducted, maintained, and tested periodically.;Protect (PR);Information Protection Processes and Procedures (PR.IP);;aws;;FAIL;No Backup Vault exist.;arn:aws:backup:us-east-1:987292390922:backup-vault;backup_vaults_exist;False;987292390922;NIST-CSF;National Institute of Standards and Technology (NIST) Cybersecurity Framework (CSF) v2.0;
aws;The NIST Cybersecurity Framework (CSF) 2.0 offers a taxonomy of high-level cybersecurity outcomes that can be used by any organization regardless of its size, sector, or maturity to better understand, assess, prioritize, and communicate its cybersecurity efforts. The framework's core functions are organized into six key areas: Govern (new), Identify, Protect, Detect, Respond, and Recover. Together, these functions provide a comprehensive lifecycle approach to managing cybersecurity risk.;987292390922;us-east-1;2026-09-13 17:05:55.304157;rc_rp_1;Recovery plan is executed during or after a cybersecurity incident.;Recover (RC);Recovery Planning (RC.RP);;aws;;FAIL;No Backup Vault exist.;arn:aws:backup:us-east-1:987292390922:backup-vault;backup_vaults_exist;False;987292390922;NIST-CSF;National Institute of Standards and Technology (NIST) Cybersecurity Framework (CSF) v2.0;
aws;The NIST Cybersecurity Framework (CSF) 2.0 offers a taxonomy of high-level cybersecurity outcomes that can be used by any organization regardless of its size, sector, or maturity to better understand, assess, prioritize, and communicate its cybersecurity efforts. The framework's core functions are organized into six key areas: Govern (new), Identify, Protect, Detect, Respond, and Recover. Together, these functions provide a comprehensive lifecycle approach to managing cybersecurity risk.;987292390922;us-east-1;2026-09-13 17:05:55.304157;ac_4;Access permissions and authorizations are managed, incorporating the principles of least privilege and separation of duties.;Protect (PR);Identity Management and Access Control (PR.AC);;aws;;PASS;IAM Role AWSReservedSSO_AdministratorAccess_1e98e747bcb61dc5 does not have AmazonBedrockFullAccess policy attached.;arn:aws:iam::987292390922:role/aws-reserved/sso.amazonaws.com/af-south-1/AWSReservedSSO_AdministratorAccess_1e98e747bcb61dc5;bedrock_full_access_policy_attached;False;AWSReservedSSO_AdministratorAccess_1e98e747bcb61dc5;NIST-CSF;National Institute of Standards and Technology (NIST) Cybersecurity Framework (CSF) v2.0;
aws;The NIST Cybersecurity Framework (CSF) 2.0 offers a taxonomy of high-level cybersecurity outcomes that can be used by any organization regardless of its size, sector, or maturity to better understand, assess, prioritize, and communicate its cybersecurity efforts. The framework's core functions are organized into six key areas: Govern (new), Identify, Protect, Detect, Respond, and Recover. Together, these functions provide a comprehensive lifecycle approach to managing cybersecurity risk.;987292390922;us-east-1;2026-09-13 17:05:55.304157;ac_4;Access permissions and authorizations are managed, incorporating the principles of least privilege and separation of duties.;Protect (PR);Identity Management and Access Control (PR.AC);;aws;;PASS;IAM Role tradecore-production-github-actions does not have AmazonBedrockFullAccess policy attached.;arn:aws:iam::987292390922:role/tradecore-production-github-actions;bedrock_full_access_policy_attached;False;tradecore-production-github-actions;NIST-CSF;National Institute of Standards and Technology (NIST) Cybersecurity Framework (CSF) v2.0;
aws;The NIST Cybersecurity Framework (CSF) 2.0 offers a taxonomy of high-level cybersecurity outcomes that can be used by any organization regardless of its size, sector, or maturity to better understand, assess, prioritize, and communicate its cybersecurity efforts. The framework's core functions are organized into six key areas: Govern (new), Identify, Protect, Detect, Respond, and Recover. Together, these functions provide a comprehensive lifecycle approach to managing cybersecurity risk.;987292390922;us-east-1;2026-09-13 17:05:55.304157;pt_1;Audit/log records are determined, documented, implemented, and reviewed in accordance with policy.;Protect (PR);Protective Technology (PR.PT);;aws;;FAIL;No CloudTrail trails are configured to log Amazon Bedrock API calls.;arn:aws:cloudtrail:us-east-1:987292390922:trail;cloudtrail_bedrock_logging_enabled;False;987292390922;NIST-CSF;National Institute of Standards and Technology (NIST) Cybersecurity Framework (CSF) v2.0;
aws;The NIST Cybersecurity Framework (CSF) 2.0 offers a taxonomy of high-level cybersecurity outcomes that can be used by any organization regardless of its size, sector, or maturity to better understand, assess, prioritize, and communicate its cybersecurity efforts. The framework's core functions are organized into six key areas: Govern (new), Identify, Protect, Detect, Respond, and Recover. Together, these functions provide a comprehensive lifecycle approach to managing cybersecurity risk.;987292390922;us-east-1;2026-09-13 17:05:55.304157;ae_3;Event data are collected and correlated from multiple sources and sensors.;Detect (DE);Anomalies and Events (DE.AE);;aws;;FAIL;No CloudTrail trails are configured to log Amazon Bedrock API calls.;arn:aws:cloudtrail:us-east-1:987292390922:trail;cloudtrail_bedrock_logging_enabled;False;987292390922;NIST-CSF;National Institute of Standards and Technology (NIST) Cybersecurity Framework (CSF) v2.0;
aws;The NIST Cybersecurity Framework (CSF) 2.0 offers a taxonomy of high-level cybersecurity outcomes that can be used by any organization regardless of its size, sector, or maturity to better understand, assess, prioritize, and communicate its cybersecurity efforts. The framework's core functions are organized into six key areas: Govern (new), Identify, Protect, Detect, Respond, and Recover. Together, these functions provide a comprehensive lifecycle approach to managing cybersecurity risk.;987292390922;us-east-1;2026-09-13 17:05:55.304157;cm_3;Personnel activity is monitored to detect potential cybersecurity events.;Detect (DE);Security Continuous Monitoring (DE.CM);;aws;;FAIL;No CloudTrail trails are configured to log Amazon Bedrock API calls.;arn:aws:cloudtrail:us-east-1:987292390922:trail;cloudtrail_bedrock_logging_enabled;False;987292390922;NIST-CSF;National Institute of Standards and Technology (NIST) Cybersecurity Framework (CSF) v2.0;
aws;The NIST Cybersecurity Framework (CSF) 2.0 offers a taxonomy of high-level cybersecurity outcomes that can be used by any organization regardless of its size, sector, or maturity to better understand, assess, prioritize, and communicate its cybersecurity efforts. The framework's core functions are organized into six key areas: Govern (new), Identify, Protect, Detect, Respond, and Recover. Together, these functions provide a comprehensive lifecycle approach to managing cybersecurity risk.;987292390922;af-south-1;2026-09-13 17:05:55.304157;po_4;Governance and risk management processes address cybersecurity risks.;Govern (GV);Policies, Processes, and Procedures (GV.PO);;aws;;FAIL;No CloudTrail trails enabled and logging management events were found.;arn:aws:cloudtrail:af-south-1:987292390922:trail;cloudtrail_multi_region_enabled_logging_management_events;False;987292390922;NIST-CSF;National Institute of Standards and Technology (NIST) Cybersecurity Framework (CSF) v2.0;
aws;The NIST Cybersecurity Framework (CSF) 2.0 offers a taxonomy of high-level cybersecurity outcomes that can be used by any organization regardless of its size, sector, or maturity to better understand, assess, prioritize, and communicate its cybersecurity efforts. The framework's core functions are organized into six key areas: Govern (new), Identify, Protect, Detect, Respond, and Recover. Together, these functions provide a comprehensive lifecycle approach to managing cybersecurity risk.;987292390922;af-south-1;2026-09-13 17:05:55.304157;ov_3;Cybersecurity risk management strategy and practices are reviewed and adjusted to adapt to changes in the threat landscape, technologies, or mission, business, or system environments.;Govern (GV);Oversight (GV.OV);;aws;;FAIL;No CloudTrail trails enabled and logging management events were found.;arn:aws:cloudtrail:af-south-1:987292390922:trail;cloudtrail_multi_region_enabled_logging_management_events;False;987292390922;NIST-CSF;National Institute of Standards and Technology (NIST) Cybersecurity Framework (CSF) v2.0;
aws;The NIST Cybersecurity Framework (CSF) 2.0 offers a taxonomy of high-level cybersecurity outcomes that can be used by any organization regardless of its size, sector, or maturity to better understand, assess, prioritize, and communicate its cybersecurity efforts. The framework's core functions are organized into six key areas: Govern (new), Identify, Protect, Detect, Respond, and Recover. Together, these functions provide a comprehensive lifecycle approach to managing cybersecurity risk.;987292390922;af-south-1;2026-09-13 17:05:55.304157;pt_1;Audit/log records are determined, documented, implemented, and reviewed in accordance with policy.;Protect (PR);Protective Technology (PR.PT);;aws;;FAIL;No CloudTrail trails enabled and logging management events were found.;arn:aws:cloudtrail:af-south-1:987292390922:trail;cloudtrail_multi_region_enabled_logging_management_events;False;987292390922;NIST-CSF;National Institute of Standards and Technology (NIST) Cybersecurity Framework (CSF) v2.0;
aws;The NIST Cybersecurity Framework (CSF) 2.0 offers a taxonomy of high-level cybersecurity outcomes that can be used by any organization regardless of its size, sector, or maturity to better understand, assess, prioritize, and communicate its cybersecurity efforts. The framework's core functions are organized into six key areas: Govern (new), Identify, Protect, Detect, Respond, and Recover. Together, these functions provide a comprehensive lifecycle approach to managing cybersecurity risk.;987292390922;af-south-1;2026-09-13 17:05:55.304157;ae_1;A baseline of network operations and expected data flows for users and systems is established and managed.;Detect (DE);Anomalies and Events (DE.AE);;aws;;FAIL;No CloudTrail trails enabled and logging management events were found.;arn:aws:cloudtrail:af-south-1:987292390922:trail;cloudtrail_multi_region_enabled_logging_management_events;False;987292390922;NIST-CSF;National Institute of Standards and Technology (NIST) Cybersecurity Framework (CSF) v2.0;
aws;The NIST Cybersecurity Framework (CSF) 2.0 offers a taxonomy of high-level cybersecurity outcomes that can be used by any organization regardless of its size, sector, or maturity to better understand, assess, prioritize, and communicate its cybersecurity efforts. The framework's core functions are organized into six key areas: Govern (new), Identify, Protect, Detect, Respond, and Recover. Together, these functions provide a comprehensive lifecycle approach to managing cybersecurity risk.;987292390922;af-south-1;2026-09-13 17:05:55.304157;ae_3;Event data are collected and correlated from multiple sources and sensors.;Detect (DE);Anomalies and Events (DE.AE);;aws;;FAIL;No CloudTrail trails enabled and logging management events were found.;arn:aws:cloudtrail:af-south-1:987292390922:trail;cloudtrail_multi_region_enabled_logging_management_events;False;987292390922;NIST-CSF;National Institute of Standards and Technology (NIST) Cybersecurity Framework (CSF) v2.0;
aws;The NIST Cybersecurity Framework (CSF) 2.0 offers a taxonomy of high-level cybersecurity outcomes that can be used by any organization regardless of its size, sector, or maturity to better understand, assess, prioritize, and communicate its cybersecurity efforts. The framework's core functions are organized into six key areas: Govern (new), Identify, Protect, Detect, Respond, and Recover. Together, these functions provide a comprehensive lifecycle approach to managing cybersecurity risk.;987292390922;af-south-1;2026-09-13 17:05:55.304157;cm_1;The network is monitored to detect potential cybersecurity events.;Detect (DE);Security Continuous Monitoring (DE.CM);;aws;;FAIL;No CloudTrail trails enabled and logging management events were found.;arn:aws:cloudtrail:af-south-1:987292390922:trail;cloudtrail_multi_region_enabled_logging_management_events;False;987292390922;NIST-CSF;National Institute of Standards and Technology (NIST) Cybersecurity Framework (CSF) v2.0;
aws;The NIST Cybersecurity Framework (CSF) 2.0 offers a taxonomy of high-level cybersecurity outcomes that can be used by any organization regardless of its size, sector, or maturity to better understand, assess, prioritize, and communicate its cybersecurity efforts. The framework's core functions are organized into six key areas: Govern (new), Identify, Protect, Detect, Respond, and Recover. Together, these functions provide a comprehensive lifecycle approach to managing cybersecurity risk.;987292390922;af-south-1;2026-09-13 17:05:55.304157;cm_3;Personnel activity is monitored to detect potential cybersecurity events.;Detect (DE);Security Continuous Monitoring (DE.CM);;aws;;FAIL;No CloudTrail trails enabled and logging management events were found.;arn:aws:cloudtrail:af-south-1:987292390922:trail;cloudtrail_multi_region_enabled_logging_management_events;False;987292390922;NIST-CSF;National Institute of Standards and Technology (NIST) Cybersecurity Framework (CSF) v2.0;
aws;The NIST Cybersecurity Framework (CSF) 2.0 offers a taxonomy of high-level cybersecurity outcomes that can be used by any organization regardless of its size, sector, or maturity to better understand, assess, prioritize, and communicate its cybersecurity efforts. The framework's core functions are organized into six key areas: Govern (new), Identify, Protect, Detect, Respond, and Recover. Together, these functions provide a comprehensive lifecycle approach to managing cybersecurity risk.;987292390922;af-south-1;2026-09-13 17:05:55.304157;dp_4;Event detection information is communicated.;Detect (DE);Detection Processes (DE.DP);;aws;;FAIL;No CloudTrail trails enabled and logging management events were found.;arn:aws:cloudtrail:af-south-1:987292390922:trail;cloudtrail_multi_region_enabled_logging_management_events;False;987292390922;NIST-CSF;National Institute of Standards and Technology (NIST) Cybersecurity Framework (CSF) v2.0;
aws;The NIST Cybersecurity Framework (CSF) 2.0 offers a taxonomy of high-level cybersecurity outcomes that can be used by any organization regardless of its size, sector, or maturity to better understand, assess, prioritize, and communicate its cybersecurity efforts. The framework's core functions are organized into six key areas: Govern (new), Identify, Protect, Detect, Respond, and Recover. Together, these functions provide a comprehensive lifecycle approach to managing cybersecurity risk.;987292390922;ap-northeast-1;2026-09-13 17:05:55.304157;po_4;Governance and risk management processes address cybersecurity risks.;Govern (GV);Policies, Processes, and Procedures (GV.PO);;aws;;FAIL;No CloudTrail trails enabled and logging management events were found.;arn:aws:cloudtrail:ap-northeast-1:987292390922:trail;cloudtrail_multi_region_enabled_logging_management_events;False;987292390922;NIST-CSF;National Institute of Standards and Technology (NIST) Cybersecurity Framework (CSF) v2.0;
aws;The NIST Cybersecurity Framework (CSF) 2.0 offers a taxonomy of high-level cybersecurity outcomes that can be used by any organization regardless of its size, sector, or maturity to better understand, assess, prioritize, and communicate its cybersecurity efforts. The framework's core functions are organized into six key areas: Govern (new), Identify, Protect, Detect, Respond, and Recover. Together, these functions provide a comprehensive lifecycle approach to managing cybersecurity risk.;987292390922;ap-northeast-1;2026-09-13 17:05:55.304157;ov_3;Cybersecurity risk management strategy and practices are reviewed and adjusted to adapt to changes in the threat landscape, technologies, or mission, business, or system environments.;Govern (GV);Oversight (GV.OV);;aws;;FAIL;No CloudTrail trails enabled and logging management events were found.;arn:aws:cloudtrail:ap-northeast-1:987292390922:trail;cloudtrail_multi_region_enabled_logging_management_events;False;987292390922;NIST-CSF;National Institute of Standards and Technology (NIST) Cybersecurity Framework (CSF) v2.0;
aws;The NIST Cybersecurity Framework (CSF) 2.0 offers a taxonomy of high-level cybersecurity outcomes that can be used by any organization regardless of its size, sector, or maturity to better understand, assess, prioritize, and communicate its cybersecurity efforts. The framework's core functions are organized into six key areas: Govern (new), Identify, Protect, Detect, Respond, and Recover. Together, these functions provide a comprehensive lifecycle approach to managing cybersecurity risk.;987292390922;ap-northeast-1;2026-09-13 17:05:55.304157;pt_1;Audit/log records are determined, documented, implemented, and reviewed in accordance with policy.;Protect (PR);Protective Technology (PR.PT);;aws;;FAIL;No CloudTrail trails enabled and logging management events were found.;arn:aws:cloudtrail:ap-northeast-1:987292390922:trail;cloudtrail_multi_region_enabled_logging_management_events;False;987292390922;NIST-CSF;National Institute of Standards and Technology (NIST) Cybersecurity Framework (CSF) v2.0;
aws;The NIST Cybersecurity Framework (CSF) 2.0 offers a taxonomy of high-level cybersecurity outcomes that can be used by any organization regardless of its size, sector, or maturity to better understand, assess, prioritize, and communicate its cybersecurity efforts. The framework's core functions are organized into six key areas: Govern (new), Identify, Protect, Detect, Respond, and Recover. Together, these functions provide a comprehensive lifecycle approach to managing cybersecurity risk.;987292390922;ap-northeast-1;2026-09-13 17:05:55.304157;ae_1;A baseline of network operations and expected data flows for users and systems is established and managed.;Detect (DE);Anomalies and Events (DE.AE);;aws;;FAIL;No CloudTrail trails enabled and logging management events were found.;arn:aws:cloudtrail:ap-northeast-1:987292390922:trail;cloudtrail_multi_region_enabled_logging_management_events;False;987292390922;NIST-CSF;National Institute of Standards and Technology (NIST) Cybersecurity Framework (CSF) v2.0;
aws;The NIST Cybersecurity Framework (CSF) 2.0 offers a taxonomy of high-level cybersecurity outcomes that can be used by any organization regardless of its size, sector, or maturity to better understand, assess, prioritize, and communicate its cybersecurity efforts. The framework's core functions are organized into six key areas: Govern (new), Identify, Protect, Detect, Respond, and Recover. Together, these functions provide a comprehensive lifecycle approach to managing cybersecurity risk.;987292390922;ap-northeast-1;2026-09-13 17:05:55.304157;ae_3;Event data are collected and correlated from multiple sources and sensors.;Detect (DE);Anomalies and Events (DE.AE);;aws;;FAIL;No CloudTrail trails enabled and logging management events were found.;arn:aws:cloudtrail:ap-northeast-1:987292390922:trail;cloudtrail_multi_region_enabled_logging_management_events;False;987292390922;NIST-CSF;National Institute of Standards and Technology (NIST) Cybersecurity Framework (CSF) v2.0;
aws;The NIST Cybersecurity Framework (CSF) 2.0 offers a taxonomy of high-level cybersecurity outcomes that can be used by any organization regardless of its size, sector, or maturity to better understand, assess, prioritize, and communicate its cybersecurity efforts. The framework's core functions are organized into six key areas: Govern (new), Identify, Protect, Detect, Respond, and Recover. Together, these functions provide a comprehensive lifecycle approach to managing cybersecurity risk.;987292390922;ap-northeast-1;2026-09-13 17:05:55.304157;cm_1;The network is monitored to detect potential cybersecurity events.;Detect (DE);Security Continuous Monitoring (DE.CM);;aws;;FAIL;No CloudTrail trails enabled and logging management events were found.;arn:aws:cloudtrail:ap-northeast-1:987292390922:trail;cloudtrail_multi_region_enabled_logging_management_events;False;987292390922;NIST-CSF;National Institute of Standards and Technology (NIST) Cybersecurity Framework (CSF) v2.0;
aws;The NIST Cybersecurity Framework (CSF) 2.0 offers a taxonomy of high-level cybersecurity outcomes that can be used by any organization regardless of its size, sector, or maturity to better understand, assess, prioritize, and communicate its cybersecurity efforts. The framework's core functions are organized into six key areas: Govern (new), Identify, Protect, Detect, Respond, and Recover. Together, these functions provide a comprehensive lifecycle approach to managing cybersecurity risk.;987292390922;ap-northeast-1;2026-09-13 17:05:55.304157;cm_3;Personnel activity is monitored to detect potential cybersecurity events.;Detect (DE);Security Continuous Monitoring (DE.CM);;aws;;FAIL;No CloudTrail trails enabled and logging management events were found.;arn:aws:cloudtrail:ap-northeast-1:987292390922:trail;cloudtrail_multi_region_enabled_logging_management_events;False;987292390922;NIST-CSF;National Institute of Standards and Technology (NIST) Cybersecurity Framework (CSF) v2.0;
aws;The NIST Cybersecurity Framework (CSF) 2.0 offers a taxonomy of high-level cybersecurity outcomes that can be used by any organization regardless of its size, sector, or maturity to better understand, assess, prioritize, and communicate its cybersecurity efforts. The framework's core functions are organized into six key areas: Govern (new), Identify, Protect, Detect, Respond, and Recover. Together, these functions provide a comprehensive lifecycle approach to managing cybersecurity risk.;987292390922;ap-northeast-1;2026-09-13 17:05:55.304157;dp_4;Event detection information is communicated.;Detect (DE);Detection Processes (DE.DP);;aws;;FAIL;No CloudTrail trails enabled and logging management events were found.;arn:aws:cloudtrail:ap-northeast-1:987292390922:trail;cloudtrail_multi_region_enabled_logging_management_events;False;987292390922;NIST-CSF;National Institute of Standards and Technology (NIST) Cybersecurity Framework (CSF) v2.0;
aws;The NIST Cybersecurity Framework (CSF) 2.0 offers a taxonomy of high-level cybersecurity outcomes that can be used by any organization regardless of its size, sector, or maturity to better understand, assess, prioritize, and communicate its cybersecurity efforts. The framework's core functions are organized into six key areas: Govern (new), Identify, Protect, Detect, Respond, and Recover. Together, these functions provide a comprehensive lifecycle approach to managing cybersecurity risk.;987292390922;ap-northeast-2;2026-09-13 17:05:55.304157;po_4;Governance and risk management processes address cybersecurity risks.;Govern (GV);Policies, Processes, and Procedures (GV.PO);;aws;;FAIL;No CloudTrail trails enabled and logging management events were found.;arn:aws:cloudtrail:ap-northeast-2:987292390922:trail;cloudtrail_multi_region_enabled_logging_management_events;False;987292390922;NIST-CSF;National Institute of Standards and Technology (NIST) Cybersecurity Framework (CSF) v2.0;
aws;The NIST Cybersecurity Framework (CSF) 2.0 offers a taxonomy of high-level cybersecurity outcomes that can be used by any organization regardless of its size, sector, or maturity to better understand, assess, prioritize, and communicate its cybersecurity efforts. The framework's core functions are organized into six key areas: Govern (new), Identify, Protect, Detect, Respond, and Recover. Together, these functions provide a comprehensive lifecycle approach to managing cybersecurity risk.;987292390922;ap-northeast-2;2026-09-13 17:05:55.304157;ov_3;Cybersecurity risk management strategy and practices are reviewed and adjusted to adapt to changes in the threat landscape, technologies, or mission, business, or system environments.;Govern (GV);Oversight (GV.OV);;aws;;FAIL;No CloudTrail trails enabled and logging management events were found.;arn:aws:cloudtrail:ap-northeast-2:987292390922:trail;cloudtrail_multi_region_enabled_logging_management_events;False;987292390922;NIST-CSF;National Institute of Standards and Technology (NIST) Cybersecurity Framework (CSF) v2.0;
aws;The NIST Cybersecurity Framework (CSF) 2.0 offers a taxonomy of high-level cybersecurity outcomes that can be used by any organization regardless of its size, sector, or maturity to better understand, assess, prioritize, and communicate its cybersecurity efforts. The framework's core functions are organized into six key areas: Govern (new), Identify, Protect, Detect, Respond, and Recover. Together, these functions provide a comprehensive lifecycle approach to managing cybersecurity risk.;987292390922;ap-northeast-2;2026-09-13 17:05:55.304157;pt_1;Audit/log records are determined, documented, implemented, and reviewed in accordance with policy.;Protect (PR);Protective Technology (PR.PT);;aws;;FAIL;No CloudTrail trails enabled and logging management events were found.;arn:aws:cloudtrail:ap-northeast-2:987292390922:trail;cloudtrail_multi_region_enabled_logging_management_events;False;987292390922;NIST-CSF;National Institute of Standards and Technology (NIST) Cybersecurity Framework (CSF) v2.0;
aws;The NIST Cybersecurity Framework (CSF) 2.0 offers a taxonomy of high-level cybersecurity outcomes that can be used by any organization regardless of its size, sector, or maturity to better understand, assess, prioritize, and communicate its cybersecurity efforts. The framework's core functions are organized into six key areas: Govern (new), Identify, Protect, Detect, Respond, and Recover. Together, these functions provide a comprehensive lifecycle approach to managing cybersecurity risk.;987292390922;ap-northeast-2;2026-09-13 17:05:55.304157;ae_1;A baseline of network operations and expected data flows for users and systems is established and managed.;Detect (DE);Anomalies and Events (DE.AE);;aws;;FAIL;No CloudTrail trails enabled and logging management events were found.;arn:aws:cloudtrail:ap-northeast-2:987292390922:trail;cloudtrail_multi_region_enabled_logging_management_events;False;987292390922;NIST-CSF;National Institute of Standards and Technology (NIST) Cybersecurity Framework (CSF) v2.0;
aws;The NIST Cybersecurity Framework (CSF) 2.0 offers a taxonomy of high-level cybersecurity outcomes that can be used by any organization regardless of its size, sector, or maturity to better understand, assess, prioritize, and communicate its cybersecurity efforts. The framework's core functions are organized into six key areas: Govern (new), Identify, Protect, Detect, Respond, and Recover. Together, these functions provide a comprehensive lifecycle approach to managing cybersecurity risk.;987292390922;ap-northeast-2;2026-09-13 17:05:55.304157;ae_3;Event data are collected and correlated from multiple sources and sensors.;Detect (DE);Anomalies and Events (DE.AE);;aws;;FAIL;No CloudTrail trails enabled and logging management events were found.;arn:aws:cloudtrail:ap-northeast-2:987292390922:trail;cloudtrail_multi_region_enabled_logging_management_events;False;987292390922;NIST-CSF;National Institute of Standards and Technology (NIST) Cybersecurity Framework (CSF) v2.0;
aws;The NIST Cybersecurity Framework (CSF) 2.0 offers a taxonomy of high-level cybersecurity outcomes that can be used by any organization regardless of its size, sector, or maturity to better understand, assess, prioritize, and communicate its cybersecurity efforts. The framework's core functions are organized into six key areas: Govern (new), Identify, Protect, Detect, Respond, and Recover. Together, these functions provide a comprehensive lifecycle approach to managing cybersecurity risk.;987292390922;ap-northeast-2;2026-09-13 17:05:55.304157;cm_1;The network is monitored to detect potential cybersecurity events.;Detect (DE);Security Continuous Monitoring (DE.CM);;aws;;FAIL;No CloudTrail trails enabled and logging management events were found.;arn:aws:cloudtrail:ap-northeast-2:987292390922:trail;cloudtrail_multi_region_enabled_logging_management_events;False;987292390922;NIST-CSF;National Institute of Standards and Technology (NIST) Cybersecurity Framework (CSF) v2.0;
aws;The NIST Cybersecurity Framework (CSF) 2.0 offers a taxonomy of high-level cybersecurity outcomes that can be used by any organization regardless of its size, sector, or maturity to better understand, assess, prioritize, and communicate its cybersecurity efforts. The framework's core functions are organized into six key areas: Govern (new), Identify, Protect, Detect, Respond, and Recover. Together, these functions provide a comprehensive lifecycle approach to managing cybersecurity risk.;987292390922;ap-northeast-2;2026-09-13 17:05:55.304157;cm_3;Personnel activity is monitored to detect potential cybersecurity events.;Detect (DE);Security Continuous Monitoring (DE.CM);;aws;;FAIL;No CloudTrail trails enabled and logging management events were found.;arn:aws:cloudtrail:ap-northeast-2:987292390922:trail;cloudtrail_multi_region_enabled_logging_management_events;False;987292390922;NIST-CSF;National Institute of Standards and Technology (NIST) Cybersecurity Framework (CSF) v2.0;
aws;The NIST Cybersecurity Framework (CSF) 2.0 offers a taxonomy of high-level cybersecurity outcomes that can be used by any organization regardless of its size, sector, or maturity to better understand, assess, prioritize, and communicate its cybersecurity efforts. The framework's core functions are organized into six key areas: Govern (new), Identify, Protect, Detect, Respond, and Recover. Together, these functions provide a comprehensive lifecycle approach to managing cybersecurity risk.;987292390922;ap-northeast-2;2026-09-13 17:05:55.304157;dp_4;Event detection information is communicated.;Detect (DE);Detection Processes (DE.DP);;aws;;FAIL;No CloudTrail trails enabled and logging management events were found.;arn:aws:cloudtrail:ap-northeast-2:987292390922:trail;cloudtrail_multi_region_enabled_logging_management_events;False;987292390922;NIST-CSF;National Institute of Standards and Technology (NIST) Cybersecurity Framework (CSF) v2.0;
aws;The NIST Cybersecurity Framework (CSF) 2.0 offers a taxonomy of high-level cybersecurity outcomes that can be used by any organization regardless of its size, sector, or maturity to better understand, assess, prioritize, and communicate its cybersecurity efforts. The framework's core functions are organized into six key areas: Govern (new), Identify, Protect, Detect, Respond, and Recover. Together, these functions provide a comprehensive lifecycle approach to managing cybersecurity risk.;987292390922;ap-northeast-3;2026-09-13 17:05:55.304157;po_4;Governance and risk management processes address cybersecurity risks.;Govern (GV);Policies, Processes, and Procedures (GV.PO);;aws;;FAIL;No CloudTrail trails enabled and logging management events were found.;arn:aws:cloudtrail:ap-northeast-3:987292390922:trail;cloudtrail_multi_region_enabled_logging_management_events;False;987292390922;NIST-CSF;National Institute of Standards and Technology (NIST) Cybersecurity Framework (CSF) v2.0;
aws;The NIST Cybersecurity Framework (CSF) 2.0 offers a taxonomy of high-level cybersecurity outcomes that can be used by any organization regardless of its size, sector, or maturity to better understand, assess, prioritize, and communicate its cybersecurity efforts. The framework's core functions are organized into six key areas: Govern (new), Identify, Protect, Detect, Respond, and Recover. Together, these functions provide a comprehensive lifecycle approach to managing cybersecurity risk.;987292390922;ap-northeast-3;2026-09-13 17:05:55.304157;ov_3;Cybersecurity risk management strategy and practices are reviewed and adjusted to adapt to changes in the threat landscape, technologies, or mission, business, or system environments.;Govern (GV);Oversight (GV.OV);;aws;;FAIL;No CloudTrail trails enabled and logging management events were found.;arn:aws:cloudtrail:ap-northeast-3:987292390922:trail;cloudtrail_multi_region_enabled_logging_management_events;False;987292390922;NIST-CSF;National Institute of Standards and Technology (NIST) Cybersecurity Framework (CSF) v2.0;
aws;The NIST Cybersecurity Framework (CSF) 2.0 offers a taxonomy of high-level cybersecurity outcomes that can be used by any organization regardless of its size, sector, or maturity to better understand, assess, prioritize, and communicate its cybersecurity efforts. The framework's core functions are organized into six key areas: Govern (new), Identify, Protect, Detect, Respond, and Recover. Together, these functions provide a comprehensive lifecycle approach to managing cybersecurity risk.;987292390922;ap-northeast-3;2026-09-13 17:05:55.304157;pt_1;Audit/log records are determined, documented, implemented, and reviewed in accordance with policy.;Protect (PR);Protective Technology (PR.PT);;aws;;FAIL;No CloudTrail trails enabled and logging management events were found.;arn:aws:cloudtrail:ap-northeast-3:987292390922:trail;cloudtrail_multi_region_enabled_logging_management_events;False;987292390922;NIST-CSF;National Institute of Standards and Technology (NIST) Cybersecurity Framework (CSF) v2.0;
aws;The NIST Cybersecurity Framework (CSF) 2.0 offers a taxonomy of high-level cybersecurity outcomes that can be used by any organization regardless of its size, sector, or maturity to better understand, assess, prioritize, and communicate its cybersecurity efforts. The framework's core functions are organized into six key areas: Govern (new), Identify, Protect, Detect, Respond, and Recover. Together, these functions provide a comprehensive lifecycle approach to managing cybersecurity risk.;987292390922;ap-northeast-3;2026-09-13 17:05:55.304157;ae_1;A baseline of network operations and expected data flows for users and systems is established and managed.;Detect (DE);Anomalies and Events (DE.AE);;aws;;FAIL;No CloudTrail trails enabled and logging management events were found.;arn:aws:cloudtrail:ap-northeast-3:987292390922:trail;cloudtrail_multi_region_enabled_logging_management_events;False;987292390922;NIST-CSF;National Institute of Standards and Technology (NIST) Cybersecurity Framework (CSF) v2.0;
aws;The NIST Cybersecurity Framework (CSF) 2.0 offers a taxonomy of high-level cybersecurity outcomes that can be used by any organization regardless of its size, sector, or maturity to better understand, assess, prioritize, and communicate its cybersecurity efforts. The framework's core functions are organized into six key areas: Govern (new), Identify, Protect, Detect, Respond, and Recover. Together, these functions provide a comprehensive lifecycle approach to managing cybersecurity risk.;987292390922;ap-northeast-3;2026-09-13 17:05:55.304157;ae_3;Event data are collected and correlated from multiple sources and sensors.;Detect (DE);Anomalies and Events (DE.AE);;aws;;FAIL;No CloudTrail trails enabled and logging management events were found.;arn:aws:cloudtrail:ap-northeast-3:987292390922:trail;cloudtrail_multi_region_enabled_logging_management_events;False;987292390922;NIST-CSF;National Institute of Standards and Technology (NIST) Cybersecurity Framework (CSF) v2.0;
aws;The NIST Cybersecurity Framework (CSF) 2.0 offers a taxonomy of high-level cybersecurity outcomes that can be used by any organization regardless of its size, sector, or maturity to better understand, assess, prioritize, and communicate its cybersecurity efforts. The framework's core functions are organized into six key areas: Govern (new), Identify, Protect, Detect, Respond, and Recover. Together, these functions provide a comprehensive lifecycle approach to managing cybersecurity risk.;987292390922;ap-northeast-3;2026-09-13 17:05:55.304157;cm_1;The network is monitored to detect potential cybersecurity events.;Detect (DE);Security Continuous Monitoring (DE.CM);;aws;;FAIL;No CloudTrail trails enabled and logging management events were found.;arn:aws:cloudtrail:ap-northeast-3:987292390922:trail;cloudtrail_multi_region_enabled_logging_management_events;False;987292390922;NIST-CSF;National Institute of Standards and Technology (NIST) Cybersecurity Framework (CSF) v2.0;
aws;The NIST Cybersecurity Framework (CSF) 2.0 offers a taxonomy of high-level cybersecurity outcomes that can be used by any organization regardless of its size, sector, or maturity to better understand, assess, prioritize, and communicate its cybersecurity efforts. The framework's core functions are organized into six key areas: Govern (new), Identify, Protect, Detect, Respond, and Recover. Together, these functions provide a comprehensive lifecycle approach to managing cybersecurity risk.;987292390922;ap-northeast-3;2026-09-13 17:05:55.304157;cm_3;Personnel activity is monitored to detect potential cybersecurity events.;Detect (DE);Security Continuous Monitoring (DE.CM);;aws;;FAIL;No CloudTrail trails enabled and logging management events were found.;arn:aws:cloudtrail:ap-northeast-3:987292390922:trail;cloudtrail_multi_region_enabled_logging_management_events;False;987292390922;NIST-CSF;National Institute of Standards and Technology (NIST) Cybersecurity Framework (CSF) v2.0;
aws;The NIST Cybersecurity Framework (CSF) 2.0 offers a taxonomy of high-level cybersecurity outcomes that can be used by any organization regardless of its size, sector, or maturity to better understand, assess, prioritize, and communicate its cybersecurity efforts. The framework's core functions are organized into six key areas: Govern (new), Identify, Protect, Detect, Respond, and Recover. Together, these functions provide a comprehensive lifecycle approach to managing cybersecurity risk.;987292390922;ap-northeast-3;2026-09-13 17:05:55.304157;dp_4;Event detection information is communicated.;Detect (DE);Detection Processes (DE.DP);;aws;;FAIL;No CloudTrail trails enabled and logging management events were found.;arn:aws:cloudtrail:ap-northeast-3:987292390922:trail;cloudtrail_multi_region_enabled_logging_management_events;False;987292390922;NIST-CSF;National Institute of Standards and Technology (NIST) Cybersecurity Framework (CSF) v2.0;
aws;The NIST Cybersecurity Framework (CSF) 2.0 offers a taxonomy of high-level cybersecurity outcomes that can be used by any organization regardless of its size, sector, or maturity to better understand, assess, prioritize, and communicate its cybersecurity efforts. The framework's core functions are organized into six key areas: Govern (new), Identify, Protect, Detect, Respond, and Recover. Together, these functions provide a comprehensive lifecycle approach to managing cybersecurity risk.;987292390922;ap-south-1;2026-09-13 17:05:55.304157;po_4;Governance and risk management processes address cybersecurity risks.;Govern (GV);Policies, Processes, and Procedures (GV.PO);;aws;;FAIL;No CloudTrail trails enabled and logging management events were found.;arn:aws:cloudtrail:ap-south-1:987292390922:trail;cloudtrail_multi_region_enabled_logging_management_events;False;987292390922;NIST-CSF;National Institute of Standards and Technology (NIST) Cybersecurity Framework (CSF) v2.0;
aws;The NIST Cybersecurity Framework (CSF) 2.0 offers a taxonomy of high-level cybersecurity outcomes that can be used by any organization regardless of its size, sector, or maturity to better understand, assess, prioritize, and communicate its cybersecurity efforts. The framework's core functions are organized into six key areas: Govern (new), Identify, Protect, Detect, Respond, and Recover. Together, these functions provide a comprehensive lifecycle approach to managing cybersecurity risk.;987292390922;ap-south-1;2026-09-13 17:05:55.304157;ov_3;Cybersecurity risk management strategy and practices are reviewed and adjusted to adapt to changes in the threat landscape, technologies, or mission, business, or system environments.;Govern (GV);Oversight (GV.OV);;aws;;FAIL;No CloudTrail trails enabled and logging management events were found.;arn:aws:cloudtrail:ap-south-1:987292390922:trail;cloudtrail_multi_region_enabled_logging_management_events;False;987292390922;NIST-CSF;National Institute of Standards and Technology (NIST) Cybersecurity Framework (CSF) v2.0;
aws;The NIST Cybersecurity Framework (CSF) 2.0 offers a taxonomy of high-level cybersecurity outcomes that can be used by any organization regardless of its size, sector, or maturity to better understand, assess, prioritize, and communicate its cybersecurity efforts. The framework's core functions are organized into six key areas: Govern (new), Identify, Protect, Detect, Respond, and Recover. Together, these functions provide a comprehensive lifecycle approach to managing cybersecurity risk.;987292390922;ap-south-1;2026-09-13 17:05:55.304157;pt_1;Audit/log records are determined, documented, implemented, and reviewed in accordance with policy.;Protect (PR);Protective Technology (PR.PT);;aws;;FAIL;No CloudTrail trails enabled and logging management events were found.;arn:aws:cloudtrail:ap-south-1:987292390922:trail;cloudtrail_multi_region_enabled_logging_management_events;False;987292390922;NIST-CSF;National Institute of Standards and Technology (NIST) Cybersecurity Framework (CSF) v2.0;
aws;The NIST Cybersecurity Framework (CSF) 2.0 offers a taxonomy of high-level cybersecurity outcomes that can be used by any organization regardless of its size, sector, or maturity to better understand, assess, prioritize, and communicate its cybersecurity efforts. The framework's core functions are organized into six key areas: Govern (new), Identify, Protect, Detect, Respond, and Recover. Together, these functions provide a comprehensive lifecycle approach to managing cybersecurity risk.;987292390922;ap-south-1;2026-09-13 17:05:55.304157;ae_1;A baseline of network operations and expected data flows for users and systems is established and managed.;Detect (DE);Anomalies and Events (DE.AE);;aws;;FAIL;No CloudTrail trails enabled and logging management events were found.;arn:aws:cloudtrail:ap-south-1:987292390922:trail;cloudtrail_multi_region_enabled_logging_management_events;False;987292390922;NIST-CSF;National Institute of Standards and Technology (NIST) Cybersecurity Framework (CSF) v2.0;
aws;The NIST Cybersecurity Framework (CSF) 2.0 offers a taxonomy of high-level cybersecurity outcomes that can be used by any organization regardless of its size, sector, or maturity to better understand, assess, prioritize, and communicate its cybersecurity efforts. The framework's core functions are organized into six key areas: Govern (new), Identify, Protect, Detect, Respond, and Recover. Together, these functions provide a comprehensive lifecycle approach to managing cybersecurity risk.;987292390922;ap-south-1;2026-09-13 17:05:55.304157;ae_3;Event data are collected and correlated from multiple sources and sensors.;Detect (DE);Anomalies and Events (DE.AE);;aws;;FAIL;No CloudTrail trails enabled and logging management events were found.;arn:aws:cloudtrail:ap-south-1:987292390922:trail;cloudtrail_multi_region_enabled_logging_management_events;False;987292390922;NIST-CSF;National Institute of Standards and Technology (NIST) Cybersecurity Framework (CSF) v2.0;
aws;The NIST Cybersecurity Framework (CSF) 2.0 offers a taxonomy of high-level cybersecurity outcomes that can be used by any organization regardless of its size, sector, or maturity to better understand, assess, prioritize, and communicate its cybersecurity efforts. The framework's core functions are organized into six key areas: Govern (new), Identify, Protect, Detect, Respond, and Recover. Together, these functions provide a comprehensive lifecycle approach to managing cybersecurity risk.;987292390922;ap-south-1;2026-09-13 17:05:55.304157;cm_1;The network is monitored to detect potential cybersecurity events.;Detect (DE);Security Continuous Monitoring (DE.CM);;aws;;FAIL;No CloudTrail trails enabled and logging management events were found.;arn:aws:cloudtrail:ap-south-1:987292390922:trail;cloudtrail_multi_region_enabled_logging_management_events;False;987292390922;NIST-CSF;National Institute of Standards and Technology (NIST) Cybersecurity Framework (CSF) v2.0;
aws;The NIST Cybersecurity Framework (CSF) 2.0 offers a taxonomy of high-level cybersecurity outcomes that can be used by any organization regardless of its size, sector, or maturity to better understand, assess, prioritize, and communicate its cybersecurity efforts. The framework's core functions are organized into six key areas: Govern (new), Identify, Protect, Detect, Respond, and Recover. Together, these functions provide a comprehensive lifecycle approach to managing cybersecurity risk.;987292390922;ap-south-1;2026-09-13 17:05:55.304157;cm_3;Personnel activity is monitored to detect potential cybersecurity events.;Detect (DE);Security Continuous Monitoring (DE.CM);;aws;;FAIL;No CloudTrail trails enabled and logging management events were found.;arn:aws:cloudtrail:ap-south-1:987292390922:trail;cloudtrail_multi_region_enabled_logging_management_events;False;987292390922;NIST-CSF;National Institute of Standards and Technology (NIST) Cybersecurity Framework (CSF) v2.0;
aws;The NIST Cybersecurity Framework (CSF) 2.0 offers a taxonomy of high-level cybersecurity outcomes that can be used by any organization regardless of its size, sector, or maturity to better understand, assess, prioritize, and communicate its cybersecurity efforts. The framework's core functions are organized into six key areas: Govern (new), Identify, Protect, Detect, Respond, and Recover. Together, these functions provide a comprehensive lifecycle approach to managing cybersecurity risk.;987292390922;ap-south-1;2026-09-13 17:05:55.304157;dp_4;Event detection information is communicated.;Detect (DE);Detection Processes (DE.DP);;aws;;FAIL;No CloudTrail trails enabled and logging management events were found.;arn:aws:cloudtrail:ap-south-1:987292390922:trail;cloudtrail_multi_region_enabled_logging_management_events;False;987292390922;NIST-CSF;National Institute of Standards and Technology (NIST) Cybersecurity Framework (CSF) v2.0;
aws;The NIST Cybersecurity Framework (CSF) 2.0 offers a taxonomy of high-level cybersecurity outcomes that can be used by any organization regardless of its size, sector, or maturity to better understand, assess, prioritize, and communicate its cybersecurity efforts. The framework's core functions are organized into six key areas: Govern (new), Identify, Protect, Detect, Respond, and Recover. Together, these functions provide a comprehensive lifecycle approach to managing cybersecurity risk.;987292390922;ap-southeast-1;2026-09-13 17:05:55.304157;po_4;Governance and risk management processes address cybersecurity risks.;Govern (GV);Policies, Processes, and Procedures (GV.PO);;aws;;FAIL;No CloudTrail trails enabled and logging management events were found.;arn:aws:cloudtrail:ap-southeast-1:987292390922:trail;cloudtrail_multi_region_enabled_logging_management_events;False;987292390922;NIST-CSF;National Institute of Standards and Technology (NIST) Cybersecurity Framework (CSF) v2.0;
aws;The NIST Cybersecurity Framework (CSF) 2.0 offers a taxonomy of high-level cybersecurity outcomes that can be used by any organization regardless of its size, sector, or maturity to better understand, assess, prioritize, and communicate its cybersecurity efforts. The framework's core functions are organized into six key areas: Govern (new), Identify, Protect, Detect, Respond, and Recover. Together, these functions provide a comprehensive lifecycle approach to managing cybersecurity risk.;987292390922;ap-southeast-1;2026-09-13 17:05:55.304157;ov_3;Cybersecurity risk management strategy and practices are reviewed and adjusted to adapt to changes in the threat landscape, technologies, or mission, business, or system environments.;Govern (GV);Oversight (GV.OV);;aws;;FAIL;No CloudTrail trails enabled and logging management events were found.;arn:aws:cloudtrail:ap-southeast-1:987292390922:trail;cloudtrail_multi_region_enabled_logging_management_events;False;987292390922;NIST-CSF;National Institute of Standards and Technology (NIST) Cybersecurity Framework (CSF) v2.0;
aws;The NIST Cybersecurity Framework (CSF) 2.0 offers a taxonomy of high-level cybersecurity outcomes that can be used by any organization regardless of its size, sector, or maturity to better understand, assess, prioritize, and communicate its cybersecurity efforts. The framework's core functions are organized into six key areas: Govern (new), Identify, Protect, Detect, Respond, and Recover. Together, these functions provide a comprehensive lifecycle approach to managing cybersecurity risk.;987292390922;ap-southeast-1;2026-09-13 17:05:55.304157;pt_1;Audit/log records are determined, documented, implemented, and reviewed in accordance with policy.;Protect (PR);Protective Technology (PR.PT);;aws;;FAIL;No CloudTrail trails enabled and logging management events were found.;arn:aws:cloudtrail:ap-southeast-1:987292390922:trail;cloudtrail_multi_region_enabled_logging_management_events;False;987292390922;NIST-CSF;National Institute of Standards and Technology (NIST) Cybersecurity Framework (CSF) v2.0;
aws;The NIST Cybersecurity Framework (CSF) 2.0 offers a taxonomy of high-level cybersecurity outcomes that can be used by any organization regardless of its size, sector, or maturity to better understand, assess, prioritize, and communicate its cybersecurity efforts. The framework's core functions are organized into six key areas: Govern (new), Identify, Protect, Detect, Respond, and Recover. Together, these functions provide a comprehensive lifecycle approach to managing cybersecurity risk.;987292390922;ap-southeast-1;2026-09-13 17:05:55.304157;ae_1;A baseline of network operations and expected data flows for users and systems is established and managed.;Detect (DE);Anomalies and Events (DE.AE);;aws;;FAIL;No CloudTrail trails enabled and logging management events were found.;arn:aws:cloudtrail:ap-southeast-1:987292390922:trail;cloudtrail_multi_region_enabled_logging_management_events;False;987292390922;NIST-CSF;National Institute of Standards and Technology (NIST) Cybersecurity Framework (CSF) v2.0;
aws;The NIST Cybersecurity Framework (CSF) 2.0 offers a taxonomy of high-level cybersecurity outcomes that can be used by any organization regardless of its size, sector, or maturity to better understand, assess, prioritize, and communicate its cybersecurity efforts. The framework's core functions are organized into six key areas: Govern (new), Identify, Protect, Detect, Respond, and Recover. Together, these functions provide a comprehensive lifecycle approach to managing cybersecurity risk.;987292390922;ap-southeast-1;2026-09-13 17:05:55.304157;ae_3;Event data are collected and correlated from multiple sources and sensors.;Detect (DE);Anomalies and Events (DE.AE);;aws;;FAIL;No CloudTrail trails enabled and logging management events were found.;arn:aws:cloudtrail:ap-southeast-1:987292390922:trail;cloudtrail_multi_region_enabled_logging_management_events;False;987292390922;NIST-CSF;National Institute of Standards and Technology (NIST) Cybersecurity Framework (CSF) v2.0;
aws;The NIST Cybersecurity Framework (CSF) 2.0 offers a taxonomy of high-level cybersecurity outcomes that can be used by any organization regardless of its size, sector, or maturity to better understand, assess, prioritize, and communicate its cybersecurity efforts. The framework's core functions are organized into six key areas: Govern (new), Identify, Protect, Detect, Respond, and Recover. Together, these functions provide a comprehensive lifecycle approach to managing cybersecurity risk.;987292390922;ap-southeast-1;2026-09-13 17:05:55.304157;cm_1;The network is monitored to detect potential cybersecurity events.;Detect (DE);Security Continuous Monitoring (DE.CM);;aws;;FAIL;No CloudTrail trails enabled and logging management events were found.;arn:aws:cloudtrail:ap-southeast-1:987292390922:trail;cloudtrail_multi_region_enabled_logging_management_events;False;987292390922;NIST-CSF;National Institute of Standards and Technology (NIST) Cybersecurity Framework (CSF) v2.0;
aws;The NIST Cybersecurity Framework (CSF) 2.0 offers a taxonomy of high-level cybersecurity outcomes that can be used by any organization regardless of its size, sector, or maturity to better understand, assess, prioritize, and communicate its cybersecurity efforts. The framework's core functions are organized into six key areas: Govern (new), Identify, Protect, Detect, Respond, and Recover. Together, these functions provide a comprehensive lifecycle approach to managing cybersecurity risk.;987292390922;ap-southeast-1;2026-09-13 17:05:55.304157;cm_3;Personnel activity is monitored to detect potential cybersecurity events.;Detect (DE);Security Continuous Monitoring (DE.CM);;aws;;FAIL;No CloudTrail trails enabled and logging management events were found.;arn:aws:cloudtrail:ap-southeast-1:987292390922:trail;cloudtrail_multi_region_enabled_logging_management_events;False;987292390922;NIST-CSF;National Institute of Standards and Technology (NIST) Cybersecurity Framework (CSF) v2.0;
aws;The NIST Cybersecurity Framework (CSF) 2.0 offers a taxonomy of high-level cybersecurity outcomes that can be used by any organization regardless of its size, sector, or maturity to better understand, assess, prioritize, and communicate its cybersecurity efforts. The framework's core functions are organized into six key areas: Govern (new), Identify, Protect, Detect, Respond, and Recover. Together, these functions provide a comprehensive lifecycle approach to managing cybersecurity risk.;987292390922;ap-southeast-1;2026-09-13 17:05:55.304157;dp_4;Event detection information is communicated.;Detect (DE);Detection Processes (DE.DP);;aws;;FAIL;No CloudTrail trails enabled and logging management events were found.;arn:aws:cloudtrail:ap-southeast-1:987292390922:trail;cloudtrail_multi_region_enabled_logging_management_events;False;987292390922;NIST-CSF;National Institute of Standards and Technology (NIST) Cybersecurity Framework (CSF) v2.0;
aws;The NIST Cybersecurity Framework (CSF) 2.0 offers a taxonomy of high-level cybersecurity outcomes that can be used by any organization regardless of its size, sector, or maturity to better understand, assess, prioritize, and communicate its cybersecurity efforts. The framework's core functions are organized into six key areas: Govern (new), Identify, Protect, Detect, Respond, and Recover. Together, these functions provide a comprehensive lifecycle approach to managing cybersecurity risk.;987292390922;ap-southeast-2;2026-09-13 17:05:55.304157;po_4;Governance and risk management processes address cybersecurity risks.;Govern (GV);Policies, Processes, and Procedures (GV.PO);;aws;;FAIL;No CloudTrail trails enabled and logging management events were found.;arn:aws:cloudtrail:ap-southeast-2:987292390922:trail;cloudtrail_multi_region_enabled_logging_management_events;False;987292390922;NIST-CSF;National Institute of Standards and Technology (NIST) Cybersecurity Framework (CSF) v2.0;
aws;The NIST Cybersecurity Framework (CSF) 2.0 offers a taxonomy of high-level cybersecurity outcomes that can be used by any organization regardless of its size, sector, or maturity to better understand, assess, prioritize, and communicate its cybersecurity efforts. The framework's core functions are organized into six key areas: Govern (new), Identify, Protect, Detect, Respond, and Recover. Together, these functions provide a comprehensive lifecycle approach to managing cybersecurity risk.;987292390922;ap-southeast-2;2026-09-13 17:05:55.304157;ov_3;Cybersecurity risk management strategy and practices are reviewed and adjusted to adapt to changes in the threat landscape, technologies, or mission, business, or system environments.;Govern (GV);Oversight (GV.OV);;aws;;FAIL;No CloudTrail trails enabled and logging management events were found.;arn:aws:cloudtrail:ap-southeast-2:987292390922:trail;cloudtrail_multi_region_enabled_logging_management_events;False;987292390922;NIST-CSF;National Institute of Standards and Technology (NIST) Cybersecurity Framework (CSF) v2.0;
aws;The NIST Cybersecurity Framework (CSF) 2.0 offers a taxonomy of high-level cybersecurity outcomes that can be used by any organization regardless of its size, sector, or maturity to better understand, assess, prioritize, and communicate its cybersecurity efforts. The framework's core functions are organized into six key areas: Govern (new), Identify, Protect, Detect, Respond, and Recover. Together, these functions provide a comprehensive lifecycle approach to managing cybersecurity risk.;987292390922;ap-southeast-2;2026-09-13 17:05:55.304157;pt_1;Audit/log records are determined, documented, implemented, and reviewed in accordance with policy.;Protect (PR);Protective Technology (PR.PT);;aws;;FAIL;No CloudTrail trails enabled and logging management events were found.;arn:aws:cloudtrail:ap-southeast-2:987292390922:trail;cloudtrail_multi_region_enabled_logging_management_events;False;987292390922;NIST-CSF;National Institute of Standards and Technology (NIST) Cybersecurity Framework (CSF) v2.0;
aws;The NIST Cybersecurity Framework (CSF) 2.0 offers a taxonomy of high-level cybersecurity outcomes that can be used by any organization regardless of its size, sector, or maturity to better understand, assess, prioritize, and communicate its cybersecurity efforts. The framework's core functions are organized into six key areas: Govern (new), Identify, Protect, Detect, Respond, and Recover. Together, these functions provide a comprehensive lifecycle approach to managing cybersecurity risk.;987292390922;ap-southeast-2;2026-09-13 17:05:55.304157;ae_1;A baseline of network operations and expected data flows for users and systems is established and managed.;Detect (DE);Anomalies and Events (DE.AE);;aws;;FAIL;No CloudTrail trails enabled and logging management events were found.;arn:aws:cloudtrail:ap-southeast-2:987292390922:trail;cloudtrail_multi_region_enabled_logging_management_events;False;987292390922;NIST-CSF;National Institute of Standards and Technology (NIST) Cybersecurity Framework (CSF) v2.0;
aws;The NIST Cybersecurity Framework (CSF) 2.0 offers a taxonomy of high-level cybersecurity outcomes that can be used by any organization regardless of its size, sector, or maturity to better understand, assess, prioritize, and communicate its cybersecurity efforts. The framework's core functions are organized into six key areas: Govern (new), Identify, Protect, Detect, Respond, and Recover. Together, these functions provide a comprehensive lifecycle approach to managing cybersecurity risk.;987292390922;ap-southeast-2;2026-09-13 17:05:55.304157;ae_3;Event data are collected and correlated from multiple sources and sensors.;Detect (DE);Anomalies and Events (DE.AE);;aws;;FAIL;No CloudTrail trails enabled and logging management events were found.;arn:aws:cloudtrail:ap-southeast-2:987292390922:trail;cloudtrail_multi_region_enabled_logging_management_events;False;987292390922;NIST-CSF;National Institute of Standards and Technology (NIST) Cybersecurity Framework (CSF) v2.0;
aws;The NIST Cybersecurity Framework (CSF) 2.0 offers a taxonomy of high-level cybersecurity outcomes that can be used by any organization regardless of its size, sector, or maturity to better understand, assess, prioritize, and communicate its cybersecurity efforts. The framework's core functions are organized into six key areas: Govern (new), Identify, Protect, Detect, Respond, and Recover. Together, these functions provide a comprehensive lifecycle approach to managing cybersecurity risk.;987292390922;ap-southeast-2;2026-09-13 17:05:55.304157;cm_1;The network is monitored to detect potential cybersecurity events.;Detect (DE);Security Continuous Monitoring (DE.CM);;aws;;FAIL;No CloudTrail trails enabled and logging management events were found.;arn:aws:cloudtrail:ap-southeast-2:987292390922:trail;cloudtrail_multi_region_enabled_logging_management_events;False;987292390922;NIST-CSF;National Institute of Standards and Technology (NIST) Cybersecurity Framework (CSF) v2.0;
aws;The NIST Cybersecurity Framework (CSF) 2.0 offers a taxonomy of high-level cybersecurity outcomes that can be used by any organization regardless of its size, sector, or maturity to better understand, assess, prioritize, and communicate its cybersecurity efforts. The framework's core functions are organized into six key areas: Govern (new), Identify, Protect, Detect, Respond, and Recover. Together, these functions provide a comprehensive lifecycle approach to managing cybersecurity risk.;987292390922;ap-southeast-2;2026-09-13 17:05:55.304157;cm_3;Personnel activity is monitored to detect potential cybersecurity events.;Detect (DE);Security Continuous Monitoring (DE.CM);;aws;;FAIL;No CloudTrail trails enabled and logging management events were found.;arn:aws:cloudtrail:ap-southeast-2:987292390922:trail;cloudtrail_multi_region_enabled_logging_management_events;False;987292390922;NIST-CSF;National Institute of Standards and Technology (NIST) Cybersecurity Framework (CSF) v2.0;
aws;The NIST Cybersecurity Framework (CSF) 2.0 offers a taxonomy of high-level cybersecurity outcomes that can be used by any organization regardless of its size, sector, or maturity to better understand, assess, prioritize, and communicate its cybersecurity efforts. The framework's core functions are organized into six key areas: Govern (new), Identify, Protect, Detect, Respond, and Recover. Together, these functions provide a comprehensive lifecycle approach to managing cybersecurity risk.;987292390922;ap-southeast-2;2026-09-13 17:05:55.304157;dp_4;Event detection information is communicated.;Detect (DE);Detection Processes (DE.DP);;aws;;FAIL;No CloudTrail trails enabled and logging management events were found.;arn:aws:cloudtrail:ap-southeast-2:987292390922:trail;cloudtrail_multi_region_enabled_logging_management_events;False;987292390922;NIST-CSF;National Institute of Standards and Technology (NIST) Cybersecurity Framework (CSF) v2.0;
aws;The NIST Cybersecurity Framework (CSF) 2.0 offers a taxonomy of high-level cybersecurity outcomes that can be used by any organization regardless of its size, sector, or maturity to better understand, assess, prioritize, and communicate its cybersecurity efforts. The framework's core functions are organized into six key areas: Govern (new), Identify, Protect, Detect, Respond, and Recover. Together, these functions provide a comprehensive lifecycle approach to managing cybersecurity risk.;987292390922;ca-central-1;2026-09-13 17:05:55.304157;po_4;Governance and risk management processes address cybersecurity risks.;Govern (GV);Policies, Processes, and Procedures (GV.PO);;aws;;FAIL;No CloudTrail trails enabled and logging management events were found.;arn:aws:cloudtrail:ca-central-1:987292390922:trail;cloudtrail_multi_region_enabled_logging_management_events;False;987292390922;NIST-CSF;National Institute of Standards and Technology (NIST) Cybersecurity Framework (CSF) v2.0;
aws;The NIST Cybersecurity Framework (CSF) 2.0 offers a taxonomy of high-level cybersecurity outcomes that can be used by any organization regardless of its size, sector, or maturity to better understand, assess, prioritize, and communicate its cybersecurity efforts. The framework's core functions are organized into six key areas: Govern (new), Identify, Protect, Detect, Respond, and Recover. Together, these functions provide a comprehensive lifecycle approach to managing cybersecurity risk.;987292390922;ca-central-1;2026-09-13 17:05:55.304157;ov_3;Cybersecurity risk management strategy and practices are reviewed and adjusted to adapt to changes in the threat landscape, technologies, or mission, business, or system environments.;Govern (GV);Oversight (GV.OV);;aws;;FAIL;No CloudTrail trails enabled and logging management events were found.;arn:aws:cloudtrail:ca-central-1:987292390922:trail;cloudtrail_multi_region_enabled_logging_management_events;False;987292390922;NIST-CSF;National Institute of Standards and Technology (NIST) Cybersecurity Framework (CSF) v2.0;
aws;The NIST Cybersecurity Framework (CSF) 2.0 offers a taxonomy of high-level cybersecurity outcomes that can be used by any organization regardless of its size, sector, or maturity to better understand, assess, prioritize, and communicate its cybersecurity efforts. The framework's core functions are organized into six key areas: Govern (new), Identify, Protect, Detect, Respond, and Recover. Together, these functions provide a comprehensive lifecycle approach to managing cybersecurity risk.;987292390922;ca-central-1;2026-09-13 17:05:55.304157;pt_1;Audit/log records are determined, documented, implemented, and reviewed in accordance with policy.;Protect (PR);Protective Technology (PR.PT);;aws;;FAIL;No CloudTrail trails enabled and logging management events were found.;arn:aws:cloudtrail:ca-central-1:987292390922:trail;cloudtrail_multi_region_enabled_logging_management_events;False;987292390922;NIST-CSF;National Institute of Standards and Technology (NIST) Cybersecurity Framework (CSF) v2.0;
aws;The NIST Cybersecurity Framework (CSF) 2.0 offers a taxonomy of high-level cybersecurity outcomes that can be used by any organization regardless of its size, sector, or maturity to better understand, assess, prioritize, and communicate its cybersecurity efforts. The framework's core functions are organized into six key areas: Govern (new), Identify, Protect, Detect, Respond, and Recover. Together, these functions provide a comprehensive lifecycle approach to managing cybersecurity risk.;987292390922;ca-central-1;2026-09-13 17:05:55.304157;ae_1;A baseline of network operations and expected data flows for users and systems is established and managed.;Detect (DE);Anomalies and Events (DE.AE);;aws;;FAIL;No CloudTrail trails enabled and logging management events were found.;arn:aws:cloudtrail:ca-central-1:987292390922:trail;cloudtrail_multi_region_enabled_logging_management_events;False;987292390922;NIST-CSF;National Institute of Standards and Technology (NIST) Cybersecurity Framework (CSF) v2.0;
aws;The NIST Cybersecurity Framework (CSF) 2.0 offers a taxonomy of high-level cybersecurity outcomes that can be used by any organization regardless of its size, sector, or maturity to better understand, assess, prioritize, and communicate its cybersecurity efforts. The framework's core functions are organized into six key areas: Govern (new), Identify, Protect, Detect, Respond, and Recover. Together, these functions provide a comprehensive lifecycle approach to managing cybersecurity risk.;987292390922;ca-central-1;2026-09-13 17:05:55.304157;ae_3;Event data are collected and correlated from multiple sources and sensors.;Detect (DE);Anomalies and Events (DE.AE);;aws;;FAIL;No CloudTrail trails enabled and logging management events were found.;arn:aws:cloudtrail:ca-central-1:987292390922:trail;cloudtrail_multi_region_enabled_logging_management_events;False;987292390922;NIST-CSF;National Institute of Standards and Technology (NIST) Cybersecurity Framework (CSF) v2.0;
aws;The NIST Cybersecurity Framework (CSF) 2.0 offers a taxonomy of high-level cybersecurity outcomes that can be used by any organization regardless of its size, sector, or maturity to better understand, assess, prioritize, and communicate its cybersecurity efforts. The framework's core functions are organized into six key areas: Govern (new), Identify, Protect, Detect, Respond, and Recover. Together, these functions provide a comprehensive lifecycle approach to managing cybersecurity risk.;987292390922;ca-central-1;2026-09-13 17:05:55.304157;cm_1;The network is monitored to detect potential cybersecurity events.;Detect (DE);Security Continuous Monitoring (DE.CM);;aws;;FAIL;No CloudTrail trails enabled and logging management events were found.;arn:aws:cloudtrail:ca-central-1:987292390922:trail;cloudtrail_multi_region_enabled_logging_management_events;False;987292390922;NIST-CSF;National Institute of Standards and Technology (NIST) Cybersecurity Framework (CSF) v2.0;
aws;The NIST Cybersecurity Framework (CSF) 2.0 offers a taxonomy of high-level cybersecurity outcomes that can be used by any organization regardless of its size, sector, or maturity to better understand, assess, prioritize, and communicate its cybersecurity efforts. The framework's core functions are organized into six key areas: Govern (new), Identify, Protect, Detect, Respond, and Recover. Together, these functions provide a comprehensive lifecycle approach to managing cybersecurity risk.;987292390922;ca-central-1;2026-09-13 17:05:55.304157;cm_3;Personnel activity is monitored to detect potential cybersecurity events.;Detect (DE);Security Continuous Monitoring (DE.CM);;aws;;FAIL;No CloudTrail trails enabled and logging management events were found.;arn:aws:cloudtrail:ca-central-1:987292390922:trail;cloudtrail_multi_region_enabled_logging_management_events;False;987292390922;NIST-CSF;National Institute of Standards and Technology (NIST) Cybersecurity Framework (CSF) v2.0;
aws;The NIST Cybersecurity Framework (CSF) 2.0 offers a taxonomy of high-level cybersecurity outcomes that can be used by any organization regardless of its size, sector, or maturity to better understand, assess, prioritize, and communicate its cybersecurity efforts. The framework's core functions are organized into six key areas: Govern (new), Identify, Protect, Detect, Respond, and Recover. Together, these functions provide a comprehensive lifecycle approach to managing cybersecurity risk.;987292390922;ca-central-1;2026-09-13 17:05:55.304157;dp_4;Event detection information is communicated.;Detect (DE);Detection Processes (DE.DP);;aws;;FAIL;No CloudTrail trails enabled and logging management events were found.;arn:aws:cloudtrail:ca-central-1:987292390922:trail;cloudtrail_multi_region_enabled_logging_management_events;False;987292390922;NIST-CSF;National Institute of Standards and Technology (NIST) Cybersecurity Framework (CSF) v2.0;
aws;The NIST Cybersecurity Framework (CSF) 2.0 offers a taxonomy of high-level cybersecurity outcomes that can be used by any organization regardless of its size, sector, or maturity to better understand, assess, prioritize, and communicate its cybersecurity efforts. The framework's core functions are organized into six key areas: Govern (new), Identify, Protect, Detect, Respond, and Recover. Together, these functions provide a comprehensive lifecycle approach to managing cybersecurity risk.;987292390922;eu-central-1;2026-09-13 17:05:55.304157;po_4;Governance and risk management processes address cybersecurity risks.;Govern (GV);Policies, Processes, and Procedures (GV.PO);;aws;;FAIL;No CloudTrail trails enabled and logging management events were found.;arn:aws:cloudtrail:eu-central-1:987292390922:trail;cloudtrail_multi_region_enabled_logging_management_events;False;987292390922;NIST-CSF;National Institute of Standards and Technology (NIST) Cybersecurity Framework (CSF) v2.0;
aws;The NIST Cybersecurity Framework (CSF) 2.0 offers a taxonomy of high-level cybersecurity outcomes that can be used by any organization regardless of its size, sector, or maturity to better understand, assess, prioritize, and communicate its cybersecurity efforts. The framework's core functions are organized into six key areas: Govern (new), Identify, Protect, Detect, Respond, and Recover. Together, these functions provide a comprehensive lifecycle approach to managing cybersecurity risk.;987292390922;eu-central-1;2026-09-13 17:05:55.304157;ov_3;Cybersecurity risk management strategy and practices are reviewed and adjusted to adapt to changes in the threat landscape, technologies, or mission, business, or system environments.;Govern (GV);Oversight (GV.OV);;aws;;FAIL;No CloudTrail trails enabled and logging management events were found.;arn:aws:cloudtrail:eu-central-1:987292390922:trail;cloudtrail_multi_region_enabled_logging_management_events;False;987292390922;NIST-CSF;National Institute of Standards and Technology (NIST) Cybersecurity Framework (CSF) v2.0;
aws;The NIST Cybersecurity Framework (CSF) 2.0 offers a taxonomy of high-level cybersecurity outcomes that can be used by any organization regardless of its size, sector, or maturity to better understand, assess, prioritize, and communicate its cybersecurity efforts. The framework's core functions are organized into six key areas: Govern (new), Identify, Protect, Detect, Respond, and Recover. Together, these functions provide a comprehensive lifecycle approach to managing cybersecurity risk.;987292390922;eu-central-1;2026-09-13 17:05:55.304157;pt_1;Audit/log records are determined, documented, implemented, and reviewed in accordance with policy.;Protect (PR);Protective Technology (PR.PT);;aws;;FAIL;No CloudTrail trails enabled and logging management events were found.;arn:aws:cloudtrail:eu-central-1:987292390922:trail;cloudtrail_multi_region_enabled_logging_management_events;False;987292390922;NIST-CSF;National Institute of Standards and Technology (NIST) Cybersecurity Framework (CSF) v2.0;
aws;The NIST Cybersecurity Framework (CSF) 2.0 offers a taxonomy of high-level cybersecurity outcomes that can be used by any organization regardless of its size, sector, or maturity to better understand, assess, prioritize, and communicate its cybersecurity efforts. The framework's core functions are organized into six key areas: Govern (new), Identify, Protect, Detect, Respond, and Recover. Together, these functions provide a comprehensive lifecycle approach to managing cybersecurity risk.;987292390922;eu-central-1;2026-09-13 17:05:55.304157;ae_1;A baseline of network operations and expected data flows for users and systems is established and managed.;Detect (DE);Anomalies and Events (DE.AE);;aws;;FAIL;No CloudTrail trails enabled and logging management events were found.;arn:aws:cloudtrail:eu-central-1:987292390922:trail;cloudtrail_multi_region_enabled_logging_management_events;False;987292390922;NIST-CSF;National Institute of Standards and Technology (NIST) Cybersecurity Framework (CSF) v2.0;
aws;The NIST Cybersecurity Framework (CSF) 2.0 offers a taxonomy of high-level cybersecurity outcomes that can be used by any organization regardless of its size, sector, or maturity to better understand, assess, prioritize, and communicate its cybersecurity efforts. The framework's core functions are organized into six key areas: Govern (new), Identify, Protect, Detect, Respond, and Recover. Together, these functions provide a comprehensive lifecycle approach to managing cybersecurity risk.;987292390922;eu-central-1;2026-09-13 17:05:55.304157;ae_3;Event data are collected and correlated from multiple sources and sensors.;Detect (DE);Anomalies and Events (DE.AE);;aws;;FAIL;No CloudTrail trails enabled and logging management events were found.;arn:aws:cloudtrail:eu-central-1:987292390922:trail;cloudtrail_multi_region_enabled_logging_management_events;False;987292390922;NIST-CSF;National Institute of Standards and Technology (NIST) Cybersecurity Framework (CSF) v2.0;
aws;The NIST Cybersecurity Framework (CSF) 2.0 offers a taxonomy of high-level cybersecurity outcomes that can be used by any organization regardless of its size, sector, or maturity to better understand, assess, prioritize, and communicate its cybersecurity efforts. The framework's core functions are organized into six key areas: Govern (new), Identify, Protect, Detect, Respond, and Recover. Together, these functions provide a comprehensive lifecycle approach to managing cybersecurity risk.;987292390922;eu-central-1;2026-09-13 17:05:55.304157;cm_1;The network is monitored to detect potential cybersecurity events.;Detect (DE);Security Continuous Monitoring (DE.CM);;aws;;FAIL;No CloudTrail trails enabled and logging management events were found.;arn:aws:cloudtrail:eu-central-1:987292390922:trail;cloudtrail_multi_region_enabled_logging_management_events;False;987292390922;NIST-CSF;National Institute of Standards and Technology (NIST) Cybersecurity Framework (CSF) v2.0;
aws;The NIST Cybersecurity Framework (CSF) 2.0 offers a taxonomy of high-level cybersecurity outcomes that can be used by any organization regardless of its size, sector, or maturity to better understand, assess, prioritize, and communicate its cybersecurity efforts. The framework's core functions are organized into six key areas: Govern (new), Identify, Protect, Detect, Respond, and Recover. Together, these functions provide a comprehensive lifecycle approach to managing cybersecurity risk.;987292390922;eu-central-1;2026-09-13 17:05:55.304157;cm_3;Personnel activity is monitored to detect potential cybersecurity events.;Detect (DE);Security Continuous Monitoring (DE.CM);;aws;;FAIL;No CloudTrail trails enabled and logging management events were found.;arn:aws:cloudtrail:eu-central-1:987292390922:trail;cloudtrail_multi_region_enabled_logging_management_events;False;987292390922;NIST-CSF;National Institute of Standards and Technology (NIST) Cybersecurity Framework (CSF) v2.0;
aws;The NIST Cybersecurity Framework (CSF) 2.0 offers a taxonomy of high-level cybersecurity outcomes that can be used by any organization regardless of its size, sector, or maturity to better understand, assess, prioritize, and communicate its cybersecurity efforts. The framework's core functions are organized into six key areas: Govern (new), Identify, Protect, Detect, Respond, and Recover. Together, these functions provide a comprehensive lifecycle approach to managing cybersecurity risk.;987292390922;eu-central-1;2026-09-13 17:05:55.304157;dp_4;Event detection information is communicated.;Detect (DE);Detection Processes (DE.DP);;aws;;FAIL;No CloudTrail trails enabled and logging management events were found.;arn:aws:cloudtrail:eu-central-1:987292390922:trail;cloudtrail_multi_region_enabled_logging_management_events;False;987292390922;NIST-CSF;National Institute of Standards and Technology (NIST) Cybersecurity Framework (CSF) v2.0;
aws;The NIST Cybersecurity Framework (CSF) 2.0 offers a taxonomy of high-level cybersecurity outcomes that can be used by any organization regardless of its size, sector, or maturity to better understand, assess, prioritize, and communicate its cybersecurity efforts. The framework's core functions are organized into six key areas: Govern (new), Identify, Protect, Detect, Respond, and Recover. Together, these functions provide a comprehensive lifecycle approach to managing cybersecurity risk.;987292390922;eu-north-1;2026-09-13 17:05:55.304157;po_4;Governance and risk management processes address cybersecurity risks.;Govern (GV);Policies, Processes, and Procedures (GV.PO);;aws;;FAIL;No CloudTrail trails enabled and logging management events were found.;arn:aws:cloudtrail:eu-north-1:987292390922:trail;cloudtrail_multi_region_enabled_logging_management_events;False;987292390922;NIST-CSF;National Institute of Standards and Technology (NIST) Cybersecurity Framework (CSF) v2.0;
aws;The NIST Cybersecurity Framework (CSF) 2.0 offers a taxonomy of high-level cybersecurity outcomes that can be used by any organization regardless of its size, sector, or maturity to better understand, assess, prioritize, and communicate its cybersecurity efforts. The framework's core functions are organized into six key areas: Govern (new), Identify, Protect, Detect, Respond, and Recover. Together, these functions provide a comprehensive lifecycle approach to managing cybersecurity risk.;987292390922;eu-north-1;2026-09-13 17:05:55.304157;ov_3;Cybersecurity risk management strategy and practices are reviewed and adjusted to adapt to changes in the threat landscape, technologies, or mission, business, or system environments.;Govern (GV);Oversight (GV.OV);;aws;;FAIL;No CloudTrail trails enabled and logging management events were found.;arn:aws:cloudtrail:eu-north-1:987292390922:trail;cloudtrail_multi_region_enabled_logging_management_events;False;987292390922;NIST-CSF;National Institute of Standards and Technology (NIST) Cybersecurity Framework (CSF) v2.0;
aws;The NIST Cybersecurity Framework (CSF) 2.0 offers a taxonomy of high-level cybersecurity outcomes that can be used by any organization regardless of its size, sector, or maturity to better understand, assess, prioritize, and communicate its cybersecurity efforts. The framework's core functions are organized into six key areas: Govern (new), Identify, Protect, Detect, Respond, and Recover. Together, these functions provide a comprehensive lifecycle approach to managing cybersecurity risk.;987292390922;eu-north-1;2026-09-13 17:05:55.304157;pt_1;Audit/log records are determined, documented, implemented, and reviewed in accordance with policy.;Protect (PR);Protective Technology (PR.PT);;aws;;FAIL;No CloudTrail trails enabled and logging management events were found.;arn:aws:cloudtrail:eu-north-1:987292390922:trail;cloudtrail_multi_region_enabled_logging_management_events;False;987292390922;NIST-CSF;National Institute of Standards and Technology (NIST) Cybersecurity Framework (CSF) v2.0;
aws;The NIST Cybersecurity Framework (CSF) 2.0 offers a taxonomy of high-level cybersecurity outcomes that can be used by any organization regardless of its size, sector, or maturity to better understand, assess, prioritize, and communicate its cybersecurity efforts. The framework's core functions are organized into six key areas: Govern (new), Identify, Protect, Detect, Respond, and Recover. Together, these functions provide a comprehensive lifecycle approach to managing cybersecurity risk.;987292390922;eu-north-1;2026-09-13 17:05:55.304157;ae_1;A baseline of network operations and expected data flows for users and systems is established and managed.;Detect (DE);Anomalies and Events (DE.AE);;aws;;FAIL;No CloudTrail trails enabled and logging management events were found.;arn:aws:cloudtrail:eu-north-1:987292390922:trail;cloudtrail_multi_region_enabled_logging_management_events;False;987292390922;NIST-CSF;National Institute of Standards and Technology (NIST) Cybersecurity Framework (CSF) v2.0;
aws;The NIST Cybersecurity Framework (CSF) 2.0 offers a taxonomy of high-level cybersecurity outcomes that can be used by any organization regardless of its size, sector, or maturity to better understand, assess, prioritize, and communicate its cybersecurity efforts. The framework's core functions are organized into six key areas: Govern (new), Identify, Protect, Detect, Respond, and Recover. Together, these functions provide a comprehensive lifecycle approach to managing cybersecurity risk.;987292390922;eu-north-1;2026-09-13 17:05:55.304157;ae_3;Event data are collected and correlated from multiple sources and sensors.;Detect (DE);Anomalies and Events (DE.AE);;aws;;FAIL;No CloudTrail trails enabled and logging management events were found.;arn:aws:cloudtrail:eu-north-1:987292390922:trail;cloudtrail_multi_region_enabled_logging_management_events;False;987292390922;NIST-CSF;National Institute of Standards and Technology (NIST) Cybersecurity Framework (CSF) v2.0;
aws;The NIST Cybersecurity Framework (CSF) 2.0 offers a taxonomy of high-level cybersecurity outcomes that can be used by any organization regardless of its size, sector, or maturity to better understand, assess, prioritize, and communicate its cybersecurity efforts. The framework's core functions are organized into six key areas: Govern (new), Identify, Protect, Detect, Respond, and Recover. Together, these functions provide a comprehensive lifecycle approach to managing cybersecurity risk.;987292390922;eu-north-1;2026-09-13 17:05:55.304157;cm_1;The network is monitored to detect potential cybersecurity events.;Detect (DE);Security Continuous Monitoring (DE.CM);;aws;;FAIL;No CloudTrail trails enabled and logging management events were found.;arn:aws:cloudtrail:eu-north-1:987292390922:trail;cloudtrail_multi_region_enabled_logging_management_events;False;987292390922;NIST-CSF;National Institute of Standards and Technology (NIST) Cybersecurity Framework (CSF) v2.0;
aws;The NIST Cybersecurity Framework (CSF) 2.0 offers a taxonomy of high-level cybersecurity outcomes that can be used by any organization regardless of its size, sector, or maturity to better understand, assess, prioritize, and communicate its cybersecurity efforts. The framework's core functions are organized into six key areas: Govern (new), Identify, Protect, Detect, Respond, and Recover. Together, these functions provide a comprehensive lifecycle approach to managing cybersecurity risk.;987292390922;eu-north-1;2026-09-13 17:05:55.304157;cm_3;Personnel activity is monitored to detect potential cybersecurity events.;Detect (DE);Security Continuous Monitoring (DE.CM);;aws;;FAIL;No CloudTrail trails enabled and logging management events were found.;arn:aws:cloudtrail:eu-north-1:987292390922:trail;cloudtrail_multi_region_enabled_logging_management_events;False;987292390922;NIST-CSF;National Institute of Standards and Technology (NIST) Cybersecurity Framework (CSF) v2.0;
aws;The NIST Cybersecurity Framework (CSF) 2.0 offers a taxonomy of high-level cybersecurity outcomes that can be used by any organization regardless of its size, sector, or maturity to better understand, assess, prioritize, and communicate its cybersecurity efforts. The framework's core functions are organized into six key areas: Govern (new), Identify, Protect, Detect, Respond, and Recover. Together, these functions provide a comprehensive lifecycle approach to managing cybersecurity risk.;987292390922;eu-north-1;2026-09-13 17:05:55.304157;dp_4;Event detection information is communicated.;Detect (DE);Detection Processes (DE.DP);;aws;;FAIL;No CloudTrail trails enabled and logging management events were found.;arn:aws:cloudtrail:eu-north-1:987292390922:trail;cloudtrail_multi_region_enabled_logging_management_events;False;987292390922;NIST-CSF;National Institute of Standards and Technology (NIST) Cybersecurity Framework (CSF) v2.0;
aws;The NIST Cybersecurity Framework (CSF) 2.0 offers a taxonomy of high-level cybersecurity outcomes that can be used by any organization regardless of its size, sector, or maturity to better understand, assess, prioritize, and communicate its cybersecurity efforts. The framework's core functions are organized into six key areas: Govern (new), Identify, Protect, Detect, Respond, and Recover. Together, these functions provide a comprehensive lifecycle approach to managing cybersecurity risk.;987292390922;eu-west-1;2026-09-13 17:05:55.304157;po_4;Governance and risk management processes address cybersecurity risks.;Govern (GV);Policies, Processes, and Procedures (GV.PO);;aws;;FAIL;No CloudTrail trails enabled and logging management events were found.;arn:aws:cloudtrail:eu-west-1:987292390922:trail;cloudtrail_multi_region_enabled_logging_management_events;False;987292390922;NIST-CSF;National Institute of Standards and Technology (NIST) Cybersecurity Framework (CSF) v2.0;
aws;The NIST Cybersecurity Framework (CSF) 2.0 offers a taxonomy of high-level cybersecurity outcomes that can be used by any organization regardless of its size, sector, or maturity to better understand, assess, prioritize, and communicate its cybersecurity efforts. The framework's core functions are organized into six key areas: Govern (new), Identify, Protect, Detect, Respond, and Recover. Together, these functions provide a comprehensive lifecycle approach to managing cybersecurity risk.;987292390922;eu-west-1;2026-09-13 17:05:55.304157;ov_3;Cybersecurity risk management strategy and practices are reviewed and adjusted to adapt to changes in the threat landscape, technologies, or mission, business, or system environments.;Govern (GV);Oversight (GV.OV);;aws;;FAIL;No CloudTrail trails enabled and logging management events were found.;arn:aws:cloudtrail:eu-west-1:987292390922:trail;cloudtrail_multi_region_enabled_logging_management_events;False;987292390922;NIST-CSF;National Institute of Standards and Technology (NIST) Cybersecurity Framework (CSF) v2.0;
aws;The NIST Cybersecurity Framework (CSF) 2.0 offers a taxonomy of high-level cybersecurity outcomes that can be used by any organization regardless of its size, sector, or maturity to better understand, assess, prioritize, and communicate its cybersecurity efforts. The framework's core functions are organized into six key areas: Govern (new), Identify, Protect, Detect, Respond, and Recover. Together, these functions provide a comprehensive lifecycle approach to managing cybersecurity risk.;987292390922;eu-west-1;2026-09-13 17:05:55.304157;pt_1;Audit/log records are determined, documented, implemented, and reviewed in accordance with policy.;Protect (PR);Protective Technology (PR.PT);;aws;;FAIL;No CloudTrail trails enabled and logging management events were found.;arn:aws:cloudtrail:eu-west-1:987292390922:trail;cloudtrail_multi_region_enabled_logging_management_events;False;987292390922;NIST-CSF;National Institute of Standards and Technology (NIST) Cybersecurity Framework (CSF) v2.0;
aws;The NIST Cybersecurity Framework (CSF) 2.0 offers a taxonomy of high-level cybersecurity outcomes that can be used by any organization regardless of its size, sector, or maturity to better understand, assess, prioritize, and communicate its cybersecurity efforts. The framework's core functions are organized into six key areas: Govern (new), Identify, Protect, Detect, Respond, and Recover. Together, these functions provide a comprehensive lifecycle approach to managing cybersecurity risk.;987292390922;eu-west-1;2026-09-13 17:05:55.304157;ae_1;A baseline of network operations and expected data flows for users and systems is established and managed.;Detect (DE);Anomalies and Events (DE.AE);;aws;;FAIL;No CloudTrail trails enabled and logging management events were found.;arn:aws:cloudtrail:eu-west-1:987292390922:trail;cloudtrail_multi_region_enabled_logging_management_events;False;987292390922;NIST-CSF;National Institute of Standards and Technology (NIST) Cybersecurity Framework (CSF) v2.0;
aws;The NIST Cybersecurity Framework (CSF) 2.0 offers a taxonomy of high-level cybersecurity outcomes that can be used by any organization regardless of its size, sector, or maturity to better understand, assess, prioritize, and communicate its cybersecurity efforts. The framework's core functions are organized into six key areas: Govern (new), Identify, Protect, Detect, Respond, and Recover. Together, these functions provide a comprehensive lifecycle approach to managing cybersecurity risk.;987292390922;eu-west-1;2026-09-13 17:05:55.304157;ae_3;Event data are collected and correlated from multiple sources and sensors.;Detect (DE);Anomalies and Events (DE.AE);;aws;;FAIL;No CloudTrail trails enabled and logging management events were found.;arn:aws:cloudtrail:eu-west-1:987292390922:trail;cloudtrail_multi_region_enabled_logging_management_events;False;987292390922;NIST-CSF;National Institute of Standards and Technology (NIST) Cybersecurity Framework (CSF) v2.0;
aws;The NIST Cybersecurity Framework (CSF) 2.0 offers a taxonomy of high-level cybersecurity outcomes that can be used by any organization regardless of its size, sector, or maturity to better understand, assess, prioritize, and communicate its cybersecurity efforts. The framework's core functions are organized into six key areas: Govern (new), Identify, Protect, Detect, Respond, and Recover. Together, these functions provide a comprehensive lifecycle approach to managing cybersecurity risk.;987292390922;eu-west-1;2026-09-13 17:05:55.304157;cm_1;The network is monitored to detect potential cybersecurity events.;Detect (DE);Security Continuous Monitoring (DE.CM);;aws;;FAIL;No CloudTrail trails enabled and logging management events were found.;arn:aws:cloudtrail:eu-west-1:987292390922:trail;cloudtrail_multi_region_enabled_logging_management_events;False;987292390922;NIST-CSF;National Institute of Standards and Technology (NIST) Cybersecurity Framework (CSF) v2.0;
aws;The NIST Cybersecurity Framework (CSF) 2.0 offers a taxonomy of high-level cybersecurity outcomes that can be used by any organization regardless of its size, sector, or maturity to better understand, assess, prioritize, and communicate its cybersecurity efforts. The framework's core functions are organized into six key areas: Govern (new), Identify, Protect, Detect, Respond, and Recover. Together, these functions provide a comprehensive lifecycle approach to managing cybersecurity risk.;987292390922;eu-west-1;2026-09-13 17:05:55.304157;cm_3;Personnel activity is monitored to detect potential cybersecurity events.;Detect (DE);Security Continuous Monitoring (DE.CM);;aws;;FAIL;No CloudTrail trails enabled and logging management events were found.;arn:aws:cloudtrail:eu-west-1:987292390922:trail;cloudtrail_multi_region_enabled_logging_management_events;False;987292390922;NIST-CSF;National Institute of Standards and Technology (NIST) Cybersecurity Framework (CSF) v2.0;
aws;The NIST Cybersecurity Framework (CSF) 2.0 offers a taxonomy of high-level cybersecurity outcomes that can be used by any organization regardless of its size, sector, or maturity to better understand, assess, prioritize, and communicate its cybersecurity efforts. The framework's core functions are organized into six key areas: Govern (new), Identify, Protect, Detect, Respond, and Recover. Together, these functions provide a comprehensive lifecycle approach to managing cybersecurity risk.;987292390922;eu-west-1;2026-09-13 17:05:55.304157;dp_4;Event detection information is communicated.;Detect (DE);Detection Processes (DE.DP);;aws;;FAIL;No CloudTrail trails enabled and logging management events were found.;arn:aws:cloudtrail:eu-west-1:987292390922:trail;cloudtrail_multi_region_enabled_logging_management_events;False;987292390922;NIST-CSF;National Institute of Standards and Technology (NIST) Cybersecurity Framework (CSF) v2.0;
aws;The NIST Cybersecurity Framework (CSF) 2.0 offers a taxonomy of high-level cybersecurity outcomes that can be used by any organization regardless of its size, sector, or maturity to better understand, assess, prioritize, and communicate its cybersecurity efforts. The framework's core functions are organized into six key areas: Govern (new), Identify, Protect, Detect, Respond, and Recover. Together, these functions provide a comprehensive lifecycle approach to managing cybersecurity risk.;987292390922;eu-west-2;2026-09-13 17:05:55.304157;po_4;Governance and risk management processes address cybersecurity risks.;Govern (GV);Policies, Processes, and Procedures (GV.PO);;aws;;FAIL;No CloudTrail trails enabled and logging management events were found.;arn:aws:cloudtrail:eu-west-2:987292390922:trail;cloudtrail_multi_region_enabled_logging_management_events;False;987292390922;NIST-CSF;National Institute of Standards and Technology (NIST) Cybersecurity Framework (CSF) v2.0;
aws;The NIST Cybersecurity Framework (CSF) 2.0 offers a taxonomy of high-level cybersecurity outcomes that can be used by any organization regardless of its size, sector, or maturity to better understand, assess, prioritize, and communicate its cybersecurity efforts. The framework's core functions are organized into six key areas: Govern (new), Identify, Protect, Detect, Respond, and Recover. Together, these functions provide a comprehensive lifecycle approach to managing cybersecurity risk.;987292390922;eu-west-2;2026-09-13 17:05:55.304157;ov_3;Cybersecurity risk management strategy and practices are reviewed and adjusted to adapt to changes in the threat landscape, technologies, or mission, business, or system environments.;Govern (GV);Oversight (GV.OV);;aws;;FAIL;No CloudTrail trails enabled and logging management events were found.;arn:aws:cloudtrail:eu-west-2:987292390922:trail;cloudtrail_multi_region_enabled_logging_management_events;False;987292390922;NIST-CSF;National Institute of Standards and Technology (NIST) Cybersecurity Framework (CSF) v2.0;
aws;The NIST Cybersecurity Framework (CSF) 2.0 offers a taxonomy of high-level cybersecurity outcomes that can be used by any organization regardless of its size, sector, or maturity to better understand, assess, prioritize, and communicate its cybersecurity efforts. The framework's core functions are organized into six key areas: Govern (new), Identify, Protect, Detect, Respond, and Recover. Together, these functions provide a comprehensive lifecycle approach to managing cybersecurity risk.;987292390922;eu-west-2;2026-09-13 17:05:55.304157;pt_1;Audit/log records are determined, documented, implemented, and reviewed in accordance with policy.;Protect (PR);Protective Technology (PR.PT);;aws;;FAIL;No CloudTrail trails enabled and logging management events were found.;arn:aws:cloudtrail:eu-west-2:987292390922:trail;cloudtrail_multi_region_enabled_logging_management_events;False;987292390922;NIST-CSF;National Institute of Standards and Technology (NIST) Cybersecurity Framework (CSF) v2.0;
aws;The NIST Cybersecurity Framework (CSF) 2.0 offers a taxonomy of high-level cybersecurity outcomes that can be used by any organization regardless of its size, sector, or maturity to better understand, assess, prioritize, and communicate its cybersecurity efforts. The framework's core functions are organized into six key areas: Govern (new), Identify, Protect, Detect, Respond, and Recover. Together, these functions provide a comprehensive lifecycle approach to managing cybersecurity risk.;987292390922;eu-west-2;2026-09-13 17:05:55.304157;ae_1;A baseline of network operations and expected data flows for users and systems is established and managed.;Detect (DE);Anomalies and Events (DE.AE);;aws;;FAIL;No CloudTrail trails enabled and logging management events were found.;arn:aws:cloudtrail:eu-west-2:987292390922:trail;cloudtrail_multi_region_enabled_logging_management_events;False;987292390922;NIST-CSF;National Institute of Standards and Technology (NIST) Cybersecurity Framework (CSF) v2.0;
aws;The NIST Cybersecurity Framework (CSF) 2.0 offers a taxonomy of high-level cybersecurity outcomes that can be used by any organization regardless of its size, sector, or maturity to better understand, assess, prioritize, and communicate its cybersecurity efforts. The framework's core functions are organized into six key areas: Govern (new), Identify, Protect, Detect, Respond, and Recover. Together, these functions provide a comprehensive lifecycle approach to managing cybersecurity risk.;987292390922;eu-west-2;2026-09-13 17:05:55.304157;ae_3;Event data are collected and correlated from multiple sources and sensors.;Detect (DE);Anomalies and Events (DE.AE);;aws;;FAIL;No CloudTrail trails enabled and logging management events were found.;arn:aws:cloudtrail:eu-west-2:987292390922:trail;cloudtrail_multi_region_enabled_logging_management_events;False;987292390922;NIST-CSF;National Institute of Standards and Technology (NIST) Cybersecurity Framework (CSF) v2.0;
aws;The NIST Cybersecurity Framework (CSF) 2.0 offers a taxonomy of high-level cybersecurity outcomes that can be used by any organization regardless of its size, sector, or maturity to better understand, assess, prioritize, and communicate its cybersecurity efforts. The framework's core functions are organized into six key areas: Govern (new), Identify, Protect, Detect, Respond, and Recover. Together, these functions provide a comprehensive lifecycle approach to managing cybersecurity risk.;987292390922;eu-west-2;2026-09-13 17:05:55.304157;cm_1;The network is monitored to detect potential cybersecurity events.;Detect (DE);Security Continuous Monitoring (DE.CM);;aws;;FAIL;No CloudTrail trails enabled and logging management events were found.;arn:aws:cloudtrail:eu-west-2:987292390922:trail;cloudtrail_multi_region_enabled_logging_management_events;False;987292390922;NIST-CSF;National Institute of Standards and Technology (NIST) Cybersecurity Framework (CSF) v2.0;
aws;The NIST Cybersecurity Framework (CSF) 2.0 offers a taxonomy of high-level cybersecurity outcomes that can be used by any organization regardless of its size, sector, or maturity to better understand, assess, prioritize, and communicate its cybersecurity efforts. The framework's core functions are organized into six key areas: Govern (new), Identify, Protect, Detect, Respond, and Recover. Together, these functions provide a comprehensive lifecycle approach to managing cybersecurity risk.;987292390922;eu-west-2;2026-09-13 17:05:55.304157;cm_3;Personnel activity is monitored to detect potential cybersecurity events.;Detect (DE);Security Continuous Monitoring (DE.CM);;aws;;FAIL;No CloudTrail trails enabled and logging management events were found.;arn:aws:cloudtrail:eu-west-2:987292390922:trail;cloudtrail_multi_region_enabled_logging_management_events;False;987292390922;NIST-CSF;National Institute of Standards and Technology (NIST) Cybersecurity Framework (CSF) v2.0;
aws;The NIST Cybersecurity Framework (CSF) 2.0 offers a taxonomy of high-level cybersecurity outcomes that can be used by any organization regardless of its size, sector, or maturity to better understand, assess, prioritize, and communicate its cybersecurity efforts. The framework's core functions are organized into six key areas: Govern (new), Identify, Protect, Detect, Respond, and Recover. Together, these functions provide a comprehensive lifecycle approach to managing cybersecurity risk.;987292390922;eu-west-2;2026-09-13 17:05:55.304157;dp_4;Event detection information is communicated.;Detect (DE);Detection Processes (DE.DP);;aws;;FAIL;No CloudTrail trails enabled and logging management events were found.;arn:aws:cloudtrail:eu-west-2:987292390922:trail;cloudtrail_multi_region_enabled_logging_management_events;False;987292390922;NIST-CSF;National Institute of Standards and Technology (NIST) Cybersecurity Framework (CSF) v2.0;
aws;The NIST Cybersecurity Framework (CSF) 2.0 offers a taxonomy of high-level cybersecurity outcomes that can be used by any organization regardless of its size, sector, or maturity to better understand, assess, prioritize, and communicate its cybersecurity efforts. The framework's core functions are organized into six key areas: Govern (new), Identify, Protect, Detect, Respond, and Recover. Together, these functions provide a comprehensive lifecycle approach to managing cybersecurity risk.;987292390922;eu-west-3;2026-09-13 17:05:55.304157;po_4;Governance and risk management processes address cybersecurity risks.;Govern (GV);Policies, Processes, and Procedures (GV.PO);;aws;;FAIL;No CloudTrail trails enabled and logging management events were found.;arn:aws:cloudtrail:eu-west-3:987292390922:trail;cloudtrail_multi_region_enabled_logging_management_events;False;987292390922;NIST-CSF;National Institute of Standards and Technology (NIST) Cybersecurity Framework (CSF) v2.0;
aws;The NIST Cybersecurity Framework (CSF) 2.0 offers a taxonomy of high-level cybersecurity outcomes that can be used by any organization regardless of its size, sector, or maturity to better understand, assess, prioritize, and communicate its cybersecurity efforts. The framework's core functions are organized into six key areas: Govern (new), Identify, Protect, Detect, Respond, and Recover. Together, these functions provide a comprehensive lifecycle approach to managing cybersecurity risk.;987292390922;eu-west-3;2026-09-13 17:05:55.304157;ov_3;Cybersecurity risk management strategy and practices are reviewed and adjusted to adapt to changes in the threat landscape, technologies, or mission, business, or system environments.;Govern (GV);Oversight (GV.OV);;aws;;FAIL;No CloudTrail trails enabled and logging management events were found.;arn:aws:cloudtrail:eu-west-3:987292390922:trail;cloudtrail_multi_region_enabled_logging_management_events;False;987292390922;NIST-CSF;National Institute of Standards and Technology (NIST) Cybersecurity Framework (CSF) v2.0;
aws;The NIST Cybersecurity Framework (CSF) 2.0 offers a taxonomy of high-level cybersecurity outcomes that can be used by any organization regardless of its size, sector, or maturity to better understand, assess, prioritize, and communicate its cybersecurity efforts. The framework's core functions are organized into six key areas: Govern (new), Identify, Protect, Detect, Respond, and Recover. Together, these functions provide a comprehensive lifecycle approach to managing cybersecurity risk.;987292390922;eu-west-3;2026-09-13 17:05:55.304157;pt_1;Audit/log records are determined, documented, implemented, and reviewed in accordance with policy.;Protect (PR);Protective Technology (PR.PT);;aws;;FAIL;No CloudTrail trails enabled and logging management events were found.;arn:aws:cloudtrail:eu-west-3:987292390922:trail;cloudtrail_multi_region_enabled_logging_management_events;False;987292390922;NIST-CSF;National Institute of Standards and Technology (NIST) Cybersecurity Framework (CSF) v2.0;
aws;The NIST Cybersecurity Framework (CSF) 2.0 offers a taxonomy of high-level cybersecurity outcomes that can be used by any organization regardless of its size, sector, or maturity to better understand, assess, prioritize, and communicate its cybersecurity efforts. The framework's core functions are organized into six key areas: Govern (new), Identify, Protect, Detect, Respond, and Recover. Together, these functions provide a comprehensive lifecycle approach to managing cybersecurity risk.;987292390922;eu-west-3;2026-09-13 17:05:55.304157;ae_1;A baseline of network operations and expected data flows for users and systems is established and managed.;Detect (DE);Anomalies and Events (DE.AE);;aws;;FAIL;No CloudTrail trails enabled and logging management events were found.;arn:aws:cloudtrail:eu-west-3:987292390922:trail;cloudtrail_multi_region_enabled_logging_management_events;False;987292390922;NIST-CSF;National Institute of Standards and Technology (NIST) Cybersecurity Framework (CSF) v2.0;
aws;The NIST Cybersecurity Framework (CSF) 2.0 offers a taxonomy of high-level cybersecurity outcomes that can be used by any organization regardless of its size, sector, or maturity to better understand, assess, prioritize, and communicate its cybersecurity efforts. The framework's core functions are organized into six key areas: Govern (new), Identify, Protect, Detect, Respond, and Recover. Together, these functions provide a comprehensive lifecycle approach to managing cybersecurity risk.;987292390922;eu-west-3;2026-09-13 17:05:55.304157;ae_3;Event data are collected and correlated from multiple sources and sensors.;Detect (DE);Anomalies and Events (DE.AE);;aws;;FAIL;No CloudTrail trails enabled and logging management events were found.;arn:aws:cloudtrail:eu-west-3:987292390922:trail;cloudtrail_multi_region_enabled_logging_management_events;False;987292390922;NIST-CSF;National Institute of Standards and Technology (NIST) Cybersecurity Framework (CSF) v2.0;
aws;The NIST Cybersecurity Framework (CSF) 2.0 offers a taxonomy of high-level cybersecurity outcomes that can be used by any organization regardless of its size, sector, or maturity to better understand, assess, prioritize, and communicate its cybersecurity efforts. The framework's core functions are organized into six key areas: Govern (new), Identify, Protect, Detect, Respond, and Recover. Together, these functions provide a comprehensive lifecycle approach to managing cybersecurity risk.;987292390922;eu-west-3;2026-09-13 17:05:55.304157;cm_1;The network is monitored to detect potential cybersecurity events.;Detect (DE);Security Continuous Monitoring (DE.CM);;aws;;FAIL;No CloudTrail trails enabled and logging management events were found.;arn:aws:cloudtrail:eu-west-3:987292390922:trail;cloudtrail_multi_region_enabled_logging_management_events;False;987292390922;NIST-CSF;National Institute of Standards and Technology (NIST) Cybersecurity Framework (CSF) v2.0;
aws;The NIST Cybersecurity Framework (CSF) 2.0 offers a taxonomy of high-level cybersecurity outcomes that can be used by any organization regardless of its size, sector, or maturity to better understand, assess, prioritize, and communicate its cybersecurity efforts. The framework's core functions are organized into six key areas: Govern (new), Identify, Protect, Detect, Respond, and Recover. Together, these functions provide a comprehensive lifecycle approach to managing cybersecurity risk.;987292390922;eu-west-3;2026-09-13 17:05:55.304157;cm_3;Personnel activity is monitored to detect potential cybersecurity events.;Detect (DE);Security Continuous Monitoring (DE.CM);;aws;;FAIL;No CloudTrail trails enabled and logging management events were found.;arn:aws:cloudtrail:eu-west-3:987292390922:trail;cloudtrail_multi_region_enabled_logging_management_events;False;987292390922;NIST-CSF;National Institute of Standards and Technology (NIST) Cybersecurity Framework (CSF) v2.0;
aws;The NIST Cybersecurity Framework (CSF) 2.0 offers a taxonomy of high-level cybersecurity outcomes that can be used by any organization regardless of its size, sector, or maturity to better understand, assess, prioritize, and communicate its cybersecurity efforts. The framework's core functions are organized into six key areas: Govern (new), Identify, Protect, Detect, Respond, and Recover. Together, these functions provide a comprehensive lifecycle approach to managing cybersecurity risk.;987292390922;eu-west-3;2026-09-13 17:05:55.304157;dp_4;Event detection information is communicated.;Detect (DE);Detection Processes (DE.DP);;aws;;FAIL;No CloudTrail trails enabled and logging management events were found.;arn:aws:cloudtrail:eu-west-3:987292390922:trail;cloudtrail_multi_region_enabled_logging_management_events;False;987292390922;NIST-CSF;National Institute of Standards and Technology (NIST) Cybersecurity Framework (CSF) v2.0;
aws;The NIST Cybersecurity Framework (CSF) 2.0 offers a taxonomy of high-level cybersecurity outcomes that can be used by any organization regardless of its size, sector, or maturity to better understand, assess, prioritize, and communicate its cybersecurity efforts. The framework's core functions are organized into six key areas: Govern (new), Identify, Protect, Detect, Respond, and Recover. Together, these functions provide a comprehensive lifecycle approach to managing cybersecurity risk.;987292390922;sa-east-1;2026-09-13 17:05:55.304157;po_4;Governance and risk management processes address cybersecurity risks.;Govern (GV);Policies, Processes, and Procedures (GV.PO);;aws;;FAIL;No CloudTrail trails enabled and logging management events were found.;arn:aws:cloudtrail:sa-east-1:987292390922:trail;cloudtrail_multi_region_enabled_logging_management_events;False;987292390922;NIST-CSF;National Institute of Standards and Technology (NIST) Cybersecurity Framework (CSF) v2.0;
aws;The NIST Cybersecurity Framework (CSF) 2.0 offers a taxonomy of high-level cybersecurity outcomes that can be used by any organization regardless of its size, sector, or maturity to better understand, assess, prioritize, and communicate its cybersecurity efforts. The framework's core functions are organized into six key areas: Govern (new), Identify, Protect, Detect, Respond, and Recover. Together, these functions provide a comprehensive lifecycle approach to managing cybersecurity risk.;987292390922;sa-east-1;2026-09-13 17:05:55.304157;ov_3;Cybersecurity risk management strategy and practices are reviewed and adjusted to adapt to changes in the threat landscape, technologies, or mission, business, or system environments.;Govern (GV);Oversight (GV.OV);;aws;;FAIL;No CloudTrail trails enabled and logging management events were found.;arn:aws:cloudtrail:sa-east-1:987292390922:trail;cloudtrail_multi_region_enabled_logging_management_events;False;987292390922;NIST-CSF;National Institute of Standards and Technology (NIST) Cybersecurity Framework (CSF) v2.0;
aws;The NIST Cybersecurity Framework (CSF) 2.0 offers a taxonomy of high-level cybersecurity outcomes that can be used by any organization regardless of its size, sector, or maturity to better understand, assess, prioritize, and communicate its cybersecurity efforts. The framework's core functions are organized into six key areas: Govern (new), Identify, Protect, Detect, Respond, and Recover. Together, these functions provide a comprehensive lifecycle approach to managing cybersecurity risk.;987292390922;sa-east-1;2026-09-13 17:05:55.304157;pt_1;Audit/log records are determined, documented, implemented, and reviewed in accordance with policy.;Protect (PR);Protective Technology (PR.PT);;aws;;FAIL;No CloudTrail trails enabled and logging management events were found.;arn:aws:cloudtrail:sa-east-1:987292390922:trail;cloudtrail_multi_region_enabled_logging_management_events;False;987292390922;NIST-CSF;National Institute of Standards and Technology (NIST) Cybersecurity Framework (CSF) v2.0;
aws;The NIST Cybersecurity Framework (CSF) 2.0 offers a taxonomy of high-level cybersecurity outcomes that can be used by any organization regardless of its size, sector, or maturity to better understand, assess, prioritize, and communicate its cybersecurity efforts. The framework's core functions are organized into six key areas: Govern (new), Identify, Protect, Detect, Respond, and Recover. Together, these functions provide a comprehensive lifecycle approach to managing cybersecurity risk.;987292390922;sa-east-1;2026-09-13 17:05:55.304157;ae_1;A baseline of network operations and expected data flows for users and systems is established and managed.;Detect (DE);Anomalies and Events (DE.AE);;aws;;FAIL;No CloudTrail trails enabled and logging management events were found.;arn:aws:cloudtrail:sa-east-1:987292390922:trail;cloudtrail_multi_region_enabled_logging_management_events;False;987292390922;NIST-CSF;National Institute of Standards and Technology (NIST) Cybersecurity Framework (CSF) v2.0;
aws;The NIST Cybersecurity Framework (CSF) 2.0 offers a taxonomy of high-level cybersecurity outcomes that can be used by any organization regardless of its size, sector, or maturity to better understand, assess, prioritize, and communicate its cybersecurity efforts. The framework's core functions are organized into six key areas: Govern (new), Identify, Protect, Detect, Respond, and Recover. Together, these functions provide a comprehensive lifecycle approach to managing cybersecurity risk.;987292390922;sa-east-1;2026-09-13 17:05:55.304157;ae_3;Event data are collected and correlated from multiple sources and sensors.;Detect (DE);Anomalies and Events (DE.AE);;aws;;FAIL;No CloudTrail trails enabled and logging management events were found.;arn:aws:cloudtrail:sa-east-1:987292390922:trail;cloudtrail_multi_region_enabled_logging_management_events;False;987292390922;NIST-CSF;National Institute of Standards and Technology (NIST) Cybersecurity Framework (CSF) v2.0;
aws;The NIST Cybersecurity Framework (CSF) 2.0 offers a taxonomy of high-level cybersecurity outcomes that can be used by any organization regardless of its size, sector, or maturity to better understand, assess, prioritize, and communicate its cybersecurity efforts. The framework's core functions are organized into six key areas: Govern (new), Identify, Protect, Detect, Respond, and Recover. Together, these functions provide a comprehensive lifecycle approach to managing cybersecurity risk.;987292390922;sa-east-1;2026-09-13 17:05:55.304157;cm_1;The network is monitored to detect potential cybersecurity events.;Detect (DE);Security Continuous Monitoring (DE.CM);;aws;;FAIL;No CloudTrail trails enabled and logging management events were found.;arn:aws:cloudtrail:sa-east-1:987292390922:trail;cloudtrail_multi_region_enabled_logging_management_events;False;987292390922;NIST-CSF;National Institute of Standards and Technology (NIST) Cybersecurity Framework (CSF) v2.0;
aws;The NIST Cybersecurity Framework (CSF) 2.0 offers a taxonomy of high-level cybersecurity outcomes that can be used by any organization regardless of its size, sector, or maturity to better understand, assess, prioritize, and communicate its cybersecurity efforts. The framework's core functions are organized into six key areas: Govern (new), Identify, Protect, Detect, Respond, and Recover. Together, these functions provide a comprehensive lifecycle approach to managing cybersecurity risk.;987292390922;sa-east-1;2026-09-13 17:05:55.304157;cm_3;Personnel activity is monitored to detect potential cybersecurity events.;Detect (DE);Security Continuous Monitoring (DE.CM);;aws;;FAIL;No CloudTrail trails enabled and logging management events were found.;arn:aws:cloudtrail:sa-east-1:987292390922:trail;cloudtrail_multi_region_enabled_logging_management_events;False;987292390922;NIST-CSF;National Institute of Standards and Technology (NIST) Cybersecurity Framework (CSF) v2.0;
aws;The NIST Cybersecurity Framework (CSF) 2.0 offers a taxonomy of high-level cybersecurity outcomes that can be used by any organization regardless of its size, sector, or maturity to better understand, assess, prioritize, and communicate its cybersecurity efforts. The framework's core functions are organized into six key areas: Govern (new), Identify, Protect, Detect, Respond, and Recover. Together, these functions provide a comprehensive lifecycle approach to managing cybersecurity risk.;987292390922;sa-east-1;2026-09-13 17:05:55.304157;dp_4;Event detection information is communicated.;Detect (DE);Detection Processes (DE.DP);;aws;;FAIL;No CloudTrail trails enabled and logging management events were found.;arn:aws:cloudtrail:sa-east-1:987292390922:trail;cloudtrail_multi_region_enabled_logging_management_events;False;987292390922;NIST-CSF;National Institute of Standards and Technology (NIST) Cybersecurity Framework (CSF) v2.0;
aws;The NIST Cybersecurity Framework (CSF) 2.0 offers a taxonomy of high-level cybersecurity outcomes that can be used by any organization regardless of its size, sector, or maturity to better understand, assess, prioritize, and communicate its cybersecurity efforts. The framework's core functions are organized into six key areas: Govern (new), Identify, Protect, Detect, Respond, and Recover. Together, these functions provide a comprehensive lifecycle approach to managing cybersecurity risk.;987292390922;us-east-1;2026-09-13 17:05:55.304157;po_4;Governance and risk management processes address cybersecurity risks.;Govern (GV);Policies, Processes, and Procedures (GV.PO);;aws;;FAIL;No CloudTrail trails enabled and logging management events were found.;arn:aws:cloudtrail:us-east-1:987292390922:trail;cloudtrail_multi_region_enabled_logging_management_events;False;987292390922;NIST-CSF;National Institute of Standards and Technology (NIST) Cybersecurity Framework (CSF) v2.0;
aws;The NIST Cybersecurity Framework (CSF) 2.0 offers a taxonomy of high-level cybersecurity outcomes that can be used by any organization regardless of its size, sector, or maturity to better understand, assess, prioritize, and communicate its cybersecurity efforts. The framework's core functions are organized into six key areas: Govern (new), Identify, Protect, Detect, Respond, and Recover. Together, these functions provide a comprehensive lifecycle approach to managing cybersecurity risk.;987292390922;us-east-1;2026-09-13 17:05:55.304157;ov_3;Cybersecurity risk management strategy and practices are reviewed and adjusted to adapt to changes in the threat landscape, technologies, or mission, business, or system environments.;Govern (GV);Oversight (GV.OV);;aws;;FAIL;No CloudTrail trails enabled and logging management events were found.;arn:aws:cloudtrail:us-east-1:987292390922:trail;cloudtrail_multi_region_enabled_logging_management_events;False;987292390922;NIST-CSF;National Institute of Standards and Technology (NIST) Cybersecurity Framework (CSF) v2.0;
aws;The NIST Cybersecurity Framework (CSF) 2.0 offers a taxonomy of high-level cybersecurity outcomes that can be used by any organization regardless of its size, sector, or maturity to better understand, assess, prioritize, and communicate its cybersecurity efforts. The framework's core functions are organized into six key areas: Govern (new), Identify, Protect, Detect, Respond, and Recover. Together, these functions provide a comprehensive lifecycle approach to managing cybersecurity risk.;987292390922;us-east-1;2026-09-13 17:05:55.304157;pt_1;Audit/log records are determined, documented, implemented, and reviewed in accordance with policy.;Protect (PR);Protective Technology (PR.PT);;aws;;FAIL;No CloudTrail trails enabled and logging management events were found.;arn:aws:cloudtrail:us-east-1:987292390922:trail;cloudtrail_multi_region_enabled_logging_management_events;False;987292390922;NIST-CSF;National Institute of Standards and Technology (NIST) Cybersecurity Framework (CSF) v2.0;
aws;The NIST Cybersecurity Framework (CSF) 2.0 offers a taxonomy of high-level cybersecurity outcomes that can be used by any organization regardless of its size, sector, or maturity to better understand, assess, prioritize, and communicate its cybersecurity efforts. The framework's core functions are organized into six key areas: Govern (new), Identify, Protect, Detect, Respond, and Recover. Together, these functions provide a comprehensive lifecycle approach to managing cybersecurity risk.;987292390922;us-east-1;2026-09-13 17:05:55.304157;ae_1;A baseline of network operations and expected data flows for users and systems is established and managed.;Detect (DE);Anomalies and Events (DE.AE);;aws;;FAIL;No CloudTrail trails enabled and logging management events were found.;arn:aws:cloudtrail:us-east-1:987292390922:trail;cloudtrail_multi_region_enabled_logging_management_events;False;987292390922;NIST-CSF;National Institute of Standards and Technology (NIST) Cybersecurity Framework (CSF) v2.0;
aws;The NIST Cybersecurity Framework (CSF) 2.0 offers a taxonomy of high-level cybersecurity outcomes that can be used by any organization regardless of its size, sector, or maturity to better understand, assess, prioritize, and communicate its cybersecurity efforts. The framework's core functions are organized into six key areas: Govern (new), Identify, Protect, Detect, Respond, and Recover. Together, these functions provide a comprehensive lifecycle approach to managing cybersecurity risk.;987292390922;us-east-1;2026-09-13 17:05:55.304157;ae_3;Event data are collected and correlated from multiple sources and sensors.;Detect (DE);Anomalies and Events (DE.AE);;aws;;FAIL;No CloudTrail trails enabled and logging management events were found.;arn:aws:cloudtrail:us-east-1:987292390922:trail;cloudtrail_multi_region_enabled_logging_management_events;False;987292390922;NIST-CSF;National Institute of Standards and Technology (NIST) Cybersecurity Framework (CSF) v2.0;
aws;The NIST Cybersecurity Framework (CSF) 2.0 offers a taxonomy of high-level cybersecurity outcomes that can be used by any organization regardless of its size, sector, or maturity to better understand, assess, prioritize, and communicate its cybersecurity efforts. The framework's core functions are organized into six key areas: Govern (new), Identify, Protect, Detect, Respond, and Recover. Together, these functions provide a comprehensive lifecycle approach to managing cybersecurity risk.;987292390922;us-east-1;2026-09-13 17:05:55.304157;cm_1;The network is monitored to detect potential cybersecurity events.;Detect (DE);Security Continuous Monitoring (DE.CM);;aws;;FAIL;No CloudTrail trails enabled and logging management events were found.;arn:aws:cloudtrail:us-east-1:987292390922:trail;cloudtrail_multi_region_enabled_logging_management_events;False;987292390922;NIST-CSF;National Institute of Standards and Technology (NIST) Cybersecurity Framework (CSF) v2.0;
aws;The NIST Cybersecurity Framework (CSF) 2.0 offers a taxonomy of high-level cybersecurity outcomes that can be used by any organization regardless of its size, sector, or maturity to better understand, assess, prioritize, and communicate its cybersecurity efforts. The framework's core functions are organized into six key areas: Govern (new), Identify, Protect, Detect, Respond, and Recover. Together, these functions provide a comprehensive lifecycle approach to managing cybersecurity risk.;987292390922;us-east-1;2026-09-13 17:05:55.304157;cm_3;Personnel activity is monitored to detect potential cybersecurity events.;Detect (DE);Security Continuous Monitoring (DE.CM);;aws;;FAIL;No CloudTrail trails enabled and logging management events were found.;arn:aws:cloudtrail:us-east-1:987292390922:trail;cloudtrail_multi_region_enabled_logging_management_events;False;987292390922;NIST-CSF;National Institute of Standards and Technology (NIST) Cybersecurity Framework (CSF) v2.0;
aws;The NIST Cybersecurity Framework (CSF) 2.0 offers a taxonomy of high-level cybersecurity outcomes that can be used by any organization regardless of its size, sector, or maturity to better understand, assess, prioritize, and communicate its cybersecurity efforts. The framework's core functions are organized into six key areas: Govern (new), Identify, Protect, Detect, Respond, and Recover. Together, these functions provide a comprehensive lifecycle approach to managing cybersecurity risk.;987292390922;us-east-1;2026-09-13 17:05:55.304157;dp_4;Event detection information is communicated.;Detect (DE);Detection Processes (DE.DP);;aws;;FAIL;No CloudTrail trails enabled and logging management events were found.;arn:aws:cloudtrail:us-east-1:987292390922:trail;cloudtrail_multi_region_enabled_logging_management_events;False;987292390922;NIST-CSF;National Institute of Standards and Technology (NIST) Cybersecurity Framework (CSF) v2.0;
aws;The NIST Cybersecurity Framework (CSF) 2.0 offers a taxonomy of high-level cybersecurity outcomes that can be used by any organization regardless of its size, sector, or maturity to better understand, assess, prioritize, and communicate its cybersecurity efforts. The framework's core functions are organized into six key areas: Govern (new), Identify, Protect, Detect, Respond, and Recover. Together, these functions provide a comprehensive lifecycle approach to managing cybersecurity risk.;987292390922;us-east-2;2026-09-13 17:05:55.304157;po_4;Governance and risk management processes address cybersecurity risks.;Govern (GV);Policies, Processes, and Procedures (GV.PO);;aws;;FAIL;No CloudTrail trails enabled and logging management events were found.;arn:aws:cloudtrail:us-east-2:987292390922:trail;cloudtrail_multi_region_enabled_logging_management_events;False;987292390922;NIST-CSF;National Institute of Standards and Technology (NIST) Cybersecurity Framework (CSF) v2.0;
aws;The NIST Cybersecurity Framework (CSF) 2.0 offers a taxonomy of high-level cybersecurity outcomes that can be used by any organization regardless of its size, sector, or maturity to better understand, assess, prioritize, and communicate its cybersecurity efforts. The framework's core functions are organized into six key areas: Govern (new), Identify, Protect, Detect, Respond, and Recover. Together, these functions provide a comprehensive lifecycle approach to managing cybersecurity risk.;987292390922;us-east-2;2026-09-13 17:05:55.304157;ov_3;Cybersecurity risk management strategy and practices are reviewed and adjusted to adapt to changes in the threat landscape, technologies, or mission, business, or system environments.;Govern (GV);Oversight (GV.OV);;aws;;FAIL;No CloudTrail trails enabled and logging management events were found.;arn:aws:cloudtrail:us-east-2:987292390922:trail;cloudtrail_multi_region_enabled_logging_management_events;False;987292390922;NIST-CSF;National Institute of Standards and Technology (NIST) Cybersecurity Framework (CSF) v2.0;
aws;The NIST Cybersecurity Framework (CSF) 2.0 offers a taxonomy of high-level cybersecurity outcomes that can be used by any organization regardless of its size, sector, or maturity to better understand, assess, prioritize, and communicate its cybersecurity efforts. The framework's core functions are organized into six key areas: Govern (new), Identify, Protect, Detect, Respond, and Recover. Together, these functions provide a comprehensive lifecycle approach to managing cybersecurity risk.;987292390922;us-east-2;2026-09-13 17:05:55.304157;pt_1;Audit/log records are determined, documented, implemented, and reviewed in accordance with policy.;Protect (PR);Protective Technology (PR.PT);;aws;;FAIL;No CloudTrail trails enabled and logging management events were found.;arn:aws:cloudtrail:us-east-2:987292390922:trail;cloudtrail_multi_region_enabled_logging_management_events;False;987292390922;NIST-CSF;National Institute of Standards and Technology (NIST) Cybersecurity Framework (CSF) v2.0;
aws;The NIST Cybersecurity Framework (CSF) 2.0 offers a taxonomy of high-level cybersecurity outcomes that can be used by any organization regardless of its size, sector, or maturity to better understand, assess, prioritize, and communicate its cybersecurity efforts. The framework's core functions are organized into six key areas: Govern (new), Identify, Protect, Detect, Respond, and Recover. Together, these functions provide a comprehensive lifecycle approach to managing cybersecurity risk.;987292390922;us-east-2;2026-09-13 17:05:55.304157;ae_1;A baseline of network operations and expected data flows for users and systems is established and managed.;Detect (DE);Anomalies and Events (DE.AE);;aws;;FAIL;No CloudTrail trails enabled and logging management events were found.;arn:aws:cloudtrail:us-east-2:987292390922:trail;cloudtrail_multi_region_enabled_logging_management_events;False;987292390922;NIST-CSF;National Institute of Standards and Technology (NIST) Cybersecurity Framework (CSF) v2.0;
aws;The NIST Cybersecurity Framework (CSF) 2.0 offers a taxonomy of high-level cybersecurity outcomes that can be used by any organization regardless of its size, sector, or maturity to better understand, assess, prioritize, and communicate its cybersecurity efforts. The framework's core functions are organized into six key areas: Govern (new), Identify, Protect, Detect, Respond, and Recover. Together, these functions provide a comprehensive lifecycle approach to managing cybersecurity risk.;987292390922;us-east-2;2026-09-13 17:05:55.304157;ae_3;Event data are collected and correlated from multiple sources and sensors.;Detect (DE);Anomalies and Events (DE.AE);;aws;;FAIL;No CloudTrail trails enabled and logging management events were found.;arn:aws:cloudtrail:us-east-2:987292390922:trail;cloudtrail_multi_region_enabled_logging_management_events;False;987292390922;NIST-CSF;National Institute of Standards and Technology (NIST) Cybersecurity Framework (CSF) v2.0;
aws;The NIST Cybersecurity Framework (CSF) 2.0 offers a taxonomy of high-level cybersecurity outcomes that can be used by any organization regardless of its size, sector, or maturity to better understand, assess, prioritize, and communicate its cybersecurity efforts. The framework's core functions are organized into six key areas: Govern (new), Identify, Protect, Detect, Respond, and Recover. Together, these functions provide a comprehensive lifecycle approach to managing cybersecurity risk.;987292390922;us-east-2;2026-09-13 17:05:55.304157;cm_1;The network is monitored to detect potential cybersecurity events.;Detect (DE);Security Continuous Monitoring (DE.CM);;aws;;FAIL;No CloudTrail trails enabled and logging management events were found.;arn:aws:cloudtrail:us-east-2:987292390922:trail;cloudtrail_multi_region_enabled_logging_management_events;False;987292390922;NIST-CSF;National Institute of Standards and Technology (NIST) Cybersecurity Framework (CSF) v2.0;
aws;The NIST Cybersecurity Framework (CSF) 2.0 offers a taxonomy of high-level cybersecurity outcomes that can be used by any organization regardless of its size, sector, or maturity to better understand, assess, prioritize, and communicate its cybersecurity efforts. The framework's core functions are organized into six key areas: Govern (new), Identify, Protect, Detect, Respond, and Recover. Together, these functions provide a comprehensive lifecycle approach to managing cybersecurity risk.;987292390922;us-east-2;2026-09-13 17:05:55.304157;cm_3;Personnel activity is monitored to detect potential cybersecurity events.;Detect (DE);Security Continuous Monitoring (DE.CM);;aws;;FAIL;No CloudTrail trails enabled and logging management events were found.;arn:aws:cloudtrail:us-east-2:987292390922:trail;cloudtrail_multi_region_enabled_logging_management_events;False;987292390922;NIST-CSF;National Institute of Standards and Technology (NIST) Cybersecurity Framework (CSF) v2.0;
aws;The NIST Cybersecurity Framework (CSF) 2.0 offers a taxonomy of high-level cybersecurity outcomes that can be used by any organization regardless of its size, sector, or maturity to better understand, assess, prioritize, and communicate its cybersecurity efforts. The framework's core functions are organized into six key areas: Govern (new), Identify, Protect, Detect, Respond, and Recover. Together, these functions provide a comprehensive lifecycle approach to managing cybersecurity risk.;987292390922;us-east-2;2026-09-13 17:05:55.304157;dp_4;Event detection information is communicated.;Detect (DE);Detection Processes (DE.DP);;aws;;FAIL;No CloudTrail trails enabled and logging management events were found.;arn:aws:cloudtrail:us-east-2:987292390922:trail;cloudtrail_multi_region_enabled_logging_management_events;False;987292390922;NIST-CSF;National Institute of Standards and Technology (NIST) Cybersecurity Framework (CSF) v2.0;
aws;The NIST Cybersecurity Framework (CSF) 2.0 offers a taxonomy of high-level cybersecurity outcomes that can be used by any organization regardless of its size, sector, or maturity to better understand, assess, prioritize, and communicate its cybersecurity efforts. The framework's core functions are organized into six key areas: Govern (new), Identify, Protect, Detect, Respond, and Recover. Together, these functions provide a comprehensive lifecycle approach to managing cybersecurity risk.;987292390922;us-west-1;2026-09-13 17:05:55.304157;po_4;Governance and risk management processes address cybersecurity risks.;Govern (GV);Policies, Processes, and Procedures (GV.PO);;aws;;FAIL;No CloudTrail trails enabled and logging management events were found.;arn:aws:cloudtrail:us-west-1:987292390922:trail;cloudtrail_multi_region_enabled_logging_management_events;False;987292390922;NIST-CSF;National Institute of Standards and Technology (NIST) Cybersecurity Framework (CSF) v2.0;
aws;The NIST Cybersecurity Framework (CSF) 2.0 offers a taxonomy of high-level cybersecurity outcomes that can be used by any organization regardless of its size, sector, or maturity to better understand, assess, prioritize, and communicate its cybersecurity efforts. The framework's core functions are organized into six key areas: Govern (new), Identify, Protect, Detect, Respond, and Recover. Together, these functions provide a comprehensive lifecycle approach to managing cybersecurity risk.;987292390922;us-west-1;2026-09-13 17:05:55.304157;ov_3;Cybersecurity risk management strategy and practices are reviewed and adjusted to adapt to changes in the threat landscape, technologies, or mission, business, or system environments.;Govern (GV);Oversight (GV.OV);;aws;;FAIL;No CloudTrail trails enabled and logging management events were found.;arn:aws:cloudtrail:us-west-1:987292390922:trail;cloudtrail_multi_region_enabled_logging_management_events;False;987292390922;NIST-CSF;National Institute of Standards and Technology (NIST) Cybersecurity Framework (CSF) v2.0;
aws;The NIST Cybersecurity Framework (CSF) 2.0 offers a taxonomy of high-level cybersecurity outcomes that can be used by any organization regardless of its size, sector, or maturity to better understand, assess, prioritize, and communicate its cybersecurity efforts. The framework's core functions are organized into six key areas: Govern (new), Identify, Protect, Detect, Respond, and Recover. Together, these functions provide a comprehensive lifecycle approach to managing cybersecurity risk.;987292390922;us-west-1;2026-09-13 17:05:55.304157;pt_1;Audit/log records are determined, documented, implemented, and reviewed in accordance with policy.;Protect (PR);Protective Technology (PR.PT);;aws;;FAIL;No CloudTrail trails enabled and logging management events were found.;arn:aws:cloudtrail:us-west-1:987292390922:trail;cloudtrail_multi_region_enabled_logging_management_events;False;987292390922;NIST-CSF;National Institute of Standards and Technology (NIST) Cybersecurity Framework (CSF) v2.0;
aws;The NIST Cybersecurity Framework (CSF) 2.0 offers a taxonomy of high-level cybersecurity outcomes that can be used by any organization regardless of its size, sector, or maturity to better understand, assess, prioritize, and communicate its cybersecurity efforts. The framework's core functions are organized into six key areas: Govern (new), Identify, Protect, Detect, Respond, and Recover. Together, these functions provide a comprehensive lifecycle approach to managing cybersecurity risk.;987292390922;us-west-1;2026-09-13 17:05:55.304157;ae_1;A baseline of network operations and expected data flows for users and systems is established and managed.;Detect (DE);Anomalies and Events (DE.AE);;aws;;FAIL;No CloudTrail trails enabled and logging management events were found.;arn:aws:cloudtrail:us-west-1:987292390922:trail;cloudtrail_multi_region_enabled_logging_management_events;False;987292390922;NIST-CSF;National Institute of Standards and Technology (NIST) Cybersecurity Framework (CSF) v2.0;
aws;The NIST Cybersecurity Framework (CSF) 2.0 offers a taxonomy of high-level cybersecurity outcomes that can be used by any organization regardless of its size, sector, or maturity to better understand, assess, prioritize, and communicate its cybersecurity efforts. The framework's core functions are organized into six key areas: Govern (new), Identify, Protect, Detect, Respond, and Recover. Together, these functions provide a comprehensive lifecycle approach to managing cybersecurity risk.;987292390922;us-west-1;2026-09-13 17:05:55.304157;ae_3;Event data are collected and correlated from multiple sources and sensors.;Detect (DE);Anomalies and Events (DE.AE);;aws;;FAIL;No CloudTrail trails enabled and logging management events were found.;arn:aws:cloudtrail:us-west-1:987292390922:trail;cloudtrail_multi_region_enabled_logging_management_events;False;987292390922;NIST-CSF;National Institute of Standards and Technology (NIST) Cybersecurity Framework (CSF) v2.0;
aws;The NIST Cybersecurity Framework (CSF) 2.0 offers a taxonomy of high-level cybersecurity outcomes that can be used by any organization regardless of its size, sector, or maturity to better understand, assess, prioritize, and communicate its cybersecurity efforts. The framework's core functions are organized into six key areas: Govern (new), Identify, Protect, Detect, Respond, and Recover. Together, these functions provide a comprehensive lifecycle approach to managing cybersecurity risk.;987292390922;us-west-1;2026-09-13 17:05:55.304157;cm_1;The network is monitored to detect potential cybersecurity events.;Detect (DE);Security Continuous Monitoring (DE.CM);;aws;;FAIL;No CloudTrail trails enabled and logging management events were found.;arn:aws:cloudtrail:us-west-1:987292390922:trail;cloudtrail_multi_region_enabled_logging_management_events;False;987292390922;NIST-CSF;National Institute of Standards and Technology (NIST) Cybersecurity Framework (CSF) v2.0;
aws;The NIST Cybersecurity Framework (CSF) 2.0 offers a taxonomy of high-level cybersecurity outcomes that can be used by any organization regardless of its size, sector, or maturity to better understand, assess, prioritize, and communicate its cybersecurity efforts. The framework's core functions are organized into six key areas: Govern (new), Identify, Protect, Detect, Respond, and Recover. Together, these functions provide a comprehensive lifecycle approach to managing cybersecurity risk.;987292390922;us-west-1;2026-09-13 17:05:55.304157;cm_3;Personnel activity is monitored to detect potential cybersecurity events.;Detect (DE);Security Continuous Monitoring (DE.CM);;aws;;FAIL;No CloudTrail trails enabled and logging management events were found.;arn:aws:cloudtrail:us-west-1:987292390922:trail;cloudtrail_multi_region_enabled_logging_management_events;False;987292390922;NIST-CSF;National Institute of Standards and Technology (NIST) Cybersecurity Framework (CSF) v2.0;
aws;The NIST Cybersecurity Framework (CSF) 2.0 offers a taxonomy of high-level cybersecurity outcomes that can be used by any organization regardless of its size, sector, or maturity to better understand, assess, prioritize, and communicate its cybersecurity efforts. The framework's core functions are organized into six key areas: Govern (new), Identify, Protect, Detect, Respond, and Recover. Together, these functions provide a comprehensive lifecycle approach to managing cybersecurity risk.;987292390922;us-west-1;2026-09-13 17:05:55.304157;dp_4;Event detection information is communicated.;Detect (DE);Detection Processes (DE.DP);;aws;;FAIL;No CloudTrail trails enabled and logging management events were found.;arn:aws:cloudtrail:us-west-1:987292390922:trail;cloudtrail_multi_region_enabled_logging_management_events;False;987292390922;NIST-CSF;National Institute of Standards and Technology (NIST) Cybersecurity Framework (CSF) v2.0;
aws;The NIST Cybersecurity Framework (CSF) 2.0 offers a taxonomy of high-level cybersecurity outcomes that can be used by any organization regardless of its size, sector, or maturity to better understand, assess, prioritize, and communicate its cybersecurity efforts. The framework's core functions are organized into six key areas: Govern (new), Identify, Protect, Detect, Respond, and Recover. Together, these functions provide a comprehensive lifecycle approach to managing cybersecurity risk.;987292390922;us-west-2;2026-09-13 17:05:55.304157;po_4;Governance and risk management processes address cybersecurity risks.;Govern (GV);Policies, Processes, and Procedures (GV.PO);;aws;;FAIL;No CloudTrail trails enabled and logging management events were found.;arn:aws:cloudtrail:us-west-2:987292390922:trail;cloudtrail_multi_region_enabled_logging_management_events;False;987292390922;NIST-CSF;National Institute of Standards and Technology (NIST) Cybersecurity Framework (CSF) v2.0;
aws;The NIST Cybersecurity Framework (CSF) 2.0 offers a taxonomy of high-level cybersecurity outcomes that can be used by any organization regardless of its size, sector, or maturity to better understand, assess, prioritize, and communicate its cybersecurity efforts. The framework's core functions are organized into six key areas: Govern (new), Identify, Protect, Detect, Respond, and Recover. Together, these functions provide a comprehensive lifecycle approach to managing cybersecurity risk.;987292390922;us-west-2;2026-09-13 17:05:55.304157;ov_3;Cybersecurity risk management strategy and practices are reviewed and adjusted to adapt to changes in the threat landscape, technologies, or mission, business, or system environments.;Govern (GV);Oversight (GV.OV);;aws;;FAIL;No CloudTrail trails enabled and logging management events were found.;arn:aws:cloudtrail:us-west-2:987292390922:trail;cloudtrail_multi_region_enabled_logging_management_events;False;987292390922;NIST-CSF;National Institute of Standards and Technology (NIST) Cybersecurity Framework (CSF) v2.0;
aws;The NIST Cybersecurity Framework (CSF) 2.0 offers a taxonomy of high-level cybersecurity outcomes that can be used by any organization regardless of its size, sector, or maturity to better understand, assess, prioritize, and communicate its cybersecurity efforts. The framework's core functions are organized into six key areas: Govern (new), Identify, Protect, Detect, Respond, and Recover. Together, these functions provide a comprehensive lifecycle approach to managing cybersecurity risk.;987292390922;us-west-2;2026-09-13 17:05:55.304157;pt_1;Audit/log records are determined, documented, implemented, and reviewed in accordance with policy.;Protect (PR);Protective Technology (PR.PT);;aws;;FAIL;No CloudTrail trails enabled and logging management events were found.;arn:aws:cloudtrail:us-west-2:987292390922:trail;cloudtrail_multi_region_enabled_logging_management_events;False;987292390922;NIST-CSF;National Institute of Standards and Technology (NIST) Cybersecurity Framework (CSF) v2.0;
aws;The NIST Cybersecurity Framework (CSF) 2.0 offers a taxonomy of high-level cybersecurity outcomes that can be used by any organization regardless of its size, sector, or maturity to better understand, assess, prioritize, and communicate its cybersecurity efforts. The framework's core functions are organized into six key areas: Govern (new), Identify, Protect, Detect, Respond, and Recover. Together, these functions provide a comprehensive lifecycle approach to managing cybersecurity risk.;987292390922;us-west-2;2026-09-13 17:05:55.304157;ae_1;A baseline of network operations and expected data flows for users and systems is established and managed.;Detect (DE);Anomalies and Events (DE.AE);;aws;;FAIL;No CloudTrail trails enabled and logging management events were found.;arn:aws:cloudtrail:us-west-2:987292390922:trail;cloudtrail_multi_region_enabled_logging_management_events;False;987292390922;NIST-CSF;National Institute of Standards and Technology (NIST) Cybersecurity Framework (CSF) v2.0;
aws;The NIST Cybersecurity Framework (CSF) 2.0 offers a taxonomy of high-level cybersecurity outcomes that can be used by any organization regardless of its size, sector, or maturity to better understand, assess, prioritize, and communicate its cybersecurity efforts. The framework's core functions are organized into six key areas: Govern (new), Identify, Protect, Detect, Respond, and Recover. Together, these functions provide a comprehensive lifecycle approach to managing cybersecurity risk.;987292390922;us-west-2;2026-09-13 17:05:55.304157;ae_3;Event data are collected and correlated from multiple sources and sensors.;Detect (DE);Anomalies and Events (DE.AE);;aws;;FAIL;No CloudTrail trails enabled and logging management events were found.;arn:aws:cloudtrail:us-west-2:987292390922:trail;cloudtrail_multi_region_enabled_logging_management_events;False;987292390922;NIST-CSF;National Institute of Standards and Technology (NIST) Cybersecurity Framework (CSF) v2.0;
aws;The NIST Cybersecurity Framework (CSF) 2.0 offers a taxonomy of high-level cybersecurity outcomes that can be used by any organization regardless of its size, sector, or maturity to better understand, assess, prioritize, and communicate its cybersecurity efforts. The framework's core functions are organized into six key areas: Govern (new), Identify, Protect, Detect, Respond, and Recover. Together, these functions provide a comprehensive lifecycle approach to managing cybersecurity risk.;987292390922;us-west-2;2026-09-13 17:05:55.304157;cm_1;The network is monitored to detect potential cybersecurity events.;Detect (DE);Security Continuous Monitoring (DE.CM);;aws;;FAIL;No CloudTrail trails enabled and logging management events were found.;arn:aws:cloudtrail:us-west-2:987292390922:trail;cloudtrail_multi_region_enabled_logging_management_events;False;987292390922;NIST-CSF;National Institute of Standards and Technology (NIST) Cybersecurity Framework (CSF) v2.0;
aws;The NIST Cybersecurity Framework (CSF) 2.0 offers a taxonomy of high-level cybersecurity outcomes that can be used by any organization regardless of its size, sector, or maturity to better understand, assess, prioritize, and communicate its cybersecurity efforts. The framework's core functions are organized into six key areas: Govern (new), Identify, Protect, Detect, Respond, and Recover. Together, these functions provide a comprehensive lifecycle approach to managing cybersecurity risk.;987292390922;us-west-2;2026-09-13 17:05:55.304157;cm_3;Personnel activity is monitored to detect potential cybersecurity events.;Detect (DE);Security Continuous Monitoring (DE.CM);;aws;;FAIL;No CloudTrail trails enabled and logging management events were found.;arn:aws:cloudtrail:us-west-2:987292390922:trail;cloudtrail_multi_region_enabled_logging_management_events;False;987292390922;NIST-CSF;National Institute of Standards and Technology (NIST) Cybersecurity Framework (CSF) v2.0;
aws;The NIST Cybersecurity Framework (CSF) 2.0 offers a taxonomy of high-level cybersecurity outcomes that can be used by any organization regardless of its size, sector, or maturity to better understand, assess, prioritize, and communicate its cybersecurity efforts. The framework's core functions are organized into six key areas: Govern (new), Identify, Protect, Detect, Respond, and Recover. Together, these functions provide a comprehensive lifecycle approach to managing cybersecurity risk.;987292390922;us-west-2;2026-09-13 17:05:55.304157;dp_4;Event detection information is communicated.;Detect (DE);Detection Processes (DE.DP);;aws;;FAIL;No CloudTrail trails enabled and logging management events were found.;arn:aws:cloudtrail:us-west-2:987292390922:trail;cloudtrail_multi_region_enabled_logging_management_events;False;987292390922;NIST-CSF;National Institute of Standards and Technology (NIST) Cybersecurity Framework (CSF) v2.0;
aws;The NIST Cybersecurity Framework (CSF) 2.0 offers a taxonomy of high-level cybersecurity outcomes that can be used by any organization regardless of its size, sector, or maturity to better understand, assess, prioritize, and communicate its cybersecurity efforts. The framework's core functions are organized into six key areas: Govern (new), Identify, Protect, Detect, Respond, and Recover. Together, these functions provide a comprehensive lifecycle approach to managing cybersecurity risk.;987292390922;us-east-1;2026-09-13 17:05:55.304157;ra_5;Threats, vulnerabilities, likelihoods, and impacts are used to determine risk.;Identify (ID);Risk Assessment (ID.RA);;aws;;MANUAL;Cannot evaluate CloudWatch metric filters and alarms: CloudTrail trails, log groups, metric filters or alarms could not be listed in at least one region. Verify that the scanning credentials are allowed to call cloudtrail:DescribeTrails, logs:DescribeLogGroups, logs:DescribeMetricFilters and cloudwatch:DescribeAlarms.;arn:aws:logs:us-east-1:987292390922:log-group;cloudwatch_changes_to_network_acls_alarm_configured;False;987292390922;NIST-CSF;National Institute of Standards and Technology (NIST) Cybersecurity Framework (CSF) v2.0;
aws;The NIST Cybersecurity Framework (CSF) 2.0 offers a taxonomy of high-level cybersecurity outcomes that can be used by any organization regardless of its size, sector, or maturity to better understand, assess, prioritize, and communicate its cybersecurity efforts. The framework's core functions are organized into six key areas: Govern (new), Identify, Protect, Detect, Respond, and Recover. Together, these functions provide a comprehensive lifecycle approach to managing cybersecurity risk.;987292390922;us-east-1;2026-09-13 17:05:55.304157;cm_1;The network is monitored to detect potential cybersecurity events.;Detect (DE);Security Continuous Monitoring (DE.CM);;aws;;MANUAL;Cannot evaluate CloudWatch metric filters and alarms: CloudTrail trails, log groups, metric filters or alarms could not be listed in at least one region. Verify that the scanning credentials are allowed to call cloudtrail:DescribeTrails, logs:DescribeLogGroups, logs:DescribeMetricFilters and cloudwatch:DescribeAlarms.;arn:aws:logs:us-east-1:987292390922:log-group;cloudwatch_changes_to_network_acls_alarm_configured;False;987292390922;NIST-CSF;National Institute of Standards and Technology (NIST) Cybersecurity Framework (CSF) v2.0;
aws;The NIST Cybersecurity Framework (CSF) 2.0 offers a taxonomy of high-level cybersecurity outcomes that can be used by any organization regardless of its size, sector, or maturity to better understand, assess, prioritize, and communicate its cybersecurity efforts. The framework's core functions are organized into six key areas: Govern (new), Identify, Protect, Detect, Respond, and Recover. Together, these functions provide a comprehensive lifecycle approach to managing cybersecurity risk.;987292390922;us-east-1;2026-09-13 17:05:55.304157;dp_4;Event detection information is communicated.;Detect (DE);Detection Processes (DE.DP);;aws;;MANUAL;Cannot evaluate CloudWatch metric filters and alarms: CloudTrail trails, log groups, metric filters or alarms could not be listed in at least one region. Verify that the scanning credentials are allowed to call cloudtrail:DescribeTrails, logs:DescribeLogGroups, logs:DescribeMetricFilters and cloudwatch:DescribeAlarms.;arn:aws:logs:us-east-1:987292390922:log-group;cloudwatch_changes_to_network_acls_alarm_configured;False;987292390922;NIST-CSF;National Institute of Standards and Technology (NIST) Cybersecurity Framework (CSF) v2.0;
aws;The NIST Cybersecurity Framework (CSF) 2.0 offers a taxonomy of high-level cybersecurity outcomes that can be used by any organization regardless of its size, sector, or maturity to better understand, assess, prioritize, and communicate its cybersecurity efforts. The framework's core functions are organized into six key areas: Govern (new), Identify, Protect, Detect, Respond, and Recover. Together, these functions provide a comprehensive lifecycle approach to managing cybersecurity risk.;987292390922;us-east-1;2026-09-13 17:05:55.304157;ra_5;Threats, vulnerabilities, likelihoods, and impacts are used to determine risk.;Identify (ID);Risk Assessment (ID.RA);;aws;;MANUAL;Cannot evaluate CloudWatch metric filters and alarms: CloudTrail trails, log groups, metric filters or alarms could not be listed in at least one region. Verify that the scanning credentials are allowed to call cloudtrail:DescribeTrails, logs:DescribeLogGroups, logs:DescribeMetricFilters and cloudwatch:DescribeAlarms.;arn:aws:logs:us-east-1:987292390922:log-group;cloudwatch_changes_to_network_gateways_alarm_configured;False;987292390922;NIST-CSF;National Institute of Standards and Technology (NIST) Cybersecurity Framework (CSF) v2.0;
aws;The NIST Cybersecurity Framework (CSF) 2.0 offers a taxonomy of high-level cybersecurity outcomes that can be used by any organization regardless of its size, sector, or maturity to better understand, assess, prioritize, and communicate its cybersecurity efforts. The framework's core functions are organized into six key areas: Govern (new), Identify, Protect, Detect, Respond, and Recover. Together, these functions provide a comprehensive lifecycle approach to managing cybersecurity risk.;987292390922;us-east-1;2026-09-13 17:05:55.304157;ae_2;Detected events are analyzed to understand attack targets and methods.;Detect (DE);Anomalies and Events (DE.AE);;aws;;MANUAL;Cannot evaluate CloudWatch metric filters and alarms: CloudTrail trails, log groups, metric filters or alarms could not be listed in at least one region. Verify that the scanning credentials are allowed to call cloudtrail:DescribeTrails, logs:DescribeLogGroups, logs:DescribeMetricFilters and cloudwatch:DescribeAlarms.;arn:aws:logs:us-east-1:987292390922:log-group;cloudwatch_changes_to_network_gateways_alarm_configured;False;987292390922;NIST-CSF;National Institute of Standards and Technology (NIST) Cybersecurity Framework (CSF) v2.0;
aws;The NIST Cybersecurity Framework (CSF) 2.0 offers a taxonomy of high-level cybersecurity outcomes that can be used by any organization regardless of its size, sector, or maturity to better understand, assess, prioritize, and communicate its cybersecurity efforts. The framework's core functions are organized into six key areas: Govern (new), Identify, Protect, Detect, Respond, and Recover. Together, these functions provide a comprehensive lifecycle approach to managing cybersecurity risk.;987292390922;us-east-1;2026-09-13 17:05:55.304157;ae_3;Event data are collected and correlated from multiple sources and sensors.;Detect (DE);Anomalies and Events (DE.AE);;aws;;MANUAL;Cannot evaluate CloudWatch metric filters and alarms: CloudTrail trails, log groups, metric filters or alarms could not be listed in at least one region. Verify that the scanning credentials are allowed to call cloudtrail:DescribeTrails, logs:DescribeLogGroups, logs:DescribeMetricFilters and cloudwatch:DescribeAlarms.;arn:aws:logs:us-east-1:987292390922:log-group;cloudwatch_changes_to_network_gateways_alarm_configured;False;987292390922;NIST-CSF;National Institute of Standards and Technology (NIST) Cybersecurity Framework (CSF) v2.0;
aws;The NIST Cybersecurity Framework (CSF) 2.0 offers a taxonomy of high-level cybersecurity outcomes that can be used by any organization regardless of its size, sector, or maturity to better understand, assess, prioritize, and communicate its cybersecurity efforts. The framework's core functions are organized into six key areas: Govern (new), Identify, Protect, Detect, Respond, and Recover. Together, these functions provide a comprehensive lifecycle approach to managing cybersecurity risk.;987292390922;us-east-1;2026-09-13 17:05:55.304157;cm_1;The network is monitored to detect potential cybersecurity events.;Detect (DE);Security Continuous Monitoring (DE.CM);;aws;;MANUAL;Cannot evaluate CloudWatch metric filters and alarms: CloudTrail trails, log groups, metric filters or alarms could not be listed in at least one region. Verify that the scanning credentials are allowed to call cloudtrail:DescribeTrails, logs:DescribeLogGroups, logs:DescribeMetricFilters and cloudwatch:DescribeAlarms.;arn:aws:logs:us-east-1:987292390922:log-group;cloudwatch_changes_to_network_gateways_alarm_configured;False;987292390922;NIST-CSF;National Institute of Standards and Technology (NIST) Cybersecurity Framework (CSF) v2.0;
aws;The NIST Cybersecurity Framework (CSF) 2.0 offers a taxonomy of high-level cybersecurity outcomes that can be used by any organization regardless of its size, sector, or maturity to better understand, assess, prioritize, and communicate its cybersecurity efforts. The framework's core functions are organized into six key areas: Govern (new), Identify, Protect, Detect, Respond, and Recover. Together, these functions provide a comprehensive lifecycle approach to managing cybersecurity risk.;987292390922;us-east-1;2026-09-13 17:05:55.304157;dp_4;Event detection information is communicated.;Detect (DE);Detection Processes (DE.DP);;aws;;MANUAL;Cannot evaluate CloudWatch metric filters and alarms: CloudTrail trails, log groups, metric filters or alarms could not be listed in at least one region. Verify that the scanning credentials are allowed to call cloudtrail:DescribeTrails, logs:DescribeLogGroups, logs:DescribeMetricFilters and cloudwatch:DescribeAlarms.;arn:aws:logs:us-east-1:987292390922:log-group;cloudwatch_changes_to_network_gateways_alarm_configured;False;987292390922;NIST-CSF;National Institute of Standards and Technology (NIST) Cybersecurity Framework (CSF) v2.0;
aws;The NIST Cybersecurity Framework (CSF) 2.0 offers a taxonomy of high-level cybersecurity outcomes that can be used by any organization regardless of its size, sector, or maturity to better understand, assess, prioritize, and communicate its cybersecurity efforts. The framework's core functions are organized into six key areas: Govern (new), Identify, Protect, Detect, Respond, and Recover. Together, these functions provide a comprehensive lifecycle approach to managing cybersecurity risk.;987292390922;us-east-1;2026-09-13 17:05:55.304157;ae_2;Detected events are analyzed to understand attack targets and methods.;Detect (DE);Anomalies and Events (DE.AE);;aws;;MANUAL;Cannot evaluate CloudWatch metric filters and alarms: CloudTrail trails, log groups, metric filters or alarms could not be listed in at least one region. Verify that the scanning credentials are allowed to call cloudtrail:DescribeTrails, logs:DescribeLogGroups, logs:DescribeMetricFilters and cloudwatch:DescribeAlarms.;arn:aws:logs:us-east-1:987292390922:log-group;cloudwatch_changes_to_network_route_tables_alarm_configured;False;987292390922;NIST-CSF;National Institute of Standards and Technology (NIST) Cybersecurity Framework (CSF) v2.0;
aws;The NIST Cybersecurity Framework (CSF) 2.0 offers a taxonomy of high-level cybersecurity outcomes that can be used by any organization regardless of its size, sector, or maturity to better understand, assess, prioritize, and communicate its cybersecurity efforts. The framework's core functions are organized into six key areas: Govern (new), Identify, Protect, Detect, Respond, and Recover. Together, these functions provide a comprehensive lifecycle approach to managing cybersecurity risk.;987292390922;us-east-1;2026-09-13 17:05:55.304157;ae_3;Event data are collected and correlated from multiple sources and sensors.;Detect (DE);Anomalies and Events (DE.AE);;aws;;MANUAL;Cannot evaluate CloudWatch metric filters and alarms: CloudTrail trails, log groups, metric filters or alarms could not be listed in at least one region. Verify that the scanning credentials are allowed to call cloudtrail:DescribeTrails, logs:DescribeLogGroups, logs:DescribeMetricFilters and cloudwatch:DescribeAlarms.;arn:aws:logs:us-east-1:987292390922:log-group;cloudwatch_changes_to_network_route_tables_alarm_configured;False;987292390922;NIST-CSF;National Institute of Standards and Technology (NIST) Cybersecurity Framework (CSF) v2.0;
aws;The NIST Cybersecurity Framework (CSF) 2.0 offers a taxonomy of high-level cybersecurity outcomes that can be used by any organization regardless of its size, sector, or maturity to better understand, assess, prioritize, and communicate its cybersecurity efforts. The framework's core functions are organized into six key areas: Govern (new), Identify, Protect, Detect, Respond, and Recover. Together, these functions provide a comprehensive lifecycle approach to managing cybersecurity risk.;987292390922;us-east-1;2026-09-13 17:05:55.304157;cm_1;The network is monitored to detect potential cybersecurity events.;Detect (DE);Security Continuous Monitoring (DE.CM);;aws;;MANUAL;Cannot evaluate CloudWatch metric filters and alarms: CloudTrail trails, log groups, metric filters or alarms could not be listed in at least one region. Verify that the scanning credentials are allowed to call cloudtrail:DescribeTrails, logs:DescribeLogGroups, logs:DescribeMetricFilters and cloudwatch:DescribeAlarms.;arn:aws:logs:us-east-1:987292390922:log-group;cloudwatch_changes_to_network_route_tables_alarm_configured;False;987292390922;NIST-CSF;National Institute of Standards and Technology (NIST) Cybersecurity Framework (CSF) v2.0;
aws;The NIST Cybersecurity Framework (CSF) 2.0 offers a taxonomy of high-level cybersecurity outcomes that can be used by any organization regardless of its size, sector, or maturity to better understand, assess, prioritize, and communicate its cybersecurity efforts. The framework's core functions are organized into six key areas: Govern (new), Identify, Protect, Detect, Respond, and Recover. Together, these functions provide a comprehensive lifecycle approach to managing cybersecurity risk.;987292390922;us-east-1;2026-09-13 17:05:55.304157;dp_4;Event detection information is communicated.;Detect (DE);Detection Processes (DE.DP);;aws;;MANUAL;Cannot evaluate CloudWatch metric filters and alarms: CloudTrail trails, log groups, metric filters or alarms could not be listed in at least one region. Verify that the scanning credentials are allowed to call cloudtrail:DescribeTrails, logs:DescribeLogGroups, logs:DescribeMetricFilters and cloudwatch:DescribeAlarms.;arn:aws:logs:us-east-1:987292390922:log-group;cloudwatch_changes_to_network_route_tables_alarm_configured;False;987292390922;NIST-CSF;National Institute of Standards and Technology (NIST) Cybersecurity Framework (CSF) v2.0;
aws;The NIST Cybersecurity Framework (CSF) 2.0 offers a taxonomy of high-level cybersecurity outcomes that can be used by any organization regardless of its size, sector, or maturity to better understand, assess, prioritize, and communicate its cybersecurity efforts. The framework's core functions are organized into six key areas: Govern (new), Identify, Protect, Detect, Respond, and Recover. Together, these functions provide a comprehensive lifecycle approach to managing cybersecurity risk.;987292390922;us-east-1;2026-09-13 17:05:55.304157;ra_5;Threats, vulnerabilities, likelihoods, and impacts are used to determine risk.;Identify (ID);Risk Assessment (ID.RA);;aws;;MANUAL;Cannot evaluate CloudWatch metric filters and alarms: CloudTrail trails, log groups, metric filters or alarms could not be listed in at least one region. Verify that the scanning credentials are allowed to call cloudtrail:DescribeTrails, logs:DescribeLogGroups, logs:DescribeMetricFilters and cloudwatch:DescribeAlarms.;arn:aws:logs:us-east-1:987292390922:log-group;cloudwatch_changes_to_vpcs_alarm_configured;False;987292390922;NIST-CSF;National Institute of Standards and Technology (NIST) Cybersecurity Framework (CSF) v2.0;
aws;The NIST Cybersecurity Framework (CSF) 2.0 offers a taxonomy of high-level cybersecurity outcomes that can be used by any organization regardless of its size, sector, or maturity to better understand, assess, prioritize, and communicate its cybersecurity efforts. The framework's core functions are organized into six key areas: Govern (new), Identify, Protect, Detect, Respond, and Recover. Together, these functions provide a comprehensive lifecycle approach to managing cybersecurity risk.;987292390922;us-east-1;2026-09-13 17:05:55.304157;ae_2;Detected events are analyzed to understand attack targets and methods.;Detect (DE);Anomalies and Events (DE.AE);;aws;;MANUAL;Cannot evaluate CloudWatch metric filters and alarms: CloudTrail trails, log groups, metric filters or alarms could not be listed in at least one region. Verify that the scanning credentials are allowed to call cloudtrail:DescribeTrails, logs:DescribeLogGroups, logs:DescribeMetricFilters and cloudwatch:DescribeAlarms.;arn:aws:logs:us-east-1:987292390922:log-group;cloudwatch_changes_to_vpcs_alarm_configured;False;987292390922;NIST-CSF;National Institute of Standards and Technology (NIST) Cybersecurity Framework (CSF) v2.0;
aws;The NIST Cybersecurity Framework (CSF) 2.0 offers a taxonomy of high-level cybersecurity outcomes that can be used by any organization regardless of its size, sector, or maturity to better understand, assess, prioritize, and communicate its cybersecurity efforts. The framework's core functions are organized into six key areas: Govern (new), Identify, Protect, Detect, Respond, and Recover. Together, these functions provide a comprehensive lifecycle approach to managing cybersecurity risk.;987292390922;us-east-1;2026-09-13 17:05:55.304157;cm_1;The network is monitored to detect potential cybersecurity events.;Detect (DE);Security Continuous Monitoring (DE.CM);;aws;;MANUAL;Cannot evaluate CloudWatch metric filters and alarms: CloudTrail trails, log groups, metric filters or alarms could not be listed in at least one region. Verify that the scanning credentials are allowed to call cloudtrail:DescribeTrails, logs:DescribeLogGroups, logs:DescribeMetricFilters and cloudwatch:DescribeAlarms.;arn:aws:logs:us-east-1:987292390922:log-group;cloudwatch_changes_to_vpcs_alarm_configured;False;987292390922;NIST-CSF;National Institute of Standards and Technology (NIST) Cybersecurity Framework (CSF) v2.0;
aws;The NIST Cybersecurity Framework (CSF) 2.0 offers a taxonomy of high-level cybersecurity outcomes that can be used by any organization regardless of its size, sector, or maturity to better understand, assess, prioritize, and communicate its cybersecurity efforts. The framework's core functions are organized into six key areas: Govern (new), Identify, Protect, Detect, Respond, and Recover. Together, these functions provide a comprehensive lifecycle approach to managing cybersecurity risk.;987292390922;us-east-1;2026-09-13 17:05:55.304157;ov_3;Cybersecurity risk management strategy and practices are reviewed and adjusted to adapt to changes in the threat landscape, technologies, or mission, business, or system environments.;Govern (GV);Oversight (GV.OV);;aws;;MANUAL;Cannot evaluate CloudWatch metric filters and alarms: CloudTrail trails, log groups, metric filters or alarms could not be listed in at least one region. Verify that the scanning credentials are allowed to call cloudtrail:DescribeTrails, logs:DescribeLogGroups, logs:DescribeMetricFilters and cloudwatch:DescribeAlarms.;arn:aws:logs:us-east-1:987292390922:log-group;cloudwatch_log_metric_filter_and_alarm_for_aws_config_configuration_changes_enabled;False;987292390922;NIST-CSF;National Institute of Standards and Technology (NIST) Cybersecurity Framework (CSF) v2.0;
aws;The NIST Cybersecurity Framework (CSF) 2.0 offers a taxonomy of high-level cybersecurity outcomes that can be used by any organization regardless of its size, sector, or maturity to better understand, assess, prioritize, and communicate its cybersecurity efforts. The framework's core functions are organized into six key areas: Govern (new), Identify, Protect, Detect, Respond, and Recover. Together, these functions provide a comprehensive lifecycle approach to managing cybersecurity risk.;987292390922;us-east-1;2026-09-13 17:05:55.304157;ra_5;Threats, vulnerabilities, likelihoods, and impacts are used to determine risk.;Identify (ID);Risk Assessment (ID.RA);;aws;;MANUAL;Cannot evaluate CloudWatch metric filters and alarms: CloudTrail trails, log groups, metric filters or alarms could not be listed in at least one region. Verify that the scanning credentials are allowed to call cloudtrail:DescribeTrails, logs:DescribeLogGroups, logs:DescribeMetricFilters and cloudwatch:DescribeAlarms.;arn:aws:logs:us-east-1:987292390922:log-group;cloudwatch_log_metric_filter_and_alarm_for_aws_config_configuration_changes_enabled;False;987292390922;NIST-CSF;National Institute of Standards and Technology (NIST) Cybersecurity Framework (CSF) v2.0;
aws;The NIST Cybersecurity Framework (CSF) 2.0 offers a taxonomy of high-level cybersecurity outcomes that can be used by any organization regardless of its size, sector, or maturity to better understand, assess, prioritize, and communicate its cybersecurity efforts. The framework's core functions are organized into six key areas: Govern (new), Identify, Protect, Detect, Respond, and Recover. Together, these functions provide a comprehensive lifecycle approach to managing cybersecurity risk.;987292390922;us-east-1;2026-09-13 17:05:55.304157;ip_8;Effectiveness of protection technologies is shared.;Protect (PR);Information Protection Processes and Procedures (PR.IP);;aws;;MANUAL;Cannot evaluate CloudWatch metric filters and alarms: CloudTrail trails, log groups, metric filters or alarms could not be listed in at least one region. Verify that the scanning credentials are allowed to call cloudtrail:DescribeTrails, logs:DescribeLogGroups, logs:DescribeMetricFilters and cloudwatch:DescribeAlarms.;arn:aws:logs:us-east-1:987292390922:log-group;cloudwatch_log_metric_filter_and_alarm_for_aws_config_configuration_changes_enabled;False;987292390922;NIST-CSF;National Institute of Standards and Technology (NIST) Cybersecurity Framework (CSF) v2.0;
aws;The NIST Cybersecurity Framework (CSF) 2.0 offers a taxonomy of high-level cybersecurity outcomes that can be used by any organization regardless of its size, sector, or maturity to better understand, assess, prioritize, and communicate its cybersecurity efforts. The framework's core functions are organized into six key areas: Govern (new), Identify, Protect, Detect, Respond, and Recover. Together, these functions provide a comprehensive lifecycle approach to managing cybersecurity risk.;987292390922;us-east-1;2026-09-13 17:05:55.304157;pt_1;Audit/log records are determined, documented, implemented, and reviewed in accordance with policy.;Protect (PR);Protective Technology (PR.PT);;aws;;MANUAL;Cannot evaluate CloudWatch metric filters and alarms: CloudTrail trails, log groups, metric filters or alarms could not be listed in at least one region. Verify that the scanning credentials are allowed to call cloudtrail:DescribeTrails, logs:DescribeLogGroups, logs:DescribeMetricFilters and cloudwatch:DescribeAlarms.;arn:aws:logs:us-east-1:987292390922:log-group;cloudwatch_log_metric_filter_and_alarm_for_aws_config_configuration_changes_enabled;False;987292390922;NIST-CSF;National Institute of Standards and Technology (NIST) Cybersecurity Framework (CSF) v2.0;
aws;The NIST Cybersecurity Framework (CSF) 2.0 offers a taxonomy of high-level cybersecurity outcomes that can be used by any organization regardless of its size, sector, or maturity to better understand, assess, prioritize, and communicate its cybersecurity efforts. The framework's core functions are organized into six key areas: Govern (new), Identify, Protect, Detect, Respond, and Recover. Together, these functions provide a comprehensive lifecycle approach to managing cybersecurity risk.;987292390922;us-east-1;2026-09-13 17:05:55.304157;ae_1;A baseline of network operations and expected data flows for users and systems is established and managed.;Detect (DE);Anomalies and Events (DE.AE);;aws;;MANUAL;Cannot evaluate CloudWatch metric filters and alarms: CloudTrail trails, log groups, metric filters or alarms could not be listed in at least one region. Verify that the scanning credentials are allowed to call cloudtrail:DescribeTrails, logs:DescribeLogGroups, logs:DescribeMetricFilters and cloudwatch:DescribeAlarms.;arn:aws:logs:us-east-1:987292390922:log-group;cloudwatch_log_metric_filter_and_alarm_for_aws_config_configuration_changes_enabled;False;987292390922;NIST-CSF;National Institute of Standards and Technology (NIST) Cybersecurity Framework (CSF) v2.0;
aws;The NIST Cybersecurity Framework (CSF) 2.0 offers a taxonomy of high-level cybersecurity outcomes that can be used by any organization regardless of its size, sector, or maturity to better understand, assess, prioritize, and communicate its cybersecurity efforts. The framework's core functions are organized into six key areas: Govern (new), Identify, Protect, Detect, Respond, and Recover. Together, these functions provide a comprehensive lifecycle approach to managing cybersecurity risk.;987292390922;us-east-1;2026-09-13 17:05:55.304157;ae_2;Detected events are analyzed to understand attack targets and methods.;Detect (DE);Anomalies and Events (DE.AE);;aws;;MANUAL;Cannot evaluate CloudWatch metric filters and alarms: CloudTrail trails, log groups, metric filters or alarms could not be listed in at least one region. Verify that the scanning credentials are allowed to call cloudtrail:DescribeTrails, logs:DescribeLogGroups, logs:DescribeMetricFilters and cloudwatch:DescribeAlarms.;arn:aws:logs:us-east-1:987292390922:log-group;cloudwatch_log_metric_filter_and_alarm_for_aws_config_configuration_changes_enabled;False;987292390922;NIST-CSF;National Institute of Standards and Technology (NIST) Cybersecurity Framework (CSF) v2.0;
aws;The NIST Cybersecurity Framework (CSF) 2.0 offers a taxonomy of high-level cybersecurity outcomes that can be used by any organization regardless of its size, sector, or maturity to better understand, assess, prioritize, and communicate its cybersecurity efforts. The framework's core functions are organized into six key areas: Govern (new), Identify, Protect, Detect, Respond, and Recover. Together, these functions provide a comprehensive lifecycle approach to managing cybersecurity risk.;987292390922;us-east-1;2026-09-13 17:05:55.304157;ae_3;Event data are collected and correlated from multiple sources and sensors.;Detect (DE);Anomalies and Events (DE.AE);;aws;;MANUAL;Cannot evaluate CloudWatch metric filters and alarms: CloudTrail trails, log groups, metric filters or alarms could not be listed in at least one region. Verify that the scanning credentials are allowed to call cloudtrail:DescribeTrails, logs:DescribeLogGroups, logs:DescribeMetricFilters and cloudwatch:DescribeAlarms.;arn:aws:logs:us-east-1:987292390922:log-group;cloudwatch_log_metric_filter_and_alarm_for_aws_config_configuration_changes_enabled;False;987292390922;NIST-CSF;National Institute of Standards and Technology (NIST) Cybersecurity Framework (CSF) v2.0;
aws;The NIST Cybersecurity Framework (CSF) 2.0 offers a taxonomy of high-level cybersecurity outcomes that can be used by any organization regardless of its size, sector, or maturity to better understand, assess, prioritize, and communicate its cybersecurity efforts. The framework's core functions are organized into six key areas: Govern (new), Identify, Protect, Detect, Respond, and Recover. Together, these functions provide a comprehensive lifecycle approach to managing cybersecurity risk.;987292390922;us-east-1;2026-09-13 17:05:55.304157;cm_1;The network is monitored to detect potential cybersecurity events.;Detect (DE);Security Continuous Monitoring (DE.CM);;aws;;MANUAL;Cannot evaluate CloudWatch metric filters and alarms: CloudTrail trails, log groups, metric filters or alarms could not be listed in at least one region. Verify that the scanning credentials are allowed to call cloudtrail:DescribeTrails, logs:DescribeLogGroups, logs:DescribeMetricFilters and cloudwatch:DescribeAlarms.;arn:aws:logs:us-east-1:987292390922:log-group;cloudwatch_log_metric_filter_and_alarm_for_aws_config_configuration_changes_enabled;False;987292390922;NIST-CSF;National Institute of Standards and Technology (NIST) Cybersecurity Framework (CSF) v2.0;
aws;The NIST Cybersecurity Framework (CSF) 2.0 offers a taxonomy of high-level cybersecurity outcomes that can be used by any organization regardless of its size, sector, or maturity to better understand, assess, prioritize, and communicate its cybersecurity efforts. The framework's core functions are organized into six key areas: Govern (new), Identify, Protect, Detect, Respond, and Recover. Together, these functions provide a comprehensive lifecycle approach to managing cybersecurity risk.;987292390922;us-east-1;2026-09-13 17:05:55.304157;cm_7;Monitoring for unauthorized personnel, connections, devices, and software is performed.;Detect (DE);Security Continuous Monitoring (DE.CM);;aws;;MANUAL;Cannot evaluate CloudWatch metric filters and alarms: CloudTrail trails, log groups, metric filters or alarms could not be listed in at least one region. Verify that the scanning credentials are allowed to call cloudtrail:DescribeTrails, logs:DescribeLogGroups, logs:DescribeMetricFilters and cloudwatch:DescribeAlarms.;arn:aws:logs:us-east-1:987292390922:log-group;cloudwatch_log_metric_filter_and_alarm_for_aws_config_configuration_changes_enabled;False;987292390922;NIST-CSF;National Institute of Standards and Technology (NIST) Cybersecurity Framework (CSF) v2.0;
aws;The NIST Cybersecurity Framework (CSF) 2.0 offers a taxonomy of high-level cybersecurity outcomes that can be used by any organization regardless of its size, sector, or maturity to better understand, assess, prioritize, and communicate its cybersecurity efforts. The framework's core functions are organized into six key areas: Govern (new), Identify, Protect, Detect, Respond, and Recover. Together, these functions provide a comprehensive lifecycle approach to managing cybersecurity risk.;987292390922;us-east-1;2026-09-13 17:05:55.304157;dp_4;Event detection information is communicated.;Detect (DE);Detection Processes (DE.DP);;aws;;MANUAL;Cannot evaluate CloudWatch metric filters and alarms: CloudTrail trails, log groups, metric filters or alarms could not be listed in at least one region. Verify that the scanning credentials are allowed to call cloudtrail:DescribeTrails, logs:DescribeLogGroups, logs:DescribeMetricFilters and cloudwatch:DescribeAlarms.;arn:aws:logs:us-east-1:987292390922:log-group;cloudwatch_log_metric_filter_and_alarm_for_aws_config_configuration_changes_enabled;False;987292390922;NIST-CSF;National Institute of Standards and Technology (NIST) Cybersecurity Framework (CSF) v2.0;
aws;The NIST Cybersecurity Framework (CSF) 2.0 offers a taxonomy of high-level cybersecurity outcomes that can be used by any organization regardless of its size, sector, or maturity to better understand, assess, prioritize, and communicate its cybersecurity efforts. The framework's core functions are organized into six key areas: Govern (new), Identify, Protect, Detect, Respond, and Recover. Together, these functions provide a comprehensive lifecycle approach to managing cybersecurity risk.;987292390922;us-east-1;2026-09-13 17:05:55.304157;ov_3;Cybersecurity risk management strategy and practices are reviewed and adjusted to adapt to changes in the threat landscape, technologies, or mission, business, or system environments.;Govern (GV);Oversight (GV.OV);;aws;;MANUAL;Cannot evaluate CloudWatch metric filters and alarms: CloudTrail trails, log groups, metric filters or alarms could not be listed in at least one region. Verify that the scanning credentials are allowed to call cloudtrail:DescribeTrails, logs:DescribeLogGroups, logs:DescribeMetricFilters and cloudwatch:DescribeAlarms.;arn:aws:logs:us-east-1:987292390922:log-group;cloudwatch_log_metric_filter_and_alarm_for_cloudtrail_configuration_changes_enabled;False;987292390922;NIST-CSF;National Institute of Standards and Technology (NIST) Cybersecurity Framework (CSF) v2.0;
aws;The NIST Cybersecurity Framework (CSF) 2.0 offers a taxonomy of high-level cybersecurity outcomes that can be used by any organization regardless of its size, sector, or maturity to better understand, assess, prioritize, and communicate its cybersecurity efforts. The framework's core functions are organized into six key areas: Govern (new), Identify, Protect, Detect, Respond, and Recover. Together, these functions provide a comprehensive lifecycle approach to managing cybersecurity risk.;987292390922;us-east-1;2026-09-13 17:05:55.304157;ra_5;Threats, vulnerabilities, likelihoods, and impacts are used to determine risk.;Identify (ID);Risk Assessment (ID.RA);;aws;;MANUAL;Cannot evaluate CloudWatch metric filters and alarms: CloudTrail trails, log groups, metric filters or alarms could not be listed in at least one region. Verify that the scanning credentials are allowed to call cloudtrail:DescribeTrails, logs:DescribeLogGroups, logs:DescribeMetricFilters and cloudwatch:DescribeAlarms.;arn:aws:logs:us-east-1:987292390922:log-group;cloudwatch_log_metric_filter_and_alarm_for_cloudtrail_configuration_changes_enabled;False;987292390922;NIST-CSF;National Institute of Standards and Technology (NIST) Cybersecurity Framework (CSF) v2.0;
aws;The NIST Cybersecurity Framework (CSF) 2.0 offers a taxonomy of high-level cybersecurity outcomes that can be used by any organization regardless of its size, sector, or maturity to better understand, assess, prioritize, and communicate its cybersecurity efforts. The framework's core functions are organized into six key areas: Govern (new), Identify, Protect, Detect, Respond, and Recover. Together, these functions provide a comprehensive lifecycle approach to managing cybersecurity risk.;987292390922;us-east-1;2026-09-13 17:05:55.304157;ip_8;Effectiveness of protection technologies is shared.;Protect (PR);Information Protection Processes and Procedures (PR.IP);;aws;;MANUAL;Cannot evaluate CloudWatch metric filters and alarms: CloudTrail trails, log groups, metric filters or alarms could not be listed in at least one region. Verify that the scanning credentials are allowed to call cloudtrail:DescribeTrails, logs:DescribeLogGroups, logs:DescribeMetricFilters and cloudwatch:DescribeAlarms.;arn:aws:logs:us-east-1:987292390922:log-group;cloudwatch_log_metric_filter_and_alarm_for_cloudtrail_configuration_changes_enabled;False;987292390922;NIST-CSF;National Institute of Standards and Technology (NIST) Cybersecurity Framework (CSF) v2.0;
aws;The NIST Cybersecurity Framework (CSF) 2.0 offers a taxonomy of high-level cybersecurity outcomes that can be used by any organization regardless of its size, sector, or maturity to better understand, assess, prioritize, and communicate its cybersecurity efforts. The framework's core functions are organized into six key areas: Govern (new), Identify, Protect, Detect, Respond, and Recover. Together, these functions provide a comprehensive lifecycle approach to managing cybersecurity risk.;987292390922;us-east-1;2026-09-13 17:05:55.304157;pt_1;Audit/log records are determined, documented, implemented, and reviewed in accordance with policy.;Protect (PR);Protective Technology (PR.PT);;aws;;MANUAL;Cannot evaluate CloudWatch metric filters and alarms: CloudTrail trails, log groups, metric filters or alarms could not be listed in at least one region. Verify that the scanning credentials are allowed to call cloudtrail:DescribeTrails, logs:DescribeLogGroups, logs:DescribeMetricFilters and cloudwatch:DescribeAlarms.;arn:aws:logs:us-east-1:987292390922:log-group;cloudwatch_log_metric_filter_and_alarm_for_cloudtrail_configuration_changes_enabled;False;987292390922;NIST-CSF;National Institute of Standards and Technology (NIST) Cybersecurity Framework (CSF) v2.0;
aws;The NIST Cybersecurity Framework (CSF) 2.0 offers a taxonomy of high-level cybersecurity outcomes that can be used by any organization regardless of its size, sector, or maturity to better understand, assess, prioritize, and communicate its cybersecurity efforts. The framework's core functions are organized into six key areas: Govern (new), Identify, Protect, Detect, Respond, and Recover. Together, these functions provide a comprehensive lifecycle approach to managing cybersecurity risk.;987292390922;us-east-1;2026-09-13 17:05:55.304157;ae_1;A baseline of network operations and expected data flows for users and systems is established and managed.;Detect (DE);Anomalies and Events (DE.AE);;aws;;MANUAL;Cannot evaluate CloudWatch metric filters and alarms: CloudTrail trails, log groups, metric filters or alarms could not be listed in at least one region. Verify that the scanning credentials are allowed to call cloudtrail:DescribeTrails, logs:DescribeLogGroups, logs:DescribeMetricFilters and cloudwatch:DescribeAlarms.;arn:aws:logs:us-east-1:987292390922:log-group;cloudwatch_log_metric_filter_and_alarm_for_cloudtrail_configuration_changes_enabled;False;987292390922;NIST-CSF;National Institute of Standards and Technology (NIST) Cybersecurity Framework (CSF) v2.0;
aws;The NIST Cybersecurity Framework (CSF) 2.0 offers a taxonomy of high-level cybersecurity outcomes that can be used by any organization regardless of its size, sector, or maturity to better understand, assess, prioritize, and communicate its cybersecurity efforts. The framework's core functions are organized into six key areas: Govern (new), Identify, Protect, Detect, Respond, and Recover. Together, these functions provide a comprehensive lifecycle approach to managing cybersecurity risk.;987292390922;us-east-1;2026-09-13 17:05:55.304157;ae_2;Detected events are analyzed to understand attack targets and methods.;Detect (DE);Anomalies and Events (DE.AE);;aws;;MANUAL;Cannot evaluate CloudWatch metric filters and alarms: CloudTrail trails, log groups, metric filters or alarms could not be listed in at least one region. Verify that the scanning credentials are allowed to call cloudtrail:DescribeTrails, logs:DescribeLogGroups, logs:DescribeMetricFilters and cloudwatch:DescribeAlarms.;arn:aws:logs:us-east-1:987292390922:log-group;cloudwatch_log_metric_filter_and_alarm_for_cloudtrail_configuration_changes_enabled;False;987292390922;NIST-CSF;National Institute of Standards and Technology (NIST) Cybersecurity Framework (CSF) v2.0;
aws;The NIST Cybersecurity Framework (CSF) 2.0 offers a taxonomy of high-level cybersecurity outcomes that can be used by any organization regardless of its size, sector, or maturity to better understand, assess, prioritize, and communicate its cybersecurity efforts. The framework's core functions are organized into six key areas: Govern (new), Identify, Protect, Detect, Respond, and Recover. Together, these functions provide a comprehensive lifecycle approach to managing cybersecurity risk.;987292390922;us-east-1;2026-09-13 17:05:55.304157;ae_3;Event data are collected and correlated from multiple sources and sensors.;Detect (DE);Anomalies and Events (DE.AE);;aws;;MANUAL;Cannot evaluate CloudWatch metric filters and alarms: CloudTrail trails, log groups, metric filters or alarms could not be listed in at least one region. Verify that the scanning credentials are allowed to call cloudtrail:DescribeTrails, logs:DescribeLogGroups, logs:DescribeMetricFilters and cloudwatch:DescribeAlarms.;arn:aws:logs:us-east-1:987292390922:log-group;cloudwatch_log_metric_filter_and_alarm_for_cloudtrail_configuration_changes_enabled;False;987292390922;NIST-CSF;National Institute of Standards and Technology (NIST) Cybersecurity Framework (CSF) v2.0;
aws;The NIST Cybersecurity Framework (CSF) 2.0 offers a taxonomy of high-level cybersecurity outcomes that can be used by any organization regardless of its size, sector, or maturity to better understand, assess, prioritize, and communicate its cybersecurity efforts. The framework's core functions are organized into six key areas: Govern (new), Identify, Protect, Detect, Respond, and Recover. Together, these functions provide a comprehensive lifecycle approach to managing cybersecurity risk.;987292390922;us-east-1;2026-09-13 17:05:55.304157;cm_1;The network is monitored to detect potential cybersecurity events.;Detect (DE);Security Continuous Monitoring (DE.CM);;aws;;MANUAL;Cannot evaluate CloudWatch metric filters and alarms: CloudTrail trails, log groups, metric filters or alarms could not be listed in at least one region. Verify that the scanning credentials are allowed to call cloudtrail:DescribeTrails, logs:DescribeLogGroups, logs:DescribeMetricFilters and cloudwatch:DescribeAlarms.;arn:aws:logs:us-east-1:987292390922:log-group;cloudwatch_log_metric_filter_and_alarm_for_cloudtrail_configuration_changes_enabled;False;987292390922;NIST-CSF;National Institute of Standards and Technology (NIST) Cybersecurity Framework (CSF) v2.0;
aws;The NIST Cybersecurity Framework (CSF) 2.0 offers a taxonomy of high-level cybersecurity outcomes that can be used by any organization regardless of its size, sector, or maturity to better understand, assess, prioritize, and communicate its cybersecurity efforts. The framework's core functions are organized into six key areas: Govern (new), Identify, Protect, Detect, Respond, and Recover. Together, these functions provide a comprehensive lifecycle approach to managing cybersecurity risk.;987292390922;us-east-1;2026-09-13 17:05:55.304157;cm_3;Personnel activity is monitored to detect potential cybersecurity events.;Detect (DE);Security Continuous Monitoring (DE.CM);;aws;;MANUAL;Cannot evaluate CloudWatch metric filters and alarms: CloudTrail trails, log groups, metric filters or alarms could not be listed in at least one region. Verify that the scanning credentials are allowed to call cloudtrail:DescribeTrails, logs:DescribeLogGroups, logs:DescribeMetricFilters and cloudwatch:DescribeAlarms.;arn:aws:logs:us-east-1:987292390922:log-group;cloudwatch_log_metric_filter_and_alarm_for_cloudtrail_configuration_changes_enabled;False;987292390922;NIST-CSF;National Institute of Standards and Technology (NIST) Cybersecurity Framework (CSF) v2.0;
aws;The NIST Cybersecurity Framework (CSF) 2.0 offers a taxonomy of high-level cybersecurity outcomes that can be used by any organization regardless of its size, sector, or maturity to better understand, assess, prioritize, and communicate its cybersecurity efforts. The framework's core functions are organized into six key areas: Govern (new), Identify, Protect, Detect, Respond, and Recover. Together, these functions provide a comprehensive lifecycle approach to managing cybersecurity risk.;987292390922;us-east-1;2026-09-13 17:05:55.304157;cm_7;Monitoring for unauthorized personnel, connections, devices, and software is performed.;Detect (DE);Security Continuous Monitoring (DE.CM);;aws;;MANUAL;Cannot evaluate CloudWatch metric filters and alarms: CloudTrail trails, log groups, metric filters or alarms could not be listed in at least one region. Verify that the scanning credentials are allowed to call cloudtrail:DescribeTrails, logs:DescribeLogGroups, logs:DescribeMetricFilters and cloudwatch:DescribeAlarms.;arn:aws:logs:us-east-1:987292390922:log-group;cloudwatch_log_metric_filter_and_alarm_for_cloudtrail_configuration_changes_enabled;False;987292390922;NIST-CSF;National Institute of Standards and Technology (NIST) Cybersecurity Framework (CSF) v2.0;
aws;The NIST Cybersecurity Framework (CSF) 2.0 offers a taxonomy of high-level cybersecurity outcomes that can be used by any organization regardless of its size, sector, or maturity to better understand, assess, prioritize, and communicate its cybersecurity efforts. The framework's core functions are organized into six key areas: Govern (new), Identify, Protect, Detect, Respond, and Recover. Together, these functions provide a comprehensive lifecycle approach to managing cybersecurity risk.;987292390922;us-east-1;2026-09-13 17:05:55.304157;dp_4;Event detection information is communicated.;Detect (DE);Detection Processes (DE.DP);;aws;;MANUAL;Cannot evaluate CloudWatch metric filters and alarms: CloudTrail trails, log groups, metric filters or alarms could not be listed in at least one region. Verify that the scanning credentials are allowed to call cloudtrail:DescribeTrails, logs:DescribeLogGroups, logs:DescribeMetricFilters and cloudwatch:DescribeAlarms.;arn:aws:logs:us-east-1:987292390922:log-group;cloudwatch_log_metric_filter_and_alarm_for_cloudtrail_configuration_changes_enabled;False;987292390922;NIST-CSF;National Institute of Standards and Technology (NIST) Cybersecurity Framework (CSF) v2.0;
aws;The NIST Cybersecurity Framework (CSF) 2.0 offers a taxonomy of high-level cybersecurity outcomes that can be used by any organization regardless of its size, sector, or maturity to better understand, assess, prioritize, and communicate its cybersecurity efforts. The framework's core functions are organized into six key areas: Govern (new), Identify, Protect, Detect, Respond, and Recover. Together, these functions provide a comprehensive lifecycle approach to managing cybersecurity risk.;987292390922;us-east-1;2026-09-13 17:05:55.304157;ra_5;Threats, vulnerabilities, likelihoods, and impacts are used to determine risk.;Identify (ID);Risk Assessment (ID.RA);;aws;;MANUAL;Cannot evaluate CloudWatch metric filters and alarms: CloudTrail trails, log groups, metric filters or alarms could not be listed in at least one region. Verify that the scanning credentials are allowed to call cloudtrail:DescribeTrails, logs:DescribeLogGroups, logs:DescribeMetricFilters and cloudwatch:DescribeAlarms.;arn:aws:logs:us-east-1:987292390922:log-group;cloudwatch_log_metric_filter_authentication_failures;False;987292390922;NIST-CSF;National Institute of Standards and Technology (NIST) Cybersecurity Framework (CSF) v2.0;
aws;The NIST Cybersecurity Framework (CSF) 2.0 offers a taxonomy of high-level cybersecurity outcomes that can be used by any organization regardless of its size, sector, or maturity to better understand, assess, prioritize, and communicate its cybersecurity efforts. The framework's core functions are organized into six key areas: Govern (new), Identify, Protect, Detect, Respond, and Recover. Together, these functions provide a comprehensive lifecycle approach to managing cybersecurity risk.;987292390922;us-east-1;2026-09-13 17:05:55.304157;ip_7;Protection processes are improved.;Protect (PR);Information Protection Processes and Procedures (PR.IP);;ec2;;MANUAL;Cannot evaluate CloudWatch metric filters and alarms: CloudTrail trails, log groups, metric filters or alarms could not be listed in at least one region. Verify that the scanning credentials are allowed to call cloudtrail:DescribeTrails, logs:DescribeLogGroups, logs:DescribeMetricFilters and cloudwatch:DescribeAlarms.;arn:aws:logs:us-east-1:987292390922:log-group;cloudwatch_log_metric_filter_authentication_failures;False;987292390922;NIST-CSF;National Institute of Standards and Technology (NIST) Cybersecurity Framework (CSF) v2.0;
aws;The NIST Cybersecurity Framework (CSF) 2.0 offers a taxonomy of high-level cybersecurity outcomes that can be used by any organization regardless of its size, sector, or maturity to better understand, assess, prioritize, and communicate its cybersecurity efforts. The framework's core functions are organized into six key areas: Govern (new), Identify, Protect, Detect, Respond, and Recover. Together, these functions provide a comprehensive lifecycle approach to managing cybersecurity risk.;987292390922;us-east-1;2026-09-13 17:05:55.304157;ip_8;Effectiveness of protection technologies is shared.;Protect (PR);Information Protection Processes and Procedures (PR.IP);;aws;;MANUAL;Cannot evaluate CloudWatch metric filters and alarms: CloudTrail trails, log groups, metric filters or alarms could not be listed in at least one region. Verify that the scanning credentials are allowed to call cloudtrail:DescribeTrails, logs:DescribeLogGroups, logs:DescribeMetricFilters and cloudwatch:DescribeAlarms.;arn:aws:logs:us-east-1:987292390922:log-group;cloudwatch_log_metric_filter_authentication_failures;False;987292390922;NIST-CSF;National Institute of Standards and Technology (NIST) Cybersecurity Framework (CSF) v2.0;
aws;The NIST Cybersecurity Framework (CSF) 2.0 offers a taxonomy of high-level cybersecurity outcomes that can be used by any organization regardless of its size, sector, or maturity to better understand, assess, prioritize, and communicate its cybersecurity efforts. The framework's core functions are organized into six key areas: Govern (new), Identify, Protect, Detect, Respond, and Recover. Together, these functions provide a comprehensive lifecycle approach to managing cybersecurity risk.;987292390922;us-east-1;2026-09-13 17:05:55.304157;pt_1;Audit/log records are determined, documented, implemented, and reviewed in accordance with policy.;Protect (PR);Protective Technology (PR.PT);;aws;;MANUAL;Cannot evaluate CloudWatch metric filters and alarms: CloudTrail trails, log groups, metric filters or alarms could not be listed in at least one region. Verify that the scanning credentials are allowed to call cloudtrail:DescribeTrails, logs:DescribeLogGroups, logs:DescribeMetricFilters and cloudwatch:DescribeAlarms.;arn:aws:logs:us-east-1:987292390922:log-group;cloudwatch_log_metric_filter_authentication_failures;False;987292390922;NIST-CSF;National Institute of Standards and Technology (NIST) Cybersecurity Framework (CSF) v2.0;
aws;The NIST Cybersecurity Framework (CSF) 2.0 offers a taxonomy of high-level cybersecurity outcomes that can be used by any organization regardless of its size, sector, or maturity to better understand, assess, prioritize, and communicate its cybersecurity efforts. The framework's core functions are organized into six key areas: Govern (new), Identify, Protect, Detect, Respond, and Recover. Together, these functions provide a comprehensive lifecycle approach to managing cybersecurity risk.;987292390922;us-east-1;2026-09-13 17:05:55.304157;ae_2;Detected events are analyzed to understand attack targets and methods.;Detect (DE);Anomalies and Events (DE.AE);;aws;;MANUAL;Cannot evaluate CloudWatch metric filters and alarms: CloudTrail trails, log groups, metric filters or alarms could not be listed in at least one region. Verify that the scanning credentials are allowed to call cloudtrail:DescribeTrails, logs:DescribeLogGroups, logs:DescribeMetricFilters and cloudwatch:DescribeAlarms.;arn:aws:logs:us-east-1:987292390922:log-group;cloudwatch_log_metric_filter_authentication_failures;False;987292390922;NIST-CSF;National Institute of Standards and Technology (NIST) Cybersecurity Framework (CSF) v2.0;
aws;The NIST Cybersecurity Framework (CSF) 2.0 offers a taxonomy of high-level cybersecurity outcomes that can be used by any organization regardless of its size, sector, or maturity to better understand, assess, prioritize, and communicate its cybersecurity efforts. The framework's core functions are organized into six key areas: Govern (new), Identify, Protect, Detect, Respond, and Recover. Together, these functions provide a comprehensive lifecycle approach to managing cybersecurity risk.;987292390922;us-east-1;2026-09-13 17:05:55.304157;cm_1;The network is monitored to detect potential cybersecurity events.;Detect (DE);Security Continuous Monitoring (DE.CM);;aws;;MANUAL;Cannot evaluate CloudWatch metric filters and alarms: CloudTrail trails, log groups, metric filters or alarms could not be listed in at least one region. Verify that the scanning credentials are allowed to call cloudtrail:DescribeTrails, logs:DescribeLogGroups, logs:DescribeMetricFilters and cloudwatch:DescribeAlarms.;arn:aws:logs:us-east-1:987292390922:log-group;cloudwatch_log_metric_filter_authentication_failures;False;987292390922;NIST-CSF;National Institute of Standards and Technology (NIST) Cybersecurity Framework (CSF) v2.0;
aws;The NIST Cybersecurity Framework (CSF) 2.0 offers a taxonomy of high-level cybersecurity outcomes that can be used by any organization regardless of its size, sector, or maturity to better understand, assess, prioritize, and communicate its cybersecurity efforts. The framework's core functions are organized into six key areas: Govern (new), Identify, Protect, Detect, Respond, and Recover. Together, these functions provide a comprehensive lifecycle approach to managing cybersecurity risk.;987292390922;us-east-1;2026-09-13 17:05:55.304157;cm_3;Personnel activity is monitored to detect potential cybersecurity events.;Detect (DE);Security Continuous Monitoring (DE.CM);;aws;;MANUAL;Cannot evaluate CloudWatch metric filters and alarms: CloudTrail trails, log groups, metric filters or alarms could not be listed in at least one region. Verify that the scanning credentials are allowed to call cloudtrail:DescribeTrails, logs:DescribeLogGroups, logs:DescribeMetricFilters and cloudwatch:DescribeAlarms.;arn:aws:logs:us-east-1:987292390922:log-group;cloudwatch_log_metric_filter_authentication_failures;False;987292390922;NIST-CSF;National Institute of Standards and Technology (NIST) Cybersecurity Framework (CSF) v2.0;
aws;The NIST Cybersecurity Framework (CSF) 2.0 offers a taxonomy of high-level cybersecurity outcomes that can be used by any organization regardless of its size, sector, or maturity to better understand, assess, prioritize, and communicate its cybersecurity efforts. The framework's core functions are organized into six key areas: Govern (new), Identify, Protect, Detect, Respond, and Recover. Together, these functions provide a comprehensive lifecycle approach to managing cybersecurity risk.;987292390922;us-east-1;2026-09-13 17:05:55.304157;cm_7;Monitoring for unauthorized personnel, connections, devices, and software is performed.;Detect (DE);Security Continuous Monitoring (DE.CM);;aws;;MANUAL;Cannot evaluate CloudWatch metric filters and alarms: CloudTrail trails, log groups, metric filters or alarms could not be listed in at least one region. Verify that the scanning credentials are allowed to call cloudtrail:DescribeTrails, logs:DescribeLogGroups, logs:DescribeMetricFilters and cloudwatch:DescribeAlarms.;arn:aws:logs:us-east-1:987292390922:log-group;cloudwatch_log_metric_filter_authentication_failures;False;987292390922;NIST-CSF;National Institute of Standards and Technology (NIST) Cybersecurity Framework (CSF) v2.0;
aws;The NIST Cybersecurity Framework (CSF) 2.0 offers a taxonomy of high-level cybersecurity outcomes that can be used by any organization regardless of its size, sector, or maturity to better understand, assess, prioritize, and communicate its cybersecurity efforts. The framework's core functions are organized into six key areas: Govern (new), Identify, Protect, Detect, Respond, and Recover. Together, these functions provide a comprehensive lifecycle approach to managing cybersecurity risk.;987292390922;us-east-1;2026-09-13 17:05:55.304157;dp_4;Event detection information is communicated.;Detect (DE);Detection Processes (DE.DP);;aws;;MANUAL;Cannot evaluate CloudWatch metric filters and alarms: CloudTrail trails, log groups, metric filters or alarms could not be listed in at least one region. Verify that the scanning credentials are allowed to call cloudtrail:DescribeTrails, logs:DescribeLogGroups, logs:DescribeMetricFilters and cloudwatch:DescribeAlarms.;arn:aws:logs:us-east-1:987292390922:log-group;cloudwatch_log_metric_filter_authentication_failures;False;987292390922;NIST-CSF;National Institute of Standards and Technology (NIST) Cybersecurity Framework (CSF) v2.0;
aws;The NIST Cybersecurity Framework (CSF) 2.0 offers a taxonomy of high-level cybersecurity outcomes that can be used by any organization regardless of its size, sector, or maturity to better understand, assess, prioritize, and communicate its cybersecurity efforts. The framework's core functions are organized into six key areas: Govern (new), Identify, Protect, Detect, Respond, and Recover. Together, these functions provide a comprehensive lifecycle approach to managing cybersecurity risk.;987292390922;us-east-1;2026-09-13 17:05:55.304157;ae_3;Event data are collected and correlated from multiple sources and sensors.;Detect (DE);Anomalies and Events (DE.AE);;aws;;MANUAL;Cannot evaluate CloudWatch metric filters and alarms: CloudTrail trails, log groups, metric filters or alarms could not be listed in at least one region. Verify that the scanning credentials are allowed to call cloudtrail:DescribeTrails, logs:DescribeLogGroups, logs:DescribeMetricFilters and cloudwatch:DescribeAlarms.;arn:aws:logs:us-east-1:987292390922:log-group;cloudwatch_log_metric_filter_aws_organizations_changes;False;987292390922;NIST-CSF;National Institute of Standards and Technology (NIST) Cybersecurity Framework (CSF) v2.0;
aws;The NIST Cybersecurity Framework (CSF) 2.0 offers a taxonomy of high-level cybersecurity outcomes that can be used by any organization regardless of its size, sector, or maturity to better understand, assess, prioritize, and communicate its cybersecurity efforts. The framework's core functions are organized into six key areas: Govern (new), Identify, Protect, Detect, Respond, and Recover. Together, these functions provide a comprehensive lifecycle approach to managing cybersecurity risk.;987292390922;us-east-1;2026-09-13 17:05:55.304157;cm_7;Monitoring for unauthorized personnel, connections, devices, and software is performed.;Detect (DE);Security Continuous Monitoring (DE.CM);;aws;;MANUAL;Cannot evaluate CloudWatch metric filters and alarms: CloudTrail trails, log groups, metric filters or alarms could not be listed in at least one region. Verify that the scanning credentials are allowed to call cloudtrail:DescribeTrails, logs:DescribeLogGroups, logs:DescribeMetricFilters and cloudwatch:DescribeAlarms.;arn:aws:logs:us-east-1:987292390922:log-group;cloudwatch_log_metric_filter_aws_organizations_changes;False;987292390922;NIST-CSF;National Institute of Standards and Technology (NIST) Cybersecurity Framework (CSF) v2.0;
aws;The NIST Cybersecurity Framework (CSF) 2.0 offers a taxonomy of high-level cybersecurity outcomes that can be used by any organization regardless of its size, sector, or maturity to better understand, assess, prioritize, and communicate its cybersecurity efforts. The framework's core functions are organized into six key areas: Govern (new), Identify, Protect, Detect, Respond, and Recover. Together, these functions provide a comprehensive lifecycle approach to managing cybersecurity risk.;987292390922;us-east-1;2026-09-13 17:05:55.304157;ae_2;Detected events are analyzed to understand attack targets and methods.;Detect (DE);Anomalies and Events (DE.AE);;aws;;MANUAL;Cannot evaluate CloudWatch metric filters and alarms: CloudTrail trails, log groups, metric filters or alarms could not be listed in at least one region. Verify that the scanning credentials are allowed to call cloudtrail:DescribeTrails, logs:DescribeLogGroups, logs:DescribeMetricFilters and cloudwatch:DescribeAlarms.;arn:aws:logs:us-east-1:987292390922:log-group;cloudwatch_log_metric_filter_disable_or_scheduled_deletion_of_kms_cmk;False;987292390922;NIST-CSF;National Institute of Standards and Technology (NIST) Cybersecurity Framework (CSF) v2.0;
aws;The NIST Cybersecurity Framework (CSF) 2.0 offers a taxonomy of high-level cybersecurity outcomes that can be used by any organization regardless of its size, sector, or maturity to better understand, assess, prioritize, and communicate its cybersecurity efforts. The framework's core functions are organized into six key areas: Govern (new), Identify, Protect, Detect, Respond, and Recover. Together, these functions provide a comprehensive lifecycle approach to managing cybersecurity risk.;987292390922;us-east-1;2026-09-13 17:05:55.304157;cm_7;Monitoring for unauthorized personnel, connections, devices, and software is performed.;Detect (DE);Security Continuous Monitoring (DE.CM);;aws;;MANUAL;Cannot evaluate CloudWatch metric filters and alarms: CloudTrail trails, log groups, metric filters or alarms could not be listed in at least one region. Verify that the scanning credentials are allowed to call cloudtrail:DescribeTrails, logs:DescribeLogGroups, logs:DescribeMetricFilters and cloudwatch:DescribeAlarms.;arn:aws:logs:us-east-1:987292390922:log-group;cloudwatch_log_metric_filter_disable_or_scheduled_deletion_of_kms_cmk;False;987292390922;NIST-CSF;National Institute of Standards and Technology (NIST) Cybersecurity Framework (CSF) v2.0;
aws;The NIST Cybersecurity Framework (CSF) 2.0 offers a taxonomy of high-level cybersecurity outcomes that can be used by any organization regardless of its size, sector, or maturity to better understand, assess, prioritize, and communicate its cybersecurity efforts. The framework's core functions are organized into six key areas: Govern (new), Identify, Protect, Detect, Respond, and Recover. Together, these functions provide a comprehensive lifecycle approach to managing cybersecurity risk.;987292390922;us-east-1;2026-09-13 17:05:55.304157;pt_1;Audit/log records are determined, documented, implemented, and reviewed in accordance with policy.;Protect (PR);Protective Technology (PR.PT);;aws;;MANUAL;Cannot evaluate CloudWatch metric filters and alarms: CloudTrail trails, log groups, metric filters or alarms could not be listed in at least one region. Verify that the scanning credentials are allowed to call cloudtrail:DescribeTrails, logs:DescribeLogGroups, logs:DescribeMetricFilters and cloudwatch:DescribeAlarms.;arn:aws:logs:us-east-1:987292390922:log-group;cloudwatch_log_metric_filter_for_s3_bucket_policy_changes;False;987292390922;NIST-CSF;National Institute of Standards and Technology (NIST) Cybersecurity Framework (CSF) v2.0;
aws;The NIST Cybersecurity Framework (CSF) 2.0 offers a taxonomy of high-level cybersecurity outcomes that can be used by any organization regardless of its size, sector, or maturity to better understand, assess, prioritize, and communicate its cybersecurity efforts. The framework's core functions are organized into six key areas: Govern (new), Identify, Protect, Detect, Respond, and Recover. Together, these functions provide a comprehensive lifecycle approach to managing cybersecurity risk.;987292390922;us-east-1;2026-09-13 17:05:55.304157;ae_1;A baseline of network operations and expected data flows for users and systems is established and managed.;Detect (DE);Anomalies and Events (DE.AE);;aws;;MANUAL;Cannot evaluate CloudWatch metric filters and alarms: CloudTrail trails, log groups, metric filters or alarms could not be listed in at least one region. Verify that the scanning credentials are allowed to call cloudtrail:DescribeTrails, logs:DescribeLogGroups, logs:DescribeMetricFilters and cloudwatch:DescribeAlarms.;arn:aws:logs:us-east-1:987292390922:log-group;cloudwatch_log_metric_filter_for_s3_bucket_policy_changes;False;987292390922;NIST-CSF;National Institute of Standards and Technology (NIST) Cybersecurity Framework (CSF) v2.0;
aws;The NIST Cybersecurity Framework (CSF) 2.0 offers a taxonomy of high-level cybersecurity outcomes that can be used by any organization regardless of its size, sector, or maturity to better understand, assess, prioritize, and communicate its cybersecurity efforts. The framework's core functions are organized into six key areas: Govern (new), Identify, Protect, Detect, Respond, and Recover. Together, these functions provide a comprehensive lifecycle approach to managing cybersecurity risk.;987292390922;us-east-1;2026-09-13 17:05:55.304157;ae_2;Detected events are analyzed to understand attack targets and methods.;Detect (DE);Anomalies and Events (DE.AE);;aws;;MANUAL;Cannot evaluate CloudWatch metric filters and alarms: CloudTrail trails, log groups, metric filters or alarms could not be listed in at least one region. Verify that the scanning credentials are allowed to call cloudtrail:DescribeTrails, logs:DescribeLogGroups, logs:DescribeMetricFilters and cloudwatch:DescribeAlarms.;arn:aws:logs:us-east-1:987292390922:log-group;cloudwatch_log_metric_filter_for_s3_bucket_policy_changes;False;987292390922;NIST-CSF;National Institute of Standards and Technology (NIST) Cybersecurity Framework (CSF) v2.0;
aws;The NIST Cybersecurity Framework (CSF) 2.0 offers a taxonomy of high-level cybersecurity outcomes that can be used by any organization regardless of its size, sector, or maturity to better understand, assess, prioritize, and communicate its cybersecurity efforts. The framework's core functions are organized into six key areas: Govern (new), Identify, Protect, Detect, Respond, and Recover. Together, these functions provide a comprehensive lifecycle approach to managing cybersecurity risk.;987292390922;us-east-1;2026-09-13 17:05:55.304157;cm_7;Monitoring for unauthorized personnel, connections, devices, and software is performed.;Detect (DE);Security Continuous Monitoring (DE.CM);;aws;;MANUAL;Cannot evaluate CloudWatch metric filters and alarms: CloudTrail trails, log groups, metric filters or alarms could not be listed in at least one region. Verify that the scanning credentials are allowed to call cloudtrail:DescribeTrails, logs:DescribeLogGroups, logs:DescribeMetricFilters and cloudwatch:DescribeAlarms.;arn:aws:logs:us-east-1:987292390922:log-group;cloudwatch_log_metric_filter_for_s3_bucket_policy_changes;False;987292390922;NIST-CSF;National Institute of Standards and Technology (NIST) Cybersecurity Framework (CSF) v2.0;
aws;The NIST Cybersecurity Framework (CSF) 2.0 offers a taxonomy of high-level cybersecurity outcomes that can be used by any organization regardless of its size, sector, or maturity to better understand, assess, prioritize, and communicate its cybersecurity efforts. The framework's core functions are organized into six key areas: Govern (new), Identify, Protect, Detect, Respond, and Recover. Together, these functions provide a comprehensive lifecycle approach to managing cybersecurity risk.;987292390922;us-east-1;2026-09-13 17:05:55.304157;ov_3;Cybersecurity risk management strategy and practices are reviewed and adjusted to adapt to changes in the threat landscape, technologies, or mission, business, or system environments.;Govern (GV);Oversight (GV.OV);;aws;;MANUAL;Cannot evaluate CloudWatch metric filters and alarms: CloudTrail trails, log groups, metric filters or alarms could not be listed in at least one region. Verify that the scanning credentials are allowed to call cloudtrail:DescribeTrails, logs:DescribeLogGroups, logs:DescribeMetricFilters and cloudwatch:DescribeAlarms.;arn:aws:logs:us-east-1:987292390922:log-group;cloudwatch_log_metric_filter_policy_changes;False;987292390922;NIST-CSF;National Institute of Standards and Technology (NIST) Cybersecurity Framework (CSF) v2.0;
aws;The NIST Cybersecurity Framework (CSF) 2.0 offers a taxonomy of high-level cybersecurity outcomes that can be used by any organization regardless of its size, sector, or maturity to better understand, assess, prioritize, and communicate its cybersecurity efforts. The framework's core functions are organized into six key areas: Govern (new), Identify, Protect, Detect, Respond, and Recover. Together, these functions provide a comprehensive lifecycle approach to managing cybersecurity risk.;987292390922;us-east-1;2026-09-13 17:05:55.304157;ae_2;Detected events are analyzed to understand attack targets and methods.;Detect (DE);Anomalies and Events (DE.AE);;aws;;MANUAL;Cannot evaluate CloudWatch metric filters and alarms: CloudTrail trails, log groups, metric filters or alarms could not be listed in at least one region. Verify that the scanning credentials are allowed to call cloudtrail:DescribeTrails, logs:DescribeLogGroups, logs:DescribeMetricFilters and cloudwatch:DescribeAlarms.;arn:aws:logs:us-east-1:987292390922:log-group;cloudwatch_log_metric_filter_policy_changes;False;987292390922;NIST-CSF;National Institute of Standards and Technology (NIST) Cybersecurity Framework (CSF) v2.0;
aws;The NIST Cybersecurity Framework (CSF) 2.0 offers a taxonomy of high-level cybersecurity outcomes that can be used by any organization regardless of its size, sector, or maturity to better understand, assess, prioritize, and communicate its cybersecurity efforts. The framework's core functions are organized into six key areas: Govern (new), Identify, Protect, Detect, Respond, and Recover. Together, these functions provide a comprehensive lifecycle approach to managing cybersecurity risk.;987292390922;us-east-1;2026-09-13 17:05:55.304157;cm_7;Monitoring for unauthorized personnel, connections, devices, and software is performed.;Detect (DE);Security Continuous Monitoring (DE.CM);;aws;;MANUAL;Cannot evaluate CloudWatch metric filters and alarms: CloudTrail trails, log groups, metric filters or alarms could not be listed in at least one region. Verify that the scanning credentials are allowed to call cloudtrail:DescribeTrails, logs:DescribeLogGroups, logs:DescribeMetricFilters and cloudwatch:DescribeAlarms.;arn:aws:logs:us-east-1:987292390922:log-group;cloudwatch_log_metric_filter_policy_changes;False;987292390922;NIST-CSF;National Institute of Standards and Technology (NIST) Cybersecurity Framework (CSF) v2.0;
aws;The NIST Cybersecurity Framework (CSF) 2.0 offers a taxonomy of high-level cybersecurity outcomes that can be used by any organization regardless of its size, sector, or maturity to better understand, assess, prioritize, and communicate its cybersecurity efforts. The framework's core functions are organized into six key areas: Govern (new), Identify, Protect, Detect, Respond, and Recover. Together, these functions provide a comprehensive lifecycle approach to managing cybersecurity risk.;987292390922;us-east-1;2026-09-13 17:05:55.304157;ip_8;Effectiveness of protection technologies is shared.;Protect (PR);Information Protection Processes and Procedures (PR.IP);;aws;;MANUAL;Cannot evaluate CloudWatch metric filters and alarms: CloudTrail trails, log groups, metric filters or alarms could not be listed in at least one region. Verify that the scanning credentials are allowed to call cloudtrail:DescribeTrails, logs:DescribeLogGroups, logs:DescribeMetricFilters and cloudwatch:DescribeAlarms.;arn:aws:logs:us-east-1:987292390922:log-group;cloudwatch_log_metric_filter_root_usage;False;987292390922;NIST-CSF;National Institute of Standards and Technology (NIST) Cybersecurity Framework (CSF) v2.0;
aws;The NIST Cybersecurity Framework (CSF) 2.0 offers a taxonomy of high-level cybersecurity outcomes that can be used by any organization regardless of its size, sector, or maturity to better understand, assess, prioritize, and communicate its cybersecurity efforts. The framework's core functions are organized into six key areas: Govern (new), Identify, Protect, Detect, Respond, and Recover. Together, these functions provide a comprehensive lifecycle approach to managing cybersecurity risk.;987292390922;us-east-1;2026-09-13 17:05:55.304157;ae_2;Detected events are analyzed to understand attack targets and methods.;Detect (DE);Anomalies and Events (DE.AE);;aws;;MANUAL;Cannot evaluate CloudWatch metric filters and alarms: CloudTrail trails, log groups, metric filters or alarms could not be listed in at least one region. Verify that the scanning credentials are allowed to call cloudtrail:DescribeTrails, logs:DescribeLogGroups, logs:DescribeMetricFilters and cloudwatch:DescribeAlarms.;arn:aws:logs:us-east-1:987292390922:log-group;cloudwatch_log_metric_filter_root_usage;False;987292390922;NIST-CSF;National Institute of Standards and Technology (NIST) Cybersecurity Framework (CSF) v2.0;
aws;The NIST Cybersecurity Framework (CSF) 2.0 offers a taxonomy of high-level cybersecurity outcomes that can be used by any organization regardless of its size, sector, or maturity to better understand, assess, prioritize, and communicate its cybersecurity efforts. The framework's core functions are organized into six key areas: Govern (new), Identify, Protect, Detect, Respond, and Recover. Together, these functions provide a comprehensive lifecycle approach to managing cybersecurity risk.;987292390922;us-east-1;2026-09-13 17:05:55.304157;cm_7;Monitoring for unauthorized personnel, connections, devices, and software is performed.;Detect (DE);Security Continuous Monitoring (DE.CM);;aws;;MANUAL;Cannot evaluate CloudWatch metric filters and alarms: CloudTrail trails, log groups, metric filters or alarms could not be listed in at least one region. Verify that the scanning credentials are allowed to call cloudtrail:DescribeTrails, logs:DescribeLogGroups, logs:DescribeMetricFilters and cloudwatch:DescribeAlarms.;arn:aws:logs:us-east-1:987292390922:log-group;cloudwatch_log_metric_filter_root_usage;False;987292390922;NIST-CSF;National Institute of Standards and Technology (NIST) Cybersecurity Framework (CSF) v2.0;
aws;The NIST Cybersecurity Framework (CSF) 2.0 offers a taxonomy of high-level cybersecurity outcomes that can be used by any organization regardless of its size, sector, or maturity to better understand, assess, prioritize, and communicate its cybersecurity efforts. The framework's core functions are organized into six key areas: Govern (new), Identify, Protect, Detect, Respond, and Recover. Together, these functions provide a comprehensive lifecycle approach to managing cybersecurity risk.;987292390922;us-east-1;2026-09-13 17:05:55.304157;dp_4;Event detection information is communicated.;Detect (DE);Detection Processes (DE.DP);;aws;;MANUAL;Cannot evaluate CloudWatch metric filters and alarms: CloudTrail trails, log groups, metric filters or alarms could not be listed in at least one region. Verify that the scanning credentials are allowed to call cloudtrail:DescribeTrails, logs:DescribeLogGroups, logs:DescribeMetricFilters and cloudwatch:DescribeAlarms.;arn:aws:logs:us-east-1:987292390922:log-group;cloudwatch_log_metric_filter_root_usage;False;987292390922;NIST-CSF;National Institute of Standards and Technology (NIST) Cybersecurity Framework (CSF) v2.0;
aws;The NIST Cybersecurity Framework (CSF) 2.0 offers a taxonomy of high-level cybersecurity outcomes that can be used by any organization regardless of its size, sector, or maturity to better understand, assess, prioritize, and communicate its cybersecurity efforts. The framework's core functions are organized into six key areas: Govern (new), Identify, Protect, Detect, Respond, and Recover. Together, these functions provide a comprehensive lifecycle approach to managing cybersecurity risk.;987292390922;us-east-1;2026-09-13 17:05:55.304157;ov_3;Cybersecurity risk management strategy and practices are reviewed and adjusted to adapt to changes in the threat landscape, technologies, or mission, business, or system environments.;Govern (GV);Oversight (GV.OV);;aws;;MANUAL;Cannot evaluate CloudWatch metric filters and alarms: CloudTrail trails, log groups, metric filters or alarms could not be listed in at least one region. Verify that the scanning credentials are allowed to call cloudtrail:DescribeTrails, logs:DescribeLogGroups, logs:DescribeMetricFilters and cloudwatch:DescribeAlarms.;arn:aws:logs:us-east-1:987292390922:log-group;cloudwatch_log_metric_filter_security_group_changes;False;987292390922;NIST-CSF;National Institute of Standards and Technology (NIST) Cybersecurity Framework (CSF) v2.0;
aws;The NIST Cybersecurity Framework (CSF) 2.0 offers a taxonomy of high-level cybersecurity outcomes that can be used by any organization regardless of its size, sector, or maturity to better understand, assess, prioritize, and communicate its cybersecurity efforts. The framework's core functions are organized into six key areas: Govern (new), Identify, Protect, Detect, Respond, and Recover. Together, these functions provide a comprehensive lifecycle approach to managing cybersecurity risk.;987292390922;us-east-1;2026-09-13 17:05:55.304157;ip_8;Effectiveness of protection technologies is shared.;Protect (PR);Information Protection Processes and Procedures (PR.IP);;aws;;MANUAL;Cannot evaluate CloudWatch metric filters and alarms: CloudTrail trails, log groups, metric filters or alarms could not be listed in at least one region. Verify that the scanning credentials are allowed to call cloudtrail:DescribeTrails, logs:DescribeLogGroups, logs:DescribeMetricFilters and cloudwatch:DescribeAlarms.;arn:aws:logs:us-east-1:987292390922:log-group;cloudwatch_log_metric_filter_security_group_changes;False;987292390922;NIST-CSF;National Institute of Standards and Technology (NIST) Cybersecurity Framework (CSF) v2.0;
aws;The NIST Cybersecurity Framework (CSF) 2.0 offers a taxonomy of high-level cybersecurity outcomes that can be used by any organization regardless of its size, sector, or maturity to better understand, assess, prioritize, and communicate its cybersecurity efforts. The framework's core functions are organized into six key areas: Govern (new), Identify, Protect, Detect, Respond, and Recover. Together, these functions provide a comprehensive lifecycle approach to managing cybersecurity risk.;987292390922;us-east-1;2026-09-13 17:05:55.304157;ae_1;A baseline of network operations and expected data flows for users and systems is established and managed.;Detect (DE);Anomalies and Events (DE.AE);;aws;;MANUAL;Cannot evaluate CloudWatch metric filters and alarms: CloudTrail trails, log groups, metric filters or alarms could not be listed in at least one region. Verify that the scanning credentials are allowed to call cloudtrail:DescribeTrails, logs:DescribeLogGroups, logs:DescribeMetricFilters and cloudwatch:DescribeAlarms.;arn:aws:logs:us-east-1:987292390922:log-group;cloudwatch_log_metric_filter_security_group_changes;False;987292390922;NIST-CSF;National Institute of Standards and Technology (NIST) Cybersecurity Framework (CSF) v2.0;
aws;The NIST Cybersecurity Framework (CSF) 2.0 offers a taxonomy of high-level cybersecurity outcomes that can be used by any organization regardless of its size, sector, or maturity to better understand, assess, prioritize, and communicate its cybersecurity efforts. The framework's core functions are organized into six key areas: Govern (new), Identify, Protect, Detect, Respond, and Recover. Together, these functions provide a comprehensive lifecycle approach to managing cybersecurity risk.;987292390922;us-east-1;2026-09-13 17:05:55.304157;ae_2;Detected events are analyzed to understand attack targets and methods.;Detect (DE);Anomalies and Events (DE.AE);;aws;;MANUAL;Cannot evaluate CloudWatch metric filters and alarms: CloudTrail trails, log groups, metric filters or alarms could not be listed in at least one region. Verify that the scanning credentials are allowed to call cloudtrail:DescribeTrails, logs:DescribeLogGroups, logs:DescribeMetricFilters and cloudwatch:DescribeAlarms.;arn:aws:logs:us-east-1:987292390922:log-group;cloudwatch_log_metric_filter_security_group_changes;False;987292390922;NIST-CSF;National Institute of Standards and Technology (NIST) Cybersecurity Framework (CSF) v2.0;
aws;The NIST Cybersecurity Framework (CSF) 2.0 offers a taxonomy of high-level cybersecurity outcomes that can be used by any organization regardless of its size, sector, or maturity to better understand, assess, prioritize, and communicate its cybersecurity efforts. The framework's core functions are organized into six key areas: Govern (new), Identify, Protect, Detect, Respond, and Recover. Together, these functions provide a comprehensive lifecycle approach to managing cybersecurity risk.;987292390922;us-east-1;2026-09-13 17:05:55.304157;cm_7;Monitoring for unauthorized personnel, connections, devices, and software is performed.;Detect (DE);Security Continuous Monitoring (DE.CM);;aws;;MANUAL;Cannot evaluate CloudWatch metric filters and alarms: CloudTrail trails, log groups, metric filters or alarms could not be listed in at least one region. Verify that the scanning credentials are allowed to call cloudtrail:DescribeTrails, logs:DescribeLogGroups, logs:DescribeMetricFilters and cloudwatch:DescribeAlarms.;arn:aws:logs:us-east-1:987292390922:log-group;cloudwatch_log_metric_filter_security_group_changes;False;987292390922;NIST-CSF;National Institute of Standards and Technology (NIST) Cybersecurity Framework (CSF) v2.0;
aws;The NIST Cybersecurity Framework (CSF) 2.0 offers a taxonomy of high-level cybersecurity outcomes that can be used by any organization regardless of its size, sector, or maturity to better understand, assess, prioritize, and communicate its cybersecurity efforts. The framework's core functions are organized into six key areas: Govern (new), Identify, Protect, Detect, Respond, and Recover. Together, these functions provide a comprehensive lifecycle approach to managing cybersecurity risk.;987292390922;us-east-1;2026-09-13 17:05:55.304157;dp_4;Event detection information is communicated.;Detect (DE);Detection Processes (DE.DP);;aws;;MANUAL;Cannot evaluate CloudWatch metric filters and alarms: CloudTrail trails, log groups, metric filters or alarms could not be listed in at least one region. Verify that the scanning credentials are allowed to call cloudtrail:DescribeTrails, logs:DescribeLogGroups, logs:DescribeMetricFilters and cloudwatch:DescribeAlarms.;arn:aws:logs:us-east-1:987292390922:log-group;cloudwatch_log_metric_filter_security_group_changes;False;987292390922;NIST-CSF;National Institute of Standards and Technology (NIST) Cybersecurity Framework (CSF) v2.0;
aws;The NIST Cybersecurity Framework (CSF) 2.0 offers a taxonomy of high-level cybersecurity outcomes that can be used by any organization regardless of its size, sector, or maturity to better understand, assess, prioritize, and communicate its cybersecurity efforts. The framework's core functions are organized into six key areas: Govern (new), Identify, Protect, Detect, Respond, and Recover. Together, these functions provide a comprehensive lifecycle approach to managing cybersecurity risk.;987292390922;us-east-1;2026-09-13 17:05:55.304157;ov_3;Cybersecurity risk management strategy and practices are reviewed and adjusted to adapt to changes in the threat landscape, technologies, or mission, business, or system environments.;Govern (GV);Oversight (GV.OV);;aws;;MANUAL;Cannot evaluate CloudWatch metric filters and alarms: CloudTrail trails, log groups, metric filters or alarms could not be listed in at least one region. Verify that the scanning credentials are allowed to call cloudtrail:DescribeTrails, logs:DescribeLogGroups, logs:DescribeMetricFilters and cloudwatch:DescribeAlarms.;arn:aws:logs:us-east-1:987292390922:log-group;cloudwatch_log_metric_filter_unauthorized_api_calls;False;987292390922;NIST-CSF;National Institute of Standards and Technology (NIST) Cybersecurity Framework (CSF) v2.0;
aws;The NIST Cybersecurity Framework (CSF) 2.0 offers a taxonomy of high-level cybersecurity outcomes that can be used by any organization regardless of its size, sector, or maturity to better understand, assess, prioritize, and communicate its cybersecurity efforts. The framework's core functions are organized into six key areas: Govern (new), Identify, Protect, Detect, Respond, and Recover. Together, these functions provide a comprehensive lifecycle approach to managing cybersecurity risk.;987292390922;us-east-1;2026-09-13 17:05:55.304157;ra_5;Threats, vulnerabilities, likelihoods, and impacts are used to determine risk.;Identify (ID);Risk Assessment (ID.RA);;aws;;MANUAL;Cannot evaluate CloudWatch metric filters and alarms: CloudTrail trails, log groups, metric filters or alarms could not be listed in at least one region. Verify that the scanning credentials are allowed to call cloudtrail:DescribeTrails, logs:DescribeLogGroups, logs:DescribeMetricFilters and cloudwatch:DescribeAlarms.;arn:aws:logs:us-east-1:987292390922:log-group;cloudwatch_log_metric_filter_unauthorized_api_calls;False;987292390922;NIST-CSF;National Institute of Standards and Technology (NIST) Cybersecurity Framework (CSF) v2.0;
aws;The NIST Cybersecurity Framework (CSF) 2.0 offers a taxonomy of high-level cybersecurity outcomes that can be used by any organization regardless of its size, sector, or maturity to better understand, assess, prioritize, and communicate its cybersecurity efforts. The framework's core functions are organized into six key areas: Govern (new), Identify, Protect, Detect, Respond, and Recover. Together, these functions provide a comprehensive lifecycle approach to managing cybersecurity risk.;987292390922;us-east-1;2026-09-13 17:05:55.304157;ip_7;Protection processes are improved.;Protect (PR);Information Protection Processes and Procedures (PR.IP);;ec2;;MANUAL;Cannot evaluate CloudWatch metric filters and alarms: CloudTrail trails, log groups, metric filters or alarms could not be listed in at least one region. Verify that the scanning credentials are allowed to call cloudtrail:DescribeTrails, logs:DescribeLogGroups, logs:DescribeMetricFilters and cloudwatch:DescribeAlarms.;arn:aws:logs:us-east-1:987292390922:log-group;cloudwatch_log_metric_filter_unauthorized_api_calls;False;987292390922;NIST-CSF;National Institute of Standards and Technology (NIST) Cybersecurity Framework (CSF) v2.0;
aws;The NIST Cybersecurity Framework (CSF) 2.0 offers a taxonomy of high-level cybersecurity outcomes that can be used by any organization regardless of its size, sector, or maturity to better understand, assess, prioritize, and communicate its cybersecurity efforts. The framework's core functions are organized into six key areas: Govern (new), Identify, Protect, Detect, Respond, and Recover. Together, these functions provide a comprehensive lifecycle approach to managing cybersecurity risk.;987292390922;us-east-1;2026-09-13 17:05:55.304157;ip_8;Effectiveness of protection technologies is shared.;Protect (PR);Information Protection Processes and Procedures (PR.IP);;aws;;MANUAL;Cannot evaluate CloudWatch metric filters and alarms: CloudTrail trails, log groups, metric filters or alarms could not be listed in at least one region. Verify that the scanning credentials are allowed to call cloudtrail:DescribeTrails, logs:DescribeLogGroups, logs:DescribeMetricFilters and cloudwatch:DescribeAlarms.;arn:aws:logs:us-east-1:987292390922:log-group;cloudwatch_log_metric_filter_unauthorized_api_calls;False;987292390922;NIST-CSF;National Institute of Standards and Technology (NIST) Cybersecurity Framework (CSF) v2.0;
aws;The NIST Cybersecurity Framework (CSF) 2.0 offers a taxonomy of high-level cybersecurity outcomes that can be used by any organization regardless of its size, sector, or maturity to better understand, assess, prioritize, and communicate its cybersecurity efforts. The framework's core functions are organized into six key areas: Govern (new), Identify, Protect, Detect, Respond, and Recover. Together, these functions provide a comprehensive lifecycle approach to managing cybersecurity risk.;987292390922;us-east-1;2026-09-13 17:05:55.304157;pt_1;Audit/log records are determined, documented, implemented, and reviewed in accordance with policy.;Protect (PR);Protective Technology (PR.PT);;aws;;MANUAL;Cannot evaluate CloudWatch metric filters and alarms: CloudTrail trails, log groups, metric filters or alarms could not be listed in at least one region. Verify that the scanning credentials are allowed to call cloudtrail:DescribeTrails, logs:DescribeLogGroups, logs:DescribeMetricFilters and cloudwatch:DescribeAlarms.;arn:aws:logs:us-east-1:987292390922:log-group;cloudwatch_log_metric_filter_unauthorized_api_calls;False;987292390922;NIST-CSF;National Institute of Standards and Technology (NIST) Cybersecurity Framework (CSF) v2.0;
aws;The NIST Cybersecurity Framework (CSF) 2.0 offers a taxonomy of high-level cybersecurity outcomes that can be used by any organization regardless of its size, sector, or maturity to better understand, assess, prioritize, and communicate its cybersecurity efforts. The framework's core functions are organized into six key areas: Govern (new), Identify, Protect, Detect, Respond, and Recover. Together, these functions provide a comprehensive lifecycle approach to managing cybersecurity risk.;987292390922;us-east-1;2026-09-13 17:05:55.304157;ae_1;A baseline of network operations and expected data flows for users and systems is established and managed.;Detect (DE);Anomalies and Events (DE.AE);;aws;;MANUAL;Cannot evaluate CloudWatch metric filters and alarms: CloudTrail trails, log groups, metric filters or alarms could not be listed in at least one region. Verify that the scanning credentials are allowed to call cloudtrail:DescribeTrails, logs:DescribeLogGroups, logs:DescribeMetricFilters and cloudwatch:DescribeAlarms.;arn:aws:logs:us-east-1:987292390922:log-group;cloudwatch_log_metric_filter_unauthorized_api_calls;False;987292390922;NIST-CSF;National Institute of Standards and Technology (NIST) Cybersecurity Framework (CSF) v2.0;
aws;The NIST Cybersecurity Framework (CSF) 2.0 offers a taxonomy of high-level cybersecurity outcomes that can be used by any organization regardless of its size, sector, or maturity to better understand, assess, prioritize, and communicate its cybersecurity efforts. The framework's core functions are organized into six key areas: Govern (new), Identify, Protect, Detect, Respond, and Recover. Together, these functions provide a comprehensive lifecycle approach to managing cybersecurity risk.;987292390922;us-east-1;2026-09-13 17:05:55.304157;ae_2;Detected events are analyzed to understand attack targets and methods.;Detect (DE);Anomalies and Events (DE.AE);;aws;;MANUAL;Cannot evaluate CloudWatch metric filters and alarms: CloudTrail trails, log groups, metric filters or alarms could not be listed in at least one region. Verify that the scanning credentials are allowed to call cloudtrail:DescribeTrails, logs:DescribeLogGroups, logs:DescribeMetricFilters and cloudwatch:DescribeAlarms.;arn:aws:logs:us-east-1:987292390922:log-group;cloudwatch_log_metric_filter_unauthorized_api_calls;False;987292390922;NIST-CSF;National Institute of Standards and Technology (NIST) Cybersecurity Framework (CSF) v2.0;
aws;The NIST Cybersecurity Framework (CSF) 2.0 offers a taxonomy of high-level cybersecurity outcomes that can be used by any organization regardless of its size, sector, or maturity to better understand, assess, prioritize, and communicate its cybersecurity efforts. The framework's core functions are organized into six key areas: Govern (new), Identify, Protect, Detect, Respond, and Recover. Together, these functions provide a comprehensive lifecycle approach to managing cybersecurity risk.;987292390922;us-east-1;2026-09-13 17:05:55.304157;cm_1;The network is monitored to detect potential cybersecurity events.;Detect (DE);Security Continuous Monitoring (DE.CM);;aws;;MANUAL;Cannot evaluate CloudWatch metric filters and alarms: CloudTrail trails, log groups, metric filters or alarms could not be listed in at least one region. Verify that the scanning credentials are allowed to call cloudtrail:DescribeTrails, logs:DescribeLogGroups, logs:DescribeMetricFilters and cloudwatch:DescribeAlarms.;arn:aws:logs:us-east-1:987292390922:log-group;cloudwatch_log_metric_filter_unauthorized_api_calls;False;987292390922;NIST-CSF;National Institute of Standards and Technology (NIST) Cybersecurity Framework (CSF) v2.0;
aws;The NIST Cybersecurity Framework (CSF) 2.0 offers a taxonomy of high-level cybersecurity outcomes that can be used by any organization regardless of its size, sector, or maturity to better understand, assess, prioritize, and communicate its cybersecurity efforts. The framework's core functions are organized into six key areas: Govern (new), Identify, Protect, Detect, Respond, and Recover. Together, these functions provide a comprehensive lifecycle approach to managing cybersecurity risk.;987292390922;us-east-1;2026-09-13 17:05:55.304157;cm_3;Personnel activity is monitored to detect potential cybersecurity events.;Detect (DE);Security Continuous Monitoring (DE.CM);;aws;;MANUAL;Cannot evaluate CloudWatch metric filters and alarms: CloudTrail trails, log groups, metric filters or alarms could not be listed in at least one region. Verify that the scanning credentials are allowed to call cloudtrail:DescribeTrails, logs:DescribeLogGroups, logs:DescribeMetricFilters and cloudwatch:DescribeAlarms.;arn:aws:logs:us-east-1:987292390922:log-group;cloudwatch_log_metric_filter_unauthorized_api_calls;False;987292390922;NIST-CSF;National Institute of Standards and Technology (NIST) Cybersecurity Framework (CSF) v2.0;
aws;The NIST Cybersecurity Framework (CSF) 2.0 offers a taxonomy of high-level cybersecurity outcomes that can be used by any organization regardless of its size, sector, or maturity to better understand, assess, prioritize, and communicate its cybersecurity efforts. The framework's core functions are organized into six key areas: Govern (new), Identify, Protect, Detect, Respond, and Recover. Together, these functions provide a comprehensive lifecycle approach to managing cybersecurity risk.;987292390922;us-east-1;2026-09-13 17:05:55.304157;cm_7;Monitoring for unauthorized personnel, connections, devices, and software is performed.;Detect (DE);Security Continuous Monitoring (DE.CM);;aws;;MANUAL;Cannot evaluate CloudWatch metric filters and alarms: CloudTrail trails, log groups, metric filters or alarms could not be listed in at least one region. Verify that the scanning credentials are allowed to call cloudtrail:DescribeTrails, logs:DescribeLogGroups, logs:DescribeMetricFilters and cloudwatch:DescribeAlarms.;arn:aws:logs:us-east-1:987292390922:log-group;cloudwatch_log_metric_filter_unauthorized_api_calls;False;987292390922;NIST-CSF;National Institute of Standards and Technology (NIST) Cybersecurity Framework (CSF) v2.0;
aws;The NIST Cybersecurity Framework (CSF) 2.0 offers a taxonomy of high-level cybersecurity outcomes that can be used by any organization regardless of its size, sector, or maturity to better understand, assess, prioritize, and communicate its cybersecurity efforts. The framework's core functions are organized into six key areas: Govern (new), Identify, Protect, Detect, Respond, and Recover. Together, these functions provide a comprehensive lifecycle approach to managing cybersecurity risk.;987292390922;us-east-1;2026-09-13 17:05:55.304157;dp_4;Event detection information is communicated.;Detect (DE);Detection Processes (DE.DP);;aws;;MANUAL;Cannot evaluate CloudWatch metric filters and alarms: CloudTrail trails, log groups, metric filters or alarms could not be listed in at least one region. Verify that the scanning credentials are allowed to call cloudtrail:DescribeTrails, logs:DescribeLogGroups, logs:DescribeMetricFilters and cloudwatch:DescribeAlarms.;arn:aws:logs:us-east-1:987292390922:log-group;cloudwatch_log_metric_filter_unauthorized_api_calls;False;987292390922;NIST-CSF;National Institute of Standards and Technology (NIST) Cybersecurity Framework (CSF) v2.0;
aws;The NIST Cybersecurity Framework (CSF) 2.0 offers a taxonomy of high-level cybersecurity outcomes that can be used by any organization regardless of its size, sector, or maturity to better understand, assess, prioritize, and communicate its cybersecurity efforts. The framework's core functions are organized into six key areas: Govern (new), Identify, Protect, Detect, Respond, and Recover. Together, these functions provide a comprehensive lifecycle approach to managing cybersecurity risk.;987292390922;af-south-1;2026-09-13 17:05:55.304157;ac_1;Identities and credentials are issued, managed, verified, revoked, and audited for authorized devices, users and processes.;Protect (PR);Identity Management and Access Control (PR.AC);;aws;;FAIL;User pool tradecore-production-user-pool has MFA disabled.;arn:aws:cognito-idp:af-south-1:987292390922:userpool/af-south-1_uZp6TjQs5;cognito_user_pool_mfa_enabled;False;af-south-1_uZp6TjQs5;NIST-CSF;National Institute of Standards and Technology (NIST) Cybersecurity Framework (CSF) v2.0;
aws;The NIST Cybersecurity Framework (CSF) 2.0 offers a taxonomy of high-level cybersecurity outcomes that can be used by any organization regardless of its size, sector, or maturity to better understand, assess, prioritize, and communicate its cybersecurity efforts. The framework's core functions are organized into six key areas: Govern (new), Identify, Protect, Detect, Respond, and Recover. Together, these functions provide a comprehensive lifecycle approach to managing cybersecurity risk.;987292390922;af-south-1;2026-09-13 17:05:55.304157;ac_7;Users, devices, and other assets are authenticated (e.g., single-factor, multi-factor) commensurate with the risk of the transaction (e.g., individuals' security and privacy risks and other organizational risks).;Protect (PR);Identity Management and Access Control (PR.AC);;iam;;FAIL;User pool tradecore-production-user-pool has MFA disabled.;arn:aws:cognito-idp:af-south-1:987292390922:userpool/af-south-1_uZp6TjQs5;cognito_user_pool_mfa_enabled;False;af-south-1_uZp6TjQs5;NIST-CSF;National Institute of Standards and Technology (NIST) Cybersecurity Framework (CSF) v2.0;
aws;The NIST Cybersecurity Framework (CSF) 2.0 offers a taxonomy of high-level cybersecurity outcomes that can be used by any organization regardless of its size, sector, or maturity to better understand, assess, prioritize, and communicate its cybersecurity efforts. The framework's core functions are organized into six key areas: Govern (new), Identify, Protect, Detect, Respond, and Recover. Together, these functions provide a comprehensive lifecycle approach to managing cybersecurity risk.;987292390922;af-south-1;2026-09-13 17:05:55.304157;ac_1;Identities and credentials are issued, managed, verified, revoked, and audited for authorized devices, users and processes.;Protect (PR);Identity Management and Access Control (PR.AC);;aws;;PASS;User pool tradecore-production-user-pool has a password policy with a lowercase requirement.;arn:aws:cognito-idp:af-south-1:987292390922:userpool/af-south-1_uZp6TjQs5;cognito_user_pool_password_policy_lowercase;False;af-south-1_uZp6TjQs5;NIST-CSF;National Institute of Standards and Technology (NIST) Cybersecurity Framework (CSF) v2.0;
aws;The NIST Cybersecurity Framework (CSF) 2.0 offers a taxonomy of high-level cybersecurity outcomes that can be used by any organization regardless of its size, sector, or maturity to better understand, assess, prioritize, and communicate its cybersecurity efforts. The framework's core functions are organized into six key areas: Govern (new), Identify, Protect, Detect, Respond, and Recover. Together, these functions provide a comprehensive lifecycle approach to managing cybersecurity risk.;987292390922;af-south-1;2026-09-13 17:05:55.304157;ac_7;Users, devices, and other assets are authenticated (e.g., single-factor, multi-factor) commensurate with the risk of the transaction (e.g., individuals' security and privacy risks and other organizational risks).;Protect (PR);Identity Management and Access Control (PR.AC);;iam;;PASS;User pool tradecore-production-user-pool has a password policy with a lowercase requirement.;arn:aws:cognito-idp:af-south-1:987292390922:userpool/af-south-1_uZp6TjQs5;cognito_user_pool_password_policy_lowercase;False;af-south-1_uZp6TjQs5;NIST-CSF;National Institute of Standards and Technology (NIST) Cybersecurity Framework (CSF) v2.0;
aws;The NIST Cybersecurity Framework (CSF) 2.0 offers a taxonomy of high-level cybersecurity outcomes that can be used by any organization regardless of its size, sector, or maturity to better understand, assess, prioritize, and communicate its cybersecurity efforts. The framework's core functions are organized into six key areas: Govern (new), Identify, Protect, Detect, Respond, and Recover. Together, these functions provide a comprehensive lifecycle approach to managing cybersecurity risk.;987292390922;af-south-1;2026-09-13 17:05:55.304157;ac_1;Identities and credentials are issued, managed, verified, revoked, and audited for authorized devices, users and processes.;Protect (PR);Identity Management and Access Control (PR.AC);;aws;;FAIL;User pool tradecore-production-user-pool does not have a password policy with a minimum length of 14 characters.;arn:aws:cognito-idp:af-south-1:987292390922:userpool/af-south-1_uZp6TjQs5;cognito_user_pool_password_policy_minimum_length_14;False;af-south-1_uZp6TjQs5;NIST-CSF;National Institute of Standards and Technology (NIST) Cybersecurity Framework (CSF) v2.0;
aws;The NIST Cybersecurity Framework (CSF) 2.0 offers a taxonomy of high-level cybersecurity outcomes that can be used by any organization regardless of its size, sector, or maturity to better understand, assess, prioritize, and communicate its cybersecurity efforts. The framework's core functions are organized into six key areas: Govern (new), Identify, Protect, Detect, Respond, and Recover. Together, these functions provide a comprehensive lifecycle approach to managing cybersecurity risk.;987292390922;af-south-1;2026-09-13 17:05:55.304157;ac_7;Users, devices, and other assets are authenticated (e.g., single-factor, multi-factor) commensurate with the risk of the transaction (e.g., individuals' security and privacy risks and other organizational risks).;Protect (PR);Identity Management and Access Control (PR.AC);;iam;;FAIL;User pool tradecore-production-user-pool does not have a password policy with a minimum length of 14 characters.;arn:aws:cognito-idp:af-south-1:987292390922:userpool/af-south-1_uZp6TjQs5;cognito_user_pool_password_policy_minimum_length_14;False;af-south-1_uZp6TjQs5;NIST-CSF;National Institute of Standards and Technology (NIST) Cybersecurity Framework (CSF) v2.0;
aws;The NIST Cybersecurity Framework (CSF) 2.0 offers a taxonomy of high-level cybersecurity outcomes that can be used by any organization regardless of its size, sector, or maturity to better understand, assess, prioritize, and communicate its cybersecurity efforts. The framework's core functions are organized into six key areas: Govern (new), Identify, Protect, Detect, Respond, and Recover. Together, these functions provide a comprehensive lifecycle approach to managing cybersecurity risk.;987292390922;af-south-1;2026-09-13 17:05:55.304157;ac_7;Users, devices, and other assets are authenticated (e.g., single-factor, multi-factor) commensurate with the risk of the transaction (e.g., individuals' security and privacy risks and other organizational risks).;Protect (PR);Identity Management and Access Control (PR.AC);;iam;;PASS;User pool tradecore-production-user-pool has a password policy with a number requirement.;arn:aws:cognito-idp:af-south-1:987292390922:userpool/af-south-1_uZp6TjQs5;cognito_user_pool_password_policy_number;False;af-south-1_uZp6TjQs5;NIST-CSF;National Institute of Standards and Technology (NIST) Cybersecurity Framework (CSF) v2.0;
aws;The NIST Cybersecurity Framework (CSF) 2.0 offers a taxonomy of high-level cybersecurity outcomes that can be used by any organization regardless of its size, sector, or maturity to better understand, assess, prioritize, and communicate its cybersecurity efforts. The framework's core functions are organized into six key areas: Govern (new), Identify, Protect, Detect, Respond, and Recover. Together, these functions provide a comprehensive lifecycle approach to managing cybersecurity risk.;987292390922;af-south-1;2026-09-13 17:05:55.304157;ac_1;Identities and credentials are issued, managed, verified, revoked, and audited for authorized devices, users and processes.;Protect (PR);Identity Management and Access Control (PR.AC);;aws;;PASS;User pool tradecore-production-user-pool has a password policy with a symbol requirement.;arn:aws:cognito-idp:af-south-1:987292390922:userpool/af-south-1_uZp6TjQs5;cognito_user_pool_password_policy_symbol;False;af-south-1_uZp6TjQs5;NIST-CSF;National Institute of Standards and Technology (NIST) Cybersecurity Framework (CSF) v2.0;
aws;The NIST Cybersecurity Framework (CSF) 2.0 offers a taxonomy of high-level cybersecurity outcomes that can be used by any organization regardless of its size, sector, or maturity to better understand, assess, prioritize, and communicate its cybersecurity efforts. The framework's core functions are organized into six key areas: Govern (new), Identify, Protect, Detect, Respond, and Recover. Together, these functions provide a comprehensive lifecycle approach to managing cybersecurity risk.;987292390922;af-south-1;2026-09-13 17:05:55.304157;ac_6;Identities are proofed and bound to credentials and asserted in interactions.;Protect (PR);Identity Management and Access Control (PR.AC);;aws;;PASS;User pool tradecore-production-user-pool has a password policy with a symbol requirement.;arn:aws:cognito-idp:af-south-1:987292390922:userpool/af-south-1_uZp6TjQs5;cognito_user_pool_password_policy_symbol;False;af-south-1_uZp6TjQs5;NIST-CSF;National Institute of Standards and Technology (NIST) Cybersecurity Framework (CSF) v2.0;
aws;The NIST Cybersecurity Framework (CSF) 2.0 offers a taxonomy of high-level cybersecurity outcomes that can be used by any organization regardless of its size, sector, or maturity to better understand, assess, prioritize, and communicate its cybersecurity efforts. The framework's core functions are organized into six key areas: Govern (new), Identify, Protect, Detect, Respond, and Recover. Together, these functions provide a comprehensive lifecycle approach to managing cybersecurity risk.;987292390922;af-south-1;2026-09-13 17:05:55.304157;ac_7;Users, devices, and other assets are authenticated (e.g., single-factor, multi-factor) commensurate with the risk of the transaction (e.g., individuals' security and privacy risks and other organizational risks).;Protect (PR);Identity Management and Access Control (PR.AC);;iam;;PASS;User pool tradecore-production-user-pool has a password policy with a symbol requirement.;arn:aws:cognito-idp:af-south-1:987292390922:userpool/af-south-1_uZp6TjQs5;cognito_user_pool_password_policy_symbol;False;af-south-1_uZp6TjQs5;NIST-CSF;National Institute of Standards and Technology (NIST) Cybersecurity Framework (CSF) v2.0;
aws;The NIST Cybersecurity Framework (CSF) 2.0 offers a taxonomy of high-level cybersecurity outcomes that can be used by any organization regardless of its size, sector, or maturity to better understand, assess, prioritize, and communicate its cybersecurity efforts. The framework's core functions are organized into six key areas: Govern (new), Identify, Protect, Detect, Respond, and Recover. Together, these functions provide a comprehensive lifecycle approach to managing cybersecurity risk.;987292390922;af-south-1;2026-09-13 17:05:55.304157;ac_1;Identities and credentials are issued, managed, verified, revoked, and audited for authorized devices, users and processes.;Protect (PR);Identity Management and Access Control (PR.AC);;aws;;PASS;User pool tradecore-production-user-pool has a password policy with an uppercase requirement.;arn:aws:cognito-idp:af-south-1:987292390922:userpool/af-south-1_uZp6TjQs5;cognito_user_pool_password_policy_uppercase;False;af-south-1_uZp6TjQs5;NIST-CSF;National Institute of Standards and Technology (NIST) Cybersecurity Framework (CSF) v2.0;
aws;The NIST Cybersecurity Framework (CSF) 2.0 offers a taxonomy of high-level cybersecurity outcomes that can be used by any organization regardless of its size, sector, or maturity to better understand, assess, prioritize, and communicate its cybersecurity efforts. The framework's core functions are organized into six key areas: Govern (new), Identify, Protect, Detect, Respond, and Recover. Together, these functions provide a comprehensive lifecycle approach to managing cybersecurity risk.;987292390922;af-south-1;2026-09-13 17:05:55.304157;ac_7;Users, devices, and other assets are authenticated (e.g., single-factor, multi-factor) commensurate with the risk of the transaction (e.g., individuals' security and privacy risks and other organizational risks).;Protect (PR);Identity Management and Access Control (PR.AC);;iam;;PASS;User pool tradecore-production-user-pool has a password policy with an uppercase requirement.;arn:aws:cognito-idp:af-south-1:987292390922:userpool/af-south-1_uZp6TjQs5;cognito_user_pool_password_policy_uppercase;False;af-south-1_uZp6TjQs5;NIST-CSF;National Institute of Standards and Technology (NIST) Cybersecurity Framework (CSF) v2.0;
aws;The NIST Cybersecurity Framework (CSF) 2.0 offers a taxonomy of high-level cybersecurity outcomes that can be used by any organization regardless of its size, sector, or maturity to better understand, assess, prioritize, and communicate its cybersecurity efforts. The framework's core functions are organized into six key areas: Govern (new), Identify, Protect, Detect, Respond, and Recover. Together, these functions provide a comprehensive lifecycle approach to managing cybersecurity risk.;987292390922;af-south-1;2026-09-13 17:05:55.304157;rm_1;Organizational cybersecurity risk management strategy is established, communicated, and maintained.;Govern (GV);Risk Management Strategy (GV.RM);;aws;;FAIL;AWS Config recorder 987292390922 is disabled.;arn:aws:config:af-south-1:987292390922:recorder;config_recorder_all_regions_enabled;False;987292390922;NIST-CSF;National Institute of Standards and Technology (NIST) Cybersecurity Framework (CSF) v2.0;
aws;The NIST Cybersecurity Framework (CSF) 2.0 offers a taxonomy of high-level cybersecurity outcomes that can be used by any organization regardless of its size, sector, or maturity to better understand, assess, prioritize, and communicate its cybersecurity efforts. The framework's core functions are organized into six key areas: Govern (new), Identify, Protect, Detect, Respond, and Recover. Together, these functions provide a comprehensive lifecycle approach to managing cybersecurity risk.;987292390922;af-south-1;2026-09-13 17:05:55.304157;po_3;Legal and regulatory requirements regarding cybersecurity, including privacy and civil liberties obligations, are understood and managed.;Govern (GV);Policies, Processes, and Procedures (GV.PO);;aws;;FAIL;AWS Config recorder 987292390922 is disabled.;arn:aws:config:af-south-1:987292390922:recorder;config_recorder_all_regions_enabled;False;987292390922;NIST-CSF;National Institute of Standards and Technology (NIST) Cybersecurity Framework (CSF) v2.0;
aws;The NIST Cybersecurity Framework (CSF) 2.0 offers a taxonomy of high-level cybersecurity outcomes that can be used by any organization regardless of its size, sector, or maturity to better understand, assess, prioritize, and communicate its cybersecurity efforts. The framework's core functions are organized into six key areas: Govern (new), Identify, Protect, Detect, Respond, and Recover. Together, these functions provide a comprehensive lifecycle approach to managing cybersecurity risk.;987292390922;af-south-1;2026-09-13 17:05:55.304157;po_4;Governance and risk management processes address cybersecurity risks.;Govern (GV);Policies, Processes, and Procedures (GV.PO);;aws;;FAIL;AWS Config recorder 987292390922 is disabled.;arn:aws:config:af-south-1:987292390922:recorder;config_recorder_all_regions_enabled;False;987292390922;NIST-CSF;National Institute of Standards and Technology (NIST) Cybersecurity Framework (CSF) v2.0;
aws;The NIST Cybersecurity Framework (CSF) 2.0 offers a taxonomy of high-level cybersecurity outcomes that can be used by any organization regardless of its size, sector, or maturity to better understand, assess, prioritize, and communicate its cybersecurity efforts. The framework's core functions are organized into six key areas: Govern (new), Identify, Protect, Detect, Respond, and Recover. Together, these functions provide a comprehensive lifecycle approach to managing cybersecurity risk.;987292390922;af-south-1;2026-09-13 17:05:55.304157;ov_3;Cybersecurity risk management strategy and practices are reviewed and adjusted to adapt to changes in the threat landscape, technologies, or mission, business, or system environments.;Govern (GV);Oversight (GV.OV);;aws;;FAIL;AWS Config recorder 987292390922 is disabled.;arn:aws:config:af-south-1:987292390922:recorder;config_recorder_all_regions_enabled;False;987292390922;NIST-CSF;National Institute of Standards and Technology (NIST) Cybersecurity Framework (CSF) v2.0;
aws;The NIST Cybersecurity Framework (CSF) 2.0 offers a taxonomy of high-level cybersecurity outcomes that can be used by any organization regardless of its size, sector, or maturity to better understand, assess, prioritize, and communicate its cybersecurity efforts. The framework's core functions are organized into six key areas: Govern (new), Identify, Protect, Detect, Respond, and Recover. Together, these functions provide a comprehensive lifecycle approach to managing cybersecurity risk.;987292390922;af-south-1;2026-09-13 17:05:55.304157;pt_1;Audit/log records are determined, documented, implemented, and reviewed in accordance with policy.;Protect (PR);Protective Technology (PR.PT);;aws;;FAIL;AWS Config recorder 987292390922 is disabled.;arn:aws:config:af-south-1:987292390922:recorder;config_recorder_all_regions_enabled;False;987292390922;NIST-CSF;National Institute of Standards and Technology (NIST) Cybersecurity Framework (CSF) v2.0;
aws;The NIST Cybersecurity Framework (CSF) 2.0 offers a taxonomy of high-level cybersecurity outcomes that can be used by any organization regardless of its size, sector, or maturity to better understand, assess, prioritize, and communicate its cybersecurity efforts. The framework's core functions are organized into six key areas: Govern (new), Identify, Protect, Detect, Respond, and Recover. Together, these functions provide a comprehensive lifecycle approach to managing cybersecurity risk.;987292390922;ap-northeast-1;2026-09-13 17:05:55.304157;rm_1;Organizational cybersecurity risk management strategy is established, communicated, and maintained.;Govern (GV);Risk Management Strategy (GV.RM);;aws;;FAIL;AWS Config recorder 987292390922 is disabled.;arn:aws:config:ap-northeast-1:987292390922:recorder;config_recorder_all_regions_enabled;False;987292390922;NIST-CSF;National Institute of Standards and Technology (NIST) Cybersecurity Framework (CSF) v2.0;
aws;The NIST Cybersecurity Framework (CSF) 2.0 offers a taxonomy of high-level cybersecurity outcomes that can be used by any organization regardless of its size, sector, or maturity to better understand, assess, prioritize, and communicate its cybersecurity efforts. The framework's core functions are organized into six key areas: Govern (new), Identify, Protect, Detect, Respond, and Recover. Together, these functions provide a comprehensive lifecycle approach to managing cybersecurity risk.;987292390922;ap-northeast-1;2026-09-13 17:05:55.304157;po_3;Legal and regulatory requirements regarding cybersecurity, including privacy and civil liberties obligations, are understood and managed.;Govern (GV);Policies, Processes, and Procedures (GV.PO);;aws;;FAIL;AWS Config recorder 987292390922 is disabled.;arn:aws:config:ap-northeast-1:987292390922:recorder;config_recorder_all_regions_enabled;False;987292390922;NIST-CSF;National Institute of Standards and Technology (NIST) Cybersecurity Framework (CSF) v2.0;
aws;The NIST Cybersecurity Framework (CSF) 2.0 offers a taxonomy of high-level cybersecurity outcomes that can be used by any organization regardless of its size, sector, or maturity to better understand, assess, prioritize, and communicate its cybersecurity efforts. The framework's core functions are organized into six key areas: Govern (new), Identify, Protect, Detect, Respond, and Recover. Together, these functions provide a comprehensive lifecycle approach to managing cybersecurity risk.;987292390922;ap-northeast-1;2026-09-13 17:05:55.304157;po_4;Governance and risk management processes address cybersecurity risks.;Govern (GV);Policies, Processes, and Procedures (GV.PO);;aws;;FAIL;AWS Config recorder 987292390922 is disabled.;arn:aws:config:ap-northeast-1:987292390922:recorder;config_recorder_all_regions_enabled;False;987292390922;NIST-CSF;National Institute of Standards and Technology (NIST) Cybersecurity Framework (CSF) v2.0;
aws;The NIST Cybersecurity Framework (CSF) 2.0 offers a taxonomy of high-level cybersecurity outcomes that can be used by any organization regardless of its size, sector, or maturity to better understand, assess, prioritize, and communicate its cybersecurity efforts. The framework's core functions are organized into six key areas: Govern (new), Identify, Protect, Detect, Respond, and Recover. Together, these functions provide a comprehensive lifecycle approach to managing cybersecurity risk.;987292390922;ap-northeast-1;2026-09-13 17:05:55.304157;ov_3;Cybersecurity risk management strategy and practices are reviewed and adjusted to adapt to changes in the threat landscape, technologies, or mission, business, or system environments.;Govern (GV);Oversight (GV.OV);;aws;;FAIL;AWS Config recorder 987292390922 is disabled.;arn:aws:config:ap-northeast-1:987292390922:recorder;config_recorder_all_regions_enabled;False;987292390922;NIST-CSF;National Institute of Standards and Technology (NIST) Cybersecurity Framework (CSF) v2.0;
aws;The NIST Cybersecurity Framework (CSF) 2.0 offers a taxonomy of high-level cybersecurity outcomes that can be used by any organization regardless of its size, sector, or maturity to better understand, assess, prioritize, and communicate its cybersecurity efforts. The framework's core functions are organized into six key areas: Govern (new), Identify, Protect, Detect, Respond, and Recover. Together, these functions provide a comprehensive lifecycle approach to managing cybersecurity risk.;987292390922;ap-northeast-1;2026-09-13 17:05:55.304157;pt_1;Audit/log records are determined, documented, implemented, and reviewed in accordance with policy.;Protect (PR);Protective Technology (PR.PT);;aws;;FAIL;AWS Config recorder 987292390922 is disabled.;arn:aws:config:ap-northeast-1:987292390922:recorder;config_recorder_all_regions_enabled;False;987292390922;NIST-CSF;National Institute of Standards and Technology (NIST) Cybersecurity Framework (CSF) v2.0;
aws;The NIST Cybersecurity Framework (CSF) 2.0 offers a taxonomy of high-level cybersecurity outcomes that can be used by any organization regardless of its size, sector, or maturity to better understand, assess, prioritize, and communicate its cybersecurity efforts. The framework's core functions are organized into six key areas: Govern (new), Identify, Protect, Detect, Respond, and Recover. Together, these functions provide a comprehensive lifecycle approach to managing cybersecurity risk.;987292390922;ap-northeast-2;2026-09-13 17:05:55.304157;rm_1;Organizational cybersecurity risk management strategy is established, communicated, and maintained.;Govern (GV);Risk Management Strategy (GV.RM);;aws;;FAIL;AWS Config recorder 987292390922 is disabled.;arn:aws:config:ap-northeast-2:987292390922:recorder;config_recorder_all_regions_enabled;False;987292390922;NIST-CSF;National Institute of Standards and Technology (NIST) Cybersecurity Framework (CSF) v2.0;
aws;The NIST Cybersecurity Framework (CSF) 2.0 offers a taxonomy of high-level cybersecurity outcomes that can be used by any organization regardless of its size, sector, or maturity to better understand, assess, prioritize, and communicate its cybersecurity efforts. The framework's core functions are organized into six key areas: Govern (new), Identify, Protect, Detect, Respond, and Recover. Together, these functions provide a comprehensive lifecycle approach to managing cybersecurity risk.;987292390922;ap-northeast-2;2026-09-13 17:05:55.304157;po_3;Legal and regulatory requirements regarding cybersecurity, including privacy and civil liberties obligations, are understood and managed.;Govern (GV);Policies, Processes, and Procedures (GV.PO);;aws;;FAIL;AWS Config recorder 987292390922 is disabled.;arn:aws:config:ap-northeast-2:987292390922:recorder;config_recorder_all_regions_enabled;False;987292390922;NIST-CSF;National Institute of Standards and Technology (NIST) Cybersecurity Framework (CSF) v2.0;
aws;The NIST Cybersecurity Framework (CSF) 2.0 offers a taxonomy of high-level cybersecurity outcomes that can be used by any organization regardless of its size, sector, or maturity to better understand, assess, prioritize, and communicate its cybersecurity efforts. The framework's core functions are organized into six key areas: Govern (new), Identify, Protect, Detect, Respond, and Recover. Together, these functions provide a comprehensive lifecycle approach to managing cybersecurity risk.;987292390922;ap-northeast-2;2026-09-13 17:05:55.304157;po_4;Governance and risk management processes address cybersecurity risks.;Govern (GV);Policies, Processes, and Procedures (GV.PO);;aws;;FAIL;AWS Config recorder 987292390922 is disabled.;arn:aws:config:ap-northeast-2:987292390922:recorder;config_recorder_all_regions_enabled;False;987292390922;NIST-CSF;National Institute of Standards and Technology (NIST) Cybersecurity Framework (CSF) v2.0;
aws;The NIST Cybersecurity Framework (CSF) 2.0 offers a taxonomy of high-level cybersecurity outcomes that can be used by any organization regardless of its size, sector, or maturity to better understand, assess, prioritize, and communicate its cybersecurity efforts. The framework's core functions are organized into six key areas: Govern (new), Identify, Protect, Detect, Respond, and Recover. Together, these functions provide a comprehensive lifecycle approach to managing cybersecurity risk.;987292390922;ap-northeast-2;2026-09-13 17:05:55.304157;ov_3;Cybersecurity risk management strategy and practices are reviewed and adjusted to adapt to changes in the threat landscape, technologies, or mission, business, or system environments.;Govern (GV);Oversight (GV.OV);;aws;;FAIL;AWS Config recorder 987292390922 is disabled.;arn:aws:config:ap-northeast-2:987292390922:recorder;config_recorder_all_regions_enabled;False;987292390922;NIST-CSF;National Institute of Standards and Technology (NIST) Cybersecurity Framework (CSF) v2.0;
aws;The NIST Cybersecurity Framework (CSF) 2.0 offers a taxonomy of high-level cybersecurity outcomes that can be used by any organization regardless of its size, sector, or maturity to better understand, assess, prioritize, and communicate its cybersecurity efforts. The framework's core functions are organized into six key areas: Govern (new), Identify, Protect, Detect, Respond, and Recover. Together, these functions provide a comprehensive lifecycle approach to managing cybersecurity risk.;987292390922;ap-northeast-2;2026-09-13 17:05:55.304157;pt_1;Audit/log records are determined, documented, implemented, and reviewed in accordance with policy.;Protect (PR);Protective Technology (PR.PT);;aws;;FAIL;AWS Config recorder 987292390922 is disabled.;arn:aws:config:ap-northeast-2:987292390922:recorder;config_recorder_all_regions_enabled;False;987292390922;NIST-CSF;National Institute of Standards and Technology (NIST) Cybersecurity Framework (CSF) v2.0;
aws;The NIST Cybersecurity Framework (CSF) 2.0 offers a taxonomy of high-level cybersecurity outcomes that can be used by any organization regardless of its size, sector, or maturity to better understand, assess, prioritize, and communicate its cybersecurity efforts. The framework's core functions are organized into six key areas: Govern (new), Identify, Protect, Detect, Respond, and Recover. Together, these functions provide a comprehensive lifecycle approach to managing cybersecurity risk.;987292390922;ap-northeast-3;2026-09-13 17:05:55.304157;rm_1;Organizational cybersecurity risk management strategy is established, communicated, and maintained.;Govern (GV);Risk Management Strategy (GV.RM);;aws;;FAIL;AWS Config recorder 987292390922 is disabled.;arn:aws:config:ap-northeast-3:987292390922:recorder;config_recorder_all_regions_enabled;False;987292390922;NIST-CSF;National Institute of Standards and Technology (NIST) Cybersecurity Framework (CSF) v2.0;
aws;The NIST Cybersecurity Framework (CSF) 2.0 offers a taxonomy of high-level cybersecurity outcomes that can be used by any organization regardless of its size, sector, or maturity to better understand, assess, prioritize, and communicate its cybersecurity efforts. The framework's core functions are organized into six key areas: Govern (new), Identify, Protect, Detect, Respond, and Recover. Together, these functions provide a comprehensive lifecycle approach to managing cybersecurity risk.;987292390922;ap-northeast-3;2026-09-13 17:05:55.304157;po_3;Legal and regulatory requirements regarding cybersecurity, including privacy and civil liberties obligations, are understood and managed.;Govern (GV);Policies, Processes, and Procedures (GV.PO);;aws;;FAIL;AWS Config recorder 987292390922 is disabled.;arn:aws:config:ap-northeast-3:987292390922:recorder;config_recorder_all_regions_enabled;False;987292390922;NIST-CSF;National Institute of Standards and Technology (NIST) Cybersecurity Framework (CSF) v2.0;
aws;The NIST Cybersecurity Framework (CSF) 2.0 offers a taxonomy of high-level cybersecurity outcomes that can be used by any organization regardless of its size, sector, or maturity to better understand, assess, prioritize, and communicate its cybersecurity efforts. The framework's core functions are organized into six key areas: Govern (new), Identify, Protect, Detect, Respond, and Recover. Together, these functions provide a comprehensive lifecycle approach to managing cybersecurity risk.;987292390922;ap-northeast-3;2026-09-13 17:05:55.304157;po_4;Governance and risk management processes address cybersecurity risks.;Govern (GV);Policies, Processes, and Procedures (GV.PO);;aws;;FAIL;AWS Config recorder 987292390922 is disabled.;arn:aws:config:ap-northeast-3:987292390922:recorder;config_recorder_all_regions_enabled;False;987292390922;NIST-CSF;National Institute of Standards and Technology (NIST) Cybersecurity Framework (CSF) v2.0;
aws;The NIST Cybersecurity Framework (CSF) 2.0 offers a taxonomy of high-level cybersecurity outcomes that can be used by any organization regardless of its size, sector, or maturity to better understand, assess, prioritize, and communicate its cybersecurity efforts. The framework's core functions are organized into six key areas: Govern (new), Identify, Protect, Detect, Respond, and Recover. Together, these functions provide a comprehensive lifecycle approach to managing cybersecurity risk.;987292390922;ap-northeast-3;2026-09-13 17:05:55.304157;ov_3;Cybersecurity risk management strategy and practices are reviewed and adjusted to adapt to changes in the threat landscape, technologies, or mission, business, or system environments.;Govern (GV);Oversight (GV.OV);;aws;;FAIL;AWS Config recorder 987292390922 is disabled.;arn:aws:config:ap-northeast-3:987292390922:recorder;config_recorder_all_regions_enabled;False;987292390922;NIST-CSF;National Institute of Standards and Technology (NIST) Cybersecurity Framework (CSF) v2.0;
aws;The NIST Cybersecurity Framework (CSF) 2.0 offers a taxonomy of high-level cybersecurity outcomes that can be used by any organization regardless of its size, sector, or maturity to better understand, assess, prioritize, and communicate its cybersecurity efforts. The framework's core functions are organized into six key areas: Govern (new), Identify, Protect, Detect, Respond, and Recover. Together, these functions provide a comprehensive lifecycle approach to managing cybersecurity risk.;987292390922;ap-northeast-3;2026-09-13 17:05:55.304157;pt_1;Audit/log records are determined, documented, implemented, and reviewed in accordance with policy.;Protect (PR);Protective Technology (PR.PT);;aws;;FAIL;AWS Config recorder 987292390922 is disabled.;arn:aws:config:ap-northeast-3:987292390922:recorder;config_recorder_all_regions_enabled;False;987292390922;NIST-CSF;National Institute of Standards and Technology (NIST) Cybersecurity Framework (CSF) v2.0;
aws;The NIST Cybersecurity Framework (CSF) 2.0 offers a taxonomy of high-level cybersecurity outcomes that can be used by any organization regardless of its size, sector, or maturity to better understand, assess, prioritize, and communicate its cybersecurity efforts. The framework's core functions are organized into six key areas: Govern (new), Identify, Protect, Detect, Respond, and Recover. Together, these functions provide a comprehensive lifecycle approach to managing cybersecurity risk.;987292390922;ap-south-1;2026-09-13 17:05:55.304157;rm_1;Organizational cybersecurity risk management strategy is established, communicated, and maintained.;Govern (GV);Risk Management Strategy (GV.RM);;aws;;FAIL;AWS Config recorder 987292390922 is disabled.;arn:aws:config:ap-south-1:987292390922:recorder;config_recorder_all_regions_enabled;False;987292390922;NIST-CSF;National Institute of Standards and Technology (NIST) Cybersecurity Framework (CSF) v2.0;
aws;The NIST Cybersecurity Framework (CSF) 2.0 offers a taxonomy of high-level cybersecurity outcomes that can be used by any organization regardless of its size, sector, or maturity to better understand, assess, prioritize, and communicate its cybersecurity efforts. The framework's core functions are organized into six key areas: Govern (new), Identify, Protect, Detect, Respond, and Recover. Together, these functions provide a comprehensive lifecycle approach to managing cybersecurity risk.;987292390922;ap-south-1;2026-09-13 17:05:55.304157;po_3;Legal and regulatory requirements regarding cybersecurity, including privacy and civil liberties obligations, are understood and managed.;Govern (GV);Policies, Processes, and Procedures (GV.PO);;aws;;FAIL;AWS Config recorder 987292390922 is disabled.;arn:aws:config:ap-south-1:987292390922:recorder;config_recorder_all_regions_enabled;False;987292390922;NIST-CSF;National Institute of Standards and Technology (NIST) Cybersecurity Framework (CSF) v2.0;
aws;The NIST Cybersecurity Framework (CSF) 2.0 offers a taxonomy of high-level cybersecurity outcomes that can be used by any organization regardless of its size, sector, or maturity to better understand, assess, prioritize, and communicate its cybersecurity efforts. The framework's core functions are organized into six key areas: Govern (new), Identify, Protect, Detect, Respond, and Recover. Together, these functions provide a comprehensive lifecycle approach to managing cybersecurity risk.;987292390922;ap-south-1;2026-09-13 17:05:55.304157;po_4;Governance and risk management processes address cybersecurity risks.;Govern (GV);Policies, Processes, and Procedures (GV.PO);;aws;;FAIL;AWS Config recorder 987292390922 is disabled.;arn:aws:config:ap-south-1:987292390922:recorder;config_recorder_all_regions_enabled;False;987292390922;NIST-CSF;National Institute of Standards and Technology (NIST) Cybersecurity Framework (CSF) v2.0;
aws;The NIST Cybersecurity Framework (CSF) 2.0 offers a taxonomy of high-level cybersecurity outcomes that can be used by any organization regardless of its size, sector, or maturity to better understand, assess, prioritize, and communicate its cybersecurity efforts. The framework's core functions are organized into six key areas: Govern (new), Identify, Protect, Detect, Respond, and Recover. Together, these functions provide a comprehensive lifecycle approach to managing cybersecurity risk.;987292390922;ap-south-1;2026-09-13 17:05:55.304157;ov_3;Cybersecurity risk management strategy and practices are reviewed and adjusted to adapt to changes in the threat landscape, technologies, or mission, business, or system environments.;Govern (GV);Oversight (GV.OV);;aws;;FAIL;AWS Config recorder 987292390922 is disabled.;arn:aws:config:ap-south-1:987292390922:recorder;config_recorder_all_regions_enabled;False;987292390922;NIST-CSF;National Institute of Standards and Technology (NIST) Cybersecurity Framework (CSF) v2.0;
aws;The NIST Cybersecurity Framework (CSF) 2.0 offers a taxonomy of high-level cybersecurity outcomes that can be used by any organization regardless of its size, sector, or maturity to better understand, assess, prioritize, and communicate its cybersecurity efforts. The framework's core functions are organized into six key areas: Govern (new), Identify, Protect, Detect, Respond, and Recover. Together, these functions provide a comprehensive lifecycle approach to managing cybersecurity risk.;987292390922;ap-south-1;2026-09-13 17:05:55.304157;pt_1;Audit/log records are determined, documented, implemented, and reviewed in accordance with policy.;Protect (PR);Protective Technology (PR.PT);;aws;;FAIL;AWS Config recorder 987292390922 is disabled.;arn:aws:config:ap-south-1:987292390922:recorder;config_recorder_all_regions_enabled;False;987292390922;NIST-CSF;National Institute of Standards and Technology (NIST) Cybersecurity Framework (CSF) v2.0;
aws;The NIST Cybersecurity Framework (CSF) 2.0 offers a taxonomy of high-level cybersecurity outcomes that can be used by any organization regardless of its size, sector, or maturity to better understand, assess, prioritize, and communicate its cybersecurity efforts. The framework's core functions are organized into six key areas: Govern (new), Identify, Protect, Detect, Respond, and Recover. Together, these functions provide a comprehensive lifecycle approach to managing cybersecurity risk.;987292390922;ap-southeast-1;2026-09-13 17:05:55.304157;rm_1;Organizational cybersecurity risk management strategy is established, communicated, and maintained.;Govern (GV);Risk Management Strategy (GV.RM);;aws;;FAIL;AWS Config recorder 987292390922 is disabled.;arn:aws:config:ap-southeast-1:987292390922:recorder;config_recorder_all_regions_enabled;False;987292390922;NIST-CSF;National Institute of Standards and Technology (NIST) Cybersecurity Framework (CSF) v2.0;
aws;The NIST Cybersecurity Framework (CSF) 2.0 offers a taxonomy of high-level cybersecurity outcomes that can be used by any organization regardless of its size, sector, or maturity to better understand, assess, prioritize, and communicate its cybersecurity efforts. The framework's core functions are organized into six key areas: Govern (new), Identify, Protect, Detect, Respond, and Recover. Together, these functions provide a comprehensive lifecycle approach to managing cybersecurity risk.;987292390922;ap-southeast-1;2026-09-13 17:05:55.304157;po_3;Legal and regulatory requirements regarding cybersecurity, including privacy and civil liberties obligations, are understood and managed.;Govern (GV);Policies, Processes, and Procedures (GV.PO);;aws;;FAIL;AWS Config recorder 987292390922 is disabled.;arn:aws:config:ap-southeast-1:987292390922:recorder;config_recorder_all_regions_enabled;False;987292390922;NIST-CSF;National Institute of Standards and Technology (NIST) Cybersecurity Framework (CSF) v2.0;
aws;The NIST Cybersecurity Framework (CSF) 2.0 offers a taxonomy of high-level cybersecurity outcomes that can be used by any organization regardless of its size, sector, or maturity to better understand, assess, prioritize, and communicate its cybersecurity efforts. The framework's core functions are organized into six key areas: Govern (new), Identify, Protect, Detect, Respond, and Recover. Together, these functions provide a comprehensive lifecycle approach to managing cybersecurity risk.;987292390922;ap-southeast-1;2026-09-13 17:05:55.304157;po_4;Governance and risk management processes address cybersecurity risks.;Govern (GV);Policies, Processes, and Procedures (GV.PO);;aws;;FAIL;AWS Config recorder 987292390922 is disabled.;arn:aws:config:ap-southeast-1:987292390922:recorder;config_recorder_all_regions_enabled;False;987292390922;NIST-CSF;National Institute of Standards and Technology (NIST) Cybersecurity Framework (CSF) v2.0;
aws;The NIST Cybersecurity Framework (CSF) 2.0 offers a taxonomy of high-level cybersecurity outcomes that can be used by any organization regardless of its size, sector, or maturity to better understand, assess, prioritize, and communicate its cybersecurity efforts. The framework's core functions are organized into six key areas: Govern (new), Identify, Protect, Detect, Respond, and Recover. Together, these functions provide a comprehensive lifecycle approach to managing cybersecurity risk.;987292390922;ap-southeast-1;2026-09-13 17:05:55.304157;ov_3;Cybersecurity risk management strategy and practices are reviewed and adjusted to adapt to changes in the threat landscape, technologies, or mission, business, or system environments.;Govern (GV);Oversight (GV.OV);;aws;;FAIL;AWS Config recorder 987292390922 is disabled.;arn:aws:config:ap-southeast-1:987292390922:recorder;config_recorder_all_regions_enabled;False;987292390922;NIST-CSF;National Institute of Standards and Technology (NIST) Cybersecurity Framework (CSF) v2.0;
aws;The NIST Cybersecurity Framework (CSF) 2.0 offers a taxonomy of high-level cybersecurity outcomes that can be used by any organization regardless of its size, sector, or maturity to better understand, assess, prioritize, and communicate its cybersecurity efforts. The framework's core functions are organized into six key areas: Govern (new), Identify, Protect, Detect, Respond, and Recover. Together, these functions provide a comprehensive lifecycle approach to managing cybersecurity risk.;987292390922;ap-southeast-1;2026-09-13 17:05:55.304157;pt_1;Audit/log records are determined, documented, implemented, and reviewed in accordance with policy.;Protect (PR);Protective Technology (PR.PT);;aws;;FAIL;AWS Config recorder 987292390922 is disabled.;arn:aws:config:ap-southeast-1:987292390922:recorder;config_recorder_all_regions_enabled;False;987292390922;NIST-CSF;National Institute of Standards and Technology (NIST) Cybersecurity Framework (CSF) v2.0;
aws;The NIST Cybersecurity Framework (CSF) 2.0 offers a taxonomy of high-level cybersecurity outcomes that can be used by any organization regardless of its size, sector, or maturity to better understand, assess, prioritize, and communicate its cybersecurity efforts. The framework's core functions are organized into six key areas: Govern (new), Identify, Protect, Detect, Respond, and Recover. Together, these functions provide a comprehensive lifecycle approach to managing cybersecurity risk.;987292390922;ap-southeast-2;2026-09-13 17:05:55.304157;rm_1;Organizational cybersecurity risk management strategy is established, communicated, and maintained.;Govern (GV);Risk Management Strategy (GV.RM);;aws;;FAIL;AWS Config recorder 987292390922 is disabled.;arn:aws:config:ap-southeast-2:987292390922:recorder;config_recorder_all_regions_enabled;False;987292390922;NIST-CSF;National Institute of Standards and Technology (NIST) Cybersecurity Framework (CSF) v2.0;
aws;The NIST Cybersecurity Framework (CSF) 2.0 offers a taxonomy of high-level cybersecurity outcomes that can be used by any organization regardless of its size, sector, or maturity to better understand, assess, prioritize, and communicate its cybersecurity efforts. The framework's core functions are organized into six key areas: Govern (new), Identify, Protect, Detect, Respond, and Recover. Together, these functions provide a comprehensive lifecycle approach to managing cybersecurity risk.;987292390922;ap-southeast-2;2026-09-13 17:05:55.304157;po_3;Legal and regulatory requirements regarding cybersecurity, including privacy and civil liberties obligations, are understood and managed.;Govern (GV);Policies, Processes, and Procedures (GV.PO);;aws;;FAIL;AWS Config recorder 987292390922 is disabled.;arn:aws:config:ap-southeast-2:987292390922:recorder;config_recorder_all_regions_enabled;False;987292390922;NIST-CSF;National Institute of Standards and Technology (NIST) Cybersecurity Framework (CSF) v2.0;
aws;The NIST Cybersecurity Framework (CSF) 2.0 offers a taxonomy of high-level cybersecurity outcomes that can be used by any organization regardless of its size, sector, or maturity to better understand, assess, prioritize, and communicate its cybersecurity efforts. The framework's core functions are organized into six key areas: Govern (new), Identify, Protect, Detect, Respond, and Recover. Together, these functions provide a comprehensive lifecycle approach to managing cybersecurity risk.;987292390922;ap-southeast-2;2026-09-13 17:05:55.304157;po_4;Governance and risk management processes address cybersecurity risks.;Govern (GV);Policies, Processes, and Procedures (GV.PO);;aws;;FAIL;AWS Config recorder 987292390922 is disabled.;arn:aws:config:ap-southeast-2:987292390922:recorder;config_recorder_all_regions_enabled;False;987292390922;NIST-CSF;National Institute of Standards and Technology (NIST) Cybersecurity Framework (CSF) v2.0;
aws;The NIST Cybersecurity Framework (CSF) 2.0 offers a taxonomy of high-level cybersecurity outcomes that can be used by any organization regardless of its size, sector, or maturity to better understand, assess, prioritize, and communicate its cybersecurity efforts. The framework's core functions are organized into six key areas: Govern (new), Identify, Protect, Detect, Respond, and Recover. Together, these functions provide a comprehensive lifecycle approach to managing cybersecurity risk.;987292390922;ap-southeast-2;2026-09-13 17:05:55.304157;ov_3;Cybersecurity risk management strategy and practices are reviewed and adjusted to adapt to changes in the threat landscape, technologies, or mission, business, or system environments.;Govern (GV);Oversight (GV.OV);;aws;;FAIL;AWS Config recorder 987292390922 is disabled.;arn:aws:config:ap-southeast-2:987292390922:recorder;config_recorder_all_regions_enabled;False;987292390922;NIST-CSF;National Institute of Standards and Technology (NIST) Cybersecurity Framework (CSF) v2.0;
aws;The NIST Cybersecurity Framework (CSF) 2.0 offers a taxonomy of high-level cybersecurity outcomes that can be used by any organization regardless of its size, sector, or maturity to better understand, assess, prioritize, and communicate its cybersecurity efforts. The framework's core functions are organized into six key areas: Govern (new), Identify, Protect, Detect, Respond, and Recover. Together, these functions provide a comprehensive lifecycle approach to managing cybersecurity risk.;987292390922;ap-southeast-2;2026-09-13 17:05:55.304157;pt_1;Audit/log records are determined, documented, implemented, and reviewed in accordance with policy.;Protect (PR);Protective Technology (PR.PT);;aws;;FAIL;AWS Config recorder 987292390922 is disabled.;arn:aws:config:ap-southeast-2:987292390922:recorder;config_recorder_all_regions_enabled;False;987292390922;NIST-CSF;National Institute of Standards and Technology (NIST) Cybersecurity Framework (CSF) v2.0;
aws;The NIST Cybersecurity Framework (CSF) 2.0 offers a taxonomy of high-level cybersecurity outcomes that can be used by any organization regardless of its size, sector, or maturity to better understand, assess, prioritize, and communicate its cybersecurity efforts. The framework's core functions are organized into six key areas: Govern (new), Identify, Protect, Detect, Respond, and Recover. Together, these functions provide a comprehensive lifecycle approach to managing cybersecurity risk.;987292390922;ca-central-1;2026-09-13 17:05:55.304157;rm_1;Organizational cybersecurity risk management strategy is established, communicated, and maintained.;Govern (GV);Risk Management Strategy (GV.RM);;aws;;FAIL;AWS Config recorder 987292390922 is disabled.;arn:aws:config:ca-central-1:987292390922:recorder;config_recorder_all_regions_enabled;False;987292390922;NIST-CSF;National Institute of Standards and Technology (NIST) Cybersecurity Framework (CSF) v2.0;
aws;The NIST Cybersecurity Framework (CSF) 2.0 offers a taxonomy of high-level cybersecurity outcomes that can be used by any organization regardless of its size, sector, or maturity to better understand, assess, prioritize, and communicate its cybersecurity efforts. The framework's core functions are organized into six key areas: Govern (new), Identify, Protect, Detect, Respond, and Recover. Together, these functions provide a comprehensive lifecycle approach to managing cybersecurity risk.;987292390922;ca-central-1;2026-09-13 17:05:55.304157;po_3;Legal and regulatory requirements regarding cybersecurity, including privacy and civil liberties obligations, are understood and managed.;Govern (GV);Policies, Processes, and Procedures (GV.PO);;aws;;FAIL;AWS Config recorder 987292390922 is disabled.;arn:aws:config:ca-central-1:987292390922:recorder;config_recorder_all_regions_enabled;False;987292390922;NIST-CSF;National Institute of Standards and Technology (NIST) Cybersecurity Framework (CSF) v2.0;
aws;The NIST Cybersecurity Framework (CSF) 2.0 offers a taxonomy of high-level cybersecurity outcomes that can be used by any organization regardless of its size, sector, or maturity to better understand, assess, prioritize, and communicate its cybersecurity efforts. The framework's core functions are organized into six key areas: Govern (new), Identify, Protect, Detect, Respond, and Recover. Together, these functions provide a comprehensive lifecycle approach to managing cybersecurity risk.;987292390922;ca-central-1;2026-09-13 17:05:55.304157;po_4;Governance and risk management processes address cybersecurity risks.;Govern (GV);Policies, Processes, and Procedures (GV.PO);;aws;;FAIL;AWS Config recorder 987292390922 is disabled.;arn:aws:config:ca-central-1:987292390922:recorder;config_recorder_all_regions_enabled;False;987292390922;NIST-CSF;National Institute of Standards and Technology (NIST) Cybersecurity Framework (CSF) v2.0;
aws;The NIST Cybersecurity Framework (CSF) 2.0 offers a taxonomy of high-level cybersecurity outcomes that can be used by any organization regardless of its size, sector, or maturity to better understand, assess, prioritize, and communicate its cybersecurity efforts. The framework's core functions are organized into six key areas: Govern (new), Identify, Protect, Detect, Respond, and Recover. Together, these functions provide a comprehensive lifecycle approach to managing cybersecurity risk.;987292390922;ca-central-1;2026-09-13 17:05:55.304157;ov_3;Cybersecurity risk management strategy and practices are reviewed and adjusted to adapt to changes in the threat landscape, technologies, or mission, business, or system environments.;Govern (GV);Oversight (GV.OV);;aws;;FAIL;AWS Config recorder 987292390922 is disabled.;arn:aws:config:ca-central-1:987292390922:recorder;config_recorder_all_regions_enabled;False;987292390922;NIST-CSF;National Institute of Standards and Technology (NIST) Cybersecurity Framework (CSF) v2.0;
aws;The NIST Cybersecurity Framework (CSF) 2.0 offers a taxonomy of high-level cybersecurity outcomes that can be used by any organization regardless of its size, sector, or maturity to better understand, assess, prioritize, and communicate its cybersecurity efforts. The framework's core functions are organized into six key areas: Govern (new), Identify, Protect, Detect, Respond, and Recover. Together, these functions provide a comprehensive lifecycle approach to managing cybersecurity risk.;987292390922;ca-central-1;2026-09-13 17:05:55.304157;pt_1;Audit/log records are determined, documented, implemented, and reviewed in accordance with policy.;Protect (PR);Protective Technology (PR.PT);;aws;;FAIL;AWS Config recorder 987292390922 is disabled.;arn:aws:config:ca-central-1:987292390922:recorder;config_recorder_all_regions_enabled;False;987292390922;NIST-CSF;National Institute of Standards and Technology (NIST) Cybersecurity Framework (CSF) v2.0;
aws;The NIST Cybersecurity Framework (CSF) 2.0 offers a taxonomy of high-level cybersecurity outcomes that can be used by any organization regardless of its size, sector, or maturity to better understand, assess, prioritize, and communicate its cybersecurity efforts. The framework's core functions are organized into six key areas: Govern (new), Identify, Protect, Detect, Respond, and Recover. Together, these functions provide a comprehensive lifecycle approach to managing cybersecurity risk.;987292390922;eu-central-1;2026-09-13 17:05:55.304157;rm_1;Organizational cybersecurity risk management strategy is established, communicated, and maintained.;Govern (GV);Risk Management Strategy (GV.RM);;aws;;FAIL;AWS Config recorder 987292390922 is disabled.;arn:aws:config:eu-central-1:987292390922:recorder;config_recorder_all_regions_enabled;False;987292390922;NIST-CSF;National Institute of Standards and Technology (NIST) Cybersecurity Framework (CSF) v2.0;
aws;The NIST Cybersecurity Framework (CSF) 2.0 offers a taxonomy of high-level cybersecurity outcomes that can be used by any organization regardless of its size, sector, or maturity to better understand, assess, prioritize, and communicate its cybersecurity efforts. The framework's core functions are organized into six key areas: Govern (new), Identify, Protect, Detect, Respond, and Recover. Together, these functions provide a comprehensive lifecycle approach to managing cybersecurity risk.;987292390922;eu-central-1;2026-09-13 17:05:55.304157;po_3;Legal and regulatory requirements regarding cybersecurity, including privacy and civil liberties obligations, are understood and managed.;Govern (GV);Policies, Processes, and Procedures (GV.PO);;aws;;FAIL;AWS Config recorder 987292390922 is disabled.;arn:aws:config:eu-central-1:987292390922:recorder;config_recorder_all_regions_enabled;False;987292390922;NIST-CSF;National Institute of Standards and Technology (NIST) Cybersecurity Framework (CSF) v2.0;
aws;The NIST Cybersecurity Framework (CSF) 2.0 offers a taxonomy of high-level cybersecurity outcomes that can be used by any organization regardless of its size, sector, or maturity to better understand, assess, prioritize, and communicate its cybersecurity efforts. The framework's core functions are organized into six key areas: Govern (new), Identify, Protect, Detect, Respond, and Recover. Together, these functions provide a comprehensive lifecycle approach to managing cybersecurity risk.;987292390922;eu-central-1;2026-09-13 17:05:55.304157;po_4;Governance and risk management processes address cybersecurity risks.;Govern (GV);Policies, Processes, and Procedures (GV.PO);;aws;;FAIL;AWS Config recorder 987292390922 is disabled.;arn:aws:config:eu-central-1:987292390922:recorder;config_recorder_all_regions_enabled;False;987292390922;NIST-CSF;National Institute of Standards and Technology (NIST) Cybersecurity Framework (CSF) v2.0;
aws;The NIST Cybersecurity Framework (CSF) 2.0 offers a taxonomy of high-level cybersecurity outcomes that can be used by any organization regardless of its size, sector, or maturity to better understand, assess, prioritize, and communicate its cybersecurity efforts. The framework's core functions are organized into six key areas: Govern (new), Identify, Protect, Detect, Respond, and Recover. Together, these functions provide a comprehensive lifecycle approach to managing cybersecurity risk.;987292390922;eu-central-1;2026-09-13 17:05:55.304157;ov_3;Cybersecurity risk management strategy and practices are reviewed and adjusted to adapt to changes in the threat landscape, technologies, or mission, business, or system environments.;Govern (GV);Oversight (GV.OV);;aws;;FAIL;AWS Config recorder 987292390922 is disabled.;arn:aws:config:eu-central-1:987292390922:recorder;config_recorder_all_regions_enabled;False;987292390922;NIST-CSF;National Institute of Standards and Technology (NIST) Cybersecurity Framework (CSF) v2.0;
aws;The NIST Cybersecurity Framework (CSF) 2.0 offers a taxonomy of high-level cybersecurity outcomes that can be used by any organization regardless of its size, sector, or maturity to better understand, assess, prioritize, and communicate its cybersecurity efforts. The framework's core functions are organized into six key areas: Govern (new), Identify, Protect, Detect, Respond, and Recover. Together, these functions provide a comprehensive lifecycle approach to managing cybersecurity risk.;987292390922;eu-central-1;2026-09-13 17:05:55.304157;pt_1;Audit/log records are determined, documented, implemented, and reviewed in accordance with policy.;Protect (PR);Protective Technology (PR.PT);;aws;;FAIL;AWS Config recorder 987292390922 is disabled.;arn:aws:config:eu-central-1:987292390922:recorder;config_recorder_all_regions_enabled;False;987292390922;NIST-CSF;National Institute of Standards and Technology (NIST) Cybersecurity Framework (CSF) v2.0;
aws;The NIST Cybersecurity Framework (CSF) 2.0 offers a taxonomy of high-level cybersecurity outcomes that can be used by any organization regardless of its size, sector, or maturity to better understand, assess, prioritize, and communicate its cybersecurity efforts. The framework's core functions are organized into six key areas: Govern (new), Identify, Protect, Detect, Respond, and Recover. Together, these functions provide a comprehensive lifecycle approach to managing cybersecurity risk.;987292390922;eu-north-1;2026-09-13 17:05:55.304157;rm_1;Organizational cybersecurity risk management strategy is established, communicated, and maintained.;Govern (GV);Risk Management Strategy (GV.RM);;aws;;FAIL;AWS Config recorder 987292390922 is disabled.;arn:aws:config:eu-north-1:987292390922:recorder;config_recorder_all_regions_enabled;False;987292390922;NIST-CSF;National Institute of Standards and Technology (NIST) Cybersecurity Framework (CSF) v2.0;
aws;The NIST Cybersecurity Framework (CSF) 2.0 offers a taxonomy of high-level cybersecurity outcomes that can be used by any organization regardless of its size, sector, or maturity to better understand, assess, prioritize, and communicate its cybersecurity efforts. The framework's core functions are organized into six key areas: Govern (new), Identify, Protect, Detect, Respond, and Recover. Together, these functions provide a comprehensive lifecycle approach to managing cybersecurity risk.;987292390922;eu-north-1;2026-09-13 17:05:55.304157;po_3;Legal and regulatory requirements regarding cybersecurity, including privacy and civil liberties obligations, are understood and managed.;Govern (GV);Policies, Processes, and Procedures (GV.PO);;aws;;FAIL;AWS Config recorder 987292390922 is disabled.;arn:aws:config:eu-north-1:987292390922:recorder;config_recorder_all_regions_enabled;False;987292390922;NIST-CSF;National Institute of Standards and Technology (NIST) Cybersecurity Framework (CSF) v2.0;
aws;The NIST Cybersecurity Framework (CSF) 2.0 offers a taxonomy of high-level cybersecurity outcomes that can be used by any organization regardless of its size, sector, or maturity to better understand, assess, prioritize, and communicate its cybersecurity efforts. The framework's core functions are organized into six key areas: Govern (new), Identify, Protect, Detect, Respond, and Recover. Together, these functions provide a comprehensive lifecycle approach to managing cybersecurity risk.;987292390922;eu-north-1;2026-09-13 17:05:55.304157;po_4;Governance and risk management processes address cybersecurity risks.;Govern (GV);Policies, Processes, and Procedures (GV.PO);;aws;;FAIL;AWS Config recorder 987292390922 is disabled.;arn:aws:config:eu-north-1:987292390922:recorder;config_recorder_all_regions_enabled;False;987292390922;NIST-CSF;National Institute of Standards and Technology (NIST) Cybersecurity Framework (CSF) v2.0;
aws;The NIST Cybersecurity Framework (CSF) 2.0 offers a taxonomy of high-level cybersecurity outcomes that can be used by any organization regardless of its size, sector, or maturity to better understand, assess, prioritize, and communicate its cybersecurity efforts. The framework's core functions are organized into six key areas: Govern (new), Identify, Protect, Detect, Respond, and Recover. Together, these functions provide a comprehensive lifecycle approach to managing cybersecurity risk.;987292390922;eu-north-1;2026-09-13 17:05:55.304157;ov_3;Cybersecurity risk management strategy and practices are reviewed and adjusted to adapt to changes in the threat landscape, technologies, or mission, business, or system environments.;Govern (GV);Oversight (GV.OV);;aws;;FAIL;AWS Config recorder 987292390922 is disabled.;arn:aws:config:eu-north-1:987292390922:recorder;config_recorder_all_regions_enabled;False;987292390922;NIST-CSF;National Institute of Standards and Technology (NIST) Cybersecurity Framework (CSF) v2.0;
aws;The NIST Cybersecurity Framework (CSF) 2.0 offers a taxonomy of high-level cybersecurity outcomes that can be used by any organization regardless of its size, sector, or maturity to better understand, assess, prioritize, and communicate its cybersecurity efforts. The framework's core functions are organized into six key areas: Govern (new), Identify, Protect, Detect, Respond, and Recover. Together, these functions provide a comprehensive lifecycle approach to managing cybersecurity risk.;987292390922;eu-north-1;2026-09-13 17:05:55.304157;pt_1;Audit/log records are determined, documented, implemented, and reviewed in accordance with policy.;Protect (PR);Protective Technology (PR.PT);;aws;;FAIL;AWS Config recorder 987292390922 is disabled.;arn:aws:config:eu-north-1:987292390922:recorder;config_recorder_all_regions_enabled;False;987292390922;NIST-CSF;National Institute of Standards and Technology (NIST) Cybersecurity Framework (CSF) v2.0;
aws;The NIST Cybersecurity Framework (CSF) 2.0 offers a taxonomy of high-level cybersecurity outcomes that can be used by any organization regardless of its size, sector, or maturity to better understand, assess, prioritize, and communicate its cybersecurity efforts. The framework's core functions are organized into six key areas: Govern (new), Identify, Protect, Detect, Respond, and Recover. Together, these functions provide a comprehensive lifecycle approach to managing cybersecurity risk.;987292390922;eu-west-1;2026-09-13 17:05:55.304157;rm_1;Organizational cybersecurity risk management strategy is established, communicated, and maintained.;Govern (GV);Risk Management Strategy (GV.RM);;aws;;FAIL;AWS Config recorder 987292390922 is disabled.;arn:aws:config:eu-west-1:987292390922:recorder;config_recorder_all_regions_enabled;False;987292390922;NIST-CSF;National Institute of Standards and Technology (NIST) Cybersecurity Framework (CSF) v2.0;
aws;The NIST Cybersecurity Framework (CSF) 2.0 offers a taxonomy of high-level cybersecurity outcomes that can be used by any organization regardless of its size, sector, or maturity to better understand, assess, prioritize, and communicate its cybersecurity efforts. The framework's core functions are organized into six key areas: Govern (new), Identify, Protect, Detect, Respond, and Recover. Together, these functions provide a comprehensive lifecycle approach to managing cybersecurity risk.;987292390922;eu-west-1;2026-09-13 17:05:55.304157;po_3;Legal and regulatory requirements regarding cybersecurity, including privacy and civil liberties obligations, are understood and managed.;Govern (GV);Policies, Processes, and Procedures (GV.PO);;aws;;FAIL;AWS Config recorder 987292390922 is disabled.;arn:aws:config:eu-west-1:987292390922:recorder;config_recorder_all_regions_enabled;False;987292390922;NIST-CSF;National Institute of Standards and Technology (NIST) Cybersecurity Framework (CSF) v2.0;
aws;The NIST Cybersecurity Framework (CSF) 2.0 offers a taxonomy of high-level cybersecurity outcomes that can be used by any organization regardless of its size, sector, or maturity to better understand, assess, prioritize, and communicate its cybersecurity efforts. The framework's core functions are organized into six key areas: Govern (new), Identify, Protect, Detect, Respond, and Recover. Together, these functions provide a comprehensive lifecycle approach to managing cybersecurity risk.;987292390922;eu-west-1;2026-09-13 17:05:55.304157;po_4;Governance and risk management processes address cybersecurity risks.;Govern (GV);Policies, Processes, and Procedures (GV.PO);;aws;;FAIL;AWS Config recorder 987292390922 is disabled.;arn:aws:config:eu-west-1:987292390922:recorder;config_recorder_all_regions_enabled;False;987292390922;NIST-CSF;National Institute of Standards and Technology (NIST) Cybersecurity Framework (CSF) v2.0;
aws;The NIST Cybersecurity Framework (CSF) 2.0 offers a taxonomy of high-level cybersecurity outcomes that can be used by any organization regardless of its size, sector, or maturity to better understand, assess, prioritize, and communicate its cybersecurity efforts. The framework's core functions are organized into six key areas: Govern (new), Identify, Protect, Detect, Respond, and Recover. Together, these functions provide a comprehensive lifecycle approach to managing cybersecurity risk.;987292390922;eu-west-1;2026-09-13 17:05:55.304157;ov_3;Cybersecurity risk management strategy and practices are reviewed and adjusted to adapt to changes in the threat landscape, technologies, or mission, business, or system environments.;Govern (GV);Oversight (GV.OV);;aws;;FAIL;AWS Config recorder 987292390922 is disabled.;arn:aws:config:eu-west-1:987292390922:recorder;config_recorder_all_regions_enabled;False;987292390922;NIST-CSF;National Institute of Standards and Technology (NIST) Cybersecurity Framework (CSF) v2.0;
aws;The NIST Cybersecurity Framework (CSF) 2.0 offers a taxonomy of high-level cybersecurity outcomes that can be used by any organization regardless of its size, sector, or maturity to better understand, assess, prioritize, and communicate its cybersecurity efforts. The framework's core functions are organized into six key areas: Govern (new), Identify, Protect, Detect, Respond, and Recover. Together, these functions provide a comprehensive lifecycle approach to managing cybersecurity risk.;987292390922;eu-west-1;2026-09-13 17:05:55.304157;pt_1;Audit/log records are determined, documented, implemented, and reviewed in accordance with policy.;Protect (PR);Protective Technology (PR.PT);;aws;;FAIL;AWS Config recorder 987292390922 is disabled.;arn:aws:config:eu-west-1:987292390922:recorder;config_recorder_all_regions_enabled;False;987292390922;NIST-CSF;National Institute of Standards and Technology (NIST) Cybersecurity Framework (CSF) v2.0;
aws;The NIST Cybersecurity Framework (CSF) 2.0 offers a taxonomy of high-level cybersecurity outcomes that can be used by any organization regardless of its size, sector, or maturity to better understand, assess, prioritize, and communicate its cybersecurity efforts. The framework's core functions are organized into six key areas: Govern (new), Identify, Protect, Detect, Respond, and Recover. Together, these functions provide a comprehensive lifecycle approach to managing cybersecurity risk.;987292390922;sa-east-1;2026-09-13 17:05:55.304157;rm_1;Organizational cybersecurity risk management strategy is established, communicated, and maintained.;Govern (GV);Risk Management Strategy (GV.RM);;aws;;FAIL;AWS Config recorder 987292390922 is disabled.;arn:aws:config:sa-east-1:987292390922:recorder;config_recorder_all_regions_enabled;False;987292390922;NIST-CSF;National Institute of Standards and Technology (NIST) Cybersecurity Framework (CSF) v2.0;
aws;The NIST Cybersecurity Framework (CSF) 2.0 offers a taxonomy of high-level cybersecurity outcomes that can be used by any organization regardless of its size, sector, or maturity to better understand, assess, prioritize, and communicate its cybersecurity efforts. The framework's core functions are organized into six key areas: Govern (new), Identify, Protect, Detect, Respond, and Recover. Together, these functions provide a comprehensive lifecycle approach to managing cybersecurity risk.;987292390922;sa-east-1;2026-09-13 17:05:55.304157;po_3;Legal and regulatory requirements regarding cybersecurity, including privacy and civil liberties obligations, are understood and managed.;Govern (GV);Policies, Processes, and Procedures (GV.PO);;aws;;FAIL;AWS Config recorder 987292390922 is disabled.;arn:aws:config:sa-east-1:987292390922:recorder;config_recorder_all_regions_enabled;False;987292390922;NIST-CSF;National Institute of Standards and Technology (NIST) Cybersecurity Framework (CSF) v2.0;
aws;The NIST Cybersecurity Framework (CSF) 2.0 offers a taxonomy of high-level cybersecurity outcomes that can be used by any organization regardless of its size, sector, or maturity to better understand, assess, prioritize, and communicate its cybersecurity efforts. The framework's core functions are organized into six key areas: Govern (new), Identify, Protect, Detect, Respond, and Recover. Together, these functions provide a comprehensive lifecycle approach to managing cybersecurity risk.;987292390922;sa-east-1;2026-09-13 17:05:55.304157;po_4;Governance and risk management processes address cybersecurity risks.;Govern (GV);Policies, Processes, and Procedures (GV.PO);;aws;;FAIL;AWS Config recorder 987292390922 is disabled.;arn:aws:config:sa-east-1:987292390922:recorder;config_recorder_all_regions_enabled;False;987292390922;NIST-CSF;National Institute of Standards and Technology (NIST) Cybersecurity Framework (CSF) v2.0;
aws;The NIST Cybersecurity Framework (CSF) 2.0 offers a taxonomy of high-level cybersecurity outcomes that can be used by any organization regardless of its size, sector, or maturity to better understand, assess, prioritize, and communicate its cybersecurity efforts. The framework's core functions are organized into six key areas: Govern (new), Identify, Protect, Detect, Respond, and Recover. Together, these functions provide a comprehensive lifecycle approach to managing cybersecurity risk.;987292390922;sa-east-1;2026-09-13 17:05:55.304157;ov_3;Cybersecurity risk management strategy and practices are reviewed and adjusted to adapt to changes in the threat landscape, technologies, or mission, business, or system environments.;Govern (GV);Oversight (GV.OV);;aws;;FAIL;AWS Config recorder 987292390922 is disabled.;arn:aws:config:sa-east-1:987292390922:recorder;config_recorder_all_regions_enabled;False;987292390922;NIST-CSF;National Institute of Standards and Technology (NIST) Cybersecurity Framework (CSF) v2.0;
aws;The NIST Cybersecurity Framework (CSF) 2.0 offers a taxonomy of high-level cybersecurity outcomes that can be used by any organization regardless of its size, sector, or maturity to better understand, assess, prioritize, and communicate its cybersecurity efforts. The framework's core functions are organized into six key areas: Govern (new), Identify, Protect, Detect, Respond, and Recover. Together, these functions provide a comprehensive lifecycle approach to managing cybersecurity risk.;987292390922;sa-east-1;2026-09-13 17:05:55.304157;pt_1;Audit/log records are determined, documented, implemented, and reviewed in accordance with policy.;Protect (PR);Protective Technology (PR.PT);;aws;;FAIL;AWS Config recorder 987292390922 is disabled.;arn:aws:config:sa-east-1:987292390922:recorder;config_recorder_all_regions_enabled;False;987292390922;NIST-CSF;National Institute of Standards and Technology (NIST) Cybersecurity Framework (CSF) v2.0;
aws;The NIST Cybersecurity Framework (CSF) 2.0 offers a taxonomy of high-level cybersecurity outcomes that can be used by any organization regardless of its size, sector, or maturity to better understand, assess, prioritize, and communicate its cybersecurity efforts. The framework's core functions are organized into six key areas: Govern (new), Identify, Protect, Detect, Respond, and Recover. Together, these functions provide a comprehensive lifecycle approach to managing cybersecurity risk.;987292390922;us-east-1;2026-09-13 17:05:55.304157;rm_1;Organizational cybersecurity risk management strategy is established, communicated, and maintained.;Govern (GV);Risk Management Strategy (GV.RM);;aws;;FAIL;AWS Config recorder 987292390922 is disabled.;arn:aws:config:us-east-1:987292390922:recorder;config_recorder_all_regions_enabled;False;987292390922;NIST-CSF;National Institute of Standards and Technology (NIST) Cybersecurity Framework (CSF) v2.0;
aws;The NIST Cybersecurity Framework (CSF) 2.0 offers a taxonomy of high-level cybersecurity outcomes that can be used by any organization regardless of its size, sector, or maturity to better understand, assess, prioritize, and communicate its cybersecurity efforts. The framework's core functions are organized into six key areas: Govern (new), Identify, Protect, Detect, Respond, and Recover. Together, these functions provide a comprehensive lifecycle approach to managing cybersecurity risk.;987292390922;us-east-1;2026-09-13 17:05:55.304157;po_3;Legal and regulatory requirements regarding cybersecurity, including privacy and civil liberties obligations, are understood and managed.;Govern (GV);Policies, Processes, and Procedures (GV.PO);;aws;;FAIL;AWS Config recorder 987292390922 is disabled.;arn:aws:config:us-east-1:987292390922:recorder;config_recorder_all_regions_enabled;False;987292390922;NIST-CSF;National Institute of Standards and Technology (NIST) Cybersecurity Framework (CSF) v2.0;
aws;The NIST Cybersecurity Framework (CSF) 2.0 offers a taxonomy of high-level cybersecurity outcomes that can be used by any organization regardless of its size, sector, or maturity to better understand, assess, prioritize, and communicate its cybersecurity efforts. The framework's core functions are organized into six key areas: Govern (new), Identify, Protect, Detect, Respond, and Recover. Together, these functions provide a comprehensive lifecycle approach to managing cybersecurity risk.;987292390922;us-east-1;2026-09-13 17:05:55.304157;po_4;Governance and risk management processes address cybersecurity risks.;Govern (GV);Policies, Processes, and Procedures (GV.PO);;aws;;FAIL;AWS Config recorder 987292390922 is disabled.;arn:aws:config:us-east-1:987292390922:recorder;config_recorder_all_regions_enabled;False;987292390922;NIST-CSF;National Institute of Standards and Technology (NIST) Cybersecurity Framework (CSF) v2.0;
aws;The NIST Cybersecurity Framework (CSF) 2.0 offers a taxonomy of high-level cybersecurity outcomes that can be used by any organization regardless of its size, sector, or maturity to better understand, assess, prioritize, and communicate its cybersecurity efforts. The framework's core functions are organized into six key areas: Govern (new), Identify, Protect, Detect, Respond, and Recover. Together, these functions provide a comprehensive lifecycle approach to managing cybersecurity risk.;987292390922;us-east-1;2026-09-13 17:05:55.304157;ov_3;Cybersecurity risk management strategy and practices are reviewed and adjusted to adapt to changes in the threat landscape, technologies, or mission, business, or system environments.;Govern (GV);Oversight (GV.OV);;aws;;FAIL;AWS Config recorder 987292390922 is disabled.;arn:aws:config:us-east-1:987292390922:recorder;config_recorder_all_regions_enabled;False;987292390922;NIST-CSF;National Institute of Standards and Technology (NIST) Cybersecurity Framework (CSF) v2.0;
aws;The NIST Cybersecurity Framework (CSF) 2.0 offers a taxonomy of high-level cybersecurity outcomes that can be used by any organization regardless of its size, sector, or maturity to better understand, assess, prioritize, and communicate its cybersecurity efforts. The framework's core functions are organized into six key areas: Govern (new), Identify, Protect, Detect, Respond, and Recover. Together, these functions provide a comprehensive lifecycle approach to managing cybersecurity risk.;987292390922;us-east-1;2026-09-13 17:05:55.304157;pt_1;Audit/log records are determined, documented, implemented, and reviewed in accordance with policy.;Protect (PR);Protective Technology (PR.PT);;aws;;FAIL;AWS Config recorder 987292390922 is disabled.;arn:aws:config:us-east-1:987292390922:recorder;config_recorder_all_regions_enabled;False;987292390922;NIST-CSF;National Institute of Standards and Technology (NIST) Cybersecurity Framework (CSF) v2.0;
aws;The NIST Cybersecurity Framework (CSF) 2.0 offers a taxonomy of high-level cybersecurity outcomes that can be used by any organization regardless of its size, sector, or maturity to better understand, assess, prioritize, and communicate its cybersecurity efforts. The framework's core functions are organized into six key areas: Govern (new), Identify, Protect, Detect, Respond, and Recover. Together, these functions provide a comprehensive lifecycle approach to managing cybersecurity risk.;987292390922;us-east-2;2026-09-13 17:05:55.304157;rm_1;Organizational cybersecurity risk management strategy is established, communicated, and maintained.;Govern (GV);Risk Management Strategy (GV.RM);;aws;;FAIL;AWS Config recorder 987292390922 is disabled.;arn:aws:config:us-east-2:987292390922:recorder;config_recorder_all_regions_enabled;False;987292390922;NIST-CSF;National Institute of Standards and Technology (NIST) Cybersecurity Framework (CSF) v2.0;
aws;The NIST Cybersecurity Framework (CSF) 2.0 offers a taxonomy of high-level cybersecurity outcomes that can be used by any organization regardless of its size, sector, or maturity to better understand, assess, prioritize, and communicate its cybersecurity efforts. The framework's core functions are organized into six key areas: Govern (new), Identify, Protect, Detect, Respond, and Recover. Together, these functions provide a comprehensive lifecycle approach to managing cybersecurity risk.;987292390922;us-east-2;2026-09-13 17:05:55.304157;po_3;Legal and regulatory requirements regarding cybersecurity, including privacy and civil liberties obligations, are understood and managed.;Govern (GV);Policies, Processes, and Procedures (GV.PO);;aws;;FAIL;AWS Config recorder 987292390922 is disabled.;arn:aws:config:us-east-2:987292390922:recorder;config_recorder_all_regions_enabled;False;987292390922;NIST-CSF;National Institute of Standards and Technology (NIST) Cybersecurity Framework (CSF) v2.0;
aws;The NIST Cybersecurity Framework (CSF) 2.0 offers a taxonomy of high-level cybersecurity outcomes that can be used by any organization regardless of its size, sector, or maturity to better understand, assess, prioritize, and communicate its cybersecurity efforts. The framework's core functions are organized into six key areas: Govern (new), Identify, Protect, Detect, Respond, and Recover. Together, these functions provide a comprehensive lifecycle approach to managing cybersecurity risk.;987292390922;us-east-2;2026-09-13 17:05:55.304157;po_4;Governance and risk management processes address cybersecurity risks.;Govern (GV);Policies, Processes, and Procedures (GV.PO);;aws;;FAIL;AWS Config recorder 987292390922 is disabled.;arn:aws:config:us-east-2:987292390922:recorder;config_recorder_all_regions_enabled;False;987292390922;NIST-CSF;National Institute of Standards and Technology (NIST) Cybersecurity Framework (CSF) v2.0;
aws;The NIST Cybersecurity Framework (CSF) 2.0 offers a taxonomy of high-level cybersecurity outcomes that can be used by any organization regardless of its size, sector, or maturity to better understand, assess, prioritize, and communicate its cybersecurity efforts. The framework's core functions are organized into six key areas: Govern (new), Identify, Protect, Detect, Respond, and Recover. Together, these functions provide a comprehensive lifecycle approach to managing cybersecurity risk.;987292390922;us-east-2;2026-09-13 17:05:55.304157;ov_3;Cybersecurity risk management strategy and practices are reviewed and adjusted to adapt to changes in the threat landscape, technologies, or mission, business, or system environments.;Govern (GV);Oversight (GV.OV);;aws;;FAIL;AWS Config recorder 987292390922 is disabled.;arn:aws:config:us-east-2:987292390922:recorder;config_recorder_all_regions_enabled;False;987292390922;NIST-CSF;National Institute of Standards and Technology (NIST) Cybersecurity Framework (CSF) v2.0;
aws;The NIST Cybersecurity Framework (CSF) 2.0 offers a taxonomy of high-level cybersecurity outcomes that can be used by any organization regardless of its size, sector, or maturity to better understand, assess, prioritize, and communicate its cybersecurity efforts. The framework's core functions are organized into six key areas: Govern (new), Identify, Protect, Detect, Respond, and Recover. Together, these functions provide a comprehensive lifecycle approach to managing cybersecurity risk.;987292390922;us-east-2;2026-09-13 17:05:55.304157;pt_1;Audit/log records are determined, documented, implemented, and reviewed in accordance with policy.;Protect (PR);Protective Technology (PR.PT);;aws;;FAIL;AWS Config recorder 987292390922 is disabled.;arn:aws:config:us-east-2:987292390922:recorder;config_recorder_all_regions_enabled;False;987292390922;NIST-CSF;National Institute of Standards and Technology (NIST) Cybersecurity Framework (CSF) v2.0;
aws;The NIST Cybersecurity Framework (CSF) 2.0 offers a taxonomy of high-level cybersecurity outcomes that can be used by any organization regardless of its size, sector, or maturity to better understand, assess, prioritize, and communicate its cybersecurity efforts. The framework's core functions are organized into six key areas: Govern (new), Identify, Protect, Detect, Respond, and Recover. Together, these functions provide a comprehensive lifecycle approach to managing cybersecurity risk.;987292390922;us-west-1;2026-09-13 17:05:55.304157;rm_1;Organizational cybersecurity risk management strategy is established, communicated, and maintained.;Govern (GV);Risk Management Strategy (GV.RM);;aws;;FAIL;AWS Config recorder 987292390922 is disabled.;arn:aws:config:us-west-1:987292390922:recorder;config_recorder_all_regions_enabled;False;987292390922;NIST-CSF;National Institute of Standards and Technology (NIST) Cybersecurity Framework (CSF) v2.0;
aws;The NIST Cybersecurity Framework (CSF) 2.0 offers a taxonomy of high-level cybersecurity outcomes that can be used by any organization regardless of its size, sector, or maturity to better understand, assess, prioritize, and communicate its cybersecurity efforts. The framework's core functions are organized into six key areas: Govern (new), Identify, Protect, Detect, Respond, and Recover. Together, these functions provide a comprehensive lifecycle approach to managing cybersecurity risk.;987292390922;us-west-1;2026-09-13 17:05:55.304157;po_3;Legal and regulatory requirements regarding cybersecurity, including privacy and civil liberties obligations, are understood and managed.;Govern (GV);Policies, Processes, and Procedures (GV.PO);;aws;;FAIL;AWS Config recorder 987292390922 is disabled.;arn:aws:config:us-west-1:987292390922:recorder;config_recorder_all_regions_enabled;False;987292390922;NIST-CSF;National Institute of Standards and Technology (NIST) Cybersecurity Framework (CSF) v2.0;
aws;The NIST Cybersecurity Framework (CSF) 2.0 offers a taxonomy of high-level cybersecurity outcomes that can be used by any organization regardless of its size, sector, or maturity to better understand, assess, prioritize, and communicate its cybersecurity efforts. The framework's core functions are organized into six key areas: Govern (new), Identify, Protect, Detect, Respond, and Recover. Together, these functions provide a comprehensive lifecycle approach to managing cybersecurity risk.;987292390922;us-west-1;2026-09-13 17:05:55.304157;po_4;Governance and risk management processes address cybersecurity risks.;Govern (GV);Policies, Processes, and Procedures (GV.PO);;aws;;FAIL;AWS Config recorder 987292390922 is disabled.;arn:aws:config:us-west-1:987292390922:recorder;config_recorder_all_regions_enabled;False;987292390922;NIST-CSF;National Institute of Standards and Technology (NIST) Cybersecurity Framework (CSF) v2.0;
aws;The NIST Cybersecurity Framework (CSF) 2.0 offers a taxonomy of high-level cybersecurity outcomes that can be used by any organization regardless of its size, sector, or maturity to better understand, assess, prioritize, and communicate its cybersecurity efforts. The framework's core functions are organized into six key areas: Govern (new), Identify, Protect, Detect, Respond, and Recover. Together, these functions provide a comprehensive lifecycle approach to managing cybersecurity risk.;987292390922;us-west-1;2026-09-13 17:05:55.304157;ov_3;Cybersecurity risk management strategy and practices are reviewed and adjusted to adapt to changes in the threat landscape, technologies, or mission, business, or system environments.;Govern (GV);Oversight (GV.OV);;aws;;FAIL;AWS Config recorder 987292390922 is disabled.;arn:aws:config:us-west-1:987292390922:recorder;config_recorder_all_regions_enabled;False;987292390922;NIST-CSF;National Institute of Standards and Technology (NIST) Cybersecurity Framework (CSF) v2.0;
aws;The NIST Cybersecurity Framework (CSF) 2.0 offers a taxonomy of high-level cybersecurity outcomes that can be used by any organization regardless of its size, sector, or maturity to better understand, assess, prioritize, and communicate its cybersecurity efforts. The framework's core functions are organized into six key areas: Govern (new), Identify, Protect, Detect, Respond, and Recover. Together, these functions provide a comprehensive lifecycle approach to managing cybersecurity risk.;987292390922;us-west-1;2026-09-13 17:05:55.304157;pt_1;Audit/log records are determined, documented, implemented, and reviewed in accordance with policy.;Protect (PR);Protective Technology (PR.PT);;aws;;FAIL;AWS Config recorder 987292390922 is disabled.;arn:aws:config:us-west-1:987292390922:recorder;config_recorder_all_regions_enabled;False;987292390922;NIST-CSF;National Institute of Standards and Technology (NIST) Cybersecurity Framework (CSF) v2.0;
aws;The NIST Cybersecurity Framework (CSF) 2.0 offers a taxonomy of high-level cybersecurity outcomes that can be used by any organization regardless of its size, sector, or maturity to better understand, assess, prioritize, and communicate its cybersecurity efforts. The framework's core functions are organized into six key areas: Govern (new), Identify, Protect, Detect, Respond, and Recover. Together, these functions provide a comprehensive lifecycle approach to managing cybersecurity risk.;987292390922;us-west-2;2026-09-13 17:05:55.304157;rm_1;Organizational cybersecurity risk management strategy is established, communicated, and maintained.;Govern (GV);Risk Management Strategy (GV.RM);;aws;;FAIL;AWS Config recorder 987292390922 is disabled.;arn:aws:config:us-west-2:987292390922:recorder;config_recorder_all_regions_enabled;False;987292390922;NIST-CSF;National Institute of Standards and Technology (NIST) Cybersecurity Framework (CSF) v2.0;
aws;The NIST Cybersecurity Framework (CSF) 2.0 offers a taxonomy of high-level cybersecurity outcomes that can be used by any organization regardless of its size, sector, or maturity to better understand, assess, prioritize, and communicate its cybersecurity efforts. The framework's core functions are organized into six key areas: Govern (new), Identify, Protect, Detect, Respond, and Recover. Together, these functions provide a comprehensive lifecycle approach to managing cybersecurity risk.;987292390922;us-west-2;2026-09-13 17:05:55.304157;po_3;Legal and regulatory requirements regarding cybersecurity, including privacy and civil liberties obligations, are understood and managed.;Govern (GV);Policies, Processes, and Procedures (GV.PO);;aws;;FAIL;AWS Config recorder 987292390922 is disabled.;arn:aws:config:us-west-2:987292390922:recorder;config_recorder_all_regions_enabled;False;987292390922;NIST-CSF;National Institute of Standards and Technology (NIST) Cybersecurity Framework (CSF) v2.0;
aws;The NIST Cybersecurity Framework (CSF) 2.0 offers a taxonomy of high-level cybersecurity outcomes that can be used by any organization regardless of its size, sector, or maturity to better understand, assess, prioritize, and communicate its cybersecurity efforts. The framework's core functions are organized into six key areas: Govern (new), Identify, Protect, Detect, Respond, and Recover. Together, these functions provide a comprehensive lifecycle approach to managing cybersecurity risk.;987292390922;us-west-2;2026-09-13 17:05:55.304157;po_4;Governance and risk management processes address cybersecurity risks.;Govern (GV);Policies, Processes, and Procedures (GV.PO);;aws;;FAIL;AWS Config recorder 987292390922 is disabled.;arn:aws:config:us-west-2:987292390922:recorder;config_recorder_all_regions_enabled;False;987292390922;NIST-CSF;National Institute of Standards and Technology (NIST) Cybersecurity Framework (CSF) v2.0;
aws;The NIST Cybersecurity Framework (CSF) 2.0 offers a taxonomy of high-level cybersecurity outcomes that can be used by any organization regardless of its size, sector, or maturity to better understand, assess, prioritize, and communicate its cybersecurity efforts. The framework's core functions are organized into six key areas: Govern (new), Identify, Protect, Detect, Respond, and Recover. Together, these functions provide a comprehensive lifecycle approach to managing cybersecurity risk.;987292390922;us-west-2;2026-09-13 17:05:55.304157;ov_3;Cybersecurity risk management strategy and practices are reviewed and adjusted to adapt to changes in the threat landscape, technologies, or mission, business, or system environments.;Govern (GV);Oversight (GV.OV);;aws;;FAIL;AWS Config recorder 987292390922 is disabled.;arn:aws:config:us-west-2:987292390922:recorder;config_recorder_all_regions_enabled;False;987292390922;NIST-CSF;National Institute of Standards and Technology (NIST) Cybersecurity Framework (CSF) v2.0;
aws;The NIST Cybersecurity Framework (CSF) 2.0 offers a taxonomy of high-level cybersecurity outcomes that can be used by any organization regardless of its size, sector, or maturity to better understand, assess, prioritize, and communicate its cybersecurity efforts. The framework's core functions are organized into six key areas: Govern (new), Identify, Protect, Detect, Respond, and Recover. Together, these functions provide a comprehensive lifecycle approach to managing cybersecurity risk.;987292390922;us-west-2;2026-09-13 17:05:55.304157;pt_1;Audit/log records are determined, documented, implemented, and reviewed in accordance with policy.;Protect (PR);Protective Technology (PR.PT);;aws;;FAIL;AWS Config recorder 987292390922 is disabled.;arn:aws:config:us-west-2:987292390922:recorder;config_recorder_all_regions_enabled;False;987292390922;NIST-CSF;National Institute of Standards and Technology (NIST) Cybersecurity Framework (CSF) v2.0;
aws;The NIST Cybersecurity Framework (CSF) 2.0 offers a taxonomy of high-level cybersecurity outcomes that can be used by any organization regardless of its size, sector, or maturity to better understand, assess, prioritize, and communicate its cybersecurity efforts. The framework's core functions are organized into six key areas: Govern (new), Identify, Protect, Detect, Respond, and Recover. Together, these functions provide a comprehensive lifecycle approach to managing cybersecurity risk.;;;2026-09-13 17:05:55.304157;oc_1;The organization's role in the supply chain is identified and communicated.;Govern (GV);Organizational Context (GV.OC);;aws;;MANUAL;Manual check;manual_check;manual;False;Manual check;NIST-CSF;National Institute of Standards and Technology (NIST) Cybersecurity Framework (CSF) v2.0;
aws;The NIST Cybersecurity Framework (CSF) 2.0 offers a taxonomy of high-level cybersecurity outcomes that can be used by any organization regardless of its size, sector, or maturity to better understand, assess, prioritize, and communicate its cybersecurity efforts. The framework's core functions are organized into six key areas: Govern (new), Identify, Protect, Detect, Respond, and Recover. Together, these functions provide a comprehensive lifecycle approach to managing cybersecurity risk.;;;2026-09-13 17:05:55.304157;oc_2;Legal, regulatory, and contractual requirements regarding cybersecurity including privacy and civil liberties obligations are understood and managed.;Govern (GV);Organizational Context (GV.OC);;aws;;MANUAL;Manual check;manual_check;manual;False;Manual check;NIST-CSF;National Institute of Standards and Technology (NIST) Cybersecurity Framework (CSF) v2.0;
aws;The NIST Cybersecurity Framework (CSF) 2.0 offers a taxonomy of high-level cybersecurity outcomes that can be used by any organization regardless of its size, sector, or maturity to better understand, assess, prioritize, and communicate its cybersecurity efforts. The framework's core functions are organized into six key areas: Govern (new), Identify, Protect, Detect, Respond, and Recover. Together, these functions provide a comprehensive lifecycle approach to managing cybersecurity risk.;;;2026-09-13 17:05:55.304157;oc_3;The organization's place in critical infrastructure and its industry sector is identified and communicated.;Govern (GV);Organizational Context (GV.OC);;aws;;MANUAL;Manual check;manual_check;manual;False;Manual check;NIST-CSF;National Institute of Standards and Technology (NIST) Cybersecurity Framework (CSF) v2.0;
aws;The NIST Cybersecurity Framework (CSF) 2.0 offers a taxonomy of high-level cybersecurity outcomes that can be used by any organization regardless of its size, sector, or maturity to better understand, assess, prioritize, and communicate its cybersecurity efforts. The framework's core functions are organized into six key areas: Govern (new), Identify, Protect, Detect, Respond, and Recover. Together, these functions provide a comprehensive lifecycle approach to managing cybersecurity risk.;;;2026-09-13 17:05:55.304157;rm_2;Organizational risk tolerance is determined and clearly expressed.;Govern (GV);Risk Management Strategy (GV.RM);;aws;;MANUAL;Manual check;manual_check;manual;False;Manual check;NIST-CSF;National Institute of Standards and Technology (NIST) Cybersecurity Framework (CSF) v2.0;
aws;The NIST Cybersecurity Framework (CSF) 2.0 offers a taxonomy of high-level cybersecurity outcomes that can be used by any organization regardless of its size, sector, or maturity to better understand, assess, prioritize, and communicate its cybersecurity efforts. The framework's core functions are organized into six key areas: Govern (new), Identify, Protect, Detect, Respond, and Recover. Together, these functions provide a comprehensive lifecycle approach to managing cybersecurity risk.;;;2026-09-13 17:05:55.304157;rm_3;The organization's determination of risk tolerance is informed by its role in critical infrastructure, sector-specific risk analysis, or organizational risk analysis.;Govern (GV);Risk Management Strategy (GV.RM);;aws;;MANUAL;Manual check;manual_check;manual;False;Manual check;NIST-CSF;National Institute of Standards and Technology (NIST) Cybersecurity Framework (CSF) v2.0;
aws;The NIST Cybersecurity Framework (CSF) 2.0 offers a taxonomy of high-level cybersecurity outcomes that can be used by any organization regardless of its size, sector, or maturity to better understand, assess, prioritize, and communicate its cybersecurity efforts. The framework's core functions are organized into six key areas: Govern (new), Identify, Protect, Detect, Respond, and Recover. Together, these functions provide a comprehensive lifecycle approach to managing cybersecurity risk.;;;2026-09-13 17:05:55.304157;sc_4;Supply chain risk management processes are continuously improved.;Govern (GV);Cybersecurity Supply Chain Risk Management (GV.SC);;aws;;MANUAL;Manual check;manual_check;manual;False;Manual check;NIST-CSF;National Institute of Standards and Technology (NIST) Cybersecurity Framework (CSF) v2.0;
aws;The NIST Cybersecurity Framework (CSF) 2.0 offers a taxonomy of high-level cybersecurity outcomes that can be used by any organization regardless of its size, sector, or maturity to better understand, assess, prioritize, and communicate its cybersecurity efforts. The framework's core functions are organized into six key areas: Govern (new), Identify, Protect, Detect, Respond, and Recover. Together, these functions provide a comprehensive lifecycle approach to managing cybersecurity risk.;;;2026-09-13 17:05:55.304157;rr_3;Senior executives are accountable for cybersecurity risk.;Govern (GV);Roles, Responsibilities, and Authorities (GV.RR);;aws;;MANUAL;Manual check;manual_check;manual;False;Manual check;NIST-CSF;National Institute of Standards and Technology (NIST) Cybersecurity Framework (CSF) v2.0;
aws;The NIST Cybersecurity Framework (CSF) 2.0 offers a taxonomy of high-level cybersecurity outcomes that can be used by any organization regardless of its size, sector, or maturity to better understand, assess, prioritize, and communicate its cybersecurity efforts. The framework's core functions are organized into six key areas: Govern (new), Identify, Protect, Detect, Respond, and Recover. Together, these functions provide a comprehensive lifecycle approach to managing cybersecurity risk.;;;2026-09-13 17:05:55.304157;po_2;Cybersecurity policy is updated as needed to reflect changes in organizational priorities, threat landscape, or technology.;Govern (GV);Policies, Processes, and Procedures (GV.PO);;aws;;MANUAL;Manual check;manual_check;manual;False;Manual check;NIST-CSF;National Institute of Standards and Technology (NIST) Cybersecurity Framework (CSF) v2.0;
aws;The NIST Cybersecurity Framework (CSF) 2.0 offers a taxonomy of high-level cybersecurity outcomes that can be used by any organization regardless of its size, sector, or maturity to better understand, assess, prioritize, and communicate its cybersecurity efforts. The framework's core functions are organized into six key areas: Govern (new), Identify, Protect, Detect, Respond, and Recover. Together, these functions provide a comprehensive lifecycle approach to managing cybersecurity risk.;;;2026-09-13 17:05:55.304157;ov_1;Cybersecurity risk management strategy outcomes are reviewed to inform and adjust organizational priorities.;Govern (GV);Oversight (GV.OV);;aws;;MANUAL;Manual check;manual_check;manual;False;Manual check;NIST-CSF;National Institute of Standards and Technology (NIST) Cybersecurity Framework (CSF) v2.0;
aws;The NIST Cybersecurity Framework (CSF) 2.0 offers a taxonomy of high-level cybersecurity outcomes that can be used by any organization regardless of its size, sector, or maturity to better understand, assess, prioritize, and communicate its cybersecurity efforts. The framework's core functions are organized into six key areas: Govern (new), Identify, Protect, Detect, Respond, and Recover. Together, these functions provide a comprehensive lifecycle approach to managing cybersecurity risk.;;;2026-09-13 17:05:55.304157;ov_4;Cybersecurity risk management processes are reviewed to ensure they meet legal and regulatory requirements.;Govern (GV);Oversight (GV.OV);;aws;;MANUAL;Manual check;manual_check;manual;False;Manual check;NIST-CSF;National Institute of Standards and Technology (NIST) Cybersecurity Framework (CSF) v2.0;
aws;The NIST Cybersecurity Framework (CSF) 2.0 offers a taxonomy of high-level cybersecurity outcomes that can be used by any organization regardless of its size, sector, or maturity to better understand, assess, prioritize, and communicate its cybersecurity efforts. The framework's core functions are organized into six key areas: Govern (new), Identify, Protect, Detect, Respond, and Recover. Together, these functions provide a comprehensive lifecycle approach to managing cybersecurity risk.;;;2026-09-13 17:05:55.304157;am_1;Physical devices and systems within the organization are inventoried.;Identify (ID);Asset Management (ID.AM);;aws;;MANUAL;Manual check;manual_check;manual;False;Manual check;NIST-CSF;National Institute of Standards and Technology (NIST) Cybersecurity Framework (CSF) v2.0;
aws;The NIST Cybersecurity Framework (CSF) 2.0 offers a taxonomy of high-level cybersecurity outcomes that can be used by any organization regardless of its size, sector, or maturity to better understand, assess, prioritize, and communicate its cybersecurity efforts. The framework's core functions are organized into six key areas: Govern (new), Identify, Protect, Detect, Respond, and Recover. Together, these functions provide a comprehensive lifecycle approach to managing cybersecurity risk.;;;2026-09-13 17:05:55.304157;am_2;Software platforms and applications within the organization are inventoried.;Identify (ID);Asset Management (ID.AM);;aws;;MANUAL;Manual check;manual_check;manual;False;Manual check;NIST-CSF;National Institute of Standards and Technology (NIST) Cybersecurity Framework (CSF) v2.0;
aws;The NIST Cybersecurity Framework (CSF) 2.0 offers a taxonomy of high-level cybersecurity outcomes that can be used by any organization regardless of its size, sector, or maturity to better understand, assess, prioritize, and communicate its cybersecurity efforts. The framework's core functions are organized into six key areas: Govern (new), Identify, Protect, Detect, Respond, and Recover. Together, these functions provide a comprehensive lifecycle approach to managing cybersecurity risk.;;;2026-09-13 17:05:55.304157;am_3;Organizational communication and data flows are mapped.;Identify (ID);Asset Management (ID.AM);;aws;;MANUAL;Manual check;manual_check;manual;False;Manual check;NIST-CSF;National Institute of Standards and Technology (NIST) Cybersecurity Framework (CSF) v2.0;
aws;The NIST Cybersecurity Framework (CSF) 2.0 offers a taxonomy of high-level cybersecurity outcomes that can be used by any organization regardless of its size, sector, or maturity to better understand, assess, prioritize, and communicate its cybersecurity efforts. The framework's core functions are organized into six key areas: Govern (new), Identify, Protect, Detect, Respond, and Recover. Together, these functions provide a comprehensive lifecycle approach to managing cybersecurity risk.;;;2026-09-13 17:05:55.304157;am_5;Resources (e.g., hardware, devices, data, time, personnel, and software) are prioritized based on their classification, criticality, and business value.;Identify (ID);Asset Management (ID.AM);;aws;;MANUAL;Manual check;manual_check;manual;False;Manual check;NIST-CSF;National Institute of Standards and Technology (NIST) Cybersecurity Framework (CSF) v2.0;
aws;The NIST Cybersecurity Framework (CSF) 2.0 offers a taxonomy of high-level cybersecurity outcomes that can be used by any organization regardless of its size, sector, or maturity to better understand, assess, prioritize, and communicate its cybersecurity efforts. The framework's core functions are organized into six key areas: Govern (new), Identify, Protect, Detect, Respond, and Recover. Together, these functions provide a comprehensive lifecycle approach to managing cybersecurity risk.;;;2026-09-13 17:05:55.304157;ra_2;Cyber threat intelligence is received from information sharing forums and sources.;Identify (ID);Risk Assessment (ID.RA);;aws;;MANUAL;Manual check;manual_check;manual;False;Manual check;NIST-CSF;National Institute of Standards and Technology (NIST) Cybersecurity Framework (CSF) v2.0;
aws;The NIST Cybersecurity Framework (CSF) 2.0 offers a taxonomy of high-level cybersecurity outcomes that can be used by any organization regardless of its size, sector, or maturity to better understand, assess, prioritize, and communicate its cybersecurity efforts. The framework's core functions are organized into six key areas: Govern (new), Identify, Protect, Detect, Respond, and Recover. Together, these functions provide a comprehensive lifecycle approach to managing cybersecurity risk.;;;2026-09-13 17:05:55.304157;id_sc_4;Suppliers and third-party partners are routinely assessed using audits, test results, or other forms of evaluations to confirm they are meeting their contractual obligations.;Identify (ID);Supply Chain Risk Management (ID.SC);;aws;;MANUAL;Manual check;manual_check;manual;False;Manual check;NIST-CSF;National Institute of Standards and Technology (NIST) Cybersecurity Framework (CSF) v2.0;
aws;The NIST Cybersecurity Framework (CSF) 2.0 offers a taxonomy of high-level cybersecurity outcomes that can be used by any organization regardless of its size, sector, or maturity to better understand, assess, prioritize, and communicate its cybersecurity efforts. The framework's core functions are organized into six key areas: Govern (new), Identify, Protect, Detect, Respond, and Recover. Together, these functions provide a comprehensive lifecycle approach to managing cybersecurity risk.;;;2026-09-13 17:05:55.304157;ds_7;The development and testing environment(s) are separate from the production environment.;Protect (PR);Data Security (PR.DS);;aws;;MANUAL;Manual check;manual_check;manual;False;Manual check;NIST-CSF;National Institute of Standards and Technology (NIST) Cybersecurity Framework (CSF) v2.0;
aws;The NIST Cybersecurity Framework (CSF) 2.0 offers a taxonomy of high-level cybersecurity outcomes that can be used by any organization regardless of its size, sector, or maturity to better understand, assess, prioritize, and communicate its cybersecurity efforts. The framework's core functions are organized into six key areas: Govern (new), Identify, Protect, Detect, Respond, and Recover. Together, these functions provide a comprehensive lifecycle approach to managing cybersecurity risk.;;;2026-09-13 17:05:55.304157;ds_8;Integrity checking mechanisms are used to verify hardware integrity.;Protect (PR);Data Security (PR.DS);;aws;;MANUAL;Manual check;manual_check;manual;False;Manual check;NIST-CSF;National Institute of Standards and Technology (NIST) Cybersecurity Framework (CSF) v2.0;
aws;The NIST Cybersecurity Framework (CSF) 2.0 offers a taxonomy of high-level cybersecurity outcomes that can be used by any organization regardless of its size, sector, or maturity to better understand, assess, prioritize, and communicate its cybersecurity efforts. The framework's core functions are organized into six key areas: Govern (new), Identify, Protect, Detect, Respond, and Recover. Together, these functions provide a comprehensive lifecycle approach to managing cybersecurity risk.;;;2026-09-13 17:05:55.304157;ip_3;Configuration change control processes are in place.;Protect (PR);Information Protection Processes and Procedures (PR.IP);;elb;;MANUAL;Manual check;manual_check;manual;False;Manual check;NIST-CSF;National Institute of Standards and Technology (NIST) Cybersecurity Framework (CSF) v2.0;
aws;The NIST Cybersecurity Framework (CSF) 2.0 offers a taxonomy of high-level cybersecurity outcomes that can be used by any organization regardless of its size, sector, or maturity to better understand, assess, prioritize, and communicate its cybersecurity efforts. The framework's core functions are organized into six key areas: Govern (new), Identify, Protect, Detect, Respond, and Recover. Together, these functions provide a comprehensive lifecycle approach to managing cybersecurity risk.;;;2026-09-13 17:05:55.304157;ma_2;Remote maintenance of organizational assets is approved, logged, and performed in a manner that prevents unauthorized access.;Protect (PR);Maintenance (PR.MA);;cloudtrail;;MANUAL;Manual check;manual_check;manual;False;Manual check;NIST-CSF;National Institute of Standards and Technology (NIST) Cybersecurity Framework (CSF) v2.0;
aws;The NIST Cybersecurity Framework (CSF) 2.0 offers a taxonomy of high-level cybersecurity outcomes that can be used by any organization regardless of its size, sector, or maturity to better understand, assess, prioritize, and communicate its cybersecurity efforts. The framework's core functions are organized into six key areas: Govern (new), Identify, Protect, Detect, Respond, and Recover. Together, these functions provide a comprehensive lifecycle approach to managing cybersecurity risk.;;;2026-09-13 17:05:55.304157;pt_3;The principle of least functionality is incorporated by configuring systems to provide only essential capabilities.;Protect (PR);Protective Technology (PR.PT);;aws;;MANUAL;Manual check;manual_check;manual;False;Manual check;NIST-CSF;National Institute of Standards and Technology (NIST) Cybersecurity Framework (CSF) v2.0;
aws;The NIST Cybersecurity Framework (CSF) 2.0 offers a taxonomy of high-level cybersecurity outcomes that can be used by any organization regardless of its size, sector, or maturity to better understand, assess, prioritize, and communicate its cybersecurity efforts. The framework's core functions are organized into six key areas: Govern (new), Identify, Protect, Detect, Respond, and Recover. Together, these functions provide a comprehensive lifecycle approach to managing cybersecurity risk.;;;2026-09-13 17:05:55.304157;ae_4;Impact of events is determined.;Detect (DE);Anomalies and Events (DE.AE);;aws;;MANUAL;Manual check;manual_check;manual;False;Manual check;NIST-CSF;National Institute of Standards and Technology (NIST) Cybersecurity Framework (CSF) v2.0;
aws;The NIST Cybersecurity Framework (CSF) 2.0 offers a taxonomy of high-level cybersecurity outcomes that can be used by any organization regardless of its size, sector, or maturity to better understand, assess, prioritize, and communicate its cybersecurity efforts. The framework's core functions are organized into six key areas: Govern (new), Identify, Protect, Detect, Respond, and Recover. Together, these functions provide a comprehensive lifecycle approach to managing cybersecurity risk.;;;2026-09-13 17:05:55.304157;ae_5;Incident alert thresholds are established.;Detect (DE);Anomalies and Events (DE.AE);;aws;;MANUAL;Manual check;manual_check;manual;False;Manual check;NIST-CSF;National Institute of Standards and Technology (NIST) Cybersecurity Framework (CSF) v2.0;
aws;The NIST Cybersecurity Framework (CSF) 2.0 offers a taxonomy of high-level cybersecurity outcomes that can be used by any organization regardless of its size, sector, or maturity to better understand, assess, prioritize, and communicate its cybersecurity efforts. The framework's core functions are organized into six key areas: Govern (new), Identify, Protect, Detect, Respond, and Recover. Together, these functions provide a comprehensive lifecycle approach to managing cybersecurity risk.;;;2026-09-13 17:05:55.304157;cm_2;The physical environment is monitored to detect potential cybersecurity events.;Detect (DE);Security Continuous Monitoring (DE.CM);;aws;;MANUAL;Manual check;manual_check;manual;False;Manual check;NIST-CSF;National Institute of Standards and Technology (NIST) Cybersecurity Framework (CSF) v2.0;
aws;The NIST Cybersecurity Framework (CSF) 2.0 offers a taxonomy of high-level cybersecurity outcomes that can be used by any organization regardless of its size, sector, or maturity to better understand, assess, prioritize, and communicate its cybersecurity efforts. The framework's core functions are organized into six key areas: Govern (new), Identify, Protect, Detect, Respond, and Recover. Together, these functions provide a comprehensive lifecycle approach to managing cybersecurity risk.;;;2026-09-13 17:05:55.304157;cm_5;Unauthorized mobile code is detected.;Detect (DE);Security Continuous Monitoring (DE.CM);;aws;;MANUAL;Manual check;manual_check;manual;False;Manual check;NIST-CSF;National Institute of Standards and Technology (NIST) Cybersecurity Framework (CSF) v2.0;
aws;The NIST Cybersecurity Framework (CSF) 2.0 offers a taxonomy of high-level cybersecurity outcomes that can be used by any organization regardless of its size, sector, or maturity to better understand, assess, prioritize, and communicate its cybersecurity efforts. The framework's core functions are organized into six key areas: Govern (new), Identify, Protect, Detect, Respond, and Recover. Together, these functions provide a comprehensive lifecycle approach to managing cybersecurity risk.;;;2026-09-13 17:05:55.304157;dp_5;Detection processes are continuously improved.;Detect (DE);Detection Processes (DE.DP);;ec2;;MANUAL;Manual check;manual_check;manual;False;Manual check;NIST-CSF;National Institute of Standards and Technology (NIST) Cybersecurity Framework (CSF) v2.0;
aws;The NIST Cybersecurity Framework (CSF) 2.0 offers a taxonomy of high-level cybersecurity outcomes that can be used by any organization regardless of its size, sector, or maturity to better understand, assess, prioritize, and communicate its cybersecurity efforts. The framework's core functions are organized into six key areas: Govern (new), Identify, Protect, Detect, Respond, and Recover. Together, these functions provide a comprehensive lifecycle approach to managing cybersecurity risk.;;;2026-09-13 17:05:55.304157;an_2;The impact of the incident is understood.;Respond (RS);Analysis (RS.AN);;guardduty;;MANUAL;Manual check;manual_check;manual;False;Manual check;NIST-CSF;National Institute of Standards and Technology (NIST) Cybersecurity Framework (CSF) v2.0;
aws;The NIST Cybersecurity Framework (CSF) 2.0 offers a taxonomy of high-level cybersecurity outcomes that can be used by any organization regardless of its size, sector, or maturity to better understand, assess, prioritize, and communicate its cybersecurity efforts. The framework's core functions are organized into six key areas: Govern (new), Identify, Protect, Detect, Respond, and Recover. Together, these functions provide a comprehensive lifecycle approach to managing cybersecurity risk.;;;2026-09-13 17:05:55.304157;mi_3;Newly identified vulnerabilities are mitigated or documented as accepted risks.;Respond (RS);Mitigation (RS.MI);;guardduty;;MANUAL;Manual check;manual_check;manual;False;Manual check;NIST-CSF;National Institute of Standards and Technology (NIST) Cybersecurity Framework (CSF) v2.0;
