PROVIDER;DESCRIPTION;ACCOUNTID;REGION;ASSESSMENTDATE;REQUIREMENTS_ID;REQUIREMENTS_DESCRIPTION;REQUIREMENTS_ATTRIBUTES_SECTION;REQUIREMENTS_ATTRIBUTES_SUBSECTION;REQUIREMENTS_ATTRIBUTES_SUBGROUP;REQUIREMENTS_ATTRIBUTES_SERVICE;REQUIREMENTS_ATTRIBUTES_TYPE;STATUS;STATUSEXTENDED;RESOURCEID;CHECKID;MUTED;RESOURCENAME;FRAMEWORK;NAME;REQUIREMENTS_ATTRIBUTES_COMMENT
aws;NIST 800-53 is a regulatory standard that defines the minimum baseline of security controls for all U.S. federal information systems except those related to national security. The controls defined in this standard are customizable and address a diverse set of security and privacy requirements.;858573892697;us-east-1;2026-09-13 17:57:11.149991;ac_4;The information system enforces approved authorizations for controlling the flow of information within the system and between interconnected systems based on organization-defined information flow control policies.;Access Control (AC);;;aws;;PASS;Lambda function aws-deepracer-reward-fn-b97e40d7-25de-4452-8b6e-9cee76f5bae0 has a resource-based policy without public access.;arn:aws:lambda:us-east-1:858573892697:function:aws-deepracer-reward-fn-b97e40d7-25de-4452-8b6e-9cee76f5bae0;awslambda_function_not_publicly_accessible;False;aws-deepracer-reward-fn-b97e40d7-25de-4452-8b6e-9cee76f5bae0;NIST-800-53-Revision-4;National Institute of Standards and Technology (NIST) 800-53 Revision 4;
aws;NIST 800-53 is a regulatory standard that defines the minimum baseline of security controls for all U.S. federal information systems except those related to national security. The controls defined in this standard are customizable and address a diverse set of security and privacy requirements.;858573892697;us-east-1;2026-09-13 17:57:11.149991;sc_7_3;The organization limits the number of external network connections to the information system.;System and Communications Protection (SC);Boundary Protection (SC-7);;aws;;PASS;Lambda function aws-deepracer-reward-fn-b97e40d7-25de-4452-8b6e-9cee76f5bae0 has a resource-based policy without public access.;arn:aws:lambda:us-east-1:858573892697:function:aws-deepracer-reward-fn-b97e40d7-25de-4452-8b6e-9cee76f5bae0;awslambda_function_not_publicly_accessible;False;aws-deepracer-reward-fn-b97e40d7-25de-4452-8b6e-9cee76f5bae0;NIST-800-53-Revision-4;National Institute of Standards and Technology (NIST) 800-53 Revision 4;
aws;NIST 800-53 is a regulatory standard that defines the minimum baseline of security controls for all U.S. federal information systems except those related to national security. The controls defined in this standard are customizable and address a diverse set of security and privacy requirements.;858573892697;us-east-1;2026-09-13 17:57:11.149991;sc_7;"The information system: a. Monitors and controls communications at the external boundary of the system and at key internal boundaries within the system; b. Implements subnetworks for publicly accessible system components that are [Selection: physically; logically] separated from internal organizational networks; and c. Connects to external networks or information systems only through managed interfaces consisting of boundary protection devices arranged in accordance with an organizational security architecture.";System and Communications Protection (SC);;;aws;;PASS;Lambda function aws-deepracer-reward-fn-b97e40d7-25de-4452-8b6e-9cee76f5bae0 has a resource-based policy without public access.;arn:aws:lambda:us-east-1:858573892697:function:aws-deepracer-reward-fn-b97e40d7-25de-4452-8b6e-9cee76f5bae0;awslambda_function_not_publicly_accessible;False;aws-deepracer-reward-fn-b97e40d7-25de-4452-8b6e-9cee76f5bae0;NIST-800-53-Revision-4;National Institute of Standards and Technology (NIST) 800-53 Revision 4;
aws;NIST 800-53 is a regulatory standard that defines the minimum baseline of security controls for all U.S. federal information systems except those related to national security. The controls defined in this standard are customizable and address a diverse set of security and privacy requirements.;858573892697;us-east-1;2026-09-13 17:57:11.149991;ac_2_4;The information system automatically audits account creation, modification, enabling, disabling, and removal actions, and notifies [Assignment: organization-defined personnel or roles].;Access Control (AC);Account Management (AC-2);;aws;;FAIL;No CloudTrail trails enabled with logging were found.;arn:aws:cloudtrail:us-east-1:858573892697:trail;cloudtrail_multi_region_enabled;False;858573892697;NIST-800-53-Revision-4;National Institute of Standards and Technology (NIST) 800-53 Revision 4;
aws;NIST 800-53 is a regulatory standard that defines the minimum baseline of security controls for all U.S. federal information systems except those related to national security. The controls defined in this standard are customizable and address a diverse set of security and privacy requirements.;858573892697;us-east-1;2026-09-13 17:57:11.149991;ac_2;Manage system accounts, group memberships, privileges, workflow, notifications, deactivations, and authorizations.;Access Control (AC);;;aws;;FAIL;No CloudTrail trails enabled with logging were found.;arn:aws:cloudtrail:us-east-1:858573892697:trail;cloudtrail_multi_region_enabled;False;858573892697;NIST-800-53-Revision-4;National Institute of Standards and Technology (NIST) 800-53 Revision 4;
aws;NIST 800-53 is a regulatory standard that defines the minimum baseline of security controls for all U.S. federal information systems except those related to national security. The controls defined in this standard are customizable and address a diverse set of security and privacy requirements.;858573892697;us-east-1;2026-09-13 17:57:11.149991;au_2;Automate security audit function with other organizational entities. Enable mutual support of audit of auditable events.;Audit and Accountability (AU);;;aws;;FAIL;No CloudTrail trails enabled with logging were found.;arn:aws:cloudtrail:us-east-1:858573892697:trail;cloudtrail_multi_region_enabled;False;858573892697;NIST-800-53-Revision-4;National Institute of Standards and Technology (NIST) 800-53 Revision 4;
aws;NIST 800-53 is a regulatory standard that defines the minimum baseline of security controls for all U.S. federal information systems except those related to national security. The controls defined in this standard are customizable and address a diverse set of security and privacy requirements.;858573892697;us-east-1;2026-09-13 17:57:11.149991;au_3;The information system generates audit records containing information that establishes what type of event occurred, when the event occurred, where the event occurred, the source of the event, the outcome of the event, and the identity of any individuals or subjects associated with the event.;Audit and Accountability (AU);;;aws;;FAIL;No CloudTrail trails enabled with logging were found.;arn:aws:cloudtrail:us-east-1:858573892697:trail;cloudtrail_multi_region_enabled;False;858573892697;NIST-800-53-Revision-4;National Institute of Standards and Technology (NIST) 800-53 Revision 4;
aws;NIST 800-53 is a regulatory standard that defines the minimum baseline of security controls for all U.S. federal information systems except those related to national security. The controls defined in this standard are customizable and address a diverse set of security and privacy requirements.;858573892697;us-east-1;2026-09-13 17:57:11.149991;au_12;Audit events defined in AU-2. Allow trusted personnel to select which events to audit. Generate audit records for events.;Audit and Accountability (AU);;;aws;;FAIL;No CloudTrail trails enabled with logging were found.;arn:aws:cloudtrail:us-east-1:858573892697:trail;cloudtrail_multi_region_enabled;False;858573892697;NIST-800-53-Revision-4;National Institute of Standards and Technology (NIST) 800-53 Revision 4;
aws;NIST 800-53 is a regulatory standard that defines the minimum baseline of security controls for all U.S. federal information systems except those related to national security. The controls defined in this standard are customizable and address a diverse set of security and privacy requirements.;858573892697;us-east-1;2026-09-13 17:57:11.149991;cm_2;The organization develops, documents, and maintains under configuration control, a current baseline configuration of the information system.;Configuration Management (CM);;;aws;;FAIL;No CloudTrail trails enabled with logging were found.;arn:aws:cloudtrail:us-east-1:858573892697:trail;cloudtrail_multi_region_enabled;False;858573892697;NIST-800-53-Revision-4;National Institute of Standards and Technology (NIST) 800-53 Revision 4;
aws;NIST 800-53 is a regulatory standard that defines the minimum baseline of security controls for all U.S. federal information systems except those related to national security. The controls defined in this standard are customizable and address a diverse set of security and privacy requirements.;858573892697;us-east-1;2026-09-13 17:57:11.149991;ac_2;Manage system accounts, group memberships, privileges, workflow, notifications, deactivations, and authorizations.;Access Control (AC);;;aws;;FAIL;No CloudTrail trails have a data event to record all S3 object-level API operations.;arn:aws:cloudtrail:us-east-1:858573892697:trail;cloudtrail_s3_dataevents_read_enabled;False;858573892697;NIST-800-53-Revision-4;National Institute of Standards and Technology (NIST) 800-53 Revision 4;
aws;NIST 800-53 is a regulatory standard that defines the minimum baseline of security controls for all U.S. federal information systems except those related to national security. The controls defined in this standard are customizable and address a diverse set of security and privacy requirements.;858573892697;us-east-1;2026-09-13 17:57:11.149991;au_2;Automate security audit function with other organizational entities. Enable mutual support of audit of auditable events.;Audit and Accountability (AU);;;aws;;FAIL;No CloudTrail trails have a data event to record all S3 object-level API operations.;arn:aws:cloudtrail:us-east-1:858573892697:trail;cloudtrail_s3_dataevents_read_enabled;False;858573892697;NIST-800-53-Revision-4;National Institute of Standards and Technology (NIST) 800-53 Revision 4;
aws;NIST 800-53 is a regulatory standard that defines the minimum baseline of security controls for all U.S. federal information systems except those related to national security. The controls defined in this standard are customizable and address a diverse set of security and privacy requirements.;858573892697;us-east-1;2026-09-13 17:57:11.149991;au_3;The information system generates audit records containing information that establishes what type of event occurred, when the event occurred, where the event occurred, the source of the event, the outcome of the event, and the identity of any individuals or subjects associated with the event.;Audit and Accountability (AU);;;aws;;FAIL;No CloudTrail trails have a data event to record all S3 object-level API operations.;arn:aws:cloudtrail:us-east-1:858573892697:trail;cloudtrail_s3_dataevents_read_enabled;False;858573892697;NIST-800-53-Revision-4;National Institute of Standards and Technology (NIST) 800-53 Revision 4;
aws;NIST 800-53 is a regulatory standard that defines the minimum baseline of security controls for all U.S. federal information systems except those related to national security. The controls defined in this standard are customizable and address a diverse set of security and privacy requirements.;858573892697;us-east-1;2026-09-13 17:57:11.149991;au_12;Audit events defined in AU-2. Allow trusted personnel to select which events to audit. Generate audit records for events.;Audit and Accountability (AU);;;aws;;FAIL;No CloudTrail trails have a data event to record all S3 object-level API operations.;arn:aws:cloudtrail:us-east-1:858573892697:trail;cloudtrail_s3_dataevents_read_enabled;False;858573892697;NIST-800-53-Revision-4;National Institute of Standards and Technology (NIST) 800-53 Revision 4;
aws;NIST 800-53 is a regulatory standard that defines the minimum baseline of security controls for all U.S. federal information systems except those related to national security. The controls defined in this standard are customizable and address a diverse set of security and privacy requirements.;858573892697;us-east-1;2026-09-13 17:57:11.149991;ac_2;Manage system accounts, group memberships, privileges, workflow, notifications, deactivations, and authorizations.;Access Control (AC);;;aws;;FAIL;No CloudTrail trails have a data event to record all S3 object-level API operations.;arn:aws:cloudtrail:us-east-1:858573892697:trail;cloudtrail_s3_dataevents_write_enabled;False;858573892697;NIST-800-53-Revision-4;National Institute of Standards and Technology (NIST) 800-53 Revision 4;
aws;NIST 800-53 is a regulatory standard that defines the minimum baseline of security controls for all U.S. federal information systems except those related to national security. The controls defined in this standard are customizable and address a diverse set of security and privacy requirements.;858573892697;us-east-1;2026-09-13 17:57:11.149991;au_2;Automate security audit function with other organizational entities. Enable mutual support of audit of auditable events.;Audit and Accountability (AU);;;aws;;FAIL;No CloudTrail trails have a data event to record all S3 object-level API operations.;arn:aws:cloudtrail:us-east-1:858573892697:trail;cloudtrail_s3_dataevents_write_enabled;False;858573892697;NIST-800-53-Revision-4;National Institute of Standards and Technology (NIST) 800-53 Revision 4;
aws;NIST 800-53 is a regulatory standard that defines the minimum baseline of security controls for all U.S. federal information systems except those related to national security. The controls defined in this standard are customizable and address a diverse set of security and privacy requirements.;858573892697;us-east-1;2026-09-13 17:57:11.149991;au_3;The information system generates audit records containing information that establishes what type of event occurred, when the event occurred, where the event occurred, the source of the event, the outcome of the event, and the identity of any individuals or subjects associated with the event.;Audit and Accountability (AU);;;aws;;FAIL;No CloudTrail trails have a data event to record all S3 object-level API operations.;arn:aws:cloudtrail:us-east-1:858573892697:trail;cloudtrail_s3_dataevents_write_enabled;False;858573892697;NIST-800-53-Revision-4;National Institute of Standards and Technology (NIST) 800-53 Revision 4;
aws;NIST 800-53 is a regulatory standard that defines the minimum baseline of security controls for all U.S. federal information systems except those related to national security. The controls defined in this standard are customizable and address a diverse set of security and privacy requirements.;858573892697;us-east-1;2026-09-13 17:57:11.149991;au_12;Audit events defined in AU-2. Allow trusted personnel to select which events to audit. Generate audit records for events.;Audit and Accountability (AU);;;aws;;FAIL;No CloudTrail trails have a data event to record all S3 object-level API operations.;arn:aws:cloudtrail:us-east-1:858573892697:trail;cloudtrail_s3_dataevents_write_enabled;False;858573892697;NIST-800-53-Revision-4;National Institute of Standards and Technology (NIST) 800-53 Revision 4;
aws;NIST 800-53 is a regulatory standard that defines the minimum baseline of security controls for all U.S. federal information systems except those related to national security. The controls defined in this standard are customizable and address a diverse set of security and privacy requirements.;858573892697;us-east-1;2026-09-13 17:57:11.149991;ac_2_4;The information system automatically audits account creation, modification, enabling, disabling, and removal actions, and notifies [Assignment: organization-defined personnel or roles].;Access Control (AC);Account Management (AC-2);;aws;;FAIL;No CloudWatch log groups found with metric filters or alarms associated.;arn:aws:logs:us-east-1:858573892697:log-group;cloudwatch_changes_to_network_acls_alarm_configured;False;858573892697;NIST-800-53-Revision-4;National Institute of Standards and Technology (NIST) 800-53 Revision 4;
aws;NIST 800-53 is a regulatory standard that defines the minimum baseline of security controls for all U.S. federal information systems except those related to national security. The controls defined in this standard are customizable and address a diverse set of security and privacy requirements.;858573892697;us-east-1;2026-09-13 17:57:11.149991;au_6_1;The organization employs automated mechanisms to integrate audit review, analysis,and reporting processes to support organizational processes for investigation and response to suspicious activities.;Audit and Accountability (AU);Audit Review, Analysis And Reporting (AU-6);;aws;;FAIL;No CloudWatch log groups found with metric filters or alarms associated.;arn:aws:logs:us-east-1:858573892697:log-group;cloudwatch_changes_to_network_acls_alarm_configured;False;858573892697;NIST-800-53-Revision-4;National Institute of Standards and Technology (NIST) 800-53 Revision 4;
aws;NIST 800-53 is a regulatory standard that defines the minimum baseline of security controls for all U.S. federal information systems except those related to national security. The controls defined in this standard are customizable and address a diverse set of security and privacy requirements.;858573892697;us-east-1;2026-09-13 17:57:11.149991;au_6_3;The organization analyzes and correlates audit records across different repositories to gain organization-wide situational awareness.;Audit and Accountability (AU);Audit Review, Analysis And Reporting (AU-6);;aws;;FAIL;No CloudWatch log groups found with metric filters or alarms associated.;arn:aws:logs:us-east-1:858573892697:log-group;cloudwatch_changes_to_network_acls_alarm_configured;False;858573892697;NIST-800-53-Revision-4;National Institute of Standards and Technology (NIST) 800-53 Revision 4;
aws;NIST 800-53 is a regulatory standard that defines the minimum baseline of security controls for all U.S. federal information systems except those related to national security. The controls defined in this standard are customizable and address a diverse set of security and privacy requirements.;858573892697;us-east-1;2026-09-13 17:57:11.149991;au_7_1;The information system provides the capability to process audit records for events of interest based on [Assignment: organization-defined audit fields within audit records].;Audit and Accountability (AU);;;aws;;FAIL;No CloudWatch log groups found with metric filters or alarms associated.;arn:aws:logs:us-east-1:858573892697:log-group;cloudwatch_changes_to_network_acls_alarm_configured;False;858573892697;NIST-800-53-Revision-4;National Institute of Standards and Technology (NIST) 800-53 Revision 4;
aws;NIST 800-53 is a regulatory standard that defines the minimum baseline of security controls for all U.S. federal information systems except those related to national security. The controls defined in this standard are customizable and address a diverse set of security and privacy requirements.;858573892697;us-east-1;2026-09-13 17:57:11.149991;ca_7;Continuously monitor configuration management processes. Determine security impact, environment and operational risks.;Security Assessment And Authorization (CA);;;aws;;FAIL;No CloudWatch log groups found with metric filters or alarms associated.;arn:aws:logs:us-east-1:858573892697:log-group;cloudwatch_changes_to_network_acls_alarm_configured;False;858573892697;NIST-800-53-Revision-4;National Institute of Standards and Technology (NIST) 800-53 Revision 4;
aws;NIST 800-53 is a regulatory standard that defines the minimum baseline of security controls for all U.S. federal information systems except those related to national security. The controls defined in this standard are customizable and address a diverse set of security and privacy requirements.;858573892697;us-east-1;2026-09-13 17:57:11.149991;ir_4_1;The organization employs automated mechanisms to support the incident handling process.;Incident Response (IR);Incident Handling (IR-4);;aws;;FAIL;No CloudWatch log groups found with metric filters or alarms associated.;arn:aws:logs:us-east-1:858573892697:log-group;cloudwatch_changes_to_network_acls_alarm_configured;False;858573892697;NIST-800-53-Revision-4;National Institute of Standards and Technology (NIST) 800-53 Revision 4;
aws;NIST 800-53 is a regulatory standard that defines the minimum baseline of security controls for all U.S. federal information systems except those related to national security. The controls defined in this standard are customizable and address a diverse set of security and privacy requirements.;858573892697;us-east-1;2026-09-13 17:57:11.149991;si_4_2;The organization employs automated tools to support near real-time analysis of events.;System and Information Integrity (SI);Information System Monitoring (SI-4);;aws;;FAIL;No CloudWatch log groups found with metric filters or alarms associated.;arn:aws:logs:us-east-1:858573892697:log-group;cloudwatch_changes_to_network_acls_alarm_configured;False;858573892697;NIST-800-53-Revision-4;National Institute of Standards and Technology (NIST) 800-53 Revision 4;
aws;NIST 800-53 is a regulatory standard that defines the minimum baseline of security controls for all U.S. federal information systems except those related to national security. The controls defined in this standard are customizable and address a diverse set of security and privacy requirements.;858573892697;us-east-1;2026-09-13 17:57:11.149991;si_4_4;The information system monitors inbound and outbound communications traffic continuously for unusual or unauthorized activities or conditions.;System and Information Integrity (SI);Information System Monitoring (SI-4);;aws;;FAIL;No CloudWatch log groups found with metric filters or alarms associated.;arn:aws:logs:us-east-1:858573892697:log-group;cloudwatch_changes_to_network_acls_alarm_configured;False;858573892697;NIST-800-53-Revision-4;National Institute of Standards and Technology (NIST) 800-53 Revision 4;
aws;NIST 800-53 is a regulatory standard that defines the minimum baseline of security controls for all U.S. federal information systems except those related to national security. The controls defined in this standard are customizable and address a diverse set of security and privacy requirements.;858573892697;us-east-1;2026-09-13 17:57:11.149991;si_4_5;The information system alerts organization-defined personnel or roles when the following indications of compromise or potential compromise occur: [Assignment: organization-defined compromise indicators].;System and Information Integrity (SI);Information System Monitoring (SI-4);;aws;;FAIL;No CloudWatch log groups found with metric filters or alarms associated.;arn:aws:logs:us-east-1:858573892697:log-group;cloudwatch_changes_to_network_acls_alarm_configured;False;858573892697;NIST-800-53-Revision-4;National Institute of Standards and Technology (NIST) 800-53 Revision 4;
aws;NIST 800-53 is a regulatory standard that defines the minimum baseline of security controls for all U.S. federal information systems except those related to national security. The controls defined in this standard are customizable and address a diverse set of security and privacy requirements.;858573892697;us-east-1;2026-09-13 17:57:11.149991;si_4;"The organization: a.Monitors the information system to detect: 1. Attacks and indicators of potential attacks in accordance with [Assignment: organization-defined monitoring objectives]; and 2.Unauthorized local, network, and remote connections; b. Identifies unauthorized use of the information system through [Assignment: organization-defined techniques and methods]; c. Deploys monitoring devices: 1. Strategically within the information system to collect organization-determined essential information; and 2. At ad hoc locations within the system to track specific types of transactions of interest to the organization; d. Protects information obtained from intrusion-monitoring tools from unauthorized access, modification, and deletion; e. Heightens the level of information system monitoring activity whenever there is an indication of increased risk to organizational operations and assets, individuals, other organizations, or the Nation based on law enforcement information, intelligence information, or other credible sources of information; f. Obtains legal opinion with regard to information system monitoring activities in accordance with applicable federal laws, Executive Orders, directives, policies, or regulations; and g. Provides [Assignment: organization-defined information system monitoring information] to [Assignment: organization-defined personnel or roles] [Selection (one or more): as needed; [Assignment: organization-defined frequency]].";System and Information Integrity (SI);;;aws;;FAIL;No CloudWatch log groups found with metric filters or alarms associated.;arn:aws:logs:us-east-1:858573892697:log-group;cloudwatch_changes_to_network_acls_alarm_configured;False;858573892697;NIST-800-53-Revision-4;National Institute of Standards and Technology (NIST) 800-53 Revision 4;
aws;NIST 800-53 is a regulatory standard that defines the minimum baseline of security controls for all U.S. federal information systems except those related to national security. The controls defined in this standard are customizable and address a diverse set of security and privacy requirements.;858573892697;us-east-1;2026-09-13 17:57:11.149991;ac_2_4;The information system automatically audits account creation, modification, enabling, disabling, and removal actions, and notifies [Assignment: organization-defined personnel or roles].;Access Control (AC);Account Management (AC-2);;aws;;FAIL;No CloudWatch log groups found with metric filters or alarms associated.;arn:aws:logs:us-east-1:858573892697:log-group;cloudwatch_changes_to_network_gateways_alarm_configured;False;858573892697;NIST-800-53-Revision-4;National Institute of Standards and Technology (NIST) 800-53 Revision 4;
aws;NIST 800-53 is a regulatory standard that defines the minimum baseline of security controls for all U.S. federal information systems except those related to national security. The controls defined in this standard are customizable and address a diverse set of security and privacy requirements.;858573892697;us-east-1;2026-09-13 17:57:11.149991;au_6_1;The organization employs automated mechanisms to integrate audit review, analysis,and reporting processes to support organizational processes for investigation and response to suspicious activities.;Audit and Accountability (AU);Audit Review, Analysis And Reporting (AU-6);;aws;;FAIL;No CloudWatch log groups found with metric filters or alarms associated.;arn:aws:logs:us-east-1:858573892697:log-group;cloudwatch_changes_to_network_gateways_alarm_configured;False;858573892697;NIST-800-53-Revision-4;National Institute of Standards and Technology (NIST) 800-53 Revision 4;
aws;NIST 800-53 is a regulatory standard that defines the minimum baseline of security controls for all U.S. federal information systems except those related to national security. The controls defined in this standard are customizable and address a diverse set of security and privacy requirements.;858573892697;us-east-1;2026-09-13 17:57:11.149991;au_6_3;The organization analyzes and correlates audit records across different repositories to gain organization-wide situational awareness.;Audit and Accountability (AU);Audit Review, Analysis And Reporting (AU-6);;aws;;FAIL;No CloudWatch log groups found with metric filters or alarms associated.;arn:aws:logs:us-east-1:858573892697:log-group;cloudwatch_changes_to_network_gateways_alarm_configured;False;858573892697;NIST-800-53-Revision-4;National Institute of Standards and Technology (NIST) 800-53 Revision 4;
aws;NIST 800-53 is a regulatory standard that defines the minimum baseline of security controls for all U.S. federal information systems except those related to national security. The controls defined in this standard are customizable and address a diverse set of security and privacy requirements.;858573892697;us-east-1;2026-09-13 17:57:11.149991;au_7_1;The information system provides the capability to process audit records for events of interest based on [Assignment: organization-defined audit fields within audit records].;Audit and Accountability (AU);;;aws;;FAIL;No CloudWatch log groups found with metric filters or alarms associated.;arn:aws:logs:us-east-1:858573892697:log-group;cloudwatch_changes_to_network_gateways_alarm_configured;False;858573892697;NIST-800-53-Revision-4;National Institute of Standards and Technology (NIST) 800-53 Revision 4;
aws;NIST 800-53 is a regulatory standard that defines the minimum baseline of security controls for all U.S. federal information systems except those related to national security. The controls defined in this standard are customizable and address a diverse set of security and privacy requirements.;858573892697;us-east-1;2026-09-13 17:57:11.149991;ca_7;Continuously monitor configuration management processes. Determine security impact, environment and operational risks.;Security Assessment And Authorization (CA);;;aws;;FAIL;No CloudWatch log groups found with metric filters or alarms associated.;arn:aws:logs:us-east-1:858573892697:log-group;cloudwatch_changes_to_network_gateways_alarm_configured;False;858573892697;NIST-800-53-Revision-4;National Institute of Standards and Technology (NIST) 800-53 Revision 4;
aws;NIST 800-53 is a regulatory standard that defines the minimum baseline of security controls for all U.S. federal information systems except those related to national security. The controls defined in this standard are customizable and address a diverse set of security and privacy requirements.;858573892697;us-east-1;2026-09-13 17:57:11.149991;ir_4_1;The organization employs automated mechanisms to support the incident handling process.;Incident Response (IR);Incident Handling (IR-4);;aws;;FAIL;No CloudWatch log groups found with metric filters or alarms associated.;arn:aws:logs:us-east-1:858573892697:log-group;cloudwatch_changes_to_network_gateways_alarm_configured;False;858573892697;NIST-800-53-Revision-4;National Institute of Standards and Technology (NIST) 800-53 Revision 4;
aws;NIST 800-53 is a regulatory standard that defines the minimum baseline of security controls for all U.S. federal information systems except those related to national security. The controls defined in this standard are customizable and address a diverse set of security and privacy requirements.;858573892697;us-east-1;2026-09-13 17:57:11.149991;si_4_2;The organization employs automated tools to support near real-time analysis of events.;System and Information Integrity (SI);Information System Monitoring (SI-4);;aws;;FAIL;No CloudWatch log groups found with metric filters or alarms associated.;arn:aws:logs:us-east-1:858573892697:log-group;cloudwatch_changes_to_network_gateways_alarm_configured;False;858573892697;NIST-800-53-Revision-4;National Institute of Standards and Technology (NIST) 800-53 Revision 4;
aws;NIST 800-53 is a regulatory standard that defines the minimum baseline of security controls for all U.S. federal information systems except those related to national security. The controls defined in this standard are customizable and address a diverse set of security and privacy requirements.;858573892697;us-east-1;2026-09-13 17:57:11.149991;si_4_4;The information system monitors inbound and outbound communications traffic continuously for unusual or unauthorized activities or conditions.;System and Information Integrity (SI);Information System Monitoring (SI-4);;aws;;FAIL;No CloudWatch log groups found with metric filters or alarms associated.;arn:aws:logs:us-east-1:858573892697:log-group;cloudwatch_changes_to_network_gateways_alarm_configured;False;858573892697;NIST-800-53-Revision-4;National Institute of Standards and Technology (NIST) 800-53 Revision 4;
aws;NIST 800-53 is a regulatory standard that defines the minimum baseline of security controls for all U.S. federal information systems except those related to national security. The controls defined in this standard are customizable and address a diverse set of security and privacy requirements.;858573892697;us-east-1;2026-09-13 17:57:11.149991;si_4_5;The information system alerts organization-defined personnel or roles when the following indications of compromise or potential compromise occur: [Assignment: organization-defined compromise indicators].;System and Information Integrity (SI);Information System Monitoring (SI-4);;aws;;FAIL;No CloudWatch log groups found with metric filters or alarms associated.;arn:aws:logs:us-east-1:858573892697:log-group;cloudwatch_changes_to_network_gateways_alarm_configured;False;858573892697;NIST-800-53-Revision-4;National Institute of Standards and Technology (NIST) 800-53 Revision 4;
aws;NIST 800-53 is a regulatory standard that defines the minimum baseline of security controls for all U.S. federal information systems except those related to national security. The controls defined in this standard are customizable and address a diverse set of security and privacy requirements.;858573892697;us-east-1;2026-09-13 17:57:11.149991;si_4;"The organization: a.Monitors the information system to detect: 1. Attacks and indicators of potential attacks in accordance with [Assignment: organization-defined monitoring objectives]; and 2.Unauthorized local, network, and remote connections; b. Identifies unauthorized use of the information system through [Assignment: organization-defined techniques and methods]; c. Deploys monitoring devices: 1. Strategically within the information system to collect organization-determined essential information; and 2. At ad hoc locations within the system to track specific types of transactions of interest to the organization; d. Protects information obtained from intrusion-monitoring tools from unauthorized access, modification, and deletion; e. Heightens the level of information system monitoring activity whenever there is an indication of increased risk to organizational operations and assets, individuals, other organizations, or the Nation based on law enforcement information, intelligence information, or other credible sources of information; f. Obtains legal opinion with regard to information system monitoring activities in accordance with applicable federal laws, Executive Orders, directives, policies, or regulations; and g. Provides [Assignment: organization-defined information system monitoring information] to [Assignment: organization-defined personnel or roles] [Selection (one or more): as needed; [Assignment: organization-defined frequency]].";System and Information Integrity (SI);;;aws;;FAIL;No CloudWatch log groups found with metric filters or alarms associated.;arn:aws:logs:us-east-1:858573892697:log-group;cloudwatch_changes_to_network_gateways_alarm_configured;False;858573892697;NIST-800-53-Revision-4;National Institute of Standards and Technology (NIST) 800-53 Revision 4;
aws;NIST 800-53 is a regulatory standard that defines the minimum baseline of security controls for all U.S. federal information systems except those related to national security. The controls defined in this standard are customizable and address a diverse set of security and privacy requirements.;858573892697;us-east-1;2026-09-13 17:57:11.149991;ac_2_4;The information system automatically audits account creation, modification, enabling, disabling, and removal actions, and notifies [Assignment: organization-defined personnel or roles].;Access Control (AC);Account Management (AC-2);;aws;;FAIL;No CloudWatch log groups found with metric filters or alarms associated.;arn:aws:logs:us-east-1:858573892697:log-group;cloudwatch_changes_to_network_route_tables_alarm_configured;False;858573892697;NIST-800-53-Revision-4;National Institute of Standards and Technology (NIST) 800-53 Revision 4;
aws;NIST 800-53 is a regulatory standard that defines the minimum baseline of security controls for all U.S. federal information systems except those related to national security. The controls defined in this standard are customizable and address a diverse set of security and privacy requirements.;858573892697;us-east-1;2026-09-13 17:57:11.149991;au_6_1;The organization employs automated mechanisms to integrate audit review, analysis,and reporting processes to support organizational processes for investigation and response to suspicious activities.;Audit and Accountability (AU);Audit Review, Analysis And Reporting (AU-6);;aws;;FAIL;No CloudWatch log groups found with metric filters or alarms associated.;arn:aws:logs:us-east-1:858573892697:log-group;cloudwatch_changes_to_network_route_tables_alarm_configured;False;858573892697;NIST-800-53-Revision-4;National Institute of Standards and Technology (NIST) 800-53 Revision 4;
aws;NIST 800-53 is a regulatory standard that defines the minimum baseline of security controls for all U.S. federal information systems except those related to national security. The controls defined in this standard are customizable and address a diverse set of security and privacy requirements.;858573892697;us-east-1;2026-09-13 17:57:11.149991;au_6_3;The organization analyzes and correlates audit records across different repositories to gain organization-wide situational awareness.;Audit and Accountability (AU);Audit Review, Analysis And Reporting (AU-6);;aws;;FAIL;No CloudWatch log groups found with metric filters or alarms associated.;arn:aws:logs:us-east-1:858573892697:log-group;cloudwatch_changes_to_network_route_tables_alarm_configured;False;858573892697;NIST-800-53-Revision-4;National Institute of Standards and Technology (NIST) 800-53 Revision 4;
aws;NIST 800-53 is a regulatory standard that defines the minimum baseline of security controls for all U.S. federal information systems except those related to national security. The controls defined in this standard are customizable and address a diverse set of security and privacy requirements.;858573892697;us-east-1;2026-09-13 17:57:11.149991;au_7_1;The information system provides the capability to process audit records for events of interest based on [Assignment: organization-defined audit fields within audit records].;Audit and Accountability (AU);;;aws;;FAIL;No CloudWatch log groups found with metric filters or alarms associated.;arn:aws:logs:us-east-1:858573892697:log-group;cloudwatch_changes_to_network_route_tables_alarm_configured;False;858573892697;NIST-800-53-Revision-4;National Institute of Standards and Technology (NIST) 800-53 Revision 4;
aws;NIST 800-53 is a regulatory standard that defines the minimum baseline of security controls for all U.S. federal information systems except those related to national security. The controls defined in this standard are customizable and address a diverse set of security and privacy requirements.;858573892697;us-east-1;2026-09-13 17:57:11.149991;ca_7;Continuously monitor configuration management processes. Determine security impact, environment and operational risks.;Security Assessment And Authorization (CA);;;aws;;FAIL;No CloudWatch log groups found with metric filters or alarms associated.;arn:aws:logs:us-east-1:858573892697:log-group;cloudwatch_changes_to_network_route_tables_alarm_configured;False;858573892697;NIST-800-53-Revision-4;National Institute of Standards and Technology (NIST) 800-53 Revision 4;
aws;NIST 800-53 is a regulatory standard that defines the minimum baseline of security controls for all U.S. federal information systems except those related to national security. The controls defined in this standard are customizable and address a diverse set of security and privacy requirements.;858573892697;us-east-1;2026-09-13 17:57:11.149991;ir_4_1;The organization employs automated mechanisms to support the incident handling process.;Incident Response (IR);Incident Handling (IR-4);;aws;;FAIL;No CloudWatch log groups found with metric filters or alarms associated.;arn:aws:logs:us-east-1:858573892697:log-group;cloudwatch_changes_to_network_route_tables_alarm_configured;False;858573892697;NIST-800-53-Revision-4;National Institute of Standards and Technology (NIST) 800-53 Revision 4;
aws;NIST 800-53 is a regulatory standard that defines the minimum baseline of security controls for all U.S. federal information systems except those related to national security. The controls defined in this standard are customizable and address a diverse set of security and privacy requirements.;858573892697;us-east-1;2026-09-13 17:57:11.149991;si_4_2;The organization employs automated tools to support near real-time analysis of events.;System and Information Integrity (SI);Information System Monitoring (SI-4);;aws;;FAIL;No CloudWatch log groups found with metric filters or alarms associated.;arn:aws:logs:us-east-1:858573892697:log-group;cloudwatch_changes_to_network_route_tables_alarm_configured;False;858573892697;NIST-800-53-Revision-4;National Institute of Standards and Technology (NIST) 800-53 Revision 4;
aws;NIST 800-53 is a regulatory standard that defines the minimum baseline of security controls for all U.S. federal information systems except those related to national security. The controls defined in this standard are customizable and address a diverse set of security and privacy requirements.;858573892697;us-east-1;2026-09-13 17:57:11.149991;si_4_4;The information system monitors inbound and outbound communications traffic continuously for unusual or unauthorized activities or conditions.;System and Information Integrity (SI);Information System Monitoring (SI-4);;aws;;FAIL;No CloudWatch log groups found with metric filters or alarms associated.;arn:aws:logs:us-east-1:858573892697:log-group;cloudwatch_changes_to_network_route_tables_alarm_configured;False;858573892697;NIST-800-53-Revision-4;National Institute of Standards and Technology (NIST) 800-53 Revision 4;
aws;NIST 800-53 is a regulatory standard that defines the minimum baseline of security controls for all U.S. federal information systems except those related to national security. The controls defined in this standard are customizable and address a diverse set of security and privacy requirements.;858573892697;us-east-1;2026-09-13 17:57:11.149991;si_4_5;The information system alerts organization-defined personnel or roles when the following indications of compromise or potential compromise occur: [Assignment: organization-defined compromise indicators].;System and Information Integrity (SI);Information System Monitoring (SI-4);;aws;;FAIL;No CloudWatch log groups found with metric filters or alarms associated.;arn:aws:logs:us-east-1:858573892697:log-group;cloudwatch_changes_to_network_route_tables_alarm_configured;False;858573892697;NIST-800-53-Revision-4;National Institute of Standards and Technology (NIST) 800-53 Revision 4;
aws;NIST 800-53 is a regulatory standard that defines the minimum baseline of security controls for all U.S. federal information systems except those related to national security. The controls defined in this standard are customizable and address a diverse set of security and privacy requirements.;858573892697;us-east-1;2026-09-13 17:57:11.149991;si_4;"The organization: a.Monitors the information system to detect: 1. Attacks and indicators of potential attacks in accordance with [Assignment: organization-defined monitoring objectives]; and 2.Unauthorized local, network, and remote connections; b. Identifies unauthorized use of the information system through [Assignment: organization-defined techniques and methods]; c. Deploys monitoring devices: 1. Strategically within the information system to collect organization-determined essential information; and 2. At ad hoc locations within the system to track specific types of transactions of interest to the organization; d. Protects information obtained from intrusion-monitoring tools from unauthorized access, modification, and deletion; e. Heightens the level of information system monitoring activity whenever there is an indication of increased risk to organizational operations and assets, individuals, other organizations, or the Nation based on law enforcement information, intelligence information, or other credible sources of information; f. Obtains legal opinion with regard to information system monitoring activities in accordance with applicable federal laws, Executive Orders, directives, policies, or regulations; and g. Provides [Assignment: organization-defined information system monitoring information] to [Assignment: organization-defined personnel or roles] [Selection (one or more): as needed; [Assignment: organization-defined frequency]].";System and Information Integrity (SI);;;aws;;FAIL;No CloudWatch log groups found with metric filters or alarms associated.;arn:aws:logs:us-east-1:858573892697:log-group;cloudwatch_changes_to_network_route_tables_alarm_configured;False;858573892697;NIST-800-53-Revision-4;National Institute of Standards and Technology (NIST) 800-53 Revision 4;
aws;NIST 800-53 is a regulatory standard that defines the minimum baseline of security controls for all U.S. federal information systems except those related to national security. The controls defined in this standard are customizable and address a diverse set of security and privacy requirements.;858573892697;us-east-1;2026-09-13 17:57:11.149991;ac_2_4;The information system automatically audits account creation, modification, enabling, disabling, and removal actions, and notifies [Assignment: organization-defined personnel or roles].;Access Control (AC);Account Management (AC-2);;aws;;FAIL;No CloudWatch log groups found with metric filters or alarms associated.;arn:aws:logs:us-east-1:858573892697:log-group;cloudwatch_changes_to_vpcs_alarm_configured;False;858573892697;NIST-800-53-Revision-4;National Institute of Standards and Technology (NIST) 800-53 Revision 4;
aws;NIST 800-53 is a regulatory standard that defines the minimum baseline of security controls for all U.S. federal information systems except those related to national security. The controls defined in this standard are customizable and address a diverse set of security and privacy requirements.;858573892697;us-east-1;2026-09-13 17:57:11.149991;au_6_1;The organization employs automated mechanisms to integrate audit review, analysis,and reporting processes to support organizational processes for investigation and response to suspicious activities.;Audit and Accountability (AU);Audit Review, Analysis And Reporting (AU-6);;aws;;FAIL;No CloudWatch log groups found with metric filters or alarms associated.;arn:aws:logs:us-east-1:858573892697:log-group;cloudwatch_changes_to_vpcs_alarm_configured;False;858573892697;NIST-800-53-Revision-4;National Institute of Standards and Technology (NIST) 800-53 Revision 4;
aws;NIST 800-53 is a regulatory standard that defines the minimum baseline of security controls for all U.S. federal information systems except those related to national security. The controls defined in this standard are customizable and address a diverse set of security and privacy requirements.;858573892697;us-east-1;2026-09-13 17:57:11.149991;au_6_3;The organization analyzes and correlates audit records across different repositories to gain organization-wide situational awareness.;Audit and Accountability (AU);Audit Review, Analysis And Reporting (AU-6);;aws;;FAIL;No CloudWatch log groups found with metric filters or alarms associated.;arn:aws:logs:us-east-1:858573892697:log-group;cloudwatch_changes_to_vpcs_alarm_configured;False;858573892697;NIST-800-53-Revision-4;National Institute of Standards and Technology (NIST) 800-53 Revision 4;
aws;NIST 800-53 is a regulatory standard that defines the minimum baseline of security controls for all U.S. federal information systems except those related to national security. The controls defined in this standard are customizable and address a diverse set of security and privacy requirements.;858573892697;us-east-1;2026-09-13 17:57:11.149991;au_7_1;The information system provides the capability to process audit records for events of interest based on [Assignment: organization-defined audit fields within audit records].;Audit and Accountability (AU);;;aws;;FAIL;No CloudWatch log groups found with metric filters or alarms associated.;arn:aws:logs:us-east-1:858573892697:log-group;cloudwatch_changes_to_vpcs_alarm_configured;False;858573892697;NIST-800-53-Revision-4;National Institute of Standards and Technology (NIST) 800-53 Revision 4;
aws;NIST 800-53 is a regulatory standard that defines the minimum baseline of security controls for all U.S. federal information systems except those related to national security. The controls defined in this standard are customizable and address a diverse set of security and privacy requirements.;858573892697;us-east-1;2026-09-13 17:57:11.149991;ca_7;Continuously monitor configuration management processes. Determine security impact, environment and operational risks.;Security Assessment And Authorization (CA);;;aws;;FAIL;No CloudWatch log groups found with metric filters or alarms associated.;arn:aws:logs:us-east-1:858573892697:log-group;cloudwatch_changes_to_vpcs_alarm_configured;False;858573892697;NIST-800-53-Revision-4;National Institute of Standards and Technology (NIST) 800-53 Revision 4;
aws;NIST 800-53 is a regulatory standard that defines the minimum baseline of security controls for all U.S. federal information systems except those related to national security. The controls defined in this standard are customizable and address a diverse set of security and privacy requirements.;858573892697;us-east-1;2026-09-13 17:57:11.149991;ir_4_1;The organization employs automated mechanisms to support the incident handling process.;Incident Response (IR);Incident Handling (IR-4);;aws;;FAIL;No CloudWatch log groups found with metric filters or alarms associated.;arn:aws:logs:us-east-1:858573892697:log-group;cloudwatch_changes_to_vpcs_alarm_configured;False;858573892697;NIST-800-53-Revision-4;National Institute of Standards and Technology (NIST) 800-53 Revision 4;
aws;NIST 800-53 is a regulatory standard that defines the minimum baseline of security controls for all U.S. federal information systems except those related to national security. The controls defined in this standard are customizable and address a diverse set of security and privacy requirements.;858573892697;us-east-1;2026-09-13 17:57:11.149991;si_4_2;The organization employs automated tools to support near real-time analysis of events.;System and Information Integrity (SI);Information System Monitoring (SI-4);;aws;;FAIL;No CloudWatch log groups found with metric filters or alarms associated.;arn:aws:logs:us-east-1:858573892697:log-group;cloudwatch_changes_to_vpcs_alarm_configured;False;858573892697;NIST-800-53-Revision-4;National Institute of Standards and Technology (NIST) 800-53 Revision 4;
aws;NIST 800-53 is a regulatory standard that defines the minimum baseline of security controls for all U.S. federal information systems except those related to national security. The controls defined in this standard are customizable and address a diverse set of security and privacy requirements.;858573892697;us-east-1;2026-09-13 17:57:11.149991;si_4_4;The information system monitors inbound and outbound communications traffic continuously for unusual or unauthorized activities or conditions.;System and Information Integrity (SI);Information System Monitoring (SI-4);;aws;;FAIL;No CloudWatch log groups found with metric filters or alarms associated.;arn:aws:logs:us-east-1:858573892697:log-group;cloudwatch_changes_to_vpcs_alarm_configured;False;858573892697;NIST-800-53-Revision-4;National Institute of Standards and Technology (NIST) 800-53 Revision 4;
aws;NIST 800-53 is a regulatory standard that defines the minimum baseline of security controls for all U.S. federal information systems except those related to national security. The controls defined in this standard are customizable and address a diverse set of security and privacy requirements.;858573892697;us-east-1;2026-09-13 17:57:11.149991;si_4_5;The information system alerts organization-defined personnel or roles when the following indications of compromise or potential compromise occur: [Assignment: organization-defined compromise indicators].;System and Information Integrity (SI);Information System Monitoring (SI-4);;aws;;FAIL;No CloudWatch log groups found with metric filters or alarms associated.;arn:aws:logs:us-east-1:858573892697:log-group;cloudwatch_changes_to_vpcs_alarm_configured;False;858573892697;NIST-800-53-Revision-4;National Institute of Standards and Technology (NIST) 800-53 Revision 4;
aws;NIST 800-53 is a regulatory standard that defines the minimum baseline of security controls for all U.S. federal information systems except those related to national security. The controls defined in this standard are customizable and address a diverse set of security and privacy requirements.;858573892697;us-east-1;2026-09-13 17:57:11.149991;si_4;"The organization: a.Monitors the information system to detect: 1. Attacks and indicators of potential attacks in accordance with [Assignment: organization-defined monitoring objectives]; and 2.Unauthorized local, network, and remote connections; b. Identifies unauthorized use of the information system through [Assignment: organization-defined techniques and methods]; c. Deploys monitoring devices: 1. Strategically within the information system to collect organization-determined essential information; and 2. At ad hoc locations within the system to track specific types of transactions of interest to the organization; d. Protects information obtained from intrusion-monitoring tools from unauthorized access, modification, and deletion; e. Heightens the level of information system monitoring activity whenever there is an indication of increased risk to organizational operations and assets, individuals, other organizations, or the Nation based on law enforcement information, intelligence information, or other credible sources of information; f. Obtains legal opinion with regard to information system monitoring activities in accordance with applicable federal laws, Executive Orders, directives, policies, or regulations; and g. Provides [Assignment: organization-defined information system monitoring information] to [Assignment: organization-defined personnel or roles] [Selection (one or more): as needed; [Assignment: organization-defined frequency]].";System and Information Integrity (SI);;;aws;;FAIL;No CloudWatch log groups found with metric filters or alarms associated.;arn:aws:logs:us-east-1:858573892697:log-group;cloudwatch_changes_to_vpcs_alarm_configured;False;858573892697;NIST-800-53-Revision-4;National Institute of Standards and Technology (NIST) 800-53 Revision 4;
aws;NIST 800-53 is a regulatory standard that defines the minimum baseline of security controls for all U.S. federal information systems except those related to national security. The controls defined in this standard are customizable and address a diverse set of security and privacy requirements.;858573892697;us-east-1;2026-09-13 17:57:11.149991;sc_28;"The information system protects the [Selection (one or more): confidentiality; integrity] of [Assignment: organization-defined information at rest].";System and Communications Protection (SC);;;aws;;FAIL;EBS Default Encryption is not activated.;arn:aws:ec2:us-east-1:858573892697:volume;ec2_ebs_default_encryption;False;858573892697;NIST-800-53-Revision-4;National Institute of Standards and Technology (NIST) 800-53 Revision 4;
aws;NIST 800-53 is a regulatory standard that defines the minimum baseline of security controls for all U.S. federal information systems except those related to national security. The controls defined in this standard are customizable and address a diverse set of security and privacy requirements.;858573892697;us-east-1;2026-09-13 17:57:11.149991;sc_28;"The information system protects the [Selection (one or more): confidentiality; integrity] of [Assignment: organization-defined information at rest].";System and Communications Protection (SC);;;aws;;FAIL;EBS Snapshot vol-0eb1883546aae7c2c is unencrypted.;arn:aws:ec2:us-east-1:858573892697:volume/vol-0eb1883546aae7c2c;ec2_ebs_volume_encryption;False;vol-0eb1883546aae7c2c;NIST-800-53-Revision-4;National Institute of Standards and Technology (NIST) 800-53 Revision 4;
aws;NIST 800-53 is a regulatory standard that defines the minimum baseline of security controls for all U.S. federal information systems except those related to national security. The controls defined in this standard are customizable and address a diverse set of security and privacy requirements.;858573892697;us-east-1;2026-09-13 17:57:11.149991;ac_6;The organization employs the principle of least privilege, allowing only authorized accesses for users (or processes acting on behalf of users) which are necessary to accomplish assigned tasks in accordance with organizational missions and business functions.;Access Control (AC);;;aws;;PASS;EC2 Instance i-09f50c4dba74b8608 has IMDSv2 enabled and required.;arn:aws:ec2:us-east-1:858573892697:instance/i-09f50c4dba74b8608;ec2_instance_imdsv2_enabled;False;i-09f50c4dba74b8608;NIST-800-53-Revision-4;National Institute of Standards and Technology (NIST) 800-53 Revision 4;
aws;NIST 800-53 is a regulatory standard that defines the minimum baseline of security controls for all U.S. federal information systems except those related to national security. The controls defined in this standard are customizable and address a diverse set of security and privacy requirements.;858573892697;us-east-1;2026-09-13 17:57:11.149991;ca_7;Continuously monitor configuration management processes. Determine security impact, environment and operational risks.;Security Assessment And Authorization (CA);;;aws;;PASS;EC2 Instance i-09f50c4dba74b8608 has IMDSv2 enabled and required.;arn:aws:ec2:us-east-1:858573892697:instance/i-09f50c4dba74b8608;ec2_instance_imdsv2_enabled;False;i-09f50c4dba74b8608;NIST-800-53-Revision-4;National Institute of Standards and Technology (NIST) 800-53 Revision 4;
aws;NIST 800-53 is a regulatory standard that defines the minimum baseline of security controls for all U.S. federal information systems except those related to national security. The controls defined in this standard are customizable and address a diverse set of security and privacy requirements.;858573892697;us-east-1;2026-09-13 17:57:11.149991;si_4_2;The organization employs automated tools to support near real-time analysis of events.;System and Information Integrity (SI);Information System Monitoring (SI-4);;aws;;PASS;EC2 Instance i-09f50c4dba74b8608 has IMDSv2 enabled and required.;arn:aws:ec2:us-east-1:858573892697:instance/i-09f50c4dba74b8608;ec2_instance_imdsv2_enabled;False;i-09f50c4dba74b8608;NIST-800-53-Revision-4;National Institute of Standards and Technology (NIST) 800-53 Revision 4;
aws;NIST 800-53 is a regulatory standard that defines the minimum baseline of security controls for all U.S. federal information systems except those related to national security. The controls defined in this standard are customizable and address a diverse set of security and privacy requirements.;858573892697;us-east-1;2026-09-13 17:57:11.149991;si_4;"The organization: a.Monitors the information system to detect: 1. Attacks and indicators of potential attacks in accordance with [Assignment: organization-defined monitoring objectives]; and 2.Unauthorized local, network, and remote connections; b. Identifies unauthorized use of the information system through [Assignment: organization-defined techniques and methods]; c. Deploys monitoring devices: 1. Strategically within the information system to collect organization-determined essential information; and 2. At ad hoc locations within the system to track specific types of transactions of interest to the organization; d. Protects information obtained from intrusion-monitoring tools from unauthorized access, modification, and deletion; e. Heightens the level of information system monitoring activity whenever there is an indication of increased risk to organizational operations and assets, individuals, other organizations, or the Nation based on law enforcement information, intelligence information, or other credible sources of information; f. Obtains legal opinion with regard to information system monitoring activities in accordance with applicable federal laws, Executive Orders, directives, policies, or regulations; and g. Provides [Assignment: organization-defined information system monitoring information] to [Assignment: organization-defined personnel or roles] [Selection (one or more): as needed; [Assignment: organization-defined frequency]].";System and Information Integrity (SI);;;aws;;PASS;EC2 Instance i-09f50c4dba74b8608 has IMDSv2 enabled and required.;arn:aws:ec2:us-east-1:858573892697:instance/i-09f50c4dba74b8608;ec2_instance_imdsv2_enabled;False;i-09f50c4dba74b8608;NIST-800-53-Revision-4;National Institute of Standards and Technology (NIST) 800-53 Revision 4;
aws;NIST 800-53 is a regulatory standard that defines the minimum baseline of security controls for all U.S. federal information systems except those related to national security. The controls defined in this standard are customizable and address a diverse set of security and privacy requirements.;858573892697;us-east-1;2026-09-13 17:57:11.149991;cm_2;The organization develops, documents, and maintains under configuration control, a current baseline configuration of the information system.;Configuration Management (CM);;;aws;;FAIL;EC2 Instance i-09f50c4dba74b8608 is not managed by Systems Manager.;arn:aws:ec2:us-east-1:858573892697:instance/i-09f50c4dba74b8608;ec2_instance_managed_by_ssm;False;i-09f50c4dba74b8608;NIST-800-53-Revision-4;National Institute of Standards and Technology (NIST) 800-53 Revision 4;
aws;NIST 800-53 is a regulatory standard that defines the minimum baseline of security controls for all U.S. federal information systems except those related to national security. The controls defined in this standard are customizable and address a diverse set of security and privacy requirements.;858573892697;us-east-1;2026-09-13 17:57:11.149991;cm_7;The organization configures the information system to provide only essential capabilities and prohibits or restricts the use of the functions, ports, protocols, and/or services.;Configuration Management (CM);;;aws;;FAIL;EC2 Instance i-09f50c4dba74b8608 is not managed by Systems Manager.;arn:aws:ec2:us-east-1:858573892697:instance/i-09f50c4dba74b8608;ec2_instance_managed_by_ssm;False;i-09f50c4dba74b8608;NIST-800-53-Revision-4;National Institute of Standards and Technology (NIST) 800-53 Revision 4;
aws;NIST 800-53 is a regulatory standard that defines the minimum baseline of security controls for all U.S. federal information systems except those related to national security. The controls defined in this standard are customizable and address a diverse set of security and privacy requirements.;858573892697;us-east-1;2026-09-13 17:57:11.149991;cm_8_1;The organization develops and documents an inventory of information system components that accurately reflects the current information system, includes all components within the authorization boundary of the information system, is at the level of granularity deemed necessary for tracking and reporting and reviews and updates the information system component inventory.;Configuration Management (CM);Information System Component Inventory (CM-8);;ec2;;FAIL;EC2 Instance i-09f50c4dba74b8608 is not managed by Systems Manager.;arn:aws:ec2:us-east-1:858573892697:instance/i-09f50c4dba74b8608;ec2_instance_managed_by_ssm;False;i-09f50c4dba74b8608;NIST-800-53-Revision-4;National Institute of Standards and Technology (NIST) 800-53 Revision 4;
aws;NIST 800-53 is a regulatory standard that defines the minimum baseline of security controls for all U.S. federal information systems except those related to national security. The controls defined in this standard are customizable and address a diverse set of security and privacy requirements.;858573892697;us-east-1;2026-09-13 17:57:11.149991;cm_8_3;The organization employs automated mechanisms to detect the presence of unauthorized hardware, software, and firmware components within the information system and takes actions (disables network access by such components, isolates the components etc) when unauthorized components are detected.;Configuration Management (CM);Information System Component Inventory (CM-8);;aws;;FAIL;EC2 Instance i-09f50c4dba74b8608 is not managed by Systems Manager.;arn:aws:ec2:us-east-1:858573892697:instance/i-09f50c4dba74b8608;ec2_instance_managed_by_ssm;False;i-09f50c4dba74b8608;NIST-800-53-Revision-4;National Institute of Standards and Technology (NIST) 800-53 Revision 4;
aws;NIST 800-53 is a regulatory standard that defines the minimum baseline of security controls for all U.S. federal information systems except those related to national security. The controls defined in this standard are customizable and address a diverse set of security and privacy requirements.;858573892697;us-east-1;2026-09-13 17:57:11.149991;sa_3;The organization manages the information system using organization-defined system development life cycle, defines and documents information security roles and responsibilities throughout the system development life cycle, identifies individuals having information security roles and responsibilities and integrates the organizational information security risk management process into system development life cycle activities.;System and Services Acquisition (SA);;;aws;;FAIL;EC2 Instance i-09f50c4dba74b8608 is not managed by Systems Manager.;arn:aws:ec2:us-east-1:858573892697:instance/i-09f50c4dba74b8608;ec2_instance_managed_by_ssm;False;i-09f50c4dba74b8608;NIST-800-53-Revision-4;National Institute of Standards and Technology (NIST) 800-53 Revision 4;
aws;NIST 800-53 is a regulatory standard that defines the minimum baseline of security controls for all U.S. federal information systems except those related to national security. The controls defined in this standard are customizable and address a diverse set of security and privacy requirements.;858573892697;us-east-1;2026-09-13 17:57:11.149991;sa_10;"The organization requires the developer of the information system, system component, or information system service to: a. Perform configuration management during system, component, or service [Selection (one or more): design; development; implementation; operation]; b. Document, manage, and control the integrity of changes to [Assignment: organization-defined configuration items under configuration management]; c. Implement only organization-approved changes to the system, component, or service; d. Document approved changes to the system, component, or service and the potential security impacts of such changes; and e. Track security flaws and flaw resolution within the system, component, or service and report findings to [Assignment: organization-defined personnel].";System and Services Acquisition (SA);;;aws;;FAIL;EC2 Instance i-09f50c4dba74b8608 is not managed by Systems Manager.;arn:aws:ec2:us-east-1:858573892697:instance/i-09f50c4dba74b8608;ec2_instance_managed_by_ssm;False;i-09f50c4dba74b8608;NIST-800-53-Revision-4;National Institute of Standards and Technology (NIST) 800-53 Revision 4;
aws;NIST 800-53 is a regulatory standard that defines the minimum baseline of security controls for all U.S. federal information systems except those related to national security. The controls defined in this standard are customizable and address a diverse set of security and privacy requirements.;858573892697;us-east-1;2026-09-13 17:57:11.149991;si_2_2;The organization employs automated mechanisms to determine the state of information system components with regard to flaw remediation.;System and Information Integrity (SI);Flaw Remediation (SI-2);;aws;;FAIL;EC2 Instance i-09f50c4dba74b8608 is not managed by Systems Manager.;arn:aws:ec2:us-east-1:858573892697:instance/i-09f50c4dba74b8608;ec2_instance_managed_by_ssm;False;i-09f50c4dba74b8608;NIST-800-53-Revision-4;National Institute of Standards and Technology (NIST) 800-53 Revision 4;
aws;NIST 800-53 is a regulatory standard that defines the minimum baseline of security controls for all U.S. federal information systems except those related to national security. The controls defined in this standard are customizable and address a diverse set of security and privacy requirements.;858573892697;us-east-1;2026-09-13 17:57:11.149991;si_7_1;The information system performs an integrity check of security relevant events at least monthly.;System and Information Integrity (SI);Software, Firmware, and Information Integrity (SI-7);;aws;;FAIL;EC2 Instance i-09f50c4dba74b8608 is not managed by Systems Manager.;arn:aws:ec2:us-east-1:858573892697:instance/i-09f50c4dba74b8608;ec2_instance_managed_by_ssm;False;i-09f50c4dba74b8608;NIST-800-53-Revision-4;National Institute of Standards and Technology (NIST) 800-53 Revision 4;
aws;NIST 800-53 is a regulatory standard that defines the minimum baseline of security controls for all U.S. federal information systems except those related to national security. The controls defined in this standard are customizable and address a diverse set of security and privacy requirements.;858573892697;us-east-1;2026-09-13 17:57:11.149991;cm_2;The organization develops, documents, and maintains under configuration control, a current baseline configuration of the information system.;Configuration Management (CM);;;aws;;PASS;EC2 Instance i-09f50c4dba74b8608 is not older than 180 days (1 days).;arn:aws:ec2:us-east-1:858573892697:instance/i-09f50c4dba74b8608;ec2_instance_older_than_specific_days;False;i-09f50c4dba74b8608;NIST-800-53-Revision-4;National Institute of Standards and Technology (NIST) 800-53 Revision 4;
aws;NIST 800-53 is a regulatory standard that defines the minimum baseline of security controls for all U.S. federal information systems except those related to national security. The controls defined in this standard are customizable and address a diverse set of security and privacy requirements.;858573892697;us-east-1;2026-09-13 17:57:11.149991;ac_4;The information system enforces approved authorizations for controlling the flow of information within the system and between interconnected systems based on organization-defined information flow control policies.;Access Control (AC);;;aws;;FAIL;EC2 Instance i-09f50c4dba74b8608 has a Public IP: 184.193.35.205 (ec2-184-193-35-205.compute-1.amazonaws.com).;arn:aws:ec2:us-east-1:858573892697:instance/i-09f50c4dba74b8608;ec2_instance_public_ip;False;i-09f50c4dba74b8608;NIST-800-53-Revision-4;National Institute of Standards and Technology (NIST) 800-53 Revision 4;
aws;NIST 800-53 is a regulatory standard that defines the minimum baseline of security controls for all U.S. federal information systems except those related to national security. The controls defined in this standard are customizable and address a diverse set of security and privacy requirements.;858573892697;us-east-1;2026-09-13 17:57:11.149991;ac_6;The organization employs the principle of least privilege, allowing only authorized accesses for users (or processes acting on behalf of users) which are necessary to accomplish assigned tasks in accordance with organizational missions and business functions.;Access Control (AC);;;aws;;FAIL;EC2 Instance i-09f50c4dba74b8608 has a Public IP: 184.193.35.205 (ec2-184-193-35-205.compute-1.amazonaws.com).;arn:aws:ec2:us-east-1:858573892697:instance/i-09f50c4dba74b8608;ec2_instance_public_ip;False;i-09f50c4dba74b8608;NIST-800-53-Revision-4;National Institute of Standards and Technology (NIST) 800-53 Revision 4;
aws;NIST 800-53 is a regulatory standard that defines the minimum baseline of security controls for all U.S. federal information systems except those related to national security. The controls defined in this standard are customizable and address a diverse set of security and privacy requirements.;858573892697;us-east-1;2026-09-13 17:57:11.149991;ac_21;Facilitate information sharing. Enable authorized users to grant access to partners.;Access Control (AC);;;aws;;FAIL;EC2 Instance i-09f50c4dba74b8608 has a Public IP: 184.193.35.205 (ec2-184-193-35-205.compute-1.amazonaws.com).;arn:aws:ec2:us-east-1:858573892697:instance/i-09f50c4dba74b8608;ec2_instance_public_ip;False;i-09f50c4dba74b8608;NIST-800-53-Revision-4;National Institute of Standards and Technology (NIST) 800-53 Revision 4;
aws;NIST 800-53 is a regulatory standard that defines the minimum baseline of security controls for all U.S. federal information systems except those related to national security. The controls defined in this standard are customizable and address a diverse set of security and privacy requirements.;858573892697;us-east-1;2026-09-13 17:57:11.149991;sc_7_3;The organization limits the number of external network connections to the information system.;System and Communications Protection (SC);Boundary Protection (SC-7);;aws;;FAIL;EC2 Instance i-09f50c4dba74b8608 has a Public IP: 184.193.35.205 (ec2-184-193-35-205.compute-1.amazonaws.com).;arn:aws:ec2:us-east-1:858573892697:instance/i-09f50c4dba74b8608;ec2_instance_public_ip;False;i-09f50c4dba74b8608;NIST-800-53-Revision-4;National Institute of Standards and Technology (NIST) 800-53 Revision 4;
aws;NIST 800-53 is a regulatory standard that defines the minimum baseline of security controls for all U.S. federal information systems except those related to national security. The controls defined in this standard are customizable and address a diverse set of security and privacy requirements.;858573892697;us-east-1;2026-09-13 17:57:11.149991;sc_7;"The information system: a. Monitors and controls communications at the external boundary of the system and at key internal boundaries within the system; b. Implements subnetworks for publicly accessible system components that are [Selection: physically; logically] separated from internal organizational networks; and c. Connects to external networks or information systems only through managed interfaces consisting of boundary protection devices arranged in accordance with an organizational security architecture.";System and Communications Protection (SC);;;aws;;FAIL;EC2 Instance i-09f50c4dba74b8608 has a Public IP: 184.193.35.205 (ec2-184-193-35-205.compute-1.amazonaws.com).;arn:aws:ec2:us-east-1:858573892697:instance/i-09f50c4dba74b8608;ec2_instance_public_ip;False;i-09f50c4dba74b8608;NIST-800-53-Revision-4;National Institute of Standards and Technology (NIST) 800-53 Revision 4;
aws;NIST 800-53 is a regulatory standard that defines the minimum baseline of security controls for all U.S. federal information systems except those related to national security. The controls defined in this standard are customizable and address a diverse set of security and privacy requirements.;858573892697;us-east-1;2026-09-13 17:57:11.149991;ac_4;The information system enforces approved authorizations for controlling the flow of information within the system and between interconnected systems based on organization-defined information flow control policies.;Access Control (AC);;;aws;;FAIL;Network ACL acl-0098e87093e7acb5d has every port open to the Internet.;arn:aws:ec2:us-east-1:858573892697:network-acl/acl-0098e87093e7acb5d;ec2_networkacl_allow_ingress_any_port;False;acl-0098e87093e7acb5d;NIST-800-53-Revision-4;National Institute of Standards and Technology (NIST) 800-53 Revision 4;
aws;NIST 800-53 is a regulatory standard that defines the minimum baseline of security controls for all U.S. federal information systems except those related to national security. The controls defined in this standard are customizable and address a diverse set of security and privacy requirements.;858573892697;us-east-1;2026-09-13 17:57:11.149991;cm_2;The organization develops, documents, and maintains under configuration control, a current baseline configuration of the information system.;Configuration Management (CM);;;aws;;FAIL;Network ACL acl-0098e87093e7acb5d has every port open to the Internet.;arn:aws:ec2:us-east-1:858573892697:network-acl/acl-0098e87093e7acb5d;ec2_networkacl_allow_ingress_any_port;False;acl-0098e87093e7acb5d;NIST-800-53-Revision-4;National Institute of Standards and Technology (NIST) 800-53 Revision 4;
aws;NIST 800-53 is a regulatory standard that defines the minimum baseline of security controls for all U.S. federal information systems except those related to national security. The controls defined in this standard are customizable and address a diverse set of security and privacy requirements.;858573892697;us-east-1;2026-09-13 17:57:11.149991;sc_7_3;The organization limits the number of external network connections to the information system.;System and Communications Protection (SC);Boundary Protection (SC-7);;aws;;FAIL;Network ACL acl-0098e87093e7acb5d has every port open to the Internet.;arn:aws:ec2:us-east-1:858573892697:network-acl/acl-0098e87093e7acb5d;ec2_networkacl_allow_ingress_any_port;False;acl-0098e87093e7acb5d;NIST-800-53-Revision-4;National Institute of Standards and Technology (NIST) 800-53 Revision 4;
aws;NIST 800-53 is a regulatory standard that defines the minimum baseline of security controls for all U.S. federal information systems except those related to national security. The controls defined in this standard are customizable and address a diverse set of security and privacy requirements.;858573892697;us-east-1;2026-09-13 17:57:11.149991;sc_7;"The information system: a. Monitors and controls communications at the external boundary of the system and at key internal boundaries within the system; b. Implements subnetworks for publicly accessible system components that are [Selection: physically; logically] separated from internal organizational networks; and c. Connects to external networks or information systems only through managed interfaces consisting of boundary protection devices arranged in accordance with an organizational security architecture.";System and Communications Protection (SC);;;aws;;FAIL;Network ACL acl-0098e87093e7acb5d has every port open to the Internet.;arn:aws:ec2:us-east-1:858573892697:network-acl/acl-0098e87093e7acb5d;ec2_networkacl_allow_ingress_any_port;False;acl-0098e87093e7acb5d;NIST-800-53-Revision-4;National Institute of Standards and Technology (NIST) 800-53 Revision 4;
aws;NIST 800-53 is a regulatory standard that defines the minimum baseline of security controls for all U.S. federal information systems except those related to national security. The controls defined in this standard are customizable and address a diverse set of security and privacy requirements.;858573892697;us-east-1;2026-09-13 17:57:11.149991;ac_4;The information system enforces approved authorizations for controlling the flow of information within the system and between interconnected systems based on organization-defined information flow control policies.;Access Control (AC);;;aws;;FAIL;Network ACL acl-0dd8762c751bf1faf has every port open to the Internet.;arn:aws:ec2:us-east-1:858573892697:network-acl/acl-0dd8762c751bf1faf;ec2_networkacl_allow_ingress_any_port;False;acl-0dd8762c751bf1faf;NIST-800-53-Revision-4;National Institute of Standards and Technology (NIST) 800-53 Revision 4;
aws;NIST 800-53 is a regulatory standard that defines the minimum baseline of security controls for all U.S. federal information systems except those related to national security. The controls defined in this standard are customizable and address a diverse set of security and privacy requirements.;858573892697;us-east-1;2026-09-13 17:57:11.149991;cm_2;The organization develops, documents, and maintains under configuration control, a current baseline configuration of the information system.;Configuration Management (CM);;;aws;;FAIL;Network ACL acl-0dd8762c751bf1faf has every port open to the Internet.;arn:aws:ec2:us-east-1:858573892697:network-acl/acl-0dd8762c751bf1faf;ec2_networkacl_allow_ingress_any_port;False;acl-0dd8762c751bf1faf;NIST-800-53-Revision-4;National Institute of Standards and Technology (NIST) 800-53 Revision 4;
aws;NIST 800-53 is a regulatory standard that defines the minimum baseline of security controls for all U.S. federal information systems except those related to national security. The controls defined in this standard are customizable and address a diverse set of security and privacy requirements.;858573892697;us-east-1;2026-09-13 17:57:11.149991;sc_7_3;The organization limits the number of external network connections to the information system.;System and Communications Protection (SC);Boundary Protection (SC-7);;aws;;FAIL;Network ACL acl-0dd8762c751bf1faf has every port open to the Internet.;arn:aws:ec2:us-east-1:858573892697:network-acl/acl-0dd8762c751bf1faf;ec2_networkacl_allow_ingress_any_port;False;acl-0dd8762c751bf1faf;NIST-800-53-Revision-4;National Institute of Standards and Technology (NIST) 800-53 Revision 4;
aws;NIST 800-53 is a regulatory standard that defines the minimum baseline of security controls for all U.S. federal information systems except those related to national security. The controls defined in this standard are customizable and address a diverse set of security and privacy requirements.;858573892697;us-east-1;2026-09-13 17:57:11.149991;sc_7;"The information system: a. Monitors and controls communications at the external boundary of the system and at key internal boundaries within the system; b. Implements subnetworks for publicly accessible system components that are [Selection: physically; logically] separated from internal organizational networks; and c. Connects to external networks or information systems only through managed interfaces consisting of boundary protection devices arranged in accordance with an organizational security architecture.";System and Communications Protection (SC);;;aws;;FAIL;Network ACL acl-0dd8762c751bf1faf has every port open to the Internet.;arn:aws:ec2:us-east-1:858573892697:network-acl/acl-0dd8762c751bf1faf;ec2_networkacl_allow_ingress_any_port;False;acl-0dd8762c751bf1faf;NIST-800-53-Revision-4;National Institute of Standards and Technology (NIST) 800-53 Revision 4;
aws;NIST 800-53 is a regulatory standard that defines the minimum baseline of security controls for all U.S. federal information systems except those related to national security. The controls defined in this standard are customizable and address a diverse set of security and privacy requirements.;858573892697;us-east-1;2026-09-13 17:57:11.149991;ac_4;The information system enforces approved authorizations for controlling the flow of information within the system and between interconnected systems based on organization-defined information flow control policies.;Access Control (AC);;;aws;;FAIL;Network ACL acl-063278b96400cd005 has every port open to the Internet.;arn:aws:ec2:us-east-1:858573892697:network-acl/acl-063278b96400cd005;ec2_networkacl_allow_ingress_any_port;False;acl-063278b96400cd005;NIST-800-53-Revision-4;National Institute of Standards and Technology (NIST) 800-53 Revision 4;
aws;NIST 800-53 is a regulatory standard that defines the minimum baseline of security controls for all U.S. federal information systems except those related to national security. The controls defined in this standard are customizable and address a diverse set of security and privacy requirements.;858573892697;us-east-1;2026-09-13 17:57:11.149991;cm_2;The organization develops, documents, and maintains under configuration control, a current baseline configuration of the information system.;Configuration Management (CM);;;aws;;FAIL;Network ACL acl-063278b96400cd005 has every port open to the Internet.;arn:aws:ec2:us-east-1:858573892697:network-acl/acl-063278b96400cd005;ec2_networkacl_allow_ingress_any_port;False;acl-063278b96400cd005;NIST-800-53-Revision-4;National Institute of Standards and Technology (NIST) 800-53 Revision 4;
aws;NIST 800-53 is a regulatory standard that defines the minimum baseline of security controls for all U.S. federal information systems except those related to national security. The controls defined in this standard are customizable and address a diverse set of security and privacy requirements.;858573892697;us-east-1;2026-09-13 17:57:11.149991;sc_7_3;The organization limits the number of external network connections to the information system.;System and Communications Protection (SC);Boundary Protection (SC-7);;aws;;FAIL;Network ACL acl-063278b96400cd005 has every port open to the Internet.;arn:aws:ec2:us-east-1:858573892697:network-acl/acl-063278b96400cd005;ec2_networkacl_allow_ingress_any_port;False;acl-063278b96400cd005;NIST-800-53-Revision-4;National Institute of Standards and Technology (NIST) 800-53 Revision 4;
aws;NIST 800-53 is a regulatory standard that defines the minimum baseline of security controls for all U.S. federal information systems except those related to national security. The controls defined in this standard are customizable and address a diverse set of security and privacy requirements.;858573892697;us-east-1;2026-09-13 17:57:11.149991;sc_7;"The information system: a. Monitors and controls communications at the external boundary of the system and at key internal boundaries within the system; b. Implements subnetworks for publicly accessible system components that are [Selection: physically; logically] separated from internal organizational networks; and c. Connects to external networks or information systems only through managed interfaces consisting of boundary protection devices arranged in accordance with an organizational security architecture.";System and Communications Protection (SC);;;aws;;FAIL;Network ACL acl-063278b96400cd005 has every port open to the Internet.;arn:aws:ec2:us-east-1:858573892697:network-acl/acl-063278b96400cd005;ec2_networkacl_allow_ingress_any_port;False;acl-063278b96400cd005;NIST-800-53-Revision-4;National Institute of Standards and Technology (NIST) 800-53 Revision 4;
aws;NIST 800-53 is a regulatory standard that defines the minimum baseline of security controls for all U.S. federal information systems except those related to national security. The controls defined in this standard are customizable and address a diverse set of security and privacy requirements.;858573892697;us-east-1;2026-09-13 17:57:11.149991;ac_4;The information system enforces approved authorizations for controlling the flow of information within the system and between interconnected systems based on organization-defined information flow control policies.;Access Control (AC);;;aws;;FAIL;Network ACL acl-5a2cdc27 has every port open to the Internet.;arn:aws:ec2:us-east-1:858573892697:network-acl/acl-5a2cdc27;ec2_networkacl_allow_ingress_any_port;False;acl-5a2cdc27;NIST-800-53-Revision-4;National Institute of Standards and Technology (NIST) 800-53 Revision 4;
aws;NIST 800-53 is a regulatory standard that defines the minimum baseline of security controls for all U.S. federal information systems except those related to national security. The controls defined in this standard are customizable and address a diverse set of security and privacy requirements.;858573892697;us-east-1;2026-09-13 17:57:11.149991;cm_2;The organization develops, documents, and maintains under configuration control, a current baseline configuration of the information system.;Configuration Management (CM);;;aws;;FAIL;Network ACL acl-5a2cdc27 has every port open to the Internet.;arn:aws:ec2:us-east-1:858573892697:network-acl/acl-5a2cdc27;ec2_networkacl_allow_ingress_any_port;False;acl-5a2cdc27;NIST-800-53-Revision-4;National Institute of Standards and Technology (NIST) 800-53 Revision 4;
aws;NIST 800-53 is a regulatory standard that defines the minimum baseline of security controls for all U.S. federal information systems except those related to national security. The controls defined in this standard are customizable and address a diverse set of security and privacy requirements.;858573892697;us-east-1;2026-09-13 17:57:11.149991;sc_7_3;The organization limits the number of external network connections to the information system.;System and Communications Protection (SC);Boundary Protection (SC-7);;aws;;FAIL;Network ACL acl-5a2cdc27 has every port open to the Internet.;arn:aws:ec2:us-east-1:858573892697:network-acl/acl-5a2cdc27;ec2_networkacl_allow_ingress_any_port;False;acl-5a2cdc27;NIST-800-53-Revision-4;National Institute of Standards and Technology (NIST) 800-53 Revision 4;
aws;NIST 800-53 is a regulatory standard that defines the minimum baseline of security controls for all U.S. federal information systems except those related to national security. The controls defined in this standard are customizable and address a diverse set of security and privacy requirements.;858573892697;us-east-1;2026-09-13 17:57:11.149991;sc_7;"The information system: a. Monitors and controls communications at the external boundary of the system and at key internal boundaries within the system; b. Implements subnetworks for publicly accessible system components that are [Selection: physically; logically] separated from internal organizational networks; and c. Connects to external networks or information systems only through managed interfaces consisting of boundary protection devices arranged in accordance with an organizational security architecture.";System and Communications Protection (SC);;;aws;;FAIL;Network ACL acl-5a2cdc27 has every port open to the Internet.;arn:aws:ec2:us-east-1:858573892697:network-acl/acl-5a2cdc27;ec2_networkacl_allow_ingress_any_port;False;acl-5a2cdc27;NIST-800-53-Revision-4;National Institute of Standards and Technology (NIST) 800-53 Revision 4;
aws;NIST 800-53 is a regulatory standard that defines the minimum baseline of security controls for all U.S. federal information systems except those related to national security. The controls defined in this standard are customizable and address a diverse set of security and privacy requirements.;858573892697;us-east-1;2026-09-13 17:57:11.149991;ac_4;The information system enforces approved authorizations for controlling the flow of information within the system and between interconnected systems based on organization-defined information flow control policies.;Access Control (AC);;;aws;;PASS;Security group vaultcloud-db-sg (sg-059591e29c62e2064) has all ports open to the Internet and therefore was not checked against the specific SSH port 22.;arn:aws:ec2:us-east-1:858573892697:security-group/sg-059591e29c62e2064;ec2_securitygroup_allow_ingress_from_internet_to_tcp_port_22;False;sg-059591e29c62e2064;NIST-800-53-Revision-4;National Institute of Standards and Technology (NIST) 800-53 Revision 4;
aws;NIST 800-53 is a regulatory standard that defines the minimum baseline of security controls for all U.S. federal information systems except those related to national security. The controls defined in this standard are customizable and address a diverse set of security and privacy requirements.;858573892697;us-east-1;2026-09-13 17:57:11.149991;sc_7_3;The organization limits the number of external network connections to the information system.;System and Communications Protection (SC);Boundary Protection (SC-7);;aws;;PASS;Security group vaultcloud-db-sg (sg-059591e29c62e2064) has all ports open to the Internet and therefore was not checked against the specific SSH port 22.;arn:aws:ec2:us-east-1:858573892697:security-group/sg-059591e29c62e2064;ec2_securitygroup_allow_ingress_from_internet_to_tcp_port_22;False;sg-059591e29c62e2064;NIST-800-53-Revision-4;National Institute of Standards and Technology (NIST) 800-53 Revision 4;
aws;NIST 800-53 is a regulatory standard that defines the minimum baseline of security controls for all U.S. federal information systems except those related to national security. The controls defined in this standard are customizable and address a diverse set of security and privacy requirements.;858573892697;us-east-1;2026-09-13 17:57:11.149991;sc_7;"The information system: a. Monitors and controls communications at the external boundary of the system and at key internal boundaries within the system; b. Implements subnetworks for publicly accessible system components that are [Selection: physically; logically] separated from internal organizational networks; and c. Connects to external networks or information systems only through managed interfaces consisting of boundary protection devices arranged in accordance with an organizational security architecture.";System and Communications Protection (SC);;;aws;;PASS;Security group vaultcloud-db-sg (sg-059591e29c62e2064) has all ports open to the Internet and therefore was not checked against the specific SSH port 22.;arn:aws:ec2:us-east-1:858573892697:security-group/sg-059591e29c62e2064;ec2_securitygroup_allow_ingress_from_internet_to_tcp_port_22;False;sg-059591e29c62e2064;NIST-800-53-Revision-4;National Institute of Standards and Technology (NIST) 800-53 Revision 4;
aws;NIST 800-53 is a regulatory standard that defines the minimum baseline of security controls for all U.S. federal information systems except those related to national security. The controls defined in this standard are customizable and address a diverse set of security and privacy requirements.;858573892697;us-east-1;2026-09-13 17:57:11.149991;ac_4;The information system enforces approved authorizations for controlling the flow of information within the system and between interconnected systems based on organization-defined information flow control policies.;Access Control (AC);;;aws;;PASS;Security group vaultcloud-app-sg (sg-0ef0bb575caf64a16) has all ports open to the Internet and therefore was not checked against the specific SSH port 22.;arn:aws:ec2:us-east-1:858573892697:security-group/sg-0ef0bb575caf64a16;ec2_securitygroup_allow_ingress_from_internet_to_tcp_port_22;False;sg-0ef0bb575caf64a16;NIST-800-53-Revision-4;National Institute of Standards and Technology (NIST) 800-53 Revision 4;
aws;NIST 800-53 is a regulatory standard that defines the minimum baseline of security controls for all U.S. federal information systems except those related to national security. The controls defined in this standard are customizable and address a diverse set of security and privacy requirements.;858573892697;us-east-1;2026-09-13 17:57:11.149991;sc_7_3;The organization limits the number of external network connections to the information system.;System and Communications Protection (SC);Boundary Protection (SC-7);;aws;;PASS;Security group vaultcloud-app-sg (sg-0ef0bb575caf64a16) has all ports open to the Internet and therefore was not checked against the specific SSH port 22.;arn:aws:ec2:us-east-1:858573892697:security-group/sg-0ef0bb575caf64a16;ec2_securitygroup_allow_ingress_from_internet_to_tcp_port_22;False;sg-0ef0bb575caf64a16;NIST-800-53-Revision-4;National Institute of Standards and Technology (NIST) 800-53 Revision 4;
aws;NIST 800-53 is a regulatory standard that defines the minimum baseline of security controls for all U.S. federal information systems except those related to national security. The controls defined in this standard are customizable and address a diverse set of security and privacy requirements.;858573892697;us-east-1;2026-09-13 17:57:11.149991;sc_7;"The information system: a. Monitors and controls communications at the external boundary of the system and at key internal boundaries within the system; b. Implements subnetworks for publicly accessible system components that are [Selection: physically; logically] separated from internal organizational networks; and c. Connects to external networks or information systems only through managed interfaces consisting of boundary protection devices arranged in accordance with an organizational security architecture.";System and Communications Protection (SC);;;aws;;PASS;Security group vaultcloud-app-sg (sg-0ef0bb575caf64a16) has all ports open to the Internet and therefore was not checked against the specific SSH port 22.;arn:aws:ec2:us-east-1:858573892697:security-group/sg-0ef0bb575caf64a16;ec2_securitygroup_allow_ingress_from_internet_to_tcp_port_22;False;sg-0ef0bb575caf64a16;NIST-800-53-Revision-4;National Institute of Standards and Technology (NIST) 800-53 Revision 4;
aws;NIST 800-53 is a regulatory standard that defines the minimum baseline of security controls for all U.S. federal information systems except those related to national security. The controls defined in this standard are customizable and address a diverse set of security and privacy requirements.;858573892697;us-east-1;2026-09-13 17:57:11.149991;ac_2_1;Access control policies (e.g., identity or role-based policies, control matrices, and cryptography) control access between active entities or subjects (i.e., users or processes acting on behalf of users) and passive entities or objects (e.g., devices, files, records, and domains) in systems. Access enforcement mechanisms can be employed at the application and service level to provide increased information security. Other systems include systems internal and external to the organization. This requirement focuses on account management for systems and applications. The definition of and enforcement of access authorizations, other than those determined by account type (e.g., privileged verses non-privileged) are addressed in requirement 3.1.2.;Access Control (AC);Account Management (AC-2);;aws;;FAIL;GuardDuty is not enabled.;arn:aws:guardduty:us-east-1:858573892697:detector/unknown;guardduty_is_enabled;False;detector/unknown;NIST-800-53-Revision-4;National Institute of Standards and Technology (NIST) 800-53 Revision 4;
aws;NIST 800-53 is a regulatory standard that defines the minimum baseline of security controls for all U.S. federal information systems except those related to national security. The controls defined in this standard are customizable and address a diverse set of security and privacy requirements.;858573892697;us-east-1;2026-09-13 17:57:11.149991;ac_2_4;The information system automatically audits account creation, modification, enabling, disabling, and removal actions, and notifies [Assignment: organization-defined personnel or roles].;Access Control (AC);Account Management (AC-2);;aws;;FAIL;GuardDuty is not enabled.;arn:aws:guardduty:us-east-1:858573892697:detector/unknown;guardduty_is_enabled;False;detector/unknown;NIST-800-53-Revision-4;National Institute of Standards and Technology (NIST) 800-53 Revision 4;
aws;NIST 800-53 is a regulatory standard that defines the minimum baseline of security controls for all U.S. federal information systems except those related to national security. The controls defined in this standard are customizable and address a diverse set of security and privacy requirements.;858573892697;us-east-1;2026-09-13 17:57:11.149991;ac_2_12;Monitors and reports atypical usage of information system accounts to organization-defined personnel or roles.;Access Control (AC);Account Management (AC-2);;aws;;FAIL;GuardDuty is not enabled.;arn:aws:guardduty:us-east-1:858573892697:detector/unknown;guardduty_is_enabled;False;detector/unknown;NIST-800-53-Revision-4;National Institute of Standards and Technology (NIST) 800-53 Revision 4;
aws;NIST 800-53 is a regulatory standard that defines the minimum baseline of security controls for all U.S. federal information systems except those related to national security. The controls defined in this standard are customizable and address a diverse set of security and privacy requirements.;858573892697;us-east-1;2026-09-13 17:57:11.149991;ac_2;Manage system accounts, group memberships, privileges, workflow, notifications, deactivations, and authorizations.;Access Control (AC);;;aws;;FAIL;GuardDuty is not enabled.;arn:aws:guardduty:us-east-1:858573892697:detector/unknown;guardduty_is_enabled;False;detector/unknown;NIST-800-53-Revision-4;National Institute of Standards and Technology (NIST) 800-53 Revision 4;
aws;NIST 800-53 is a regulatory standard that defines the minimum baseline of security controls for all U.S. federal information systems except those related to national security. The controls defined in this standard are customizable and address a diverse set of security and privacy requirements.;858573892697;us-east-1;2026-09-13 17:57:11.149991;ac_17_1;The information system monitors and controls remote access methods.;Access Control (AC);;;aws;;FAIL;GuardDuty is not enabled.;arn:aws:guardduty:us-east-1:858573892697:detector/unknown;guardduty_is_enabled;False;detector/unknown;NIST-800-53-Revision-4;National Institute of Standards and Technology (NIST) 800-53 Revision 4;
aws;NIST 800-53 is a regulatory standard that defines the minimum baseline of security controls for all U.S. federal information systems except those related to national security. The controls defined in this standard are customizable and address a diverse set of security and privacy requirements.;858573892697;us-east-1;2026-09-13 17:57:11.149991;au_6_1;The organization employs automated mechanisms to integrate audit review, analysis,and reporting processes to support organizational processes for investigation and response to suspicious activities.;Audit and Accountability (AU);Audit Review, Analysis And Reporting (AU-6);;aws;;FAIL;GuardDuty is not enabled.;arn:aws:guardduty:us-east-1:858573892697:detector/unknown;guardduty_is_enabled;False;detector/unknown;NIST-800-53-Revision-4;National Institute of Standards and Technology (NIST) 800-53 Revision 4;
aws;NIST 800-53 is a regulatory standard that defines the minimum baseline of security controls for all U.S. federal information systems except those related to national security. The controls defined in this standard are customizable and address a diverse set of security and privacy requirements.;858573892697;us-east-1;2026-09-13 17:57:11.149991;au_6_3;The organization analyzes and correlates audit records across different repositories to gain organization-wide situational awareness.;Audit and Accountability (AU);Audit Review, Analysis And Reporting (AU-6);;aws;;FAIL;GuardDuty is not enabled.;arn:aws:guardduty:us-east-1:858573892697:detector/unknown;guardduty_is_enabled;False;detector/unknown;NIST-800-53-Revision-4;National Institute of Standards and Technology (NIST) 800-53 Revision 4;
aws;NIST 800-53 is a regulatory standard that defines the minimum baseline of security controls for all U.S. federal information systems except those related to national security. The controls defined in this standard are customizable and address a diverse set of security and privacy requirements.;858573892697;us-east-1;2026-09-13 17:57:11.149991;ca_7;Continuously monitor configuration management processes. Determine security impact, environment and operational risks.;Security Assessment And Authorization (CA);;;aws;;FAIL;GuardDuty is not enabled.;arn:aws:guardduty:us-east-1:858573892697:detector/unknown;guardduty_is_enabled;False;detector/unknown;NIST-800-53-Revision-4;National Institute of Standards and Technology (NIST) 800-53 Revision 4;
aws;NIST 800-53 is a regulatory standard that defines the minimum baseline of security controls for all U.S. federal information systems except those related to national security. The controls defined in this standard are customizable and address a diverse set of security and privacy requirements.;858573892697;us-east-1;2026-09-13 17:57:11.149991;ra_5;Scan for system vulnerabilities. Share vulnerability information and security controls that eliminate vulnerabilities.;Risk Assessment (RA);;;guardduty;;FAIL;GuardDuty is not enabled.;arn:aws:guardduty:us-east-1:858573892697:detector/unknown;guardduty_is_enabled;False;detector/unknown;NIST-800-53-Revision-4;National Institute of Standards and Technology (NIST) 800-53 Revision 4;
aws;NIST 800-53 is a regulatory standard that defines the minimum baseline of security controls for all U.S. federal information systems except those related to national security. The controls defined in this standard are customizable and address a diverse set of security and privacy requirements.;858573892697;us-east-1;2026-09-13 17:57:11.149991;sa_10;"The organization requires the developer of the information system, system component, or information system service to: a. Perform configuration management during system, component, or service [Selection (one or more): design; development; implementation; operation]; b. Document, manage, and control the integrity of changes to [Assignment: organization-defined configuration items under configuration management]; c. Implement only organization-approved changes to the system, component, or service; d. Document approved changes to the system, component, or service and the potential security impacts of such changes; and e. Track security flaws and flaw resolution within the system, component, or service and report findings to [Assignment: organization-defined personnel].";System and Services Acquisition (SA);;;aws;;FAIL;GuardDuty is not enabled.;arn:aws:guardduty:us-east-1:858573892697:detector/unknown;guardduty_is_enabled;False;detector/unknown;NIST-800-53-Revision-4;National Institute of Standards and Technology (NIST) 800-53 Revision 4;
aws;NIST 800-53 is a regulatory standard that defines the minimum baseline of security controls for all U.S. federal information systems except those related to national security. The controls defined in this standard are customizable and address a diverse set of security and privacy requirements.;858573892697;us-east-1;2026-09-13 17:57:11.149991;si_4_1;The organization connects and configures individual intrusion detection tools into an information system-wide intrusion detection system.;System and Information Integrity (SI);Information System Monitoring (SI-4);;guardduty;;FAIL;GuardDuty is not enabled.;arn:aws:guardduty:us-east-1:858573892697:detector/unknown;guardduty_is_enabled;False;detector/unknown;NIST-800-53-Revision-4;National Institute of Standards and Technology (NIST) 800-53 Revision 4;
aws;NIST 800-53 is a regulatory standard that defines the minimum baseline of security controls for all U.S. federal information systems except those related to national security. The controls defined in this standard are customizable and address a diverse set of security and privacy requirements.;858573892697;us-east-1;2026-09-13 17:57:11.149991;si_4_2;The organization employs automated tools to support near real-time analysis of events.;System and Information Integrity (SI);Information System Monitoring (SI-4);;aws;;FAIL;GuardDuty is not enabled.;arn:aws:guardduty:us-east-1:858573892697:detector/unknown;guardduty_is_enabled;False;detector/unknown;NIST-800-53-Revision-4;National Institute of Standards and Technology (NIST) 800-53 Revision 4;
aws;NIST 800-53 is a regulatory standard that defines the minimum baseline of security controls for all U.S. federal information systems except those related to national security. The controls defined in this standard are customizable and address a diverse set of security and privacy requirements.;858573892697;us-east-1;2026-09-13 17:57:11.149991;si_4_4;The information system monitors inbound and outbound communications traffic continuously for unusual or unauthorized activities or conditions.;System and Information Integrity (SI);Information System Monitoring (SI-4);;aws;;FAIL;GuardDuty is not enabled.;arn:aws:guardduty:us-east-1:858573892697:detector/unknown;guardduty_is_enabled;False;detector/unknown;NIST-800-53-Revision-4;National Institute of Standards and Technology (NIST) 800-53 Revision 4;
aws;NIST 800-53 is a regulatory standard that defines the minimum baseline of security controls for all U.S. federal information systems except those related to national security. The controls defined in this standard are customizable and address a diverse set of security and privacy requirements.;858573892697;us-east-1;2026-09-13 17:57:11.149991;si_4_5;The information system alerts organization-defined personnel or roles when the following indications of compromise or potential compromise occur: [Assignment: organization-defined compromise indicators].;System and Information Integrity (SI);Information System Monitoring (SI-4);;aws;;FAIL;GuardDuty is not enabled.;arn:aws:guardduty:us-east-1:858573892697:detector/unknown;guardduty_is_enabled;False;detector/unknown;NIST-800-53-Revision-4;National Institute of Standards and Technology (NIST) 800-53 Revision 4;
aws;NIST 800-53 is a regulatory standard that defines the minimum baseline of security controls for all U.S. federal information systems except those related to national security. The controls defined in this standard are customizable and address a diverse set of security and privacy requirements.;858573892697;us-east-1;2026-09-13 17:57:11.149991;si_4_16;The organization correlates information from monitoring tools employed throughout the information system.;System and Information Integrity (SI);Information System Monitoring (SI-4);;aws;;FAIL;GuardDuty is not enabled.;arn:aws:guardduty:us-east-1:858573892697:detector/unknown;guardduty_is_enabled;False;detector/unknown;NIST-800-53-Revision-4;National Institute of Standards and Technology (NIST) 800-53 Revision 4;
aws;NIST 800-53 is a regulatory standard that defines the minimum baseline of security controls for all U.S. federal information systems except those related to national security. The controls defined in this standard are customizable and address a diverse set of security and privacy requirements.;858573892697;us-east-1;2026-09-13 17:57:11.149991;si_4;"The organization: a.Monitors the information system to detect: 1. Attacks and indicators of potential attacks in accordance with [Assignment: organization-defined monitoring objectives]; and 2.Unauthorized local, network, and remote connections; b. Identifies unauthorized use of the information system through [Assignment: organization-defined techniques and methods]; c. Deploys monitoring devices: 1. Strategically within the information system to collect organization-determined essential information; and 2. At ad hoc locations within the system to track specific types of transactions of interest to the organization; d. Protects information obtained from intrusion-monitoring tools from unauthorized access, modification, and deletion; e. Heightens the level of information system monitoring activity whenever there is an indication of increased risk to organizational operations and assets, individuals, other organizations, or the Nation based on law enforcement information, intelligence information, or other credible sources of information; f. Obtains legal opinion with regard to information system monitoring activities in accordance with applicable federal laws, Executive Orders, directives, policies, or regulations; and g. Provides [Assignment: organization-defined information system monitoring information] to [Assignment: organization-defined personnel or roles] [Selection (one or more): as needed; [Assignment: organization-defined frequency]].";System and Information Integrity (SI);;;aws;;FAIL;GuardDuty is not enabled.;arn:aws:guardduty:us-east-1:858573892697:detector/unknown;guardduty_is_enabled;False;detector/unknown;NIST-800-53-Revision-4;National Institute of Standards and Technology (NIST) 800-53 Revision 4;
aws;NIST 800-53 is a regulatory standard that defines the minimum baseline of security controls for all U.S. federal information systems except those related to national security. The controls defined in this standard are customizable and address a diverse set of security and privacy requirements.;858573892697;us-east-1;2026-09-13 17:57:11.149991;ac_2;Manage system accounts, group memberships, privileges, workflow, notifications, deactivations, and authorizations.;Access Control (AC);;;aws;;PASS;AWS policy AWSDeepRacerCloudFormationAccessPolicy is attached but does not allow '*:*' administrative privileges.;arn:aws:iam::aws:policy/AWSDeepRacerCloudFormationAccessPolicy;iam_aws_attached_policy_no_administrative_privileges;False;AWSDeepRacerCloudFormationAccessPolicy;NIST-800-53-Revision-4;National Institute of Standards and Technology (NIST) 800-53 Revision 4;
aws;NIST 800-53 is a regulatory standard that defines the minimum baseline of security controls for all U.S. federal information systems except those related to national security. The controls defined in this standard are customizable and address a diverse set of security and privacy requirements.;858573892697;us-east-1;2026-09-13 17:57:11.149991;ac_3;The information system enforces approved authorizations for logical access to information and system resources in accordance with applicable access control policies.;Access Control (AC);;;aws;;PASS;AWS policy AWSDeepRacerCloudFormationAccessPolicy is attached but does not allow '*:*' administrative privileges.;arn:aws:iam::aws:policy/AWSDeepRacerCloudFormationAccessPolicy;iam_aws_attached_policy_no_administrative_privileges;False;AWSDeepRacerCloudFormationAccessPolicy;NIST-800-53-Revision-4;National Institute of Standards and Technology (NIST) 800-53 Revision 4;
aws;NIST 800-53 is a regulatory standard that defines the minimum baseline of security controls for all U.S. federal information systems except those related to national security. The controls defined in this standard are customizable and address a diverse set of security and privacy requirements.;858573892697;us-east-1;2026-09-13 17:57:11.149991;ac_5;Separate duties of individuals to prevent malevolent activity. automate separation of duties and access authorizations.;Access Control (AC);;;aws;;PASS;AWS policy AWSDeepRacerCloudFormationAccessPolicy is attached but does not allow '*:*' administrative privileges.;arn:aws:iam::aws:policy/AWSDeepRacerCloudFormationAccessPolicy;iam_aws_attached_policy_no_administrative_privileges;False;AWSDeepRacerCloudFormationAccessPolicy;NIST-800-53-Revision-4;National Institute of Standards and Technology (NIST) 800-53 Revision 4;
aws;NIST 800-53 is a regulatory standard that defines the minimum baseline of security controls for all U.S. federal information systems except those related to national security. The controls defined in this standard are customizable and address a diverse set of security and privacy requirements.;858573892697;us-east-1;2026-09-13 17:57:11.149991;ac_6;The organization employs the principle of least privilege, allowing only authorized accesses for users (or processes acting on behalf of users) which are necessary to accomplish assigned tasks in accordance with organizational missions and business functions.;Access Control (AC);;;aws;;PASS;AWS policy AWSDeepRacerCloudFormationAccessPolicy is attached but does not allow '*:*' administrative privileges.;arn:aws:iam::aws:policy/AWSDeepRacerCloudFormationAccessPolicy;iam_aws_attached_policy_no_administrative_privileges;False;AWSDeepRacerCloudFormationAccessPolicy;NIST-800-53-Revision-4;National Institute of Standards and Technology (NIST) 800-53 Revision 4;
aws;NIST 800-53 is a regulatory standard that defines the minimum baseline of security controls for all U.S. federal information systems except those related to national security. The controls defined in this standard are customizable and address a diverse set of security and privacy requirements.;858573892697;us-east-1;2026-09-13 17:57:11.149991;sc_2;The information system separates user functionality (including user interface services) from information system management functionality.;System and Communications Protection (SC);;;iam;;PASS;AWS policy AWSDeepRacerCloudFormationAccessPolicy is attached but does not allow '*:*' administrative privileges.;arn:aws:iam::aws:policy/AWSDeepRacerCloudFormationAccessPolicy;iam_aws_attached_policy_no_administrative_privileges;False;AWSDeepRacerCloudFormationAccessPolicy;NIST-800-53-Revision-4;National Institute of Standards and Technology (NIST) 800-53 Revision 4;
aws;NIST 800-53 is a regulatory standard that defines the minimum baseline of security controls for all U.S. federal information systems except those related to national security. The controls defined in this standard are customizable and address a diverse set of security and privacy requirements.;858573892697;us-east-1;2026-09-13 17:57:11.149991;ac_2;Manage system accounts, group memberships, privileges, workflow, notifications, deactivations, and authorizations.;Access Control (AC);;;aws;;PASS;AWS policy SystemAdministrator is attached but does not allow '*:*' administrative privileges.;arn:aws:iam::aws:policy/job-function/SystemAdministrator;iam_aws_attached_policy_no_administrative_privileges;False;SystemAdministrator;NIST-800-53-Revision-4;National Institute of Standards and Technology (NIST) 800-53 Revision 4;
aws;NIST 800-53 is a regulatory standard that defines the minimum baseline of security controls for all U.S. federal information systems except those related to national security. The controls defined in this standard are customizable and address a diverse set of security and privacy requirements.;858573892697;us-east-1;2026-09-13 17:57:11.149991;ac_3;The information system enforces approved authorizations for logical access to information and system resources in accordance with applicable access control policies.;Access Control (AC);;;aws;;PASS;AWS policy SystemAdministrator is attached but does not allow '*:*' administrative privileges.;arn:aws:iam::aws:policy/job-function/SystemAdministrator;iam_aws_attached_policy_no_administrative_privileges;False;SystemAdministrator;NIST-800-53-Revision-4;National Institute of Standards and Technology (NIST) 800-53 Revision 4;
aws;NIST 800-53 is a regulatory standard that defines the minimum baseline of security controls for all U.S. federal information systems except those related to national security. The controls defined in this standard are customizable and address a diverse set of security and privacy requirements.;858573892697;us-east-1;2026-09-13 17:57:11.149991;ac_5;Separate duties of individuals to prevent malevolent activity. automate separation of duties and access authorizations.;Access Control (AC);;;aws;;PASS;AWS policy SystemAdministrator is attached but does not allow '*:*' administrative privileges.;arn:aws:iam::aws:policy/job-function/SystemAdministrator;iam_aws_attached_policy_no_administrative_privileges;False;SystemAdministrator;NIST-800-53-Revision-4;National Institute of Standards and Technology (NIST) 800-53 Revision 4;
aws;NIST 800-53 is a regulatory standard that defines the minimum baseline of security controls for all U.S. federal information systems except those related to national security. The controls defined in this standard are customizable and address a diverse set of security and privacy requirements.;858573892697;us-east-1;2026-09-13 17:57:11.149991;ac_6;The organization employs the principle of least privilege, allowing only authorized accesses for users (or processes acting on behalf of users) which are necessary to accomplish assigned tasks in accordance with organizational missions and business functions.;Access Control (AC);;;aws;;PASS;AWS policy SystemAdministrator is attached but does not allow '*:*' administrative privileges.;arn:aws:iam::aws:policy/job-function/SystemAdministrator;iam_aws_attached_policy_no_administrative_privileges;False;SystemAdministrator;NIST-800-53-Revision-4;National Institute of Standards and Technology (NIST) 800-53 Revision 4;
aws;NIST 800-53 is a regulatory standard that defines the minimum baseline of security controls for all U.S. federal information systems except those related to national security. The controls defined in this standard are customizable and address a diverse set of security and privacy requirements.;858573892697;us-east-1;2026-09-13 17:57:11.149991;sc_2;The information system separates user functionality (including user interface services) from information system management functionality.;System and Communications Protection (SC);;;iam;;PASS;AWS policy SystemAdministrator is attached but does not allow '*:*' administrative privileges.;arn:aws:iam::aws:policy/job-function/SystemAdministrator;iam_aws_attached_policy_no_administrative_privileges;False;SystemAdministrator;NIST-800-53-Revision-4;National Institute of Standards and Technology (NIST) 800-53 Revision 4;
aws;NIST 800-53 is a regulatory standard that defines the minimum baseline of security controls for all U.S. federal information systems except those related to national security. The controls defined in this standard are customizable and address a diverse set of security and privacy requirements.;858573892697;us-east-1;2026-09-13 17:57:11.149991;ac_2;Manage system accounts, group memberships, privileges, workflow, notifications, deactivations, and authorizations.;Access Control (AC);;;aws;;PASS;AWS policy AmazonAPIGatewayAdministrator is attached but does not allow '*:*' administrative privileges.;arn:aws:iam::aws:policy/AmazonAPIGatewayAdministrator;iam_aws_attached_policy_no_administrative_privileges;False;AmazonAPIGatewayAdministrator;NIST-800-53-Revision-4;National Institute of Standards and Technology (NIST) 800-53 Revision 4;
aws;NIST 800-53 is a regulatory standard that defines the minimum baseline of security controls for all U.S. federal information systems except those related to national security. The controls defined in this standard are customizable and address a diverse set of security and privacy requirements.;858573892697;us-east-1;2026-09-13 17:57:11.149991;ac_3;The information system enforces approved authorizations for logical access to information and system resources in accordance with applicable access control policies.;Access Control (AC);;;aws;;PASS;AWS policy AmazonAPIGatewayAdministrator is attached but does not allow '*:*' administrative privileges.;arn:aws:iam::aws:policy/AmazonAPIGatewayAdministrator;iam_aws_attached_policy_no_administrative_privileges;False;AmazonAPIGatewayAdministrator;NIST-800-53-Revision-4;National Institute of Standards and Technology (NIST) 800-53 Revision 4;
aws;NIST 800-53 is a regulatory standard that defines the minimum baseline of security controls for all U.S. federal information systems except those related to national security. The controls defined in this standard are customizable and address a diverse set of security and privacy requirements.;858573892697;us-east-1;2026-09-13 17:57:11.149991;ac_5;Separate duties of individuals to prevent malevolent activity. automate separation of duties and access authorizations.;Access Control (AC);;;aws;;PASS;AWS policy AmazonAPIGatewayAdministrator is attached but does not allow '*:*' administrative privileges.;arn:aws:iam::aws:policy/AmazonAPIGatewayAdministrator;iam_aws_attached_policy_no_administrative_privileges;False;AmazonAPIGatewayAdministrator;NIST-800-53-Revision-4;National Institute of Standards and Technology (NIST) 800-53 Revision 4;
aws;NIST 800-53 is a regulatory standard that defines the minimum baseline of security controls for all U.S. federal information systems except those related to national security. The controls defined in this standard are customizable and address a diverse set of security and privacy requirements.;858573892697;us-east-1;2026-09-13 17:57:11.149991;ac_6;The organization employs the principle of least privilege, allowing only authorized accesses for users (or processes acting on behalf of users) which are necessary to accomplish assigned tasks in accordance with organizational missions and business functions.;Access Control (AC);;;aws;;PASS;AWS policy AmazonAPIGatewayAdministrator is attached but does not allow '*:*' administrative privileges.;arn:aws:iam::aws:policy/AmazonAPIGatewayAdministrator;iam_aws_attached_policy_no_administrative_privileges;False;AmazonAPIGatewayAdministrator;NIST-800-53-Revision-4;National Institute of Standards and Technology (NIST) 800-53 Revision 4;
aws;NIST 800-53 is a regulatory standard that defines the minimum baseline of security controls for all U.S. federal information systems except those related to national security. The controls defined in this standard are customizable and address a diverse set of security and privacy requirements.;858573892697;us-east-1;2026-09-13 17:57:11.149991;sc_2;The information system separates user functionality (including user interface services) from information system management functionality.;System and Communications Protection (SC);;;iam;;PASS;AWS policy AmazonAPIGatewayAdministrator is attached but does not allow '*:*' administrative privileges.;arn:aws:iam::aws:policy/AmazonAPIGatewayAdministrator;iam_aws_attached_policy_no_administrative_privileges;False;AmazonAPIGatewayAdministrator;NIST-800-53-Revision-4;National Institute of Standards and Technology (NIST) 800-53 Revision 4;
aws;NIST 800-53 is a regulatory standard that defines the minimum baseline of security controls for all U.S. federal information systems except those related to national security. The controls defined in this standard are customizable and address a diverse set of security and privacy requirements.;858573892697;us-east-1;2026-09-13 17:57:11.149991;ac_2;Manage system accounts, group memberships, privileges, workflow, notifications, deactivations, and authorizations.;Access Control (AC);;;aws;;PASS;AWS policy AmazonEC2ContainerRegistryFullAccess is attached but does not allow '*:*' administrative privileges.;arn:aws:iam::aws:policy/AmazonEC2ContainerRegistryFullAccess;iam_aws_attached_policy_no_administrative_privileges;False;AmazonEC2ContainerRegistryFullAccess;NIST-800-53-Revision-4;National Institute of Standards and Technology (NIST) 800-53 Revision 4;
aws;NIST 800-53 is a regulatory standard that defines the minimum baseline of security controls for all U.S. federal information systems except those related to national security. The controls defined in this standard are customizable and address a diverse set of security and privacy requirements.;858573892697;us-east-1;2026-09-13 17:57:11.149991;ac_3;The information system enforces approved authorizations for logical access to information and system resources in accordance with applicable access control policies.;Access Control (AC);;;aws;;PASS;AWS policy AmazonEC2ContainerRegistryFullAccess is attached but does not allow '*:*' administrative privileges.;arn:aws:iam::aws:policy/AmazonEC2ContainerRegistryFullAccess;iam_aws_attached_policy_no_administrative_privileges;False;AmazonEC2ContainerRegistryFullAccess;NIST-800-53-Revision-4;National Institute of Standards and Technology (NIST) 800-53 Revision 4;
aws;NIST 800-53 is a regulatory standard that defines the minimum baseline of security controls for all U.S. federal information systems except those related to national security. The controls defined in this standard are customizable and address a diverse set of security and privacy requirements.;858573892697;us-east-1;2026-09-13 17:57:11.149991;ac_5;Separate duties of individuals to prevent malevolent activity. automate separation of duties and access authorizations.;Access Control (AC);;;aws;;PASS;AWS policy AmazonEC2ContainerRegistryFullAccess is attached but does not allow '*:*' administrative privileges.;arn:aws:iam::aws:policy/AmazonEC2ContainerRegistryFullAccess;iam_aws_attached_policy_no_administrative_privileges;False;AmazonEC2ContainerRegistryFullAccess;NIST-800-53-Revision-4;National Institute of Standards and Technology (NIST) 800-53 Revision 4;
aws;NIST 800-53 is a regulatory standard that defines the minimum baseline of security controls for all U.S. federal information systems except those related to national security. The controls defined in this standard are customizable and address a diverse set of security and privacy requirements.;858573892697;us-east-1;2026-09-13 17:57:11.149991;ac_6;The organization employs the principle of least privilege, allowing only authorized accesses for users (or processes acting on behalf of users) which are necessary to accomplish assigned tasks in accordance with organizational missions and business functions.;Access Control (AC);;;aws;;PASS;AWS policy AmazonEC2ContainerRegistryFullAccess is attached but does not allow '*:*' administrative privileges.;arn:aws:iam::aws:policy/AmazonEC2ContainerRegistryFullAccess;iam_aws_attached_policy_no_administrative_privileges;False;AmazonEC2ContainerRegistryFullAccess;NIST-800-53-Revision-4;National Institute of Standards and Technology (NIST) 800-53 Revision 4;
aws;NIST 800-53 is a regulatory standard that defines the minimum baseline of security controls for all U.S. federal information systems except those related to national security. The controls defined in this standard are customizable and address a diverse set of security and privacy requirements.;858573892697;us-east-1;2026-09-13 17:57:11.149991;sc_2;The information system separates user functionality (including user interface services) from information system management functionality.;System and Communications Protection (SC);;;iam;;PASS;AWS policy AmazonEC2ContainerRegistryFullAccess is attached but does not allow '*:*' administrative privileges.;arn:aws:iam::aws:policy/AmazonEC2ContainerRegistryFullAccess;iam_aws_attached_policy_no_administrative_privileges;False;AmazonEC2ContainerRegistryFullAccess;NIST-800-53-Revision-4;National Institute of Standards and Technology (NIST) 800-53 Revision 4;
aws;NIST 800-53 is a regulatory standard that defines the minimum baseline of security controls for all U.S. federal information systems except those related to national security. The controls defined in this standard are customizable and address a diverse set of security and privacy requirements.;858573892697;us-east-1;2026-09-13 17:57:11.149991;ac_2;Manage system accounts, group memberships, privileges, workflow, notifications, deactivations, and authorizations.;Access Control (AC);;;aws;;PASS;AWS policy AWSCloud9ServiceRolePolicy is attached but does not allow '*:*' administrative privileges.;arn:aws:iam::aws:policy/aws-service-role/AWSCloud9ServiceRolePolicy;iam_aws_attached_policy_no_administrative_privileges;False;AWSCloud9ServiceRolePolicy;NIST-800-53-Revision-4;National Institute of Standards and Technology (NIST) 800-53 Revision 4;
aws;NIST 800-53 is a regulatory standard that defines the minimum baseline of security controls for all U.S. federal information systems except those related to national security. The controls defined in this standard are customizable and address a diverse set of security and privacy requirements.;858573892697;us-east-1;2026-09-13 17:57:11.149991;ac_3;The information system enforces approved authorizations for logical access to information and system resources in accordance with applicable access control policies.;Access Control (AC);;;aws;;PASS;AWS policy AWSCloud9ServiceRolePolicy is attached but does not allow '*:*' administrative privileges.;arn:aws:iam::aws:policy/aws-service-role/AWSCloud9ServiceRolePolicy;iam_aws_attached_policy_no_administrative_privileges;False;AWSCloud9ServiceRolePolicy;NIST-800-53-Revision-4;National Institute of Standards and Technology (NIST) 800-53 Revision 4;
aws;NIST 800-53 is a regulatory standard that defines the minimum baseline of security controls for all U.S. federal information systems except those related to national security. The controls defined in this standard are customizable and address a diverse set of security and privacy requirements.;858573892697;us-east-1;2026-09-13 17:57:11.149991;ac_5;Separate duties of individuals to prevent malevolent activity. automate separation of duties and access authorizations.;Access Control (AC);;;aws;;PASS;AWS policy AWSCloud9ServiceRolePolicy is attached but does not allow '*:*' administrative privileges.;arn:aws:iam::aws:policy/aws-service-role/AWSCloud9ServiceRolePolicy;iam_aws_attached_policy_no_administrative_privileges;False;AWSCloud9ServiceRolePolicy;NIST-800-53-Revision-4;National Institute of Standards and Technology (NIST) 800-53 Revision 4;
aws;NIST 800-53 is a regulatory standard that defines the minimum baseline of security controls for all U.S. federal information systems except those related to national security. The controls defined in this standard are customizable and address a diverse set of security and privacy requirements.;858573892697;us-east-1;2026-09-13 17:57:11.149991;ac_6;The organization employs the principle of least privilege, allowing only authorized accesses for users (or processes acting on behalf of users) which are necessary to accomplish assigned tasks in accordance with organizational missions and business functions.;Access Control (AC);;;aws;;PASS;AWS policy AWSCloud9ServiceRolePolicy is attached but does not allow '*:*' administrative privileges.;arn:aws:iam::aws:policy/aws-service-role/AWSCloud9ServiceRolePolicy;iam_aws_attached_policy_no_administrative_privileges;False;AWSCloud9ServiceRolePolicy;NIST-800-53-Revision-4;National Institute of Standards and Technology (NIST) 800-53 Revision 4;
aws;NIST 800-53 is a regulatory standard that defines the minimum baseline of security controls for all U.S. federal information systems except those related to national security. The controls defined in this standard are customizable and address a diverse set of security and privacy requirements.;858573892697;us-east-1;2026-09-13 17:57:11.149991;sc_2;The information system separates user functionality (including user interface services) from information system management functionality.;System and Communications Protection (SC);;;iam;;PASS;AWS policy AWSCloud9ServiceRolePolicy is attached but does not allow '*:*' administrative privileges.;arn:aws:iam::aws:policy/aws-service-role/AWSCloud9ServiceRolePolicy;iam_aws_attached_policy_no_administrative_privileges;False;AWSCloud9ServiceRolePolicy;NIST-800-53-Revision-4;National Institute of Standards and Technology (NIST) 800-53 Revision 4;
aws;NIST 800-53 is a regulatory standard that defines the minimum baseline of security controls for all U.S. federal information systems except those related to national security. The controls defined in this standard are customizable and address a diverse set of security and privacy requirements.;858573892697;us-east-1;2026-09-13 17:57:11.149991;ac_2;Manage system accounts, group memberships, privileges, workflow, notifications, deactivations, and authorizations.;Access Control (AC);;;aws;;PASS;AWS policy AmazonEC2ContainerServiceFullAccess is attached but does not allow '*:*' administrative privileges.;arn:aws:iam::aws:policy/AmazonEC2ContainerServiceFullAccess;iam_aws_attached_policy_no_administrative_privileges;False;AmazonEC2ContainerServiceFullAccess;NIST-800-53-Revision-4;National Institute of Standards and Technology (NIST) 800-53 Revision 4;
aws;NIST 800-53 is a regulatory standard that defines the minimum baseline of security controls for all U.S. federal information systems except those related to national security. The controls defined in this standard are customizable and address a diverse set of security and privacy requirements.;858573892697;us-east-1;2026-09-13 17:57:11.149991;ac_3;The information system enforces approved authorizations for logical access to information and system resources in accordance with applicable access control policies.;Access Control (AC);;;aws;;PASS;AWS policy AmazonEC2ContainerServiceFullAccess is attached but does not allow '*:*' administrative privileges.;arn:aws:iam::aws:policy/AmazonEC2ContainerServiceFullAccess;iam_aws_attached_policy_no_administrative_privileges;False;AmazonEC2ContainerServiceFullAccess;NIST-800-53-Revision-4;National Institute of Standards and Technology (NIST) 800-53 Revision 4;
aws;NIST 800-53 is a regulatory standard that defines the minimum baseline of security controls for all U.S. federal information systems except those related to national security. The controls defined in this standard are customizable and address a diverse set of security and privacy requirements.;858573892697;us-east-1;2026-09-13 17:57:11.149991;ac_5;Separate duties of individuals to prevent malevolent activity. automate separation of duties and access authorizations.;Access Control (AC);;;aws;;PASS;AWS policy AmazonEC2ContainerServiceFullAccess is attached but does not allow '*:*' administrative privileges.;arn:aws:iam::aws:policy/AmazonEC2ContainerServiceFullAccess;iam_aws_attached_policy_no_administrative_privileges;False;AmazonEC2ContainerServiceFullAccess;NIST-800-53-Revision-4;National Institute of Standards and Technology (NIST) 800-53 Revision 4;
aws;NIST 800-53 is a regulatory standard that defines the minimum baseline of security controls for all U.S. federal information systems except those related to national security. The controls defined in this standard are customizable and address a diverse set of security and privacy requirements.;858573892697;us-east-1;2026-09-13 17:57:11.149991;ac_6;The organization employs the principle of least privilege, allowing only authorized accesses for users (or processes acting on behalf of users) which are necessary to accomplish assigned tasks in accordance with organizational missions and business functions.;Access Control (AC);;;aws;;PASS;AWS policy AmazonEC2ContainerServiceFullAccess is attached but does not allow '*:*' administrative privileges.;arn:aws:iam::aws:policy/AmazonEC2ContainerServiceFullAccess;iam_aws_attached_policy_no_administrative_privileges;False;AmazonEC2ContainerServiceFullAccess;NIST-800-53-Revision-4;National Institute of Standards and Technology (NIST) 800-53 Revision 4;
aws;NIST 800-53 is a regulatory standard that defines the minimum baseline of security controls for all U.S. federal information systems except those related to national security. The controls defined in this standard are customizable and address a diverse set of security and privacy requirements.;858573892697;us-east-1;2026-09-13 17:57:11.149991;sc_2;The information system separates user functionality (including user interface services) from information system management functionality.;System and Communications Protection (SC);;;iam;;PASS;AWS policy AmazonEC2ContainerServiceFullAccess is attached but does not allow '*:*' administrative privileges.;arn:aws:iam::aws:policy/AmazonEC2ContainerServiceFullAccess;iam_aws_attached_policy_no_administrative_privileges;False;AmazonEC2ContainerServiceFullAccess;NIST-800-53-Revision-4;National Institute of Standards and Technology (NIST) 800-53 Revision 4;
aws;NIST 800-53 is a regulatory standard that defines the minimum baseline of security controls for all U.S. federal information systems except those related to national security. The controls defined in this standard are customizable and address a diverse set of security and privacy requirements.;858573892697;us-east-1;2026-09-13 17:57:11.149991;ac_2;Manage system accounts, group memberships, privileges, workflow, notifications, deactivations, and authorizations.;Access Control (AC);;;aws;;PASS;AWS policy AmazonRDSServiceRolePolicy is attached but does not allow '*:*' administrative privileges.;arn:aws:iam::aws:policy/aws-service-role/AmazonRDSServiceRolePolicy;iam_aws_attached_policy_no_administrative_privileges;False;AmazonRDSServiceRolePolicy;NIST-800-53-Revision-4;National Institute of Standards and Technology (NIST) 800-53 Revision 4;
aws;NIST 800-53 is a regulatory standard that defines the minimum baseline of security controls for all U.S. federal information systems except those related to national security. The controls defined in this standard are customizable and address a diverse set of security and privacy requirements.;858573892697;us-east-1;2026-09-13 17:57:11.149991;ac_3;The information system enforces approved authorizations for logical access to information and system resources in accordance with applicable access control policies.;Access Control (AC);;;aws;;PASS;AWS policy AmazonRDSServiceRolePolicy is attached but does not allow '*:*' administrative privileges.;arn:aws:iam::aws:policy/aws-service-role/AmazonRDSServiceRolePolicy;iam_aws_attached_policy_no_administrative_privileges;False;AmazonRDSServiceRolePolicy;NIST-800-53-Revision-4;National Institute of Standards and Technology (NIST) 800-53 Revision 4;
aws;NIST 800-53 is a regulatory standard that defines the minimum baseline of security controls for all U.S. federal information systems except those related to national security. The controls defined in this standard are customizable and address a diverse set of security and privacy requirements.;858573892697;us-east-1;2026-09-13 17:57:11.149991;ac_5;Separate duties of individuals to prevent malevolent activity. automate separation of duties and access authorizations.;Access Control (AC);;;aws;;PASS;AWS policy AmazonRDSServiceRolePolicy is attached but does not allow '*:*' administrative privileges.;arn:aws:iam::aws:policy/aws-service-role/AmazonRDSServiceRolePolicy;iam_aws_attached_policy_no_administrative_privileges;False;AmazonRDSServiceRolePolicy;NIST-800-53-Revision-4;National Institute of Standards and Technology (NIST) 800-53 Revision 4;
aws;NIST 800-53 is a regulatory standard that defines the minimum baseline of security controls for all U.S. federal information systems except those related to national security. The controls defined in this standard are customizable and address a diverse set of security and privacy requirements.;858573892697;us-east-1;2026-09-13 17:57:11.149991;ac_6;The organization employs the principle of least privilege, allowing only authorized accesses for users (or processes acting on behalf of users) which are necessary to accomplish assigned tasks in accordance with organizational missions and business functions.;Access Control (AC);;;aws;;PASS;AWS policy AmazonRDSServiceRolePolicy is attached but does not allow '*:*' administrative privileges.;arn:aws:iam::aws:policy/aws-service-role/AmazonRDSServiceRolePolicy;iam_aws_attached_policy_no_administrative_privileges;False;AmazonRDSServiceRolePolicy;NIST-800-53-Revision-4;National Institute of Standards and Technology (NIST) 800-53 Revision 4;
aws;NIST 800-53 is a regulatory standard that defines the minimum baseline of security controls for all U.S. federal information systems except those related to national security. The controls defined in this standard are customizable and address a diverse set of security and privacy requirements.;858573892697;us-east-1;2026-09-13 17:57:11.149991;sc_2;The information system separates user functionality (including user interface services) from information system management functionality.;System and Communications Protection (SC);;;iam;;PASS;AWS policy AmazonRDSServiceRolePolicy is attached but does not allow '*:*' administrative privileges.;arn:aws:iam::aws:policy/aws-service-role/AmazonRDSServiceRolePolicy;iam_aws_attached_policy_no_administrative_privileges;False;AmazonRDSServiceRolePolicy;NIST-800-53-Revision-4;National Institute of Standards and Technology (NIST) 800-53 Revision 4;
aws;NIST 800-53 is a regulatory standard that defines the minimum baseline of security controls for all U.S. federal information systems except those related to national security. The controls defined in this standard are customizable and address a diverse set of security and privacy requirements.;858573892697;us-east-1;2026-09-13 17:57:11.149991;ac_2;Manage system accounts, group memberships, privileges, workflow, notifications, deactivations, and authorizations.;Access Control (AC);;;aws;;PASS;AWS policy AWSTrustedAdvisorServiceRolePolicy is attached but does not allow '*:*' administrative privileges.;arn:aws:iam::aws:policy/aws-service-role/AWSTrustedAdvisorServiceRolePolicy;iam_aws_attached_policy_no_administrative_privileges;False;AWSTrustedAdvisorServiceRolePolicy;NIST-800-53-Revision-4;National Institute of Standards and Technology (NIST) 800-53 Revision 4;
aws;NIST 800-53 is a regulatory standard that defines the minimum baseline of security controls for all U.S. federal information systems except those related to national security. The controls defined in this standard are customizable and address a diverse set of security and privacy requirements.;858573892697;us-east-1;2026-09-13 17:57:11.149991;ac_3;The information system enforces approved authorizations for logical access to information and system resources in accordance with applicable access control policies.;Access Control (AC);;;aws;;PASS;AWS policy AWSTrustedAdvisorServiceRolePolicy is attached but does not allow '*:*' administrative privileges.;arn:aws:iam::aws:policy/aws-service-role/AWSTrustedAdvisorServiceRolePolicy;iam_aws_attached_policy_no_administrative_privileges;False;AWSTrustedAdvisorServiceRolePolicy;NIST-800-53-Revision-4;National Institute of Standards and Technology (NIST) 800-53 Revision 4;
aws;NIST 800-53 is a regulatory standard that defines the minimum baseline of security controls for all U.S. federal information systems except those related to national security. The controls defined in this standard are customizable and address a diverse set of security and privacy requirements.;858573892697;us-east-1;2026-09-13 17:57:11.149991;ac_5;Separate duties of individuals to prevent malevolent activity. automate separation of duties and access authorizations.;Access Control (AC);;;aws;;PASS;AWS policy AWSTrustedAdvisorServiceRolePolicy is attached but does not allow '*:*' administrative privileges.;arn:aws:iam::aws:policy/aws-service-role/AWSTrustedAdvisorServiceRolePolicy;iam_aws_attached_policy_no_administrative_privileges;False;AWSTrustedAdvisorServiceRolePolicy;NIST-800-53-Revision-4;National Institute of Standards and Technology (NIST) 800-53 Revision 4;
aws;NIST 800-53 is a regulatory standard that defines the minimum baseline of security controls for all U.S. federal information systems except those related to national security. The controls defined in this standard are customizable and address a diverse set of security and privacy requirements.;858573892697;us-east-1;2026-09-13 17:57:11.149991;ac_6;The organization employs the principle of least privilege, allowing only authorized accesses for users (or processes acting on behalf of users) which are necessary to accomplish assigned tasks in accordance with organizational missions and business functions.;Access Control (AC);;;aws;;PASS;AWS policy AWSTrustedAdvisorServiceRolePolicy is attached but does not allow '*:*' administrative privileges.;arn:aws:iam::aws:policy/aws-service-role/AWSTrustedAdvisorServiceRolePolicy;iam_aws_attached_policy_no_administrative_privileges;False;AWSTrustedAdvisorServiceRolePolicy;NIST-800-53-Revision-4;National Institute of Standards and Technology (NIST) 800-53 Revision 4;
aws;NIST 800-53 is a regulatory standard that defines the minimum baseline of security controls for all U.S. federal information systems except those related to national security. The controls defined in this standard are customizable and address a diverse set of security and privacy requirements.;858573892697;us-east-1;2026-09-13 17:57:11.149991;sc_2;The information system separates user functionality (including user interface services) from information system management functionality.;System and Communications Protection (SC);;;iam;;PASS;AWS policy AWSTrustedAdvisorServiceRolePolicy is attached but does not allow '*:*' administrative privileges.;arn:aws:iam::aws:policy/aws-service-role/AWSTrustedAdvisorServiceRolePolicy;iam_aws_attached_policy_no_administrative_privileges;False;AWSTrustedAdvisorServiceRolePolicy;NIST-800-53-Revision-4;National Institute of Standards and Technology (NIST) 800-53 Revision 4;
aws;NIST 800-53 is a regulatory standard that defines the minimum baseline of security controls for all U.S. federal information systems except those related to national security. The controls defined in this standard are customizable and address a diverse set of security and privacy requirements.;858573892697;us-east-1;2026-09-13 17:57:11.149991;ac_2;Manage system accounts, group memberships, privileges, workflow, notifications, deactivations, and authorizations.;Access Control (AC);;;aws;;FAIL;AWS policy AdministratorAccess is attached and allows '*:*' administrative privileges.;arn:aws:iam::aws:policy/AdministratorAccess;iam_aws_attached_policy_no_administrative_privileges;False;AdministratorAccess;NIST-800-53-Revision-4;National Institute of Standards and Technology (NIST) 800-53 Revision 4;
aws;NIST 800-53 is a regulatory standard that defines the minimum baseline of security controls for all U.S. federal information systems except those related to national security. The controls defined in this standard are customizable and address a diverse set of security and privacy requirements.;858573892697;us-east-1;2026-09-13 17:57:11.149991;ac_3;The information system enforces approved authorizations for logical access to information and system resources in accordance with applicable access control policies.;Access Control (AC);;;aws;;FAIL;AWS policy AdministratorAccess is attached and allows '*:*' administrative privileges.;arn:aws:iam::aws:policy/AdministratorAccess;iam_aws_attached_policy_no_administrative_privileges;False;AdministratorAccess;NIST-800-53-Revision-4;National Institute of Standards and Technology (NIST) 800-53 Revision 4;
aws;NIST 800-53 is a regulatory standard that defines the minimum baseline of security controls for all U.S. federal information systems except those related to national security. The controls defined in this standard are customizable and address a diverse set of security and privacy requirements.;858573892697;us-east-1;2026-09-13 17:57:11.149991;ac_5;Separate duties of individuals to prevent malevolent activity. automate separation of duties and access authorizations.;Access Control (AC);;;aws;;FAIL;AWS policy AdministratorAccess is attached and allows '*:*' administrative privileges.;arn:aws:iam::aws:policy/AdministratorAccess;iam_aws_attached_policy_no_administrative_privileges;False;AdministratorAccess;NIST-800-53-Revision-4;National Institute of Standards and Technology (NIST) 800-53 Revision 4;
aws;NIST 800-53 is a regulatory standard that defines the minimum baseline of security controls for all U.S. federal information systems except those related to national security. The controls defined in this standard are customizable and address a diverse set of security and privacy requirements.;858573892697;us-east-1;2026-09-13 17:57:11.149991;ac_6;The organization employs the principle of least privilege, allowing only authorized accesses for users (or processes acting on behalf of users) which are necessary to accomplish assigned tasks in accordance with organizational missions and business functions.;Access Control (AC);;;aws;;FAIL;AWS policy AdministratorAccess is attached and allows '*:*' administrative privileges.;arn:aws:iam::aws:policy/AdministratorAccess;iam_aws_attached_policy_no_administrative_privileges;False;AdministratorAccess;NIST-800-53-Revision-4;National Institute of Standards and Technology (NIST) 800-53 Revision 4;
aws;NIST 800-53 is a regulatory standard that defines the minimum baseline of security controls for all U.S. federal information systems except those related to national security. The controls defined in this standard are customizable and address a diverse set of security and privacy requirements.;858573892697;us-east-1;2026-09-13 17:57:11.149991;sc_2;The information system separates user functionality (including user interface services) from information system management functionality.;System and Communications Protection (SC);;;iam;;FAIL;AWS policy AdministratorAccess is attached and allows '*:*' administrative privileges.;arn:aws:iam::aws:policy/AdministratorAccess;iam_aws_attached_policy_no_administrative_privileges;False;AdministratorAccess;NIST-800-53-Revision-4;National Institute of Standards and Technology (NIST) 800-53 Revision 4;
aws;NIST 800-53 is a regulatory standard that defines the minimum baseline of security controls for all U.S. federal information systems except those related to national security. The controls defined in this standard are customizable and address a diverse set of security and privacy requirements.;858573892697;us-east-1;2026-09-13 17:57:11.149991;ac_2;Manage system accounts, group memberships, privileges, workflow, notifications, deactivations, and authorizations.;Access Control (AC);;;aws;;PASS;AWS policy AWSSupportServiceRolePolicy is attached but does not allow '*:*' administrative privileges.;arn:aws:iam::aws:policy/aws-service-role/AWSSupportServiceRolePolicy;iam_aws_attached_policy_no_administrative_privileges;False;AWSSupportServiceRolePolicy;NIST-800-53-Revision-4;National Institute of Standards and Technology (NIST) 800-53 Revision 4;
aws;NIST 800-53 is a regulatory standard that defines the minimum baseline of security controls for all U.S. federal information systems except those related to national security. The controls defined in this standard are customizable and address a diverse set of security and privacy requirements.;858573892697;us-east-1;2026-09-13 17:57:11.149991;ac_3;The information system enforces approved authorizations for logical access to information and system resources in accordance with applicable access control policies.;Access Control (AC);;;aws;;PASS;AWS policy AWSSupportServiceRolePolicy is attached but does not allow '*:*' administrative privileges.;arn:aws:iam::aws:policy/aws-service-role/AWSSupportServiceRolePolicy;iam_aws_attached_policy_no_administrative_privileges;False;AWSSupportServiceRolePolicy;NIST-800-53-Revision-4;National Institute of Standards and Technology (NIST) 800-53 Revision 4;
aws;NIST 800-53 is a regulatory standard that defines the minimum baseline of security controls for all U.S. federal information systems except those related to national security. The controls defined in this standard are customizable and address a diverse set of security and privacy requirements.;858573892697;us-east-1;2026-09-13 17:57:11.149991;ac_5;Separate duties of individuals to prevent malevolent activity. automate separation of duties and access authorizations.;Access Control (AC);;;aws;;PASS;AWS policy AWSSupportServiceRolePolicy is attached but does not allow '*:*' administrative privileges.;arn:aws:iam::aws:policy/aws-service-role/AWSSupportServiceRolePolicy;iam_aws_attached_policy_no_administrative_privileges;False;AWSSupportServiceRolePolicy;NIST-800-53-Revision-4;National Institute of Standards and Technology (NIST) 800-53 Revision 4;
aws;NIST 800-53 is a regulatory standard that defines the minimum baseline of security controls for all U.S. federal information systems except those related to national security. The controls defined in this standard are customizable and address a diverse set of security and privacy requirements.;858573892697;us-east-1;2026-09-13 17:57:11.149991;ac_6;The organization employs the principle of least privilege, allowing only authorized accesses for users (or processes acting on behalf of users) which are necessary to accomplish assigned tasks in accordance with organizational missions and business functions.;Access Control (AC);;;aws;;PASS;AWS policy AWSSupportServiceRolePolicy is attached but does not allow '*:*' administrative privileges.;arn:aws:iam::aws:policy/aws-service-role/AWSSupportServiceRolePolicy;iam_aws_attached_policy_no_administrative_privileges;False;AWSSupportServiceRolePolicy;NIST-800-53-Revision-4;National Institute of Standards and Technology (NIST) 800-53 Revision 4;
aws;NIST 800-53 is a regulatory standard that defines the minimum baseline of security controls for all U.S. federal information systems except those related to national security. The controls defined in this standard are customizable and address a diverse set of security and privacy requirements.;858573892697;us-east-1;2026-09-13 17:57:11.149991;sc_2;The information system separates user functionality (including user interface services) from information system management functionality.;System and Communications Protection (SC);;;iam;;PASS;AWS policy AWSSupportServiceRolePolicy is attached but does not allow '*:*' administrative privileges.;arn:aws:iam::aws:policy/aws-service-role/AWSSupportServiceRolePolicy;iam_aws_attached_policy_no_administrative_privileges;False;AWSSupportServiceRolePolicy;NIST-800-53-Revision-4;National Institute of Standards and Technology (NIST) 800-53 Revision 4;
aws;NIST 800-53 is a regulatory standard that defines the minimum baseline of security controls for all U.S. federal information systems except those related to national security. The controls defined in this standard are customizable and address a diverse set of security and privacy requirements.;858573892697;us-east-1;2026-09-13 17:57:11.149991;ac_2;Manage system accounts, group memberships, privileges, workflow, notifications, deactivations, and authorizations.;Access Control (AC);;;aws;;PASS;AWS policy AWSDeepRacerServiceRolePolicy is attached but does not allow '*:*' administrative privileges.;arn:aws:iam::aws:policy/service-role/AWSDeepRacerServiceRolePolicy;iam_aws_attached_policy_no_administrative_privileges;False;AWSDeepRacerServiceRolePolicy;NIST-800-53-Revision-4;National Institute of Standards and Technology (NIST) 800-53 Revision 4;
aws;NIST 800-53 is a regulatory standard that defines the minimum baseline of security controls for all U.S. federal information systems except those related to national security. The controls defined in this standard are customizable and address a diverse set of security and privacy requirements.;858573892697;us-east-1;2026-09-13 17:57:11.149991;ac_3;The information system enforces approved authorizations for logical access to information and system resources in accordance with applicable access control policies.;Access Control (AC);;;aws;;PASS;AWS policy AWSDeepRacerServiceRolePolicy is attached but does not allow '*:*' administrative privileges.;arn:aws:iam::aws:policy/service-role/AWSDeepRacerServiceRolePolicy;iam_aws_attached_policy_no_administrative_privileges;False;AWSDeepRacerServiceRolePolicy;NIST-800-53-Revision-4;National Institute of Standards and Technology (NIST) 800-53 Revision 4;
aws;NIST 800-53 is a regulatory standard that defines the minimum baseline of security controls for all U.S. federal information systems except those related to national security. The controls defined in this standard are customizable and address a diverse set of security and privacy requirements.;858573892697;us-east-1;2026-09-13 17:57:11.149991;ac_5;Separate duties of individuals to prevent malevolent activity. automate separation of duties and access authorizations.;Access Control (AC);;;aws;;PASS;AWS policy AWSDeepRacerServiceRolePolicy is attached but does not allow '*:*' administrative privileges.;arn:aws:iam::aws:policy/service-role/AWSDeepRacerServiceRolePolicy;iam_aws_attached_policy_no_administrative_privileges;False;AWSDeepRacerServiceRolePolicy;NIST-800-53-Revision-4;National Institute of Standards and Technology (NIST) 800-53 Revision 4;
aws;NIST 800-53 is a regulatory standard that defines the minimum baseline of security controls for all U.S. federal information systems except those related to national security. The controls defined in this standard are customizable and address a diverse set of security and privacy requirements.;858573892697;us-east-1;2026-09-13 17:57:11.149991;ac_6;The organization employs the principle of least privilege, allowing only authorized accesses for users (or processes acting on behalf of users) which are necessary to accomplish assigned tasks in accordance with organizational missions and business functions.;Access Control (AC);;;aws;;PASS;AWS policy AWSDeepRacerServiceRolePolicy is attached but does not allow '*:*' administrative privileges.;arn:aws:iam::aws:policy/service-role/AWSDeepRacerServiceRolePolicy;iam_aws_attached_policy_no_administrative_privileges;False;AWSDeepRacerServiceRolePolicy;NIST-800-53-Revision-4;National Institute of Standards and Technology (NIST) 800-53 Revision 4;
aws;NIST 800-53 is a regulatory standard that defines the minimum baseline of security controls for all U.S. federal information systems except those related to national security. The controls defined in this standard are customizable and address a diverse set of security and privacy requirements.;858573892697;us-east-1;2026-09-13 17:57:11.149991;sc_2;The information system separates user functionality (including user interface services) from information system management functionality.;System and Communications Protection (SC);;;iam;;PASS;AWS policy AWSDeepRacerServiceRolePolicy is attached but does not allow '*:*' administrative privileges.;arn:aws:iam::aws:policy/service-role/AWSDeepRacerServiceRolePolicy;iam_aws_attached_policy_no_administrative_privileges;False;AWSDeepRacerServiceRolePolicy;NIST-800-53-Revision-4;National Institute of Standards and Technology (NIST) 800-53 Revision 4;
aws;NIST 800-53 is a regulatory standard that defines the minimum baseline of security controls for all U.S. federal information systems except those related to national security. The controls defined in this standard are customizable and address a diverse set of security and privacy requirements.;858573892697;us-east-1;2026-09-13 17:57:11.149991;ac_2;Manage system accounts, group memberships, privileges, workflow, notifications, deactivations, and authorizations.;Access Control (AC);;;aws;;PASS;AWS policy DatabaseAdministrator is attached but does not allow '*:*' administrative privileges.;arn:aws:iam::aws:policy/job-function/DatabaseAdministrator;iam_aws_attached_policy_no_administrative_privileges;False;DatabaseAdministrator;NIST-800-53-Revision-4;National Institute of Standards and Technology (NIST) 800-53 Revision 4;
aws;NIST 800-53 is a regulatory standard that defines the minimum baseline of security controls for all U.S. federal information systems except those related to national security. The controls defined in this standard are customizable and address a diverse set of security and privacy requirements.;858573892697;us-east-1;2026-09-13 17:57:11.149991;ac_3;The information system enforces approved authorizations for logical access to information and system resources in accordance with applicable access control policies.;Access Control (AC);;;aws;;PASS;AWS policy DatabaseAdministrator is attached but does not allow '*:*' administrative privileges.;arn:aws:iam::aws:policy/job-function/DatabaseAdministrator;iam_aws_attached_policy_no_administrative_privileges;False;DatabaseAdministrator;NIST-800-53-Revision-4;National Institute of Standards and Technology (NIST) 800-53 Revision 4;
aws;NIST 800-53 is a regulatory standard that defines the minimum baseline of security controls for all U.S. federal information systems except those related to national security. The controls defined in this standard are customizable and address a diverse set of security and privacy requirements.;858573892697;us-east-1;2026-09-13 17:57:11.149991;ac_5;Separate duties of individuals to prevent malevolent activity. automate separation of duties and access authorizations.;Access Control (AC);;;aws;;PASS;AWS policy DatabaseAdministrator is attached but does not allow '*:*' administrative privileges.;arn:aws:iam::aws:policy/job-function/DatabaseAdministrator;iam_aws_attached_policy_no_administrative_privileges;False;DatabaseAdministrator;NIST-800-53-Revision-4;National Institute of Standards and Technology (NIST) 800-53 Revision 4;
aws;NIST 800-53 is a regulatory standard that defines the minimum baseline of security controls for all U.S. federal information systems except those related to national security. The controls defined in this standard are customizable and address a diverse set of security and privacy requirements.;858573892697;us-east-1;2026-09-13 17:57:11.149991;ac_6;The organization employs the principle of least privilege, allowing only authorized accesses for users (or processes acting on behalf of users) which are necessary to accomplish assigned tasks in accordance with organizational missions and business functions.;Access Control (AC);;;aws;;PASS;AWS policy DatabaseAdministrator is attached but does not allow '*:*' administrative privileges.;arn:aws:iam::aws:policy/job-function/DatabaseAdministrator;iam_aws_attached_policy_no_administrative_privileges;False;DatabaseAdministrator;NIST-800-53-Revision-4;National Institute of Standards and Technology (NIST) 800-53 Revision 4;
aws;NIST 800-53 is a regulatory standard that defines the minimum baseline of security controls for all U.S. federal information systems except those related to national security. The controls defined in this standard are customizable and address a diverse set of security and privacy requirements.;858573892697;us-east-1;2026-09-13 17:57:11.149991;sc_2;The information system separates user functionality (including user interface services) from information system management functionality.;System and Communications Protection (SC);;;iam;;PASS;AWS policy DatabaseAdministrator is attached but does not allow '*:*' administrative privileges.;arn:aws:iam::aws:policy/job-function/DatabaseAdministrator;iam_aws_attached_policy_no_administrative_privileges;False;DatabaseAdministrator;NIST-800-53-Revision-4;National Institute of Standards and Technology (NIST) 800-53 Revision 4;
aws;NIST 800-53 is a regulatory standard that defines the minimum baseline of security controls for all U.S. federal information systems except those related to national security. The controls defined in this standard are customizable and address a diverse set of security and privacy requirements.;858573892697;us-east-1;2026-09-13 17:57:11.149991;ac_2;Manage system accounts, group memberships, privileges, workflow, notifications, deactivations, and authorizations.;Access Control (AC);;;aws;;PASS;AWS policy AWSLambdaBasicExecutionRole is attached but does not allow '*:*' administrative privileges.;arn:aws:iam::aws:policy/service-role/AWSLambdaBasicExecutionRole;iam_aws_attached_policy_no_administrative_privileges;False;AWSLambdaBasicExecutionRole;NIST-800-53-Revision-4;National Institute of Standards and Technology (NIST) 800-53 Revision 4;
aws;NIST 800-53 is a regulatory standard that defines the minimum baseline of security controls for all U.S. federal information systems except those related to national security. The controls defined in this standard are customizable and address a diverse set of security and privacy requirements.;858573892697;us-east-1;2026-09-13 17:57:11.149991;ac_3;The information system enforces approved authorizations for logical access to information and system resources in accordance with applicable access control policies.;Access Control (AC);;;aws;;PASS;AWS policy AWSLambdaBasicExecutionRole is attached but does not allow '*:*' administrative privileges.;arn:aws:iam::aws:policy/service-role/AWSLambdaBasicExecutionRole;iam_aws_attached_policy_no_administrative_privileges;False;AWSLambdaBasicExecutionRole;NIST-800-53-Revision-4;National Institute of Standards and Technology (NIST) 800-53 Revision 4;
aws;NIST 800-53 is a regulatory standard that defines the minimum baseline of security controls for all U.S. federal information systems except those related to national security. The controls defined in this standard are customizable and address a diverse set of security and privacy requirements.;858573892697;us-east-1;2026-09-13 17:57:11.149991;ac_5;Separate duties of individuals to prevent malevolent activity. automate separation of duties and access authorizations.;Access Control (AC);;;aws;;PASS;AWS policy AWSLambdaBasicExecutionRole is attached but does not allow '*:*' administrative privileges.;arn:aws:iam::aws:policy/service-role/AWSLambdaBasicExecutionRole;iam_aws_attached_policy_no_administrative_privileges;False;AWSLambdaBasicExecutionRole;NIST-800-53-Revision-4;National Institute of Standards and Technology (NIST) 800-53 Revision 4;
aws;NIST 800-53 is a regulatory standard that defines the minimum baseline of security controls for all U.S. federal information systems except those related to national security. The controls defined in this standard are customizable and address a diverse set of security and privacy requirements.;858573892697;us-east-1;2026-09-13 17:57:11.149991;ac_6;The organization employs the principle of least privilege, allowing only authorized accesses for users (or processes acting on behalf of users) which are necessary to accomplish assigned tasks in accordance with organizational missions and business functions.;Access Control (AC);;;aws;;PASS;AWS policy AWSLambdaBasicExecutionRole is attached but does not allow '*:*' administrative privileges.;arn:aws:iam::aws:policy/service-role/AWSLambdaBasicExecutionRole;iam_aws_attached_policy_no_administrative_privileges;False;AWSLambdaBasicExecutionRole;NIST-800-53-Revision-4;National Institute of Standards and Technology (NIST) 800-53 Revision 4;
aws;NIST 800-53 is a regulatory standard that defines the minimum baseline of security controls for all U.S. federal information systems except those related to national security. The controls defined in this standard are customizable and address a diverse set of security and privacy requirements.;858573892697;us-east-1;2026-09-13 17:57:11.149991;sc_2;The information system separates user functionality (including user interface services) from information system management functionality.;System and Communications Protection (SC);;;iam;;PASS;AWS policy AWSLambdaBasicExecutionRole is attached but does not allow '*:*' administrative privileges.;arn:aws:iam::aws:policy/service-role/AWSLambdaBasicExecutionRole;iam_aws_attached_policy_no_administrative_privileges;False;AWSLambdaBasicExecutionRole;NIST-800-53-Revision-4;National Institute of Standards and Technology (NIST) 800-53 Revision 4;
aws;NIST 800-53 is a regulatory standard that defines the minimum baseline of security controls for all U.S. federal information systems except those related to national security. The controls defined in this standard are customizable and address a diverse set of security and privacy requirements.;858573892697;us-east-1;2026-09-13 17:57:11.149991;ac_2;Manage system accounts, group memberships, privileges, workflow, notifications, deactivations, and authorizations.;Access Control (AC);;;aws;;PASS;AWS policy IAMUserChangePassword is attached but does not allow '*:*' administrative privileges.;arn:aws:iam::aws:policy/IAMUserChangePassword;iam_aws_attached_policy_no_administrative_privileges;False;IAMUserChangePassword;NIST-800-53-Revision-4;National Institute of Standards and Technology (NIST) 800-53 Revision 4;
aws;NIST 800-53 is a regulatory standard that defines the minimum baseline of security controls for all U.S. federal information systems except those related to national security. The controls defined in this standard are customizable and address a diverse set of security and privacy requirements.;858573892697;us-east-1;2026-09-13 17:57:11.149991;ac_3;The information system enforces approved authorizations for logical access to information and system resources in accordance with applicable access control policies.;Access Control (AC);;;aws;;PASS;AWS policy IAMUserChangePassword is attached but does not allow '*:*' administrative privileges.;arn:aws:iam::aws:policy/IAMUserChangePassword;iam_aws_attached_policy_no_administrative_privileges;False;IAMUserChangePassword;NIST-800-53-Revision-4;National Institute of Standards and Technology (NIST) 800-53 Revision 4;
aws;NIST 800-53 is a regulatory standard that defines the minimum baseline of security controls for all U.S. federal information systems except those related to national security. The controls defined in this standard are customizable and address a diverse set of security and privacy requirements.;858573892697;us-east-1;2026-09-13 17:57:11.149991;ac_5;Separate duties of individuals to prevent malevolent activity. automate separation of duties and access authorizations.;Access Control (AC);;;aws;;PASS;AWS policy IAMUserChangePassword is attached but does not allow '*:*' administrative privileges.;arn:aws:iam::aws:policy/IAMUserChangePassword;iam_aws_attached_policy_no_administrative_privileges;False;IAMUserChangePassword;NIST-800-53-Revision-4;National Institute of Standards and Technology (NIST) 800-53 Revision 4;
aws;NIST 800-53 is a regulatory standard that defines the minimum baseline of security controls for all U.S. federal information systems except those related to national security. The controls defined in this standard are customizable and address a diverse set of security and privacy requirements.;858573892697;us-east-1;2026-09-13 17:57:11.149991;ac_6;The organization employs the principle of least privilege, allowing only authorized accesses for users (or processes acting on behalf of users) which are necessary to accomplish assigned tasks in accordance with organizational missions and business functions.;Access Control (AC);;;aws;;PASS;AWS policy IAMUserChangePassword is attached but does not allow '*:*' administrative privileges.;arn:aws:iam::aws:policy/IAMUserChangePassword;iam_aws_attached_policy_no_administrative_privileges;False;IAMUserChangePassword;NIST-800-53-Revision-4;National Institute of Standards and Technology (NIST) 800-53 Revision 4;
aws;NIST 800-53 is a regulatory standard that defines the minimum baseline of security controls for all U.S. federal information systems except those related to national security. The controls defined in this standard are customizable and address a diverse set of security and privacy requirements.;858573892697;us-east-1;2026-09-13 17:57:11.149991;sc_2;The information system separates user functionality (including user interface services) from information system management functionality.;System and Communications Protection (SC);;;iam;;PASS;AWS policy IAMUserChangePassword is attached but does not allow '*:*' administrative privileges.;arn:aws:iam::aws:policy/IAMUserChangePassword;iam_aws_attached_policy_no_administrative_privileges;False;IAMUserChangePassword;NIST-800-53-Revision-4;National Institute of Standards and Technology (NIST) 800-53 Revision 4;
aws;NIST 800-53 is a regulatory standard that defines the minimum baseline of security controls for all U.S. federal information systems except those related to national security. The controls defined in this standard are customizable and address a diverse set of security and privacy requirements.;858573892697;us-east-1;2026-09-13 17:57:11.149991;ac_2;Manage system accounts, group memberships, privileges, workflow, notifications, deactivations, and authorizations.;Access Control (AC);;;aws;;PASS;AWS policy NetworkAdministrator is attached but does not allow '*:*' administrative privileges.;arn:aws:iam::aws:policy/job-function/NetworkAdministrator;iam_aws_attached_policy_no_administrative_privileges;False;NetworkAdministrator;NIST-800-53-Revision-4;National Institute of Standards and Technology (NIST) 800-53 Revision 4;
aws;NIST 800-53 is a regulatory standard that defines the minimum baseline of security controls for all U.S. federal information systems except those related to national security. The controls defined in this standard are customizable and address a diverse set of security and privacy requirements.;858573892697;us-east-1;2026-09-13 17:57:11.149991;ac_3;The information system enforces approved authorizations for logical access to information and system resources in accordance with applicable access control policies.;Access Control (AC);;;aws;;PASS;AWS policy NetworkAdministrator is attached but does not allow '*:*' administrative privileges.;arn:aws:iam::aws:policy/job-function/NetworkAdministrator;iam_aws_attached_policy_no_administrative_privileges;False;NetworkAdministrator;NIST-800-53-Revision-4;National Institute of Standards and Technology (NIST) 800-53 Revision 4;
aws;NIST 800-53 is a regulatory standard that defines the minimum baseline of security controls for all U.S. federal information systems except those related to national security. The controls defined in this standard are customizable and address a diverse set of security and privacy requirements.;858573892697;us-east-1;2026-09-13 17:57:11.149991;ac_5;Separate duties of individuals to prevent malevolent activity. automate separation of duties and access authorizations.;Access Control (AC);;;aws;;PASS;AWS policy NetworkAdministrator is attached but does not allow '*:*' administrative privileges.;arn:aws:iam::aws:policy/job-function/NetworkAdministrator;iam_aws_attached_policy_no_administrative_privileges;False;NetworkAdministrator;NIST-800-53-Revision-4;National Institute of Standards and Technology (NIST) 800-53 Revision 4;
aws;NIST 800-53 is a regulatory standard that defines the minimum baseline of security controls for all U.S. federal information systems except those related to national security. The controls defined in this standard are customizable and address a diverse set of security and privacy requirements.;858573892697;us-east-1;2026-09-13 17:57:11.149991;ac_6;The organization employs the principle of least privilege, allowing only authorized accesses for users (or processes acting on behalf of users) which are necessary to accomplish assigned tasks in accordance with organizational missions and business functions.;Access Control (AC);;;aws;;PASS;AWS policy NetworkAdministrator is attached but does not allow '*:*' administrative privileges.;arn:aws:iam::aws:policy/job-function/NetworkAdministrator;iam_aws_attached_policy_no_administrative_privileges;False;NetworkAdministrator;NIST-800-53-Revision-4;National Institute of Standards and Technology (NIST) 800-53 Revision 4;
aws;NIST 800-53 is a regulatory standard that defines the minimum baseline of security controls for all U.S. federal information systems except those related to national security. The controls defined in this standard are customizable and address a diverse set of security and privacy requirements.;858573892697;us-east-1;2026-09-13 17:57:11.149991;sc_2;The information system separates user functionality (including user interface services) from information system management functionality.;System and Communications Protection (SC);;;iam;;PASS;AWS policy NetworkAdministrator is attached but does not allow '*:*' administrative privileges.;arn:aws:iam::aws:policy/job-function/NetworkAdministrator;iam_aws_attached_policy_no_administrative_privileges;False;NetworkAdministrator;NIST-800-53-Revision-4;National Institute of Standards and Technology (NIST) 800-53 Revision 4;
aws;NIST 800-53 is a regulatory standard that defines the minimum baseline of security controls for all U.S. federal information systems except those related to national security. The controls defined in this standard are customizable and address a diverse set of security and privacy requirements.;858573892697;us-east-1;2026-09-13 17:57:11.149991;ac_2;Manage system accounts, group memberships, privileges, workflow, notifications, deactivations, and authorizations.;Access Control (AC);;;aws;;PASS;AWS policy AWSDeepRacerRoboMakerAccessPolicy is attached but does not allow '*:*' administrative privileges.;arn:aws:iam::aws:policy/AWSDeepRacerRoboMakerAccessPolicy;iam_aws_attached_policy_no_administrative_privileges;False;AWSDeepRacerRoboMakerAccessPolicy;NIST-800-53-Revision-4;National Institute of Standards and Technology (NIST) 800-53 Revision 4;
aws;NIST 800-53 is a regulatory standard that defines the minimum baseline of security controls for all U.S. federal information systems except those related to national security. The controls defined in this standard are customizable and address a diverse set of security and privacy requirements.;858573892697;us-east-1;2026-09-13 17:57:11.149991;ac_3;The information system enforces approved authorizations for logical access to information and system resources in accordance with applicable access control policies.;Access Control (AC);;;aws;;PASS;AWS policy AWSDeepRacerRoboMakerAccessPolicy is attached but does not allow '*:*' administrative privileges.;arn:aws:iam::aws:policy/AWSDeepRacerRoboMakerAccessPolicy;iam_aws_attached_policy_no_administrative_privileges;False;AWSDeepRacerRoboMakerAccessPolicy;NIST-800-53-Revision-4;National Institute of Standards and Technology (NIST) 800-53 Revision 4;
aws;NIST 800-53 is a regulatory standard that defines the minimum baseline of security controls for all U.S. federal information systems except those related to national security. The controls defined in this standard are customizable and address a diverse set of security and privacy requirements.;858573892697;us-east-1;2026-09-13 17:57:11.149991;ac_5;Separate duties of individuals to prevent malevolent activity. automate separation of duties and access authorizations.;Access Control (AC);;;aws;;PASS;AWS policy AWSDeepRacerRoboMakerAccessPolicy is attached but does not allow '*:*' administrative privileges.;arn:aws:iam::aws:policy/AWSDeepRacerRoboMakerAccessPolicy;iam_aws_attached_policy_no_administrative_privileges;False;AWSDeepRacerRoboMakerAccessPolicy;NIST-800-53-Revision-4;National Institute of Standards and Technology (NIST) 800-53 Revision 4;
aws;NIST 800-53 is a regulatory standard that defines the minimum baseline of security controls for all U.S. federal information systems except those related to national security. The controls defined in this standard are customizable and address a diverse set of security and privacy requirements.;858573892697;us-east-1;2026-09-13 17:57:11.149991;ac_6;The organization employs the principle of least privilege, allowing only authorized accesses for users (or processes acting on behalf of users) which are necessary to accomplish assigned tasks in accordance with organizational missions and business functions.;Access Control (AC);;;aws;;PASS;AWS policy AWSDeepRacerRoboMakerAccessPolicy is attached but does not allow '*:*' administrative privileges.;arn:aws:iam::aws:policy/AWSDeepRacerRoboMakerAccessPolicy;iam_aws_attached_policy_no_administrative_privileges;False;AWSDeepRacerRoboMakerAccessPolicy;NIST-800-53-Revision-4;National Institute of Standards and Technology (NIST) 800-53 Revision 4;
aws;NIST 800-53 is a regulatory standard that defines the minimum baseline of security controls for all U.S. federal information systems except those related to national security. The controls defined in this standard are customizable and address a diverse set of security and privacy requirements.;858573892697;us-east-1;2026-09-13 17:57:11.149991;sc_2;The information system separates user functionality (including user interface services) from information system management functionality.;System and Communications Protection (SC);;;iam;;PASS;AWS policy AWSDeepRacerRoboMakerAccessPolicy is attached but does not allow '*:*' administrative privileges.;arn:aws:iam::aws:policy/AWSDeepRacerRoboMakerAccessPolicy;iam_aws_attached_policy_no_administrative_privileges;False;AWSDeepRacerRoboMakerAccessPolicy;NIST-800-53-Revision-4;National Institute of Standards and Technology (NIST) 800-53 Revision 4;
aws;NIST 800-53 is a regulatory standard that defines the minimum baseline of security controls for all U.S. federal information systems except those related to national security. The controls defined in this standard are customizable and address a diverse set of security and privacy requirements.;858573892697;us-east-1;2026-09-13 17:57:11.149991;ac_2;Manage system accounts, group memberships, privileges, workflow, notifications, deactivations, and authorizations.;Access Control (AC);;;aws;;PASS;AWS policy AmazonSageMakerFullAccess is attached but does not allow '*:*' administrative privileges.;arn:aws:iam::aws:policy/AmazonSageMakerFullAccess;iam_aws_attached_policy_no_administrative_privileges;False;AmazonSageMakerFullAccess;NIST-800-53-Revision-4;National Institute of Standards and Technology (NIST) 800-53 Revision 4;
aws;NIST 800-53 is a regulatory standard that defines the minimum baseline of security controls for all U.S. federal information systems except those related to national security. The controls defined in this standard are customizable and address a diverse set of security and privacy requirements.;858573892697;us-east-1;2026-09-13 17:57:11.149991;ac_3;The information system enforces approved authorizations for logical access to information and system resources in accordance with applicable access control policies.;Access Control (AC);;;aws;;PASS;AWS policy AmazonSageMakerFullAccess is attached but does not allow '*:*' administrative privileges.;arn:aws:iam::aws:policy/AmazonSageMakerFullAccess;iam_aws_attached_policy_no_administrative_privileges;False;AmazonSageMakerFullAccess;NIST-800-53-Revision-4;National Institute of Standards and Technology (NIST) 800-53 Revision 4;
aws;NIST 800-53 is a regulatory standard that defines the minimum baseline of security controls for all U.S. federal information systems except those related to national security. The controls defined in this standard are customizable and address a diverse set of security and privacy requirements.;858573892697;us-east-1;2026-09-13 17:57:11.149991;ac_5;Separate duties of individuals to prevent malevolent activity. automate separation of duties and access authorizations.;Access Control (AC);;;aws;;PASS;AWS policy AmazonSageMakerFullAccess is attached but does not allow '*:*' administrative privileges.;arn:aws:iam::aws:policy/AmazonSageMakerFullAccess;iam_aws_attached_policy_no_administrative_privileges;False;AmazonSageMakerFullAccess;NIST-800-53-Revision-4;National Institute of Standards and Technology (NIST) 800-53 Revision 4;
aws;NIST 800-53 is a regulatory standard that defines the minimum baseline of security controls for all U.S. federal information systems except those related to national security. The controls defined in this standard are customizable and address a diverse set of security and privacy requirements.;858573892697;us-east-1;2026-09-13 17:57:11.149991;ac_6;The organization employs the principle of least privilege, allowing only authorized accesses for users (or processes acting on behalf of users) which are necessary to accomplish assigned tasks in accordance with organizational missions and business functions.;Access Control (AC);;;aws;;PASS;AWS policy AmazonSageMakerFullAccess is attached but does not allow '*:*' administrative privileges.;arn:aws:iam::aws:policy/AmazonSageMakerFullAccess;iam_aws_attached_policy_no_administrative_privileges;False;AmazonSageMakerFullAccess;NIST-800-53-Revision-4;National Institute of Standards and Technology (NIST) 800-53 Revision 4;
aws;NIST 800-53 is a regulatory standard that defines the minimum baseline of security controls for all U.S. federal information systems except those related to national security. The controls defined in this standard are customizable and address a diverse set of security and privacy requirements.;858573892697;us-east-1;2026-09-13 17:57:11.149991;sc_2;The information system separates user functionality (including user interface services) from information system management functionality.;System and Communications Protection (SC);;;iam;;PASS;AWS policy AmazonSageMakerFullAccess is attached but does not allow '*:*' administrative privileges.;arn:aws:iam::aws:policy/AmazonSageMakerFullAccess;iam_aws_attached_policy_no_administrative_privileges;False;AmazonSageMakerFullAccess;NIST-800-53-Revision-4;National Institute of Standards and Technology (NIST) 800-53 Revision 4;
aws;NIST 800-53 is a regulatory standard that defines the minimum baseline of security controls for all U.S. federal information systems except those related to national security. The controls defined in this standard are customizable and address a diverse set of security and privacy requirements.;858573892697;us-east-1;2026-09-13 17:57:11.149991;ac_2;Manage system accounts, group memberships, privileges, workflow, notifications, deactivations, and authorizations.;Access Control (AC);;;aws;;PASS;AWS policy AmazonS3FullAccess is attached but does not allow '*:*' administrative privileges.;arn:aws:iam::aws:policy/AmazonS3FullAccess;iam_aws_attached_policy_no_administrative_privileges;False;AmazonS3FullAccess;NIST-800-53-Revision-4;National Institute of Standards and Technology (NIST) 800-53 Revision 4;
aws;NIST 800-53 is a regulatory standard that defines the minimum baseline of security controls for all U.S. federal information systems except those related to national security. The controls defined in this standard are customizable and address a diverse set of security and privacy requirements.;858573892697;us-east-1;2026-09-13 17:57:11.149991;ac_3;The information system enforces approved authorizations for logical access to information and system resources in accordance with applicable access control policies.;Access Control (AC);;;aws;;PASS;AWS policy AmazonS3FullAccess is attached but does not allow '*:*' administrative privileges.;arn:aws:iam::aws:policy/AmazonS3FullAccess;iam_aws_attached_policy_no_administrative_privileges;False;AmazonS3FullAccess;NIST-800-53-Revision-4;National Institute of Standards and Technology (NIST) 800-53 Revision 4;
aws;NIST 800-53 is a regulatory standard that defines the minimum baseline of security controls for all U.S. federal information systems except those related to national security. The controls defined in this standard are customizable and address a diverse set of security and privacy requirements.;858573892697;us-east-1;2026-09-13 17:57:11.149991;ac_5;Separate duties of individuals to prevent malevolent activity. automate separation of duties and access authorizations.;Access Control (AC);;;aws;;PASS;AWS policy AmazonS3FullAccess is attached but does not allow '*:*' administrative privileges.;arn:aws:iam::aws:policy/AmazonS3FullAccess;iam_aws_attached_policy_no_administrative_privileges;False;AmazonS3FullAccess;NIST-800-53-Revision-4;National Institute of Standards and Technology (NIST) 800-53 Revision 4;
aws;NIST 800-53 is a regulatory standard that defines the minimum baseline of security controls for all U.S. federal information systems except those related to national security. The controls defined in this standard are customizable and address a diverse set of security and privacy requirements.;858573892697;us-east-1;2026-09-13 17:57:11.149991;ac_6;The organization employs the principle of least privilege, allowing only authorized accesses for users (or processes acting on behalf of users) which are necessary to accomplish assigned tasks in accordance with organizational missions and business functions.;Access Control (AC);;;aws;;PASS;AWS policy AmazonS3FullAccess is attached but does not allow '*:*' administrative privileges.;arn:aws:iam::aws:policy/AmazonS3FullAccess;iam_aws_attached_policy_no_administrative_privileges;False;AmazonS3FullAccess;NIST-800-53-Revision-4;National Institute of Standards and Technology (NIST) 800-53 Revision 4;
aws;NIST 800-53 is a regulatory standard that defines the minimum baseline of security controls for all U.S. federal information systems except those related to national security. The controls defined in this standard are customizable and address a diverse set of security and privacy requirements.;858573892697;us-east-1;2026-09-13 17:57:11.149991;sc_2;The information system separates user functionality (including user interface services) from information system management functionality.;System and Communications Protection (SC);;;iam;;PASS;AWS policy AmazonS3FullAccess is attached but does not allow '*:*' administrative privileges.;arn:aws:iam::aws:policy/AmazonS3FullAccess;iam_aws_attached_policy_no_administrative_privileges;False;AmazonS3FullAccess;NIST-800-53-Revision-4;National Institute of Standards and Technology (NIST) 800-53 Revision 4;
aws;NIST 800-53 is a regulatory standard that defines the minimum baseline of security controls for all U.S. federal information systems except those related to national security. The controls defined in this standard are customizable and address a diverse set of security and privacy requirements.;858573892697;us-east-1;2026-09-13 17:57:11.149991;ac_2;Manage system accounts, group memberships, privileges, workflow, notifications, deactivations, and authorizations.;Access Control (AC);;;aws;;PASS;AWS policy AdministratorAccess-AWSElasticBeanstalk is attached but does not allow '*:*' administrative privileges.;arn:aws:iam::aws:policy/AdministratorAccess-AWSElasticBeanstalk;iam_aws_attached_policy_no_administrative_privileges;False;AdministratorAccess-AWSElasticBeanstalk;NIST-800-53-Revision-4;National Institute of Standards and Technology (NIST) 800-53 Revision 4;
aws;NIST 800-53 is a regulatory standard that defines the minimum baseline of security controls for all U.S. federal information systems except those related to national security. The controls defined in this standard are customizable and address a diverse set of security and privacy requirements.;858573892697;us-east-1;2026-09-13 17:57:11.149991;ac_3;The information system enforces approved authorizations for logical access to information and system resources in accordance with applicable access control policies.;Access Control (AC);;;aws;;PASS;AWS policy AdministratorAccess-AWSElasticBeanstalk is attached but does not allow '*:*' administrative privileges.;arn:aws:iam::aws:policy/AdministratorAccess-AWSElasticBeanstalk;iam_aws_attached_policy_no_administrative_privileges;False;AdministratorAccess-AWSElasticBeanstalk;NIST-800-53-Revision-4;National Institute of Standards and Technology (NIST) 800-53 Revision 4;
aws;NIST 800-53 is a regulatory standard that defines the minimum baseline of security controls for all U.S. federal information systems except those related to national security. The controls defined in this standard are customizable and address a diverse set of security and privacy requirements.;858573892697;us-east-1;2026-09-13 17:57:11.149991;ac_5;Separate duties of individuals to prevent malevolent activity. automate separation of duties and access authorizations.;Access Control (AC);;;aws;;PASS;AWS policy AdministratorAccess-AWSElasticBeanstalk is attached but does not allow '*:*' administrative privileges.;arn:aws:iam::aws:policy/AdministratorAccess-AWSElasticBeanstalk;iam_aws_attached_policy_no_administrative_privileges;False;AdministratorAccess-AWSElasticBeanstalk;NIST-800-53-Revision-4;National Institute of Standards and Technology (NIST) 800-53 Revision 4;
aws;NIST 800-53 is a regulatory standard that defines the minimum baseline of security controls for all U.S. federal information systems except those related to national security. The controls defined in this standard are customizable and address a diverse set of security and privacy requirements.;858573892697;us-east-1;2026-09-13 17:57:11.149991;ac_6;The organization employs the principle of least privilege, allowing only authorized accesses for users (or processes acting on behalf of users) which are necessary to accomplish assigned tasks in accordance with organizational missions and business functions.;Access Control (AC);;;aws;;PASS;AWS policy AdministratorAccess-AWSElasticBeanstalk is attached but does not allow '*:*' administrative privileges.;arn:aws:iam::aws:policy/AdministratorAccess-AWSElasticBeanstalk;iam_aws_attached_policy_no_administrative_privileges;False;AdministratorAccess-AWSElasticBeanstalk;NIST-800-53-Revision-4;National Institute of Standards and Technology (NIST) 800-53 Revision 4;
aws;NIST 800-53 is a regulatory standard that defines the minimum baseline of security controls for all U.S. federal information systems except those related to national security. The controls defined in this standard are customizable and address a diverse set of security and privacy requirements.;858573892697;us-east-1;2026-09-13 17:57:11.149991;sc_2;The information system separates user functionality (including user interface services) from information system management functionality.;System and Communications Protection (SC);;;iam;;PASS;AWS policy AdministratorAccess-AWSElasticBeanstalk is attached but does not allow '*:*' administrative privileges.;arn:aws:iam::aws:policy/AdministratorAccess-AWSElasticBeanstalk;iam_aws_attached_policy_no_administrative_privileges;False;AdministratorAccess-AWSElasticBeanstalk;NIST-800-53-Revision-4;National Institute of Standards and Technology (NIST) 800-53 Revision 4;
aws;NIST 800-53 is a regulatory standard that defines the minimum baseline of security controls for all U.S. federal information systems except those related to national security. The controls defined in this standard are customizable and address a diverse set of security and privacy requirements.;858573892697;us-east-1;2026-09-13 17:57:11.149991;ac_2;Manage system accounts, group memberships, privileges, workflow, notifications, deactivations, and authorizations.;Access Control (AC);;;aws;;PASS;AWS policy AWSResourceExplorerServiceRolePolicy is attached but does not allow '*:*' administrative privileges.;arn:aws:iam::aws:policy/aws-service-role/AWSResourceExplorerServiceRolePolicy;iam_aws_attached_policy_no_administrative_privileges;False;AWSResourceExplorerServiceRolePolicy;NIST-800-53-Revision-4;National Institute of Standards and Technology (NIST) 800-53 Revision 4;
aws;NIST 800-53 is a regulatory standard that defines the minimum baseline of security controls for all U.S. federal information systems except those related to national security. The controls defined in this standard are customizable and address a diverse set of security and privacy requirements.;858573892697;us-east-1;2026-09-13 17:57:11.149991;ac_3;The information system enforces approved authorizations for logical access to information and system resources in accordance with applicable access control policies.;Access Control (AC);;;aws;;PASS;AWS policy AWSResourceExplorerServiceRolePolicy is attached but does not allow '*:*' administrative privileges.;arn:aws:iam::aws:policy/aws-service-role/AWSResourceExplorerServiceRolePolicy;iam_aws_attached_policy_no_administrative_privileges;False;AWSResourceExplorerServiceRolePolicy;NIST-800-53-Revision-4;National Institute of Standards and Technology (NIST) 800-53 Revision 4;
aws;NIST 800-53 is a regulatory standard that defines the minimum baseline of security controls for all U.S. federal information systems except those related to national security. The controls defined in this standard are customizable and address a diverse set of security and privacy requirements.;858573892697;us-east-1;2026-09-13 17:57:11.149991;ac_5;Separate duties of individuals to prevent malevolent activity. automate separation of duties and access authorizations.;Access Control (AC);;;aws;;PASS;AWS policy AWSResourceExplorerServiceRolePolicy is attached but does not allow '*:*' administrative privileges.;arn:aws:iam::aws:policy/aws-service-role/AWSResourceExplorerServiceRolePolicy;iam_aws_attached_policy_no_administrative_privileges;False;AWSResourceExplorerServiceRolePolicy;NIST-800-53-Revision-4;National Institute of Standards and Technology (NIST) 800-53 Revision 4;
aws;NIST 800-53 is a regulatory standard that defines the minimum baseline of security controls for all U.S. federal information systems except those related to national security. The controls defined in this standard are customizable and address a diverse set of security and privacy requirements.;858573892697;us-east-1;2026-09-13 17:57:11.149991;ac_6;The organization employs the principle of least privilege, allowing only authorized accesses for users (or processes acting on behalf of users) which are necessary to accomplish assigned tasks in accordance with organizational missions and business functions.;Access Control (AC);;;aws;;PASS;AWS policy AWSResourceExplorerServiceRolePolicy is attached but does not allow '*:*' administrative privileges.;arn:aws:iam::aws:policy/aws-service-role/AWSResourceExplorerServiceRolePolicy;iam_aws_attached_policy_no_administrative_privileges;False;AWSResourceExplorerServiceRolePolicy;NIST-800-53-Revision-4;National Institute of Standards and Technology (NIST) 800-53 Revision 4;
aws;NIST 800-53 is a regulatory standard that defines the minimum baseline of security controls for all U.S. federal information systems except those related to national security. The controls defined in this standard are customizable and address a diverse set of security and privacy requirements.;858573892697;us-east-1;2026-09-13 17:57:11.149991;sc_2;The information system separates user functionality (including user interface services) from information system management functionality.;System and Communications Protection (SC);;;iam;;PASS;AWS policy AWSResourceExplorerServiceRolePolicy is attached but does not allow '*:*' administrative privileges.;arn:aws:iam::aws:policy/aws-service-role/AWSResourceExplorerServiceRolePolicy;iam_aws_attached_policy_no_administrative_privileges;False;AWSResourceExplorerServiceRolePolicy;NIST-800-53-Revision-4;National Institute of Standards and Technology (NIST) 800-53 Revision 4;
aws;NIST 800-53 is a regulatory standard that defines the minimum baseline of security controls for all U.S. federal information systems except those related to national security. The controls defined in this standard are customizable and address a diverse set of security and privacy requirements.;858573892697;us-east-1;2026-09-13 17:57:11.149991;ac_2;Manage system accounts, group memberships, privileges, workflow, notifications, deactivations, and authorizations.;Access Control (AC);;;aws;;PASS;AWS policy AWSCloudShellFullAccess is attached but does not allow '*:*' administrative privileges.;arn:aws:iam::aws:policy/AWSCloudShellFullAccess;iam_aws_attached_policy_no_administrative_privileges;False;AWSCloudShellFullAccess;NIST-800-53-Revision-4;National Institute of Standards and Technology (NIST) 800-53 Revision 4;
aws;NIST 800-53 is a regulatory standard that defines the minimum baseline of security controls for all U.S. federal information systems except those related to national security. The controls defined in this standard are customizable and address a diverse set of security and privacy requirements.;858573892697;us-east-1;2026-09-13 17:57:11.149991;ac_3;The information system enforces approved authorizations for logical access to information and system resources in accordance with applicable access control policies.;Access Control (AC);;;aws;;PASS;AWS policy AWSCloudShellFullAccess is attached but does not allow '*:*' administrative privileges.;arn:aws:iam::aws:policy/AWSCloudShellFullAccess;iam_aws_attached_policy_no_administrative_privileges;False;AWSCloudShellFullAccess;NIST-800-53-Revision-4;National Institute of Standards and Technology (NIST) 800-53 Revision 4;
aws;NIST 800-53 is a regulatory standard that defines the minimum baseline of security controls for all U.S. federal information systems except those related to national security. The controls defined in this standard are customizable and address a diverse set of security and privacy requirements.;858573892697;us-east-1;2026-09-13 17:57:11.149991;ac_5;Separate duties of individuals to prevent malevolent activity. automate separation of duties and access authorizations.;Access Control (AC);;;aws;;PASS;AWS policy AWSCloudShellFullAccess is attached but does not allow '*:*' administrative privileges.;arn:aws:iam::aws:policy/AWSCloudShellFullAccess;iam_aws_attached_policy_no_administrative_privileges;False;AWSCloudShellFullAccess;NIST-800-53-Revision-4;National Institute of Standards and Technology (NIST) 800-53 Revision 4;
aws;NIST 800-53 is a regulatory standard that defines the minimum baseline of security controls for all U.S. federal information systems except those related to national security. The controls defined in this standard are customizable and address a diverse set of security and privacy requirements.;858573892697;us-east-1;2026-09-13 17:57:11.149991;ac_6;The organization employs the principle of least privilege, allowing only authorized accesses for users (or processes acting on behalf of users) which are necessary to accomplish assigned tasks in accordance with organizational missions and business functions.;Access Control (AC);;;aws;;PASS;AWS policy AWSCloudShellFullAccess is attached but does not allow '*:*' administrative privileges.;arn:aws:iam::aws:policy/AWSCloudShellFullAccess;iam_aws_attached_policy_no_administrative_privileges;False;AWSCloudShellFullAccess;NIST-800-53-Revision-4;National Institute of Standards and Technology (NIST) 800-53 Revision 4;
aws;NIST 800-53 is a regulatory standard that defines the minimum baseline of security controls for all U.S. federal information systems except those related to national security. The controls defined in this standard are customizable and address a diverse set of security and privacy requirements.;858573892697;us-east-1;2026-09-13 17:57:11.149991;sc_2;The information system separates user functionality (including user interface services) from information system management functionality.;System and Communications Protection (SC);;;iam;;PASS;AWS policy AWSCloudShellFullAccess is attached but does not allow '*:*' administrative privileges.;arn:aws:iam::aws:policy/AWSCloudShellFullAccess;iam_aws_attached_policy_no_administrative_privileges;False;AWSCloudShellFullAccess;NIST-800-53-Revision-4;National Institute of Standards and Technology (NIST) 800-53 Revision 4;
aws;NIST 800-53 is a regulatory standard that defines the minimum baseline of security controls for all U.S. federal information systems except those related to national security. The controls defined in this standard are customizable and address a diverse set of security and privacy requirements.;858573892697;us-east-1;2026-09-13 17:57:11.149991;ac_2;Manage system accounts, group memberships, privileges, workflow, notifications, deactivations, and authorizations.;Access Control (AC);;;aws;;PASS;AWS policy AdministratorAccess-Amplify is attached but does not allow '*:*' administrative privileges.;arn:aws:iam::aws:policy/AdministratorAccess-Amplify;iam_aws_attached_policy_no_administrative_privileges;False;AdministratorAccess-Amplify;NIST-800-53-Revision-4;National Institute of Standards and Technology (NIST) 800-53 Revision 4;
aws;NIST 800-53 is a regulatory standard that defines the minimum baseline of security controls for all U.S. federal information systems except those related to national security. The controls defined in this standard are customizable and address a diverse set of security and privacy requirements.;858573892697;us-east-1;2026-09-13 17:57:11.149991;ac_3;The information system enforces approved authorizations for logical access to information and system resources in accordance with applicable access control policies.;Access Control (AC);;;aws;;PASS;AWS policy AdministratorAccess-Amplify is attached but does not allow '*:*' administrative privileges.;arn:aws:iam::aws:policy/AdministratorAccess-Amplify;iam_aws_attached_policy_no_administrative_privileges;False;AdministratorAccess-Amplify;NIST-800-53-Revision-4;National Institute of Standards and Technology (NIST) 800-53 Revision 4;
aws;NIST 800-53 is a regulatory standard that defines the minimum baseline of security controls for all U.S. federal information systems except those related to national security. The controls defined in this standard are customizable and address a diverse set of security and privacy requirements.;858573892697;us-east-1;2026-09-13 17:57:11.149991;ac_5;Separate duties of individuals to prevent malevolent activity. automate separation of duties and access authorizations.;Access Control (AC);;;aws;;PASS;AWS policy AdministratorAccess-Amplify is attached but does not allow '*:*' administrative privileges.;arn:aws:iam::aws:policy/AdministratorAccess-Amplify;iam_aws_attached_policy_no_administrative_privileges;False;AdministratorAccess-Amplify;NIST-800-53-Revision-4;National Institute of Standards and Technology (NIST) 800-53 Revision 4;
aws;NIST 800-53 is a regulatory standard that defines the minimum baseline of security controls for all U.S. federal information systems except those related to national security. The controls defined in this standard are customizable and address a diverse set of security and privacy requirements.;858573892697;us-east-1;2026-09-13 17:57:11.149991;ac_6;The organization employs the principle of least privilege, allowing only authorized accesses for users (or processes acting on behalf of users) which are necessary to accomplish assigned tasks in accordance with organizational missions and business functions.;Access Control (AC);;;aws;;PASS;AWS policy AdministratorAccess-Amplify is attached but does not allow '*:*' administrative privileges.;arn:aws:iam::aws:policy/AdministratorAccess-Amplify;iam_aws_attached_policy_no_administrative_privileges;False;AdministratorAccess-Amplify;NIST-800-53-Revision-4;National Institute of Standards and Technology (NIST) 800-53 Revision 4;
aws;NIST 800-53 is a regulatory standard that defines the minimum baseline of security controls for all U.S. federal information systems except those related to national security. The controls defined in this standard are customizable and address a diverse set of security and privacy requirements.;858573892697;us-east-1;2026-09-13 17:57:11.149991;sc_2;The information system separates user functionality (including user interface services) from information system management functionality.;System and Communications Protection (SC);;;iam;;PASS;AWS policy AdministratorAccess-Amplify is attached but does not allow '*:*' administrative privileges.;arn:aws:iam::aws:policy/AdministratorAccess-Amplify;iam_aws_attached_policy_no_administrative_privileges;False;AdministratorAccess-Amplify;NIST-800-53-Revision-4;National Institute of Standards and Technology (NIST) 800-53 Revision 4;
aws;NIST 800-53 is a regulatory standard that defines the minimum baseline of security controls for all U.S. federal information systems except those related to national security. The controls defined in this standard are customizable and address a diverse set of security and privacy requirements.;858573892697;us-east-1;2026-09-13 17:57:11.149991;ac_2;Manage system accounts, group memberships, privileges, workflow, notifications, deactivations, and authorizations.;Access Control (AC);;;aws;;PASS;AWS policy CostOptimizationHubServiceRolePolicy is attached but does not allow '*:*' administrative privileges.;arn:aws:iam::aws:policy/aws-service-role/CostOptimizationHubServiceRolePolicy;iam_aws_attached_policy_no_administrative_privileges;False;CostOptimizationHubServiceRolePolicy;NIST-800-53-Revision-4;National Institute of Standards and Technology (NIST) 800-53 Revision 4;
aws;NIST 800-53 is a regulatory standard that defines the minimum baseline of security controls for all U.S. federal information systems except those related to national security. The controls defined in this standard are customizable and address a diverse set of security and privacy requirements.;858573892697;us-east-1;2026-09-13 17:57:11.149991;ac_3;The information system enforces approved authorizations for logical access to information and system resources in accordance with applicable access control policies.;Access Control (AC);;;aws;;PASS;AWS policy CostOptimizationHubServiceRolePolicy is attached but does not allow '*:*' administrative privileges.;arn:aws:iam::aws:policy/aws-service-role/CostOptimizationHubServiceRolePolicy;iam_aws_attached_policy_no_administrative_privileges;False;CostOptimizationHubServiceRolePolicy;NIST-800-53-Revision-4;National Institute of Standards and Technology (NIST) 800-53 Revision 4;
aws;NIST 800-53 is a regulatory standard that defines the minimum baseline of security controls for all U.S. federal information systems except those related to national security. The controls defined in this standard are customizable and address a diverse set of security and privacy requirements.;858573892697;us-east-1;2026-09-13 17:57:11.149991;ac_5;Separate duties of individuals to prevent malevolent activity. automate separation of duties and access authorizations.;Access Control (AC);;;aws;;PASS;AWS policy CostOptimizationHubServiceRolePolicy is attached but does not allow '*:*' administrative privileges.;arn:aws:iam::aws:policy/aws-service-role/CostOptimizationHubServiceRolePolicy;iam_aws_attached_policy_no_administrative_privileges;False;CostOptimizationHubServiceRolePolicy;NIST-800-53-Revision-4;National Institute of Standards and Technology (NIST) 800-53 Revision 4;
aws;NIST 800-53 is a regulatory standard that defines the minimum baseline of security controls for all U.S. federal information systems except those related to national security. The controls defined in this standard are customizable and address a diverse set of security and privacy requirements.;858573892697;us-east-1;2026-09-13 17:57:11.149991;ac_6;The organization employs the principle of least privilege, allowing only authorized accesses for users (or processes acting on behalf of users) which are necessary to accomplish assigned tasks in accordance with organizational missions and business functions.;Access Control (AC);;;aws;;PASS;AWS policy CostOptimizationHubServiceRolePolicy is attached but does not allow '*:*' administrative privileges.;arn:aws:iam::aws:policy/aws-service-role/CostOptimizationHubServiceRolePolicy;iam_aws_attached_policy_no_administrative_privileges;False;CostOptimizationHubServiceRolePolicy;NIST-800-53-Revision-4;National Institute of Standards and Technology (NIST) 800-53 Revision 4;
aws;NIST 800-53 is a regulatory standard that defines the minimum baseline of security controls for all U.S. federal information systems except those related to national security. The controls defined in this standard are customizable and address a diverse set of security and privacy requirements.;858573892697;us-east-1;2026-09-13 17:57:11.149991;sc_2;The information system separates user functionality (including user interface services) from information system management functionality.;System and Communications Protection (SC);;;iam;;PASS;AWS policy CostOptimizationHubServiceRolePolicy is attached but does not allow '*:*' administrative privileges.;arn:aws:iam::aws:policy/aws-service-role/CostOptimizationHubServiceRolePolicy;iam_aws_attached_policy_no_administrative_privileges;False;CostOptimizationHubServiceRolePolicy;NIST-800-53-Revision-4;National Institute of Standards and Technology (NIST) 800-53 Revision 4;
aws;NIST 800-53 is a regulatory standard that defines the minimum baseline of security controls for all U.S. federal information systems except those related to national security. The controls defined in this standard are customizable and address a diverse set of security and privacy requirements.;858573892697;us-east-1;2026-09-13 17:57:11.149991;ac_2;Manage system accounts, group memberships, privileges, workflow, notifications, deactivations, and authorizations.;Access Control (AC);;;aws;;PASS;AWS policy AWSAuditManagerAdministratorAccess is attached but does not allow '*:*' administrative privileges.;arn:aws:iam::aws:policy/AWSAuditManagerAdministratorAccess;iam_aws_attached_policy_no_administrative_privileges;False;AWSAuditManagerAdministratorAccess;NIST-800-53-Revision-4;National Institute of Standards and Technology (NIST) 800-53 Revision 4;
aws;NIST 800-53 is a regulatory standard that defines the minimum baseline of security controls for all U.S. federal information systems except those related to national security. The controls defined in this standard are customizable and address a diverse set of security and privacy requirements.;858573892697;us-east-1;2026-09-13 17:57:11.149991;ac_3;The information system enforces approved authorizations for logical access to information and system resources in accordance with applicable access control policies.;Access Control (AC);;;aws;;PASS;AWS policy AWSAuditManagerAdministratorAccess is attached but does not allow '*:*' administrative privileges.;arn:aws:iam::aws:policy/AWSAuditManagerAdministratorAccess;iam_aws_attached_policy_no_administrative_privileges;False;AWSAuditManagerAdministratorAccess;NIST-800-53-Revision-4;National Institute of Standards and Technology (NIST) 800-53 Revision 4;
aws;NIST 800-53 is a regulatory standard that defines the minimum baseline of security controls for all U.S. federal information systems except those related to national security. The controls defined in this standard are customizable and address a diverse set of security and privacy requirements.;858573892697;us-east-1;2026-09-13 17:57:11.149991;ac_5;Separate duties of individuals to prevent malevolent activity. automate separation of duties and access authorizations.;Access Control (AC);;;aws;;PASS;AWS policy AWSAuditManagerAdministratorAccess is attached but does not allow '*:*' administrative privileges.;arn:aws:iam::aws:policy/AWSAuditManagerAdministratorAccess;iam_aws_attached_policy_no_administrative_privileges;False;AWSAuditManagerAdministratorAccess;NIST-800-53-Revision-4;National Institute of Standards and Technology (NIST) 800-53 Revision 4;
aws;NIST 800-53 is a regulatory standard that defines the minimum baseline of security controls for all U.S. federal information systems except those related to national security. The controls defined in this standard are customizable and address a diverse set of security and privacy requirements.;858573892697;us-east-1;2026-09-13 17:57:11.149991;ac_6;The organization employs the principle of least privilege, allowing only authorized accesses for users (or processes acting on behalf of users) which are necessary to accomplish assigned tasks in accordance with organizational missions and business functions.;Access Control (AC);;;aws;;PASS;AWS policy AWSAuditManagerAdministratorAccess is attached but does not allow '*:*' administrative privileges.;arn:aws:iam::aws:policy/AWSAuditManagerAdministratorAccess;iam_aws_attached_policy_no_administrative_privileges;False;AWSAuditManagerAdministratorAccess;NIST-800-53-Revision-4;National Institute of Standards and Technology (NIST) 800-53 Revision 4;
aws;NIST 800-53 is a regulatory standard that defines the minimum baseline of security controls for all U.S. federal information systems except those related to national security. The controls defined in this standard are customizable and address a diverse set of security and privacy requirements.;858573892697;us-east-1;2026-09-13 17:57:11.149991;sc_2;The information system separates user functionality (including user interface services) from information system management functionality.;System and Communications Protection (SC);;;iam;;PASS;AWS policy AWSAuditManagerAdministratorAccess is attached but does not allow '*:*' administrative privileges.;arn:aws:iam::aws:policy/AWSAuditManagerAdministratorAccess;iam_aws_attached_policy_no_administrative_privileges;False;AWSAuditManagerAdministratorAccess;NIST-800-53-Revision-4;National Institute of Standards and Technology (NIST) 800-53 Revision 4;
aws;NIST 800-53 is a regulatory standard that defines the minimum baseline of security controls for all U.S. federal information systems except those related to national security. The controls defined in this standard are customizable and address a diverse set of security and privacy requirements.;858573892697;us-east-1;2026-09-13 17:57:11.149991;ac_2;Manage system accounts, group memberships, privileges, workflow, notifications, deactivations, and authorizations.;Access Control (AC);;;aws;;PASS;Inline policy AWSRevokeOlderSessions attached to user EddieQ does not allow '*:*' administrative privileges.;arn:aws:iam::858573892697:user/EddieQ;iam_inline_policy_no_administrative_privileges;False;EddieQ/AWSRevokeOlderSessions;NIST-800-53-Revision-4;National Institute of Standards and Technology (NIST) 800-53 Revision 4;
aws;NIST 800-53 is a regulatory standard that defines the minimum baseline of security controls for all U.S. federal information systems except those related to national security. The controls defined in this standard are customizable and address a diverse set of security and privacy requirements.;858573892697;us-east-1;2026-09-13 17:57:11.149991;ac_3;The information system enforces approved authorizations for logical access to information and system resources in accordance with applicable access control policies.;Access Control (AC);;;aws;;PASS;Inline policy AWSRevokeOlderSessions attached to user EddieQ does not allow '*:*' administrative privileges.;arn:aws:iam::858573892697:user/EddieQ;iam_inline_policy_no_administrative_privileges;False;EddieQ/AWSRevokeOlderSessions;NIST-800-53-Revision-4;National Institute of Standards and Technology (NIST) 800-53 Revision 4;
aws;NIST 800-53 is a regulatory standard that defines the minimum baseline of security controls for all U.S. federal information systems except those related to national security. The controls defined in this standard are customizable and address a diverse set of security and privacy requirements.;858573892697;us-east-1;2026-09-13 17:57:11.149991;ac_5;Separate duties of individuals to prevent malevolent activity. automate separation of duties and access authorizations.;Access Control (AC);;;aws;;PASS;Inline policy AWSRevokeOlderSessions attached to user EddieQ does not allow '*:*' administrative privileges.;arn:aws:iam::858573892697:user/EddieQ;iam_inline_policy_no_administrative_privileges;False;EddieQ/AWSRevokeOlderSessions;NIST-800-53-Revision-4;National Institute of Standards and Technology (NIST) 800-53 Revision 4;
aws;NIST 800-53 is a regulatory standard that defines the minimum baseline of security controls for all U.S. federal information systems except those related to national security. The controls defined in this standard are customizable and address a diverse set of security and privacy requirements.;858573892697;us-east-1;2026-09-13 17:57:11.149991;ac_6;The organization employs the principle of least privilege, allowing only authorized accesses for users (or processes acting on behalf of users) which are necessary to accomplish assigned tasks in accordance with organizational missions and business functions.;Access Control (AC);;;aws;;PASS;Inline policy AWSRevokeOlderSessions attached to user EddieQ does not allow '*:*' administrative privileges.;arn:aws:iam::858573892697:user/EddieQ;iam_inline_policy_no_administrative_privileges;False;EddieQ/AWSRevokeOlderSessions;NIST-800-53-Revision-4;National Institute of Standards and Technology (NIST) 800-53 Revision 4;
aws;NIST 800-53 is a regulatory standard that defines the minimum baseline of security controls for all U.S. federal information systems except those related to national security. The controls defined in this standard are customizable and address a diverse set of security and privacy requirements.;858573892697;us-east-1;2026-09-13 17:57:11.149991;sc_2;The information system separates user functionality (including user interface services) from information system management functionality.;System and Communications Protection (SC);;;iam;;PASS;Inline policy AWSRevokeOlderSessions attached to user EddieQ does not allow '*:*' administrative privileges.;arn:aws:iam::858573892697:user/EddieQ;iam_inline_policy_no_administrative_privileges;False;EddieQ/AWSRevokeOlderSessions;NIST-800-53-Revision-4;National Institute of Standards and Technology (NIST) 800-53 Revision 4;
aws;NIST 800-53 is a regulatory standard that defines the minimum baseline of security controls for all U.S. federal information systems except those related to national security. The controls defined in this standard are customizable and address a diverse set of security and privacy requirements.;858573892697;us-east-1;2026-09-13 17:57:11.149991;ac_6;The organization employs the principle of least privilege, allowing only authorized accesses for users (or processes acting on behalf of users) which are necessary to accomplish assigned tasks in accordance with organizational missions and business functions.;Access Control (AC);;;aws;;PASS;Inline policy AWSRevokeOlderSessions attached to user EddieQ does not allow 'aws-marketplace:Subscribe' on all resources.;arn:aws:iam::858573892697:user/EddieQ;iam_inline_policy_no_wildcard_marketplace_subscribe;False;EddieQ/AWSRevokeOlderSessions;NIST-800-53-Revision-4;National Institute of Standards and Technology (NIST) 800-53 Revision 4;
aws;NIST 800-53 is a regulatory standard that defines the minimum baseline of security controls for all U.S. federal information systems except those related to national security. The controls defined in this standard are customizable and address a diverse set of security and privacy requirements.;858573892697;us-east-1;2026-09-13 17:57:11.149991;ac_2;Manage system accounts, group memberships, privileges, workflow, notifications, deactivations, and authorizations.;Access Control (AC);;;aws;;PASS;Root account does not have access keys.;arn:aws:iam::858573892697:root;iam_no_root_access_key;False;<root_account>;NIST-800-53-Revision-4;National Institute of Standards and Technology (NIST) 800-53 Revision 4;
aws;NIST 800-53 is a regulatory standard that defines the minimum baseline of security controls for all U.S. federal information systems except those related to national security. The controls defined in this standard are customizable and address a diverse set of security and privacy requirements.;858573892697;us-east-1;2026-09-13 17:57:11.149991;ac_3;The information system enforces approved authorizations for logical access to information and system resources in accordance with applicable access control policies.;Access Control (AC);;;aws;;PASS;Root account does not have access keys.;arn:aws:iam::858573892697:root;iam_no_root_access_key;False;<root_account>;NIST-800-53-Revision-4;National Institute of Standards and Technology (NIST) 800-53 Revision 4;
aws;NIST 800-53 is a regulatory standard that defines the minimum baseline of security controls for all U.S. federal information systems except those related to national security. The controls defined in this standard are customizable and address a diverse set of security and privacy requirements.;858573892697;us-east-1;2026-09-13 17:57:11.149991;ac_6_10;The information system prevents non-privileged users from executing privileged functions to include disabling, circumventing, or altering implemented security safeguards/countermeasures.;Access Control (AC);Least Privilege (AC-6);;iam;;PASS;Root account does not have access keys.;arn:aws:iam::858573892697:root;iam_no_root_access_key;False;<root_account>;NIST-800-53-Revision-4;National Institute of Standards and Technology (NIST) 800-53 Revision 4;
aws;NIST 800-53 is a regulatory standard that defines the minimum baseline of security controls for all U.S. federal information systems except those related to national security. The controls defined in this standard are customizable and address a diverse set of security and privacy requirements.;858573892697;us-east-1;2026-09-13 17:57:11.149991;ac_6;The organization employs the principle of least privilege, allowing only authorized accesses for users (or processes acting on behalf of users) which are necessary to accomplish assigned tasks in accordance with organizational missions and business functions.;Access Control (AC);;;aws;;PASS;Root account does not have access keys.;arn:aws:iam::858573892697:root;iam_no_root_access_key;False;<root_account>;NIST-800-53-Revision-4;National Institute of Standards and Technology (NIST) 800-53 Revision 4;
aws;NIST 800-53 is a regulatory standard that defines the minimum baseline of security controls for all U.S. federal information systems except those related to national security. The controls defined in this standard are customizable and address a diverse set of security and privacy requirements.;858573892697;us-east-1;2026-09-13 17:57:11.149991;ac_2_1;Access control policies (e.g., identity or role-based policies, control matrices, and cryptography) control access between active entities or subjects (i.e., users or processes acting on behalf of users) and passive entities or objects (e.g., devices, files, records, and domains) in systems. Access enforcement mechanisms can be employed at the application and service level to provide increased information security. Other systems include systems internal and external to the organization. This requirement focuses on account management for systems and applications. The definition of and enforcement of access authorizations, other than those determined by account type (e.g., privileged verses non-privileged) are addressed in requirement 3.1.2.;Access Control (AC);Account Management (AC-2);;aws;;FAIL;IAM password policy reuse prevention is less than 24 or not set.;arn:aws:iam:us-east-1:858573892697:password-policy;iam_password_policy_reuse_24;False;858573892697;NIST-800-53-Revision-4;National Institute of Standards and Technology (NIST) 800-53 Revision 4;
aws;NIST 800-53 is a regulatory standard that defines the minimum baseline of security controls for all U.S. federal information systems except those related to national security. The controls defined in this standard are customizable and address a diverse set of security and privacy requirements.;858573892697;us-east-1;2026-09-13 17:57:11.149991;ac_2;Manage system accounts, group memberships, privileges, workflow, notifications, deactivations, and authorizations.;Access Control (AC);;;aws;;FAIL;IAM password policy reuse prevention is less than 24 or not set.;arn:aws:iam:us-east-1:858573892697:password-policy;iam_password_policy_reuse_24;False;858573892697;NIST-800-53-Revision-4;National Institute of Standards and Technology (NIST) 800-53 Revision 4;
aws;NIST 800-53 is a regulatory standard that defines the minimum baseline of security controls for all U.S. federal information systems except those related to national security. The controls defined in this standard are customizable and address a diverse set of security and privacy requirements.;858573892697;us-east-1;2026-09-13 17:57:11.149991;ia_2;The information system uniquely identifies and authenticates organizational users (or processes acting on behalf of organizational users).;Identification and Authentication (IA);;;aws;;FAIL;IAM password policy reuse prevention is less than 24 or not set.;arn:aws:iam:us-east-1:858573892697:password-policy;iam_password_policy_reuse_24;False;858573892697;NIST-800-53-Revision-4;National Institute of Standards and Technology (NIST) 800-53 Revision 4;
aws;NIST 800-53 is a regulatory standard that defines the minimum baseline of security controls for all U.S. federal information systems except those related to national security. The controls defined in this standard are customizable and address a diverse set of security and privacy requirements.;858573892697;us-east-1;2026-09-13 17:57:11.149991;ia_5_1;The information system, for password-based authentication that enforces minimum password complexity, stores and transmits only cryptographically-protected passwords, enforces password minimum and maximum lifetime restrictions, prohibits password reuse, allows the use of a temporary password for system logons with an immediate change to a permanent password etc.;Identification and Authentication (IA);Authenticator Management (IA-5);;iam;;FAIL;IAM password policy reuse prevention is less than 24 or not set.;arn:aws:iam:us-east-1:858573892697:password-policy;iam_password_policy_reuse_24;False;858573892697;NIST-800-53-Revision-4;National Institute of Standards and Technology (NIST) 800-53 Revision 4;
aws;NIST 800-53 is a regulatory standard that defines the minimum baseline of security controls for all U.S. federal information systems except those related to national security. The controls defined in this standard are customizable and address a diverse set of security and privacy requirements.;858573892697;us-east-1;2026-09-13 17:57:11.149991;ia_5_4;The organization employs automated tools to determine if password authenticators are sufficiently strong to satisfy [Assignment: organization-defined requirements].;Identification and Authentication (IA);Authenticator Management (IA-5);;iam;;FAIL;IAM password policy reuse prevention is less than 24 or not set.;arn:aws:iam:us-east-1:858573892697:password-policy;iam_password_policy_reuse_24;False;858573892697;NIST-800-53-Revision-4;National Institute of Standards and Technology (NIST) 800-53 Revision 4;
aws;NIST 800-53 is a regulatory standard that defines the minimum baseline of security controls for all U.S. federal information systems except those related to national security. The controls defined in this standard are customizable and address a diverse set of security and privacy requirements.;858573892697;us-east-1;2026-09-13 17:57:11.149991;ac_6;The organization employs the principle of least privilege, allowing only authorized accesses for users (or processes acting on behalf of users) which are necessary to accomplish assigned tasks in accordance with organizational missions and business functions.;Access Control (AC);;;aws;;FAIL;User EddieQ has the policy AmazonEC2ContainerRegistryFullAccess attached.;arn:aws:iam::858573892697:user/EddieQ;iam_policy_attached_only_to_group_or_roles;False;EddieQ/AmazonEC2ContainerRegistryFullAccess;NIST-800-53-Revision-4;National Institute of Standards and Technology (NIST) 800-53 Revision 4;
aws;NIST 800-53 is a regulatory standard that defines the minimum baseline of security controls for all U.S. federal information systems except those related to national security. The controls defined in this standard are customizable and address a diverse set of security and privacy requirements.;858573892697;us-east-1;2026-09-13 17:57:11.149991;ac_6;The organization employs the principle of least privilege, allowing only authorized accesses for users (or processes acting on behalf of users) which are necessary to accomplish assigned tasks in accordance with organizational missions and business functions.;Access Control (AC);;;aws;;FAIL;User EddieQ has the policy AmazonEC2ContainerServiceFullAccess attached.;arn:aws:iam::858573892697:user/EddieQ;iam_policy_attached_only_to_group_or_roles;False;EddieQ/AmazonEC2ContainerServiceFullAccess;NIST-800-53-Revision-4;National Institute of Standards and Technology (NIST) 800-53 Revision 4;
aws;NIST 800-53 is a regulatory standard that defines the minimum baseline of security controls for all U.S. federal information systems except those related to national security. The controls defined in this standard are customizable and address a diverse set of security and privacy requirements.;858573892697;us-east-1;2026-09-13 17:57:11.149991;ac_6;The organization employs the principle of least privilege, allowing only authorized accesses for users (or processes acting on behalf of users) which are necessary to accomplish assigned tasks in accordance with organizational missions and business functions.;Access Control (AC);;;aws;;FAIL;User EddieQ has the policy AdministratorAccess attached.;arn:aws:iam::858573892697:user/EddieQ;iam_policy_attached_only_to_group_or_roles;False;EddieQ/AdministratorAccess;NIST-800-53-Revision-4;National Institute of Standards and Technology (NIST) 800-53 Revision 4;
aws;NIST 800-53 is a regulatory standard that defines the minimum baseline of security controls for all U.S. federal information systems except those related to national security. The controls defined in this standard are customizable and address a diverse set of security and privacy requirements.;858573892697;us-east-1;2026-09-13 17:57:11.149991;ac_6;The organization employs the principle of least privilege, allowing only authorized accesses for users (or processes acting on behalf of users) which are necessary to accomplish assigned tasks in accordance with organizational missions and business functions.;Access Control (AC);;;aws;;FAIL;User EddieQ has the policy IAMUserChangePassword attached.;arn:aws:iam::858573892697:user/EddieQ;iam_policy_attached_only_to_group_or_roles;False;EddieQ/IAMUserChangePassword;NIST-800-53-Revision-4;National Institute of Standards and Technology (NIST) 800-53 Revision 4;
aws;NIST 800-53 is a regulatory standard that defines the minimum baseline of security controls for all U.S. federal information systems except those related to national security. The controls defined in this standard are customizable and address a diverse set of security and privacy requirements.;858573892697;us-east-1;2026-09-13 17:57:11.149991;ac_6;The organization employs the principle of least privilege, allowing only authorized accesses for users (or processes acting on behalf of users) which are necessary to accomplish assigned tasks in accordance with organizational missions and business functions.;Access Control (AC);;;aws;;FAIL;User EddieQ has the policy AWSCloudShellFullAccess attached.;arn:aws:iam::858573892697:user/EddieQ;iam_policy_attached_only_to_group_or_roles;False;EddieQ/AWSCloudShellFullAccess;NIST-800-53-Revision-4;National Institute of Standards and Technology (NIST) 800-53 Revision 4;
aws;NIST 800-53 is a regulatory standard that defines the minimum baseline of security controls for all U.S. federal information systems except those related to national security. The controls defined in this standard are customizable and address a diverse set of security and privacy requirements.;858573892697;us-east-1;2026-09-13 17:57:11.149991;ac_6;The organization employs the principle of least privilege, allowing only authorized accesses for users (or processes acting on behalf of users) which are necessary to accomplish assigned tasks in accordance with organizational missions and business functions.;Access Control (AC);;;aws;;FAIL;User EddieQ has the inline policy AWSRevokeOlderSessions attached.;arn:aws:iam::858573892697:user/EddieQ;iam_policy_attached_only_to_group_or_roles;False;EddieQ/AWSRevokeOlderSessions;NIST-800-53-Revision-4;National Institute of Standards and Technology (NIST) 800-53 Revision 4;
aws;NIST 800-53 is a regulatory standard that defines the minimum baseline of security controls for all U.S. federal information systems except those related to national security. The controls defined in this standard are customizable and address a diverse set of security and privacy requirements.;858573892697;us-east-1;2026-09-13 17:57:11.149991;ac_6;The organization employs the principle of least privilege, allowing only authorized accesses for users (or processes acting on behalf of users) which are necessary to accomplish assigned tasks in accordance with organizational missions and business functions.;Access Control (AC);;;aws;;PASS;User QLabs has no inline or attached policies.;arn:aws:iam::858573892697:user/QLabs;iam_policy_attached_only_to_group_or_roles;False;QLabs;NIST-800-53-Revision-4;National Institute of Standards and Technology (NIST) 800-53 Revision 4;
aws;NIST 800-53 is a regulatory standard that defines the minimum baseline of security controls for all U.S. federal information systems except those related to national security. The controls defined in this standard are customizable and address a diverse set of security and privacy requirements.;858573892697;us-east-1;2026-09-13 17:57:11.149991;ac_2_1;Access control policies (e.g., identity or role-based policies, control matrices, and cryptography) control access between active entities or subjects (i.e., users or processes acting on behalf of users) and passive entities or objects (e.g., devices, files, records, and domains) in systems. Access enforcement mechanisms can be employed at the application and service level to provide increased information security. Other systems include systems internal and external to the organization. This requirement focuses on account management for systems and applications. The definition of and enforcement of access authorizations, other than those determined by account type (e.g., privileged verses non-privileged) are addressed in requirement 3.1.2.;Access Control (AC);Account Management (AC-2);;aws;;PASS;IAM Role AWSServiceRoleForResourceExplorer accessed Bedrock 3 days ago (threshold: 60 days).;arn:aws:iam::858573892697:role/aws-service-role/resource-explorer-2.amazonaws.com/AWSServiceRoleForResourceExplorer;iam_role_access_not_stale_to_bedrock;False;AWSServiceRoleForResourceExplorer;NIST-800-53-Revision-4;National Institute of Standards and Technology (NIST) 800-53 Revision 4;
aws;NIST 800-53 is a regulatory standard that defines the minimum baseline of security controls for all U.S. federal information systems except those related to national security. The controls defined in this standard are customizable and address a diverse set of security and privacy requirements.;858573892697;us-east-1;2026-09-13 17:57:11.149991;ac_2_3;The information system automatically disables inactive accounts after 90 days for user accounts.;Access Control (AC);Account Management (AC-2);;aws;;PASS;IAM Role AWSServiceRoleForResourceExplorer accessed Bedrock 3 days ago (threshold: 60 days).;arn:aws:iam::858573892697:role/aws-service-role/resource-explorer-2.amazonaws.com/AWSServiceRoleForResourceExplorer;iam_role_access_not_stale_to_bedrock;False;AWSServiceRoleForResourceExplorer;NIST-800-53-Revision-4;National Institute of Standards and Technology (NIST) 800-53 Revision 4;
aws;NIST 800-53 is a regulatory standard that defines the minimum baseline of security controls for all U.S. federal information systems except those related to national security. The controls defined in this standard are customizable and address a diverse set of security and privacy requirements.;858573892697;us-east-1;2026-09-13 17:57:11.149991;ac_2;Manage system accounts, group memberships, privileges, workflow, notifications, deactivations, and authorizations.;Access Control (AC);;;aws;;PASS;IAM Role AWSServiceRoleForResourceExplorer accessed Bedrock 3 days ago (threshold: 60 days).;arn:aws:iam::858573892697:role/aws-service-role/resource-explorer-2.amazonaws.com/AWSServiceRoleForResourceExplorer;iam_role_access_not_stale_to_bedrock;False;AWSServiceRoleForResourceExplorer;NIST-800-53-Revision-4;National Institute of Standards and Technology (NIST) 800-53 Revision 4;
aws;NIST 800-53 is a regulatory standard that defines the minimum baseline of security controls for all U.S. federal information systems except those related to national security. The controls defined in this standard are customizable and address a diverse set of security and privacy requirements.;858573892697;us-east-1;2026-09-13 17:57:11.149991;ac_6;The organization employs the principle of least privilege, allowing only authorized accesses for users (or processes acting on behalf of users) which are necessary to accomplish assigned tasks in accordance with organizational missions and business functions.;Access Control (AC);;;aws;;PASS;IAM Role AWSServiceRoleForResourceExplorer accessed Bedrock 3 days ago (threshold: 60 days).;arn:aws:iam::858573892697:role/aws-service-role/resource-explorer-2.amazonaws.com/AWSServiceRoleForResourceExplorer;iam_role_access_not_stale_to_bedrock;False;AWSServiceRoleForResourceExplorer;NIST-800-53-Revision-4;National Institute of Standards and Technology (NIST) 800-53 Revision 4;
aws;NIST 800-53 is a regulatory standard that defines the minimum baseline of security controls for all U.S. federal information systems except those related to national security. The controls defined in this standard are customizable and address a diverse set of security and privacy requirements.;858573892697;us-east-1;2026-09-13 17:57:11.149991;ac_2_1;Access control policies (e.g., identity or role-based policies, control matrices, and cryptography) control access between active entities or subjects (i.e., users or processes acting on behalf of users) and passive entities or objects (e.g., devices, files, records, and domains) in systems. Access enforcement mechanisms can be employed at the application and service level to provide increased information security. Other systems include systems internal and external to the organization. This requirement focuses on account management for systems and applications. The definition of and enforcement of access authorizations, other than those determined by account type (e.g., privileged verses non-privileged) are addressed in requirement 3.1.2.;Access Control (AC);Account Management (AC-2);;aws;;FAIL;IAM Role AWSServiceRoleForSupport has Bedrock permissions but has never used them.;arn:aws:iam::858573892697:role/aws-service-role/support.amazonaws.com/AWSServiceRoleForSupport;iam_role_access_not_stale_to_bedrock;False;AWSServiceRoleForSupport;NIST-800-53-Revision-4;National Institute of Standards and Technology (NIST) 800-53 Revision 4;
aws;NIST 800-53 is a regulatory standard that defines the minimum baseline of security controls for all U.S. federal information systems except those related to national security. The controls defined in this standard are customizable and address a diverse set of security and privacy requirements.;858573892697;us-east-1;2026-09-13 17:57:11.149991;ac_2_3;The information system automatically disables inactive accounts after 90 days for user accounts.;Access Control (AC);Account Management (AC-2);;aws;;FAIL;IAM Role AWSServiceRoleForSupport has Bedrock permissions but has never used them.;arn:aws:iam::858573892697:role/aws-service-role/support.amazonaws.com/AWSServiceRoleForSupport;iam_role_access_not_stale_to_bedrock;False;AWSServiceRoleForSupport;NIST-800-53-Revision-4;National Institute of Standards and Technology (NIST) 800-53 Revision 4;
aws;NIST 800-53 is a regulatory standard that defines the minimum baseline of security controls for all U.S. federal information systems except those related to national security. The controls defined in this standard are customizable and address a diverse set of security and privacy requirements.;858573892697;us-east-1;2026-09-13 17:57:11.149991;ac_2;Manage system accounts, group memberships, privileges, workflow, notifications, deactivations, and authorizations.;Access Control (AC);;;aws;;FAIL;IAM Role AWSServiceRoleForSupport has Bedrock permissions but has never used them.;arn:aws:iam::858573892697:role/aws-service-role/support.amazonaws.com/AWSServiceRoleForSupport;iam_role_access_not_stale_to_bedrock;False;AWSServiceRoleForSupport;NIST-800-53-Revision-4;National Institute of Standards and Technology (NIST) 800-53 Revision 4;
aws;NIST 800-53 is a regulatory standard that defines the minimum baseline of security controls for all U.S. federal information systems except those related to national security. The controls defined in this standard are customizable and address a diverse set of security and privacy requirements.;858573892697;us-east-1;2026-09-13 17:57:11.149991;ac_6;The organization employs the principle of least privilege, allowing only authorized accesses for users (or processes acting on behalf of users) which are necessary to accomplish assigned tasks in accordance with organizational missions and business functions.;Access Control (AC);;;aws;;FAIL;IAM Role AWSServiceRoleForSupport has Bedrock permissions but has never used them.;arn:aws:iam::858573892697:role/aws-service-role/support.amazonaws.com/AWSServiceRoleForSupport;iam_role_access_not_stale_to_bedrock;False;AWSServiceRoleForSupport;NIST-800-53-Revision-4;National Institute of Standards and Technology (NIST) 800-53 Revision 4;
aws;NIST 800-53 is a regulatory standard that defines the minimum baseline of security controls for all U.S. federal information systems except those related to national security. The controls defined in this standard are customizable and address a diverse set of security and privacy requirements.;858573892697;us-east-1;2026-09-13 17:57:11.149991;ac_2_1;Access control policies (e.g., identity or role-based policies, control matrices, and cryptography) control access between active entities or subjects (i.e., users or processes acting on behalf of users) and passive entities or objects (e.g., devices, files, records, and domains) in systems. Access enforcement mechanisms can be employed at the application and service level to provide increased information security. Other systems include systems internal and external to the organization. This requirement focuses on account management for systems and applications. The definition of and enforcement of access authorizations, other than those determined by account type (e.g., privileged verses non-privileged) are addressed in requirement 3.1.2.;Access Control (AC);Account Management (AC-2);;aws;;FAIL;IAM Role vaultcloud-app-role has Bedrock permissions but has never used them.;arn:aws:iam::858573892697:role/vaultcloud-app-role;iam_role_access_not_stale_to_bedrock;False;vaultcloud-app-role;NIST-800-53-Revision-4;National Institute of Standards and Technology (NIST) 800-53 Revision 4;
aws;NIST 800-53 is a regulatory standard that defines the minimum baseline of security controls for all U.S. federal information systems except those related to national security. The controls defined in this standard are customizable and address a diverse set of security and privacy requirements.;858573892697;us-east-1;2026-09-13 17:57:11.149991;ac_2_3;The information system automatically disables inactive accounts after 90 days for user accounts.;Access Control (AC);Account Management (AC-2);;aws;;FAIL;IAM Role vaultcloud-app-role has Bedrock permissions but has never used them.;arn:aws:iam::858573892697:role/vaultcloud-app-role;iam_role_access_not_stale_to_bedrock;False;vaultcloud-app-role;NIST-800-53-Revision-4;National Institute of Standards and Technology (NIST) 800-53 Revision 4;
aws;NIST 800-53 is a regulatory standard that defines the minimum baseline of security controls for all U.S. federal information systems except those related to national security. The controls defined in this standard are customizable and address a diverse set of security and privacy requirements.;858573892697;us-east-1;2026-09-13 17:57:11.149991;ac_2;Manage system accounts, group memberships, privileges, workflow, notifications, deactivations, and authorizations.;Access Control (AC);;;aws;;FAIL;IAM Role vaultcloud-app-role has Bedrock permissions but has never used them.;arn:aws:iam::858573892697:role/vaultcloud-app-role;iam_role_access_not_stale_to_bedrock;False;vaultcloud-app-role;NIST-800-53-Revision-4;National Institute of Standards and Technology (NIST) 800-53 Revision 4;
aws;NIST 800-53 is a regulatory standard that defines the minimum baseline of security controls for all U.S. federal information systems except those related to national security. The controls defined in this standard are customizable and address a diverse set of security and privacy requirements.;858573892697;us-east-1;2026-09-13 17:57:11.149991;ac_6;The organization employs the principle of least privilege, allowing only authorized accesses for users (or processes acting on behalf of users) which are necessary to accomplish assigned tasks in accordance with organizational missions and business functions.;Access Control (AC);;;aws;;FAIL;IAM Role vaultcloud-app-role has Bedrock permissions but has never used them.;arn:aws:iam::858573892697:role/vaultcloud-app-role;iam_role_access_not_stale_to_bedrock;False;vaultcloud-app-role;NIST-800-53-Revision-4;National Institute of Standards and Technology (NIST) 800-53 Revision 4;
aws;NIST 800-53 is a regulatory standard that defines the minimum baseline of security controls for all U.S. federal information systems except those related to national security. The controls defined in this standard are customizable and address a diverse set of security and privacy requirements.;858573892697;us-east-1;2026-09-13 17:57:11.149991;ac_2_1;Access control policies (e.g., identity or role-based policies, control matrices, and cryptography) control access between active entities or subjects (i.e., users or processes acting on behalf of users) and passive entities or objects (e.g., devices, files, records, and domains) in systems. Access enforcement mechanisms can be employed at the application and service level to provide increased information security. Other systems include systems internal and external to the organization. This requirement focuses on account management for systems and applications. The definition of and enforcement of access authorizations, other than those determined by account type (e.g., privileged verses non-privileged) are addressed in requirement 3.1.2.;Access Control (AC);Account Management (AC-2);;aws;;FAIL;IAM Role vaultcloud-lambda-role has Bedrock permissions but has never used them.;arn:aws:iam::858573892697:role/vaultcloud-lambda-role;iam_role_access_not_stale_to_bedrock;False;vaultcloud-lambda-role;NIST-800-53-Revision-4;National Institute of Standards and Technology (NIST) 800-53 Revision 4;
aws;NIST 800-53 is a regulatory standard that defines the minimum baseline of security controls for all U.S. federal information systems except those related to national security. The controls defined in this standard are customizable and address a diverse set of security and privacy requirements.;858573892697;us-east-1;2026-09-13 17:57:11.149991;ac_2_3;The information system automatically disables inactive accounts after 90 days for user accounts.;Access Control (AC);Account Management (AC-2);;aws;;FAIL;IAM Role vaultcloud-lambda-role has Bedrock permissions but has never used them.;arn:aws:iam::858573892697:role/vaultcloud-lambda-role;iam_role_access_not_stale_to_bedrock;False;vaultcloud-lambda-role;NIST-800-53-Revision-4;National Institute of Standards and Technology (NIST) 800-53 Revision 4;
aws;NIST 800-53 is a regulatory standard that defines the minimum baseline of security controls for all U.S. federal information systems except those related to national security. The controls defined in this standard are customizable and address a diverse set of security and privacy requirements.;858573892697;us-east-1;2026-09-13 17:57:11.149991;ac_2;Manage system accounts, group memberships, privileges, workflow, notifications, deactivations, and authorizations.;Access Control (AC);;;aws;;FAIL;IAM Role vaultcloud-lambda-role has Bedrock permissions but has never used them.;arn:aws:iam::858573892697:role/vaultcloud-lambda-role;iam_role_access_not_stale_to_bedrock;False;vaultcloud-lambda-role;NIST-800-53-Revision-4;National Institute of Standards and Technology (NIST) 800-53 Revision 4;
aws;NIST 800-53 is a regulatory standard that defines the minimum baseline of security controls for all U.S. federal information systems except those related to national security. The controls defined in this standard are customizable and address a diverse set of security and privacy requirements.;858573892697;us-east-1;2026-09-13 17:57:11.149991;ac_6;The organization employs the principle of least privilege, allowing only authorized accesses for users (or processes acting on behalf of users) which are necessary to accomplish assigned tasks in accordance with organizational missions and business functions.;Access Control (AC);;;aws;;FAIL;IAM Role vaultcloud-lambda-role has Bedrock permissions but has never used them.;arn:aws:iam::858573892697:role/vaultcloud-lambda-role;iam_role_access_not_stale_to_bedrock;False;vaultcloud-lambda-role;NIST-800-53-Revision-4;National Institute of Standards and Technology (NIST) 800-53 Revision 4;
aws;NIST 800-53 is a regulatory standard that defines the minimum baseline of security controls for all U.S. federal information systems except those related to national security. The controls defined in this standard are customizable and address a diverse set of security and privacy requirements.;858573892697;us-east-1;2026-09-13 17:57:11.149991;ia_2_1;The information system implements multi-factor authentication for network access to privileged accounts.;Identification and Authentication (IA);Identification and Authentication (Organizational users) (IA-2);;iam;;FAIL;Root account has a virtual MFA instead of a hardware MFA device enabled.;arn:aws:iam::858573892697:mfa;iam_root_hardware_mfa_enabled;False;<root_account>;NIST-800-53-Revision-4;National Institute of Standards and Technology (NIST) 800-53 Revision 4;
aws;NIST 800-53 is a regulatory standard that defines the minimum baseline of security controls for all U.S. federal information systems except those related to national security. The controls defined in this standard are customizable and address a diverse set of security and privacy requirements.;858573892697;us-east-1;2026-09-13 17:57:11.149991;ia_2_11;The information system implements multifactor authentication for remote access to privileged and non-privileged accounts such that one of the factors is provided by a device separate from the system gaining access and the device meets [Assignment: organization-defined strength of mechanism requirements].;Identification and Authentication (IA);Identification and Authentication (Organizational users) (IA-2);;iam;;FAIL;Root account has a virtual MFA instead of a hardware MFA device enabled.;arn:aws:iam::858573892697:mfa;iam_root_hardware_mfa_enabled;False;<root_account>;NIST-800-53-Revision-4;National Institute of Standards and Technology (NIST) 800-53 Revision 4;
aws;NIST 800-53 is a regulatory standard that defines the minimum baseline of security controls for all U.S. federal information systems except those related to national security. The controls defined in this standard are customizable and address a diverse set of security and privacy requirements.;858573892697;us-east-1;2026-09-13 17:57:11.149991;ac_2;Manage system accounts, group memberships, privileges, workflow, notifications, deactivations, and authorizations.;Access Control (AC);;;aws;;PASS;MFA is enabled for root account.;arn:aws:iam::858573892697:root;iam_root_mfa_enabled;False;<root_account>;NIST-800-53-Revision-4;National Institute of Standards and Technology (NIST) 800-53 Revision 4;
aws;NIST 800-53 is a regulatory standard that defines the minimum baseline of security controls for all U.S. federal information systems except those related to national security. The controls defined in this standard are customizable and address a diverse set of security and privacy requirements.;858573892697;us-east-1;2026-09-13 17:57:11.149991;ia_2_1;The information system implements multi-factor authentication for network access to privileged accounts.;Identification and Authentication (IA);Identification and Authentication (Organizational users) (IA-2);;iam;;PASS;MFA is enabled for root account.;arn:aws:iam::858573892697:root;iam_root_mfa_enabled;False;<root_account>;NIST-800-53-Revision-4;National Institute of Standards and Technology (NIST) 800-53 Revision 4;
aws;NIST 800-53 is a regulatory standard that defines the minimum baseline of security controls for all U.S. federal information systems except those related to national security. The controls defined in this standard are customizable and address a diverse set of security and privacy requirements.;858573892697;us-east-1;2026-09-13 17:57:11.149991;ia_2_11;The information system implements multifactor authentication for remote access to privileged and non-privileged accounts such that one of the factors is provided by a device separate from the system gaining access and the device meets [Assignment: organization-defined strength of mechanism requirements].;Identification and Authentication (IA);Identification and Authentication (Organizational users) (IA-2);;iam;;PASS;MFA is enabled for root account.;arn:aws:iam::858573892697:root;iam_root_mfa_enabled;False;<root_account>;NIST-800-53-Revision-4;National Institute of Standards and Technology (NIST) 800-53 Revision 4;
aws;NIST 800-53 is a regulatory standard that defines the minimum baseline of security controls for all U.S. federal information systems except those related to national security. The controls defined in this standard are customizable and address a diverse set of security and privacy requirements.;858573892697;us-east-1;2026-09-13 17:57:11.149991;ac_2_1;Access control policies (e.g., identity or role-based policies, control matrices, and cryptography) control access between active entities or subjects (i.e., users or processes acting on behalf of users) and passive entities or objects (e.g., devices, files, records, and domains) in systems. Access enforcement mechanisms can be employed at the application and service level to provide increased information security. Other systems include systems internal and external to the organization. This requirement focuses on account management for systems and applications. The definition of and enforcement of access authorizations, other than those determined by account type (e.g., privileged verses non-privileged) are addressed in requirement 3.1.2.;Access Control (AC);Account Management (AC-2);;aws;;PASS;User <root_account> does not have access keys.;arn:aws:iam::858573892697:root;iam_rotate_access_key_90_days;False;<root_account>;NIST-800-53-Revision-4;National Institute of Standards and Technology (NIST) 800-53 Revision 4;
aws;NIST 800-53 is a regulatory standard that defines the minimum baseline of security controls for all U.S. federal information systems except those related to national security. The controls defined in this standard are customizable and address a diverse set of security and privacy requirements.;858573892697;us-east-1;2026-09-13 17:57:11.149991;ac_2;Manage system accounts, group memberships, privileges, workflow, notifications, deactivations, and authorizations.;Access Control (AC);;;aws;;PASS;User <root_account> does not have access keys.;arn:aws:iam::858573892697:root;iam_rotate_access_key_90_days;False;<root_account>;NIST-800-53-Revision-4;National Institute of Standards and Technology (NIST) 800-53 Revision 4;
aws;NIST 800-53 is a regulatory standard that defines the minimum baseline of security controls for all U.S. federal information systems except those related to national security. The controls defined in this standard are customizable and address a diverse set of security and privacy requirements.;858573892697;us-east-1;2026-09-13 17:57:11.149991;ac_2_1;Access control policies (e.g., identity or role-based policies, control matrices, and cryptography) control access between active entities or subjects (i.e., users or processes acting on behalf of users) and passive entities or objects (e.g., devices, files, records, and domains) in systems. Access enforcement mechanisms can be employed at the application and service level to provide increased information security. Other systems include systems internal and external to the organization. This requirement focuses on account management for systems and applications. The definition of and enforcement of access authorizations, other than those determined by account type (e.g., privileged verses non-privileged) are addressed in requirement 3.1.2.;Access Control (AC);Account Management (AC-2);;aws;;FAIL;User EddieQ has not rotated access key 1 in over 90 days (2709 days).;arn:aws:iam::858573892697:user/EddieQ;iam_rotate_access_key_90_days;False;EddieQ-access-key-1;NIST-800-53-Revision-4;National Institute of Standards and Technology (NIST) 800-53 Revision 4;
aws;NIST 800-53 is a regulatory standard that defines the minimum baseline of security controls for all U.S. federal information systems except those related to national security. The controls defined in this standard are customizable and address a diverse set of security and privacy requirements.;858573892697;us-east-1;2026-09-13 17:57:11.149991;ac_2;Manage system accounts, group memberships, privileges, workflow, notifications, deactivations, and authorizations.;Access Control (AC);;;aws;;FAIL;User EddieQ has not rotated access key 1 in over 90 days (2709 days).;arn:aws:iam::858573892697:user/EddieQ;iam_rotate_access_key_90_days;False;EddieQ-access-key-1;NIST-800-53-Revision-4;National Institute of Standards and Technology (NIST) 800-53 Revision 4;
aws;NIST 800-53 is a regulatory standard that defines the minimum baseline of security controls for all U.S. federal information systems except those related to national security. The controls defined in this standard are customizable and address a diverse set of security and privacy requirements.;858573892697;us-east-1;2026-09-13 17:57:11.149991;ac_2_1;Access control policies (e.g., identity or role-based policies, control matrices, and cryptography) control access between active entities or subjects (i.e., users or processes acting on behalf of users) and passive entities or objects (e.g., devices, files, records, and domains) in systems. Access enforcement mechanisms can be employed at the application and service level to provide increased information security. Other systems include systems internal and external to the organization. This requirement focuses on account management for systems and applications. The definition of and enforcement of access authorizations, other than those determined by account type (e.g., privileged verses non-privileged) are addressed in requirement 3.1.2.;Access Control (AC);Account Management (AC-2);;aws;;PASS;User QLabs does not have access keys older than 90 days.;arn:aws:iam::858573892697:user/QLabs;iam_rotate_access_key_90_days;False;QLabs;NIST-800-53-Revision-4;National Institute of Standards and Technology (NIST) 800-53 Revision 4;
aws;NIST 800-53 is a regulatory standard that defines the minimum baseline of security controls for all U.S. federal information systems except those related to national security. The controls defined in this standard are customizable and address a diverse set of security and privacy requirements.;858573892697;us-east-1;2026-09-13 17:57:11.149991;ac_2;Manage system accounts, group memberships, privileges, workflow, notifications, deactivations, and authorizations.;Access Control (AC);;;aws;;PASS;User QLabs does not have access keys older than 90 days.;arn:aws:iam::858573892697:user/QLabs;iam_rotate_access_key_90_days;False;QLabs;NIST-800-53-Revision-4;National Institute of Standards and Technology (NIST) 800-53 Revision 4;
aws;NIST 800-53 is a regulatory standard that defines the minimum baseline of security controls for all U.S. federal information systems except those related to national security. The controls defined in this standard are customizable and address a diverse set of security and privacy requirements.;858573892697;us-east-1;2026-09-13 17:57:11.149991;ac_2_1;Access control policies (e.g., identity or role-based policies, control matrices, and cryptography) control access between active entities or subjects (i.e., users or processes acting on behalf of users) and passive entities or objects (e.g., devices, files, records, and domains) in systems. Access enforcement mechanisms can be employed at the application and service level to provide increased information security. Other systems include systems internal and external to the organization. This requirement focuses on account management for systems and applications. The definition of and enforcement of access authorizations, other than those determined by account type (e.g., privileged verses non-privileged) are addressed in requirement 3.1.2.;Access Control (AC);Account Management (AC-2);;aws;;FAIL;IAM User EddieQ has Bedrock permissions but has never used them.;arn:aws:iam::858573892697:user/EddieQ;iam_user_access_not_stale_to_bedrock;False;EddieQ;NIST-800-53-Revision-4;National Institute of Standards and Technology (NIST) 800-53 Revision 4;
aws;NIST 800-53 is a regulatory standard that defines the minimum baseline of security controls for all U.S. federal information systems except those related to national security. The controls defined in this standard are customizable and address a diverse set of security and privacy requirements.;858573892697;us-east-1;2026-09-13 17:57:11.149991;ac_2_3;The information system automatically disables inactive accounts after 90 days for user accounts.;Access Control (AC);Account Management (AC-2);;aws;;FAIL;IAM User EddieQ has Bedrock permissions but has never used them.;arn:aws:iam::858573892697:user/EddieQ;iam_user_access_not_stale_to_bedrock;False;EddieQ;NIST-800-53-Revision-4;National Institute of Standards and Technology (NIST) 800-53 Revision 4;
aws;NIST 800-53 is a regulatory standard that defines the minimum baseline of security controls for all U.S. federal information systems except those related to national security. The controls defined in this standard are customizable and address a diverse set of security and privacy requirements.;858573892697;us-east-1;2026-09-13 17:57:11.149991;ac_2;Manage system accounts, group memberships, privileges, workflow, notifications, deactivations, and authorizations.;Access Control (AC);;;aws;;FAIL;IAM User EddieQ has Bedrock permissions but has never used them.;arn:aws:iam::858573892697:user/EddieQ;iam_user_access_not_stale_to_bedrock;False;EddieQ;NIST-800-53-Revision-4;National Institute of Standards and Technology (NIST) 800-53 Revision 4;
aws;NIST 800-53 is a regulatory standard that defines the minimum baseline of security controls for all U.S. federal information systems except those related to national security. The controls defined in this standard are customizable and address a diverse set of security and privacy requirements.;858573892697;us-east-1;2026-09-13 17:57:11.149991;ac_6;The organization employs the principle of least privilege, allowing only authorized accesses for users (or processes acting on behalf of users) which are necessary to accomplish assigned tasks in accordance with organizational missions and business functions.;Access Control (AC);;;aws;;FAIL;IAM User EddieQ has Bedrock permissions but has never used them.;arn:aws:iam::858573892697:user/EddieQ;iam_user_access_not_stale_to_bedrock;False;EddieQ;NIST-800-53-Revision-4;National Institute of Standards and Technology (NIST) 800-53 Revision 4;
aws;NIST 800-53 is a regulatory standard that defines the minimum baseline of security controls for all U.S. federal information systems except those related to national security. The controls defined in this standard are customizable and address a diverse set of security and privacy requirements.;858573892697;us-east-1;2026-09-13 17:57:11.149991;ac_2_1;Access control policies (e.g., identity or role-based policies, control matrices, and cryptography) control access between active entities or subjects (i.e., users or processes acting on behalf of users) and passive entities or objects (e.g., devices, files, records, and domains) in systems. Access enforcement mechanisms can be employed at the application and service level to provide increased information security. Other systems include systems internal and external to the organization. This requirement focuses on account management for systems and applications. The definition of and enforcement of access authorizations, other than those determined by account type (e.g., privileged verses non-privileged) are addressed in requirement 3.1.2.;Access Control (AC);Account Management (AC-2);;aws;;PASS;IAM User QLabs accessed Bedrock 0 days ago (threshold: 60 days).;arn:aws:iam::858573892697:user/QLabs;iam_user_access_not_stale_to_bedrock;False;QLabs;NIST-800-53-Revision-4;National Institute of Standards and Technology (NIST) 800-53 Revision 4;
aws;NIST 800-53 is a regulatory standard that defines the minimum baseline of security controls for all U.S. federal information systems except those related to national security. The controls defined in this standard are customizable and address a diverse set of security and privacy requirements.;858573892697;us-east-1;2026-09-13 17:57:11.149991;ac_2_3;The information system automatically disables inactive accounts after 90 days for user accounts.;Access Control (AC);Account Management (AC-2);;aws;;PASS;IAM User QLabs accessed Bedrock 0 days ago (threshold: 60 days).;arn:aws:iam::858573892697:user/QLabs;iam_user_access_not_stale_to_bedrock;False;QLabs;NIST-800-53-Revision-4;National Institute of Standards and Technology (NIST) 800-53 Revision 4;
aws;NIST 800-53 is a regulatory standard that defines the minimum baseline of security controls for all U.S. federal information systems except those related to national security. The controls defined in this standard are customizable and address a diverse set of security and privacy requirements.;858573892697;us-east-1;2026-09-13 17:57:11.149991;ac_2;Manage system accounts, group memberships, privileges, workflow, notifications, deactivations, and authorizations.;Access Control (AC);;;aws;;PASS;IAM User QLabs accessed Bedrock 0 days ago (threshold: 60 days).;arn:aws:iam::858573892697:user/QLabs;iam_user_access_not_stale_to_bedrock;False;QLabs;NIST-800-53-Revision-4;National Institute of Standards and Technology (NIST) 800-53 Revision 4;
aws;NIST 800-53 is a regulatory standard that defines the minimum baseline of security controls for all U.S. federal information systems except those related to national security. The controls defined in this standard are customizable and address a diverse set of security and privacy requirements.;858573892697;us-east-1;2026-09-13 17:57:11.149991;ac_6;The organization employs the principle of least privilege, allowing only authorized accesses for users (or processes acting on behalf of users) which are necessary to accomplish assigned tasks in accordance with organizational missions and business functions.;Access Control (AC);;;aws;;PASS;IAM User QLabs accessed Bedrock 0 days ago (threshold: 60 days).;arn:aws:iam::858573892697:user/QLabs;iam_user_access_not_stale_to_bedrock;False;QLabs;NIST-800-53-Revision-4;National Institute of Standards and Technology (NIST) 800-53 Revision 4;
aws;NIST 800-53 is a regulatory standard that defines the minimum baseline of security controls for all U.S. federal information systems except those related to national security. The controls defined in this standard are customizable and address a diverse set of security and privacy requirements.;858573892697;us-east-1;2026-09-13 17:57:11.149991;ac_2_1;Access control policies (e.g., identity or role-based policies, control matrices, and cryptography) control access between active entities or subjects (i.e., users or processes acting on behalf of users) and passive entities or objects (e.g., devices, files, records, and domains) in systems. Access enforcement mechanisms can be employed at the application and service level to provide increased information security. Other systems include systems internal and external to the organization. This requirement focuses on account management for systems and applications. The definition of and enforcement of access authorizations, other than those determined by account type (e.g., privileged verses non-privileged) are addressed in requirement 3.1.2.;Access Control (AC);Account Management (AC-2);;aws;;PASS;User <root_account> does not have access keys.;arn:aws:iam::858573892697:root;iam_user_accesskey_unused;False;<root_account>;NIST-800-53-Revision-4;National Institute of Standards and Technology (NIST) 800-53 Revision 4;
aws;NIST 800-53 is a regulatory standard that defines the minimum baseline of security controls for all U.S. federal information systems except those related to national security. The controls defined in this standard are customizable and address a diverse set of security and privacy requirements.;858573892697;us-east-1;2026-09-13 17:57:11.149991;ac_2_3;The information system automatically disables inactive accounts after 90 days for user accounts.;Access Control (AC);Account Management (AC-2);;aws;;PASS;User <root_account> does not have access keys.;arn:aws:iam::858573892697:root;iam_user_accesskey_unused;False;<root_account>;NIST-800-53-Revision-4;National Institute of Standards and Technology (NIST) 800-53 Revision 4;
aws;NIST 800-53 is a regulatory standard that defines the minimum baseline of security controls for all U.S. federal information systems except those related to national security. The controls defined in this standard are customizable and address a diverse set of security and privacy requirements.;858573892697;us-east-1;2026-09-13 17:57:11.149991;ac_2;Manage system accounts, group memberships, privileges, workflow, notifications, deactivations, and authorizations.;Access Control (AC);;;aws;;PASS;User <root_account> does not have access keys.;arn:aws:iam::858573892697:root;iam_user_accesskey_unused;False;<root_account>;NIST-800-53-Revision-4;National Institute of Standards and Technology (NIST) 800-53 Revision 4;
aws;NIST 800-53 is a regulatory standard that defines the minimum baseline of security controls for all U.S. federal information systems except those related to national security. The controls defined in this standard are customizable and address a diverse set of security and privacy requirements.;858573892697;us-east-1;2026-09-13 17:57:11.149991;ac_3;The information system enforces approved authorizations for logical access to information and system resources in accordance with applicable access control policies.;Access Control (AC);;;aws;;PASS;User <root_account> does not have access keys.;arn:aws:iam::858573892697:root;iam_user_accesskey_unused;False;<root_account>;NIST-800-53-Revision-4;National Institute of Standards and Technology (NIST) 800-53 Revision 4;
aws;NIST 800-53 is a regulatory standard that defines the minimum baseline of security controls for all U.S. federal information systems except those related to national security. The controls defined in this standard are customizable and address a diverse set of security and privacy requirements.;858573892697;us-east-1;2026-09-13 17:57:11.149991;ac_6;The organization employs the principle of least privilege, allowing only authorized accesses for users (or processes acting on behalf of users) which are necessary to accomplish assigned tasks in accordance with organizational missions and business functions.;Access Control (AC);;;aws;;PASS;User <root_account> does not have access keys.;arn:aws:iam::858573892697:root;iam_user_accesskey_unused;False;<root_account>;NIST-800-53-Revision-4;National Institute of Standards and Technology (NIST) 800-53 Revision 4;
aws;NIST 800-53 is a regulatory standard that defines the minimum baseline of security controls for all U.S. federal information systems except those related to national security. The controls defined in this standard are customizable and address a diverse set of security and privacy requirements.;858573892697;us-east-1;2026-09-13 17:57:11.149991;ac_2_1;Access control policies (e.g., identity or role-based policies, control matrices, and cryptography) control access between active entities or subjects (i.e., users or processes acting on behalf of users) and passive entities or objects (e.g., devices, files, records, and domains) in systems. Access enforcement mechanisms can be employed at the application and service level to provide increased information security. Other systems include systems internal and external to the organization. This requirement focuses on account management for systems and applications. The definition of and enforcement of access authorizations, other than those determined by account type (e.g., privileged verses non-privileged) are addressed in requirement 3.1.2.;Access Control (AC);Account Management (AC-2);;aws;;PASS;User EddieQ does not have unused access keys for 45 days.;arn:aws:iam::858573892697:user/EddieQ;iam_user_accesskey_unused;False;EddieQ;NIST-800-53-Revision-4;National Institute of Standards and Technology (NIST) 800-53 Revision 4;
aws;NIST 800-53 is a regulatory standard that defines the minimum baseline of security controls for all U.S. federal information systems except those related to national security. The controls defined in this standard are customizable and address a diverse set of security and privacy requirements.;858573892697;us-east-1;2026-09-13 17:57:11.149991;ac_2_3;The information system automatically disables inactive accounts after 90 days for user accounts.;Access Control (AC);Account Management (AC-2);;aws;;PASS;User EddieQ does not have unused access keys for 45 days.;arn:aws:iam::858573892697:user/EddieQ;iam_user_accesskey_unused;False;EddieQ;NIST-800-53-Revision-4;National Institute of Standards and Technology (NIST) 800-53 Revision 4;
aws;NIST 800-53 is a regulatory standard that defines the minimum baseline of security controls for all U.S. federal information systems except those related to national security. The controls defined in this standard are customizable and address a diverse set of security and privacy requirements.;858573892697;us-east-1;2026-09-13 17:57:11.149991;ac_2;Manage system accounts, group memberships, privileges, workflow, notifications, deactivations, and authorizations.;Access Control (AC);;;aws;;PASS;User EddieQ does not have unused access keys for 45 days.;arn:aws:iam::858573892697:user/EddieQ;iam_user_accesskey_unused;False;EddieQ;NIST-800-53-Revision-4;National Institute of Standards and Technology (NIST) 800-53 Revision 4;
aws;NIST 800-53 is a regulatory standard that defines the minimum baseline of security controls for all U.S. federal information systems except those related to national security. The controls defined in this standard are customizable and address a diverse set of security and privacy requirements.;858573892697;us-east-1;2026-09-13 17:57:11.149991;ac_3;The information system enforces approved authorizations for logical access to information and system resources in accordance with applicable access control policies.;Access Control (AC);;;aws;;PASS;User EddieQ does not have unused access keys for 45 days.;arn:aws:iam::858573892697:user/EddieQ;iam_user_accesskey_unused;False;EddieQ;NIST-800-53-Revision-4;National Institute of Standards and Technology (NIST) 800-53 Revision 4;
aws;NIST 800-53 is a regulatory standard that defines the minimum baseline of security controls for all U.S. federal information systems except those related to national security. The controls defined in this standard are customizable and address a diverse set of security and privacy requirements.;858573892697;us-east-1;2026-09-13 17:57:11.149991;ac_6;The organization employs the principle of least privilege, allowing only authorized accesses for users (or processes acting on behalf of users) which are necessary to accomplish assigned tasks in accordance with organizational missions and business functions.;Access Control (AC);;;aws;;PASS;User EddieQ does not have unused access keys for 45 days.;arn:aws:iam::858573892697:user/EddieQ;iam_user_accesskey_unused;False;EddieQ;NIST-800-53-Revision-4;National Institute of Standards and Technology (NIST) 800-53 Revision 4;
aws;NIST 800-53 is a regulatory standard that defines the minimum baseline of security controls for all U.S. federal information systems except those related to national security. The controls defined in this standard are customizable and address a diverse set of security and privacy requirements.;858573892697;us-east-1;2026-09-13 17:57:11.149991;ac_2_1;Access control policies (e.g., identity or role-based policies, control matrices, and cryptography) control access between active entities or subjects (i.e., users or processes acting on behalf of users) and passive entities or objects (e.g., devices, files, records, and domains) in systems. Access enforcement mechanisms can be employed at the application and service level to provide increased information security. Other systems include systems internal and external to the organization. This requirement focuses on account management for systems and applications. The definition of and enforcement of access authorizations, other than those determined by account type (e.g., privileged verses non-privileged) are addressed in requirement 3.1.2.;Access Control (AC);Account Management (AC-2);;aws;;PASS;User QLabs does not have unused access keys for 45 days.;arn:aws:iam::858573892697:user/QLabs;iam_user_accesskey_unused;False;QLabs;NIST-800-53-Revision-4;National Institute of Standards and Technology (NIST) 800-53 Revision 4;
aws;NIST 800-53 is a regulatory standard that defines the minimum baseline of security controls for all U.S. federal information systems except those related to national security. The controls defined in this standard are customizable and address a diverse set of security and privacy requirements.;858573892697;us-east-1;2026-09-13 17:57:11.149991;ac_2_3;The information system automatically disables inactive accounts after 90 days for user accounts.;Access Control (AC);Account Management (AC-2);;aws;;PASS;User QLabs does not have unused access keys for 45 days.;arn:aws:iam::858573892697:user/QLabs;iam_user_accesskey_unused;False;QLabs;NIST-800-53-Revision-4;National Institute of Standards and Technology (NIST) 800-53 Revision 4;
aws;NIST 800-53 is a regulatory standard that defines the minimum baseline of security controls for all U.S. federal information systems except those related to national security. The controls defined in this standard are customizable and address a diverse set of security and privacy requirements.;858573892697;us-east-1;2026-09-13 17:57:11.149991;ac_2;Manage system accounts, group memberships, privileges, workflow, notifications, deactivations, and authorizations.;Access Control (AC);;;aws;;PASS;User QLabs does not have unused access keys for 45 days.;arn:aws:iam::858573892697:user/QLabs;iam_user_accesskey_unused;False;QLabs;NIST-800-53-Revision-4;National Institute of Standards and Technology (NIST) 800-53 Revision 4;
aws;NIST 800-53 is a regulatory standard that defines the minimum baseline of security controls for all U.S. federal information systems except those related to national security. The controls defined in this standard are customizable and address a diverse set of security and privacy requirements.;858573892697;us-east-1;2026-09-13 17:57:11.149991;ac_3;The information system enforces approved authorizations for logical access to information and system resources in accordance with applicable access control policies.;Access Control (AC);;;aws;;PASS;User QLabs does not have unused access keys for 45 days.;arn:aws:iam::858573892697:user/QLabs;iam_user_accesskey_unused;False;QLabs;NIST-800-53-Revision-4;National Institute of Standards and Technology (NIST) 800-53 Revision 4;
aws;NIST 800-53 is a regulatory standard that defines the minimum baseline of security controls for all U.S. federal information systems except those related to national security. The controls defined in this standard are customizable and address a diverse set of security and privacy requirements.;858573892697;us-east-1;2026-09-13 17:57:11.149991;ac_6;The organization employs the principle of least privilege, allowing only authorized accesses for users (or processes acting on behalf of users) which are necessary to accomplish assigned tasks in accordance with organizational missions and business functions.;Access Control (AC);;;aws;;PASS;User QLabs does not have unused access keys for 45 days.;arn:aws:iam::858573892697:user/QLabs;iam_user_accesskey_unused;False;QLabs;NIST-800-53-Revision-4;National Institute of Standards and Technology (NIST) 800-53 Revision 4;
aws;NIST 800-53 is a regulatory standard that defines the minimum baseline of security controls for all U.S. federal information systems except those related to national security. The controls defined in this standard are customizable and address a diverse set of security and privacy requirements.;858573892697;us-east-1;2026-09-13 17:57:11.149991;ac_2_1;Access control policies (e.g., identity or role-based policies, control matrices, and cryptography) control access between active entities or subjects (i.e., users or processes acting on behalf of users) and passive entities or objects (e.g., devices, files, records, and domains) in systems. Access enforcement mechanisms can be employed at the application and service level to provide increased information security. Other systems include systems internal and external to the organization. This requirement focuses on account management for systems and applications. The definition of and enforcement of access authorizations, other than those determined by account type (e.g., privileged verses non-privileged) are addressed in requirement 3.1.2.;Access Control (AC);Account Management (AC-2);;aws;;FAIL;User EddieQ has not logged in to the console in the past 45 days (257 days).;arn:aws:iam::858573892697:user/EddieQ;iam_user_console_access_unused;False;EddieQ;NIST-800-53-Revision-4;National Institute of Standards and Technology (NIST) 800-53 Revision 4;
aws;NIST 800-53 is a regulatory standard that defines the minimum baseline of security controls for all U.S. federal information systems except those related to national security. The controls defined in this standard are customizable and address a diverse set of security and privacy requirements.;858573892697;us-east-1;2026-09-13 17:57:11.149991;ac_2_3;The information system automatically disables inactive accounts after 90 days for user accounts.;Access Control (AC);Account Management (AC-2);;aws;;FAIL;User EddieQ has not logged in to the console in the past 45 days (257 days).;arn:aws:iam::858573892697:user/EddieQ;iam_user_console_access_unused;False;EddieQ;NIST-800-53-Revision-4;National Institute of Standards and Technology (NIST) 800-53 Revision 4;
aws;NIST 800-53 is a regulatory standard that defines the minimum baseline of security controls for all U.S. federal information systems except those related to national security. The controls defined in this standard are customizable and address a diverse set of security and privacy requirements.;858573892697;us-east-1;2026-09-13 17:57:11.149991;ac_2;Manage system accounts, group memberships, privileges, workflow, notifications, deactivations, and authorizations.;Access Control (AC);;;aws;;FAIL;User EddieQ has not logged in to the console in the past 45 days (257 days).;arn:aws:iam::858573892697:user/EddieQ;iam_user_console_access_unused;False;EddieQ;NIST-800-53-Revision-4;National Institute of Standards and Technology (NIST) 800-53 Revision 4;
aws;NIST 800-53 is a regulatory standard that defines the minimum baseline of security controls for all U.S. federal information systems except those related to national security. The controls defined in this standard are customizable and address a diverse set of security and privacy requirements.;858573892697;us-east-1;2026-09-13 17:57:11.149991;ac_3;The information system enforces approved authorizations for logical access to information and system resources in accordance with applicable access control policies.;Access Control (AC);;;aws;;FAIL;User EddieQ has not logged in to the console in the past 45 days (257 days).;arn:aws:iam::858573892697:user/EddieQ;iam_user_console_access_unused;False;EddieQ;NIST-800-53-Revision-4;National Institute of Standards and Technology (NIST) 800-53 Revision 4;
aws;NIST 800-53 is a regulatory standard that defines the minimum baseline of security controls for all U.S. federal information systems except those related to national security. The controls defined in this standard are customizable and address a diverse set of security and privacy requirements.;858573892697;us-east-1;2026-09-13 17:57:11.149991;ac_6;The organization employs the principle of least privilege, allowing only authorized accesses for users (or processes acting on behalf of users) which are necessary to accomplish assigned tasks in accordance with organizational missions and business functions.;Access Control (AC);;;aws;;FAIL;User EddieQ has not logged in to the console in the past 45 days (257 days).;arn:aws:iam::858573892697:user/EddieQ;iam_user_console_access_unused;False;EddieQ;NIST-800-53-Revision-4;National Institute of Standards and Technology (NIST) 800-53 Revision 4;
aws;NIST 800-53 is a regulatory standard that defines the minimum baseline of security controls for all U.S. federal information systems except those related to national security. The controls defined in this standard are customizable and address a diverse set of security and privacy requirements.;858573892697;us-east-1;2026-09-13 17:57:11.149991;ac_2_1;Access control policies (e.g., identity or role-based policies, control matrices, and cryptography) control access between active entities or subjects (i.e., users or processes acting on behalf of users) and passive entities or objects (e.g., devices, files, records, and domains) in systems. Access enforcement mechanisms can be employed at the application and service level to provide increased information security. Other systems include systems internal and external to the organization. This requirement focuses on account management for systems and applications. The definition of and enforcement of access authorizations, other than those determined by account type (e.g., privileged verses non-privileged) are addressed in requirement 3.1.2.;Access Control (AC);Account Management (AC-2);;aws;;PASS;User QLabs has logged in to the console in the past 45 days (0 days).;arn:aws:iam::858573892697:user/QLabs;iam_user_console_access_unused;False;QLabs;NIST-800-53-Revision-4;National Institute of Standards and Technology (NIST) 800-53 Revision 4;
aws;NIST 800-53 is a regulatory standard that defines the minimum baseline of security controls for all U.S. federal information systems except those related to national security. The controls defined in this standard are customizable and address a diverse set of security and privacy requirements.;858573892697;us-east-1;2026-09-13 17:57:11.149991;ac_2_3;The information system automatically disables inactive accounts after 90 days for user accounts.;Access Control (AC);Account Management (AC-2);;aws;;PASS;User QLabs has logged in to the console in the past 45 days (0 days).;arn:aws:iam::858573892697:user/QLabs;iam_user_console_access_unused;False;QLabs;NIST-800-53-Revision-4;National Institute of Standards and Technology (NIST) 800-53 Revision 4;
aws;NIST 800-53 is a regulatory standard that defines the minimum baseline of security controls for all U.S. federal information systems except those related to national security. The controls defined in this standard are customizable and address a diverse set of security and privacy requirements.;858573892697;us-east-1;2026-09-13 17:57:11.149991;ac_2;Manage system accounts, group memberships, privileges, workflow, notifications, deactivations, and authorizations.;Access Control (AC);;;aws;;PASS;User QLabs has logged in to the console in the past 45 days (0 days).;arn:aws:iam::858573892697:user/QLabs;iam_user_console_access_unused;False;QLabs;NIST-800-53-Revision-4;National Institute of Standards and Technology (NIST) 800-53 Revision 4;
aws;NIST 800-53 is a regulatory standard that defines the minimum baseline of security controls for all U.S. federal information systems except those related to national security. The controls defined in this standard are customizable and address a diverse set of security and privacy requirements.;858573892697;us-east-1;2026-09-13 17:57:11.149991;ac_3;The information system enforces approved authorizations for logical access to information and system resources in accordance with applicable access control policies.;Access Control (AC);;;aws;;PASS;User QLabs has logged in to the console in the past 45 days (0 days).;arn:aws:iam::858573892697:user/QLabs;iam_user_console_access_unused;False;QLabs;NIST-800-53-Revision-4;National Institute of Standards and Technology (NIST) 800-53 Revision 4;
aws;NIST 800-53 is a regulatory standard that defines the minimum baseline of security controls for all U.S. federal information systems except those related to national security. The controls defined in this standard are customizable and address a diverse set of security and privacy requirements.;858573892697;us-east-1;2026-09-13 17:57:11.149991;ac_6;The organization employs the principle of least privilege, allowing only authorized accesses for users (or processes acting on behalf of users) which are necessary to accomplish assigned tasks in accordance with organizational missions and business functions.;Access Control (AC);;;aws;;PASS;User QLabs has logged in to the console in the past 45 days (0 days).;arn:aws:iam::858573892697:user/QLabs;iam_user_console_access_unused;False;QLabs;NIST-800-53-Revision-4;National Institute of Standards and Technology (NIST) 800-53 Revision 4;
aws;NIST 800-53 is a regulatory standard that defines the minimum baseline of security controls for all U.S. federal information systems except those related to national security. The controls defined in this standard are customizable and address a diverse set of security and privacy requirements.;858573892697;us-east-1;2026-09-13 17:57:11.149991;ia_2_1;The information system implements multi-factor authentication for network access to privileged accounts.;Identification and Authentication (IA);Identification and Authentication (Organizational users) (IA-2);;iam;;PASS;User EddieQ has Console Password enabled and MFA enabled.;arn:aws:iam::858573892697:user/EddieQ;iam_user_mfa_enabled_console_access;False;EddieQ;NIST-800-53-Revision-4;National Institute of Standards and Technology (NIST) 800-53 Revision 4;
aws;NIST 800-53 is a regulatory standard that defines the minimum baseline of security controls for all U.S. federal information systems except those related to national security. The controls defined in this standard are customizable and address a diverse set of security and privacy requirements.;858573892697;us-east-1;2026-09-13 17:57:11.149991;ia_2_2;The information system implements multifactor authentication for network access to non-privileged accounts.;Identification and Authentication (IA);Identification and Authentication (Organizational users) (IA-2);;iam;;PASS;User EddieQ has Console Password enabled and MFA enabled.;arn:aws:iam::858573892697:user/EddieQ;iam_user_mfa_enabled_console_access;False;EddieQ;NIST-800-53-Revision-4;National Institute of Standards and Technology (NIST) 800-53 Revision 4;
aws;NIST 800-53 is a regulatory standard that defines the minimum baseline of security controls for all U.S. federal information systems except those related to national security. The controls defined in this standard are customizable and address a diverse set of security and privacy requirements.;858573892697;us-east-1;2026-09-13 17:57:11.149991;ia_2_11;The information system implements multifactor authentication for remote access to privileged and non-privileged accounts such that one of the factors is provided by a device separate from the system gaining access and the device meets [Assignment: organization-defined strength of mechanism requirements].;Identification and Authentication (IA);Identification and Authentication (Organizational users) (IA-2);;iam;;PASS;User EddieQ has Console Password enabled and MFA enabled.;arn:aws:iam::858573892697:user/EddieQ;iam_user_mfa_enabled_console_access;False;EddieQ;NIST-800-53-Revision-4;National Institute of Standards and Technology (NIST) 800-53 Revision 4;
aws;NIST 800-53 is a regulatory standard that defines the minimum baseline of security controls for all U.S. federal information systems except those related to national security. The controls defined in this standard are customizable and address a diverse set of security and privacy requirements.;858573892697;us-east-1;2026-09-13 17:57:11.149991;ia_2_1;The information system implements multi-factor authentication for network access to privileged accounts.;Identification and Authentication (IA);Identification and Authentication (Organizational users) (IA-2);;iam;;FAIL;User QLabs has Console Password enabled but MFA disabled.;arn:aws:iam::858573892697:user/QLabs;iam_user_mfa_enabled_console_access;False;QLabs;NIST-800-53-Revision-4;National Institute of Standards and Technology (NIST) 800-53 Revision 4;
aws;NIST 800-53 is a regulatory standard that defines the minimum baseline of security controls for all U.S. federal information systems except those related to national security. The controls defined in this standard are customizable and address a diverse set of security and privacy requirements.;858573892697;us-east-1;2026-09-13 17:57:11.149991;ia_2_2;The information system implements multifactor authentication for network access to non-privileged accounts.;Identification and Authentication (IA);Identification and Authentication (Organizational users) (IA-2);;iam;;FAIL;User QLabs has Console Password enabled but MFA disabled.;arn:aws:iam::858573892697:user/QLabs;iam_user_mfa_enabled_console_access;False;QLabs;NIST-800-53-Revision-4;National Institute of Standards and Technology (NIST) 800-53 Revision 4;
aws;NIST 800-53 is a regulatory standard that defines the minimum baseline of security controls for all U.S. federal information systems except those related to national security. The controls defined in this standard are customizable and address a diverse set of security and privacy requirements.;858573892697;us-east-1;2026-09-13 17:57:11.149991;ia_2_11;The information system implements multifactor authentication for remote access to privileged and non-privileged accounts such that one of the factors is provided by a device separate from the system gaining access and the device meets [Assignment: organization-defined strength of mechanism requirements].;Identification and Authentication (IA);Identification and Authentication (Organizational users) (IA-2);;iam;;FAIL;User QLabs has Console Password enabled but MFA disabled.;arn:aws:iam::858573892697:user/QLabs;iam_user_mfa_enabled_console_access;False;QLabs;NIST-800-53-Revision-4;National Institute of Standards and Technology (NIST) 800-53 Revision 4;
aws;NIST 800-53 is a regulatory standard that defines the minimum baseline of security controls for all U.S. federal information systems except those related to national security. The controls defined in this standard are customizable and address a diverse set of security and privacy requirements.;858573892697;us-east-1;2026-09-13 17:57:11.149991;cp_9;The organization conducts backups of user-level information, system-level information and information system documentation including security-related documentation contained in the information system and protects the confidentiality, integrity, and availability of backup information at storage locations.;Contingency Planning (CP);;;aws;;FAIL;RDS Instance vaultcloud-prod-db does not have backup enabled.;arn:aws:rds:us-east-1:858573892697:db:vaultcloud-prod-db;rds_instance_backup_enabled;False;vaultcloud-prod-db;NIST-800-53-Revision-4;National Institute of Standards and Technology (NIST) 800-53 Revision 4;
aws;NIST 800-53 is a regulatory standard that defines the minimum baseline of security controls for all U.S. federal information systems except those related to national security. The controls defined in this standard are customizable and address a diverse set of security and privacy requirements.;858573892697;us-east-1;2026-09-13 17:57:11.149991;cp_10;The organization provides for the recovery and reconstitution of the information system to a known state after a disruption, compromise, or failure.;Contingency Planning (CP);;;aws;;FAIL;RDS Instance vaultcloud-prod-db does not have backup enabled.;arn:aws:rds:us-east-1:858573892697:db:vaultcloud-prod-db;rds_instance_backup_enabled;False;vaultcloud-prod-db;NIST-800-53-Revision-4;National Institute of Standards and Technology (NIST) 800-53 Revision 4;
aws;NIST 800-53 is a regulatory standard that defines the minimum baseline of security controls for all U.S. federal information systems except those related to national security. The controls defined in this standard are customizable and address a diverse set of security and privacy requirements.;858573892697;us-east-1;2026-09-13 17:57:11.149991;si_12;The organization handles and retains information within the information system and information output from the system in accordance with applicable federal laws, Executive Orders, directives, policies, regulations, standards, and operational requirements.;System and Information Integrity (SI);;;aws;;FAIL;RDS Instance vaultcloud-prod-db does not have backup enabled.;arn:aws:rds:us-east-1:858573892697:db:vaultcloud-prod-db;rds_instance_backup_enabled;False;vaultcloud-prod-db;NIST-800-53-Revision-4;National Institute of Standards and Technology (NIST) 800-53 Revision 4;
aws;NIST 800-53 is a regulatory standard that defines the minimum baseline of security controls for all U.S. federal information systems except those related to national security. The controls defined in this standard are customizable and address a diverse set of security and privacy requirements.;858573892697;us-east-1;2026-09-13 17:57:11.149991;sc_5;The information system protects against or limits the effects of the following types of denial of service attacks: [Assignment: organization-defined types of denial of service attacks or references to sources for such information] by employing [Assignment: organization-defined security safeguards].;System and Communications Protection (SC);;;aws;;FAIL;RDS Instance vaultcloud-prod-db deletion protection is not enabled.;arn:aws:rds:us-east-1:858573892697:db:vaultcloud-prod-db;rds_instance_deletion_protection;False;vaultcloud-prod-db;NIST-800-53-Revision-4;National Institute of Standards and Technology (NIST) 800-53 Revision 4;
aws;NIST 800-53 is a regulatory standard that defines the minimum baseline of security controls for all U.S. federal information systems except those related to national security. The controls defined in this standard are customizable and address a diverse set of security and privacy requirements.;858573892697;us-east-1;2026-09-13 17:57:11.149991;ca_7;Continuously monitor configuration management processes. Determine security impact, environment and operational risks.;Security Assessment And Authorization (CA);;;aws;;FAIL;RDS Instance vaultcloud-prod-db does not have enhanced monitoring enabled.;arn:aws:rds:us-east-1:858573892697:db:vaultcloud-prod-db;rds_instance_enhanced_monitoring_enabled;False;vaultcloud-prod-db;NIST-800-53-Revision-4;National Institute of Standards and Technology (NIST) 800-53 Revision 4;
aws;NIST 800-53 is a regulatory standard that defines the minimum baseline of security controls for all U.S. federal information systems except those related to national security. The controls defined in this standard are customizable and address a diverse set of security and privacy requirements.;858573892697;us-east-1;2026-09-13 17:57:11.149991;ac_2_4;The information system automatically audits account creation, modification, enabling, disabling, and removal actions, and notifies [Assignment: organization-defined personnel or roles].;Access Control (AC);Account Management (AC-2);;aws;;FAIL;RDS Instance vaultcloud-prod-db does not have CloudWatch Logs enabled.;arn:aws:rds:us-east-1:858573892697:db:vaultcloud-prod-db;rds_instance_integration_cloudwatch_logs;False;vaultcloud-prod-db;NIST-800-53-Revision-4;National Institute of Standards and Technology (NIST) 800-53 Revision 4;
aws;NIST 800-53 is a regulatory standard that defines the minimum baseline of security controls for all U.S. federal information systems except those related to national security. The controls defined in this standard are customizable and address a diverse set of security and privacy requirements.;858573892697;us-east-1;2026-09-13 17:57:11.149991;ac_2;Manage system accounts, group memberships, privileges, workflow, notifications, deactivations, and authorizations.;Access Control (AC);;;aws;;FAIL;RDS Instance vaultcloud-prod-db does not have CloudWatch Logs enabled.;arn:aws:rds:us-east-1:858573892697:db:vaultcloud-prod-db;rds_instance_integration_cloudwatch_logs;False;vaultcloud-prod-db;NIST-800-53-Revision-4;National Institute of Standards and Technology (NIST) 800-53 Revision 4;
aws;NIST 800-53 is a regulatory standard that defines the minimum baseline of security controls for all U.S. federal information systems except those related to national security. The controls defined in this standard are customizable and address a diverse set of security and privacy requirements.;858573892697;us-east-1;2026-09-13 17:57:11.149991;au_2;Automate security audit function with other organizational entities. Enable mutual support of audit of auditable events.;Audit and Accountability (AU);;;aws;;FAIL;RDS Instance vaultcloud-prod-db does not have CloudWatch Logs enabled.;arn:aws:rds:us-east-1:858573892697:db:vaultcloud-prod-db;rds_instance_integration_cloudwatch_logs;False;vaultcloud-prod-db;NIST-800-53-Revision-4;National Institute of Standards and Technology (NIST) 800-53 Revision 4;
aws;NIST 800-53 is a regulatory standard that defines the minimum baseline of security controls for all U.S. federal information systems except those related to national security. The controls defined in this standard are customizable and address a diverse set of security and privacy requirements.;858573892697;us-east-1;2026-09-13 17:57:11.149991;au_3;The information system generates audit records containing information that establishes what type of event occurred, when the event occurred, where the event occurred, the source of the event, the outcome of the event, and the identity of any individuals or subjects associated with the event.;Audit and Accountability (AU);;;aws;;FAIL;RDS Instance vaultcloud-prod-db does not have CloudWatch Logs enabled.;arn:aws:rds:us-east-1:858573892697:db:vaultcloud-prod-db;rds_instance_integration_cloudwatch_logs;False;vaultcloud-prod-db;NIST-800-53-Revision-4;National Institute of Standards and Technology (NIST) 800-53 Revision 4;
aws;NIST 800-53 is a regulatory standard that defines the minimum baseline of security controls for all U.S. federal information systems except those related to national security. The controls defined in this standard are customizable and address a diverse set of security and privacy requirements.;858573892697;us-east-1;2026-09-13 17:57:11.149991;au_12;Audit events defined in AU-2. Allow trusted personnel to select which events to audit. Generate audit records for events.;Audit and Accountability (AU);;;aws;;FAIL;RDS Instance vaultcloud-prod-db does not have CloudWatch Logs enabled.;arn:aws:rds:us-east-1:858573892697:db:vaultcloud-prod-db;rds_instance_integration_cloudwatch_logs;False;vaultcloud-prod-db;NIST-800-53-Revision-4;National Institute of Standards and Technology (NIST) 800-53 Revision 4;
aws;NIST 800-53 is a regulatory standard that defines the minimum baseline of security controls for all U.S. federal information systems except those related to national security. The controls defined in this standard are customizable and address a diverse set of security and privacy requirements.;858573892697;us-east-1;2026-09-13 17:57:11.149991;cp_10;The organization provides for the recovery and reconstitution of the information system to a known state after a disruption, compromise, or failure.;Contingency Planning (CP);;;aws;;FAIL;RDS Instance vaultcloud-prod-db does not have multi-AZ enabled.;arn:aws:rds:us-east-1:858573892697:db:vaultcloud-prod-db;rds_instance_multi_az;False;vaultcloud-prod-db;NIST-800-53-Revision-4;National Institute of Standards and Technology (NIST) 800-53 Revision 4;
aws;NIST 800-53 is a regulatory standard that defines the minimum baseline of security controls for all U.S. federal information systems except those related to national security. The controls defined in this standard are customizable and address a diverse set of security and privacy requirements.;858573892697;us-east-1;2026-09-13 17:57:11.149991;sc_5;The information system protects against or limits the effects of the following types of denial of service attacks: [Assignment: organization-defined types of denial of service attacks or references to sources for such information] by employing [Assignment: organization-defined security safeguards].;System and Communications Protection (SC);;;aws;;FAIL;RDS Instance vaultcloud-prod-db does not have multi-AZ enabled.;arn:aws:rds:us-east-1:858573892697:db:vaultcloud-prod-db;rds_instance_multi_az;False;vaultcloud-prod-db;NIST-800-53-Revision-4;National Institute of Standards and Technology (NIST) 800-53 Revision 4;
aws;NIST 800-53 is a regulatory standard that defines the minimum baseline of security controls for all U.S. federal information systems except those related to national security. The controls defined in this standard are customizable and address a diverse set of security and privacy requirements.;858573892697;us-east-1;2026-09-13 17:57:11.149991;ac_4;The information system enforces approved authorizations for controlling the flow of information within the system and between interconnected systems based on organization-defined information flow control policies.;Access Control (AC);;;aws;;FAIL;RDS Instance vaultcloud-prod-db is set as publicly accessible and security group vaultcloud-db-sg (sg-059591e29c62e2064) has postgres port 5432 open to the Internet at endpoint vaultcloud-prod-db.cdis4ufrpqe3.us-east-1.rds.amazonaws.com in a public subnet subnet-060b354bc8a3f274c.;arn:aws:rds:us-east-1:858573892697:db:vaultcloud-prod-db;rds_instance_no_public_access;False;vaultcloud-prod-db;NIST-800-53-Revision-4;National Institute of Standards and Technology (NIST) 800-53 Revision 4;
aws;NIST 800-53 is a regulatory standard that defines the minimum baseline of security controls for all U.S. federal information systems except those related to national security. The controls defined in this standard are customizable and address a diverse set of security and privacy requirements.;858573892697;us-east-1;2026-09-13 17:57:11.149991;ac_6;The organization employs the principle of least privilege, allowing only authorized accesses for users (or processes acting on behalf of users) which are necessary to accomplish assigned tasks in accordance with organizational missions and business functions.;Access Control (AC);;;aws;;FAIL;RDS Instance vaultcloud-prod-db is set as publicly accessible and security group vaultcloud-db-sg (sg-059591e29c62e2064) has postgres port 5432 open to the Internet at endpoint vaultcloud-prod-db.cdis4ufrpqe3.us-east-1.rds.amazonaws.com in a public subnet subnet-060b354bc8a3f274c.;arn:aws:rds:us-east-1:858573892697:db:vaultcloud-prod-db;rds_instance_no_public_access;False;vaultcloud-prod-db;NIST-800-53-Revision-4;National Institute of Standards and Technology (NIST) 800-53 Revision 4;
aws;NIST 800-53 is a regulatory standard that defines the minimum baseline of security controls for all U.S. federal information systems except those related to national security. The controls defined in this standard are customizable and address a diverse set of security and privacy requirements.;858573892697;us-east-1;2026-09-13 17:57:11.149991;ac_21;Facilitate information sharing. Enable authorized users to grant access to partners.;Access Control (AC);;;aws;;FAIL;RDS Instance vaultcloud-prod-db is set as publicly accessible and security group vaultcloud-db-sg (sg-059591e29c62e2064) has postgres port 5432 open to the Internet at endpoint vaultcloud-prod-db.cdis4ufrpqe3.us-east-1.rds.amazonaws.com in a public subnet subnet-060b354bc8a3f274c.;arn:aws:rds:us-east-1:858573892697:db:vaultcloud-prod-db;rds_instance_no_public_access;False;vaultcloud-prod-db;NIST-800-53-Revision-4;National Institute of Standards and Technology (NIST) 800-53 Revision 4;
aws;NIST 800-53 is a regulatory standard that defines the minimum baseline of security controls for all U.S. federal information systems except those related to national security. The controls defined in this standard are customizable and address a diverse set of security and privacy requirements.;858573892697;us-east-1;2026-09-13 17:57:11.149991;sc_7_3;The organization limits the number of external network connections to the information system.;System and Communications Protection (SC);Boundary Protection (SC-7);;aws;;FAIL;RDS Instance vaultcloud-prod-db is set as publicly accessible and security group vaultcloud-db-sg (sg-059591e29c62e2064) has postgres port 5432 open to the Internet at endpoint vaultcloud-prod-db.cdis4ufrpqe3.us-east-1.rds.amazonaws.com in a public subnet subnet-060b354bc8a3f274c.;arn:aws:rds:us-east-1:858573892697:db:vaultcloud-prod-db;rds_instance_no_public_access;False;vaultcloud-prod-db;NIST-800-53-Revision-4;National Institute of Standards and Technology (NIST) 800-53 Revision 4;
aws;NIST 800-53 is a regulatory standard that defines the minimum baseline of security controls for all U.S. federal information systems except those related to national security. The controls defined in this standard are customizable and address a diverse set of security and privacy requirements.;858573892697;us-east-1;2026-09-13 17:57:11.149991;sc_7;"The information system: a. Monitors and controls communications at the external boundary of the system and at key internal boundaries within the system; b. Implements subnetworks for publicly accessible system components that are [Selection: physically; logically] separated from internal organizational networks; and c. Connects to external networks or information systems only through managed interfaces consisting of boundary protection devices arranged in accordance with an organizational security architecture.";System and Communications Protection (SC);;;aws;;FAIL;RDS Instance vaultcloud-prod-db is set as publicly accessible and security group vaultcloud-db-sg (sg-059591e29c62e2064) has postgres port 5432 open to the Internet at endpoint vaultcloud-prod-db.cdis4ufrpqe3.us-east-1.rds.amazonaws.com in a public subnet subnet-060b354bc8a3f274c.;arn:aws:rds:us-east-1:858573892697:db:vaultcloud-prod-db;rds_instance_no_public_access;False;vaultcloud-prod-db;NIST-800-53-Revision-4;National Institute of Standards and Technology (NIST) 800-53 Revision 4;
aws;NIST 800-53 is a regulatory standard that defines the minimum baseline of security controls for all U.S. federal information systems except those related to national security. The controls defined in this standard are customizable and address a diverse set of security and privacy requirements.;858573892697;us-east-1;2026-09-13 17:57:11.149991;sc_28;"The information system protects the [Selection (one or more): confidentiality; integrity] of [Assignment: organization-defined information at rest].";System and Communications Protection (SC);;;aws;;FAIL;RDS Instance vaultcloud-prod-db is not encrypted.;arn:aws:rds:us-east-1:858573892697:db:vaultcloud-prod-db;rds_instance_storage_encrypted;False;vaultcloud-prod-db;NIST-800-53-Revision-4;National Institute of Standards and Technology (NIST) 800-53 Revision 4;
aws;NIST 800-53 is a regulatory standard that defines the minimum baseline of security controls for all U.S. federal information systems except those related to national security. The controls defined in this standard are customizable and address a diverse set of security and privacy requirements.;858573892697;us-east-1;2026-09-13 17:57:11.149991;sc_7_3;The organization limits the number of external network connections to the information system.;System and Communications Protection (SC);Boundary Protection (SC-7);;aws;;FAIL;Block Public Access is not configured for the account 858573892697.;arn:aws:s3:us-east-1:858573892697:account;s3_account_level_public_access_blocks;False;858573892697;NIST-800-53-Revision-4;National Institute of Standards and Technology (NIST) 800-53 Revision 4;
aws;NIST 800-53 is a regulatory standard that defines the minimum baseline of security controls for all U.S. federal information systems except those related to national security. The controls defined in this standard are customizable and address a diverse set of security and privacy requirements.;858573892697;us-east-1;2026-09-13 17:57:11.149991;sc_7;"The information system: a. Monitors and controls communications at the external boundary of the system and at key internal boundaries within the system; b. Implements subnetworks for publicly accessible system components that are [Selection: physically; logically] separated from internal organizational networks; and c. Connects to external networks or information systems only through managed interfaces consisting of boundary protection devices arranged in accordance with an organizational security architecture.";System and Communications Protection (SC);;;aws;;FAIL;Block Public Access is not configured for the account 858573892697.;arn:aws:s3:us-east-1:858573892697:account;s3_account_level_public_access_blocks;False;858573892697;NIST-800-53-Revision-4;National Institute of Standards and Technology (NIST) 800-53 Revision 4;
aws;NIST 800-53 is a regulatory standard that defines the minimum baseline of security controls for all U.S. federal information systems except those related to national security. The controls defined in this standard are customizable and address a diverse set of security and privacy requirements.;858573892697;us-east-1;2026-09-13 17:57:11.149991;sc_28;"The information system protects the [Selection (one or more): confidentiality; integrity] of [Assignment: organization-defined information at rest].";System and Communications Protection (SC);;;aws;;PASS;S3 Bucket nextwork-website-project-eddieqx has Server Side Encryption with AES256.;arn:aws:s3:::nextwork-website-project-eddieqx;s3_bucket_default_encryption;False;nextwork-website-project-eddieqx;NIST-800-53-Revision-4;National Institute of Standards and Technology (NIST) 800-53 Revision 4;
aws;NIST 800-53 is a regulatory standard that defines the minimum baseline of security controls for all U.S. federal information systems except those related to national security. The controls defined in this standard are customizable and address a diverse set of security and privacy requirements.;858573892697;us-east-1;2026-09-13 17:57:11.149991;sc_28;"The information system protects the [Selection (one or more): confidentiality; integrity] of [Assignment: organization-defined information at rest].";System and Communications Protection (SC);;;aws;;PASS;S3 Bucket vaultcloud-logs-prod-2024 has Server Side Encryption with AES256.;arn:aws:s3:::vaultcloud-logs-prod-2024;s3_bucket_default_encryption;False;vaultcloud-logs-prod-2024;NIST-800-53-Revision-4;National Institute of Standards and Technology (NIST) 800-53 Revision 4;
aws;NIST 800-53 is a regulatory standard that defines the minimum baseline of security controls for all U.S. federal information systems except those related to national security. The controls defined in this standard are customizable and address a diverse set of security and privacy requirements.;858573892697;us-east-1;2026-09-13 17:57:11.149991;sc_28;"The information system protects the [Selection (one or more): confidentiality; integrity] of [Assignment: organization-defined information at rest].";System and Communications Protection (SC);;;aws;;PASS;S3 Bucket vaultcloud-uploads-prod-2024 has Server Side Encryption with AES256.;arn:aws:s3:::vaultcloud-uploads-prod-2024;s3_bucket_default_encryption;False;vaultcloud-uploads-prod-2024;NIST-800-53-Revision-4;National Institute of Standards and Technology (NIST) 800-53 Revision 4;
aws;NIST 800-53 is a regulatory standard that defines the minimum baseline of security controls for all U.S. federal information systems except those related to national security. The controls defined in this standard are customizable and address a diverse set of security and privacy requirements.;858573892697;us-east-1;2026-09-13 17:57:11.149991;cp_10;The organization provides for the recovery and reconstitution of the information system to a known state after a disruption, compromise, or failure.;Contingency Planning (CP);;;aws;;PASS;S3 Bucket nextwork-website-project-eddieqx has versioning enabled.;arn:aws:s3:::nextwork-website-project-eddieqx;s3_bucket_object_versioning;False;nextwork-website-project-eddieqx;NIST-800-53-Revision-4;National Institute of Standards and Technology (NIST) 800-53 Revision 4;
aws;NIST 800-53 is a regulatory standard that defines the minimum baseline of security controls for all U.S. federal information systems except those related to national security. The controls defined in this standard are customizable and address a diverse set of security and privacy requirements.;858573892697;us-east-1;2026-09-13 17:57:11.149991;si_12;The organization handles and retains information within the information system and information output from the system in accordance with applicable federal laws, Executive Orders, directives, policies, regulations, standards, and operational requirements.;System and Information Integrity (SI);;;aws;;PASS;S3 Bucket nextwork-website-project-eddieqx has versioning enabled.;arn:aws:s3:::nextwork-website-project-eddieqx;s3_bucket_object_versioning;False;nextwork-website-project-eddieqx;NIST-800-53-Revision-4;National Institute of Standards and Technology (NIST) 800-53 Revision 4;
aws;NIST 800-53 is a regulatory standard that defines the minimum baseline of security controls for all U.S. federal information systems except those related to national security. The controls defined in this standard are customizable and address a diverse set of security and privacy requirements.;858573892697;us-east-1;2026-09-13 17:57:11.149991;cp_10;The organization provides for the recovery and reconstitution of the information system to a known state after a disruption, compromise, or failure.;Contingency Planning (CP);;;aws;;FAIL;S3 Bucket vaultcloud-logs-prod-2024 has versioning disabled.;arn:aws:s3:::vaultcloud-logs-prod-2024;s3_bucket_object_versioning;False;vaultcloud-logs-prod-2024;NIST-800-53-Revision-4;National Institute of Standards and Technology (NIST) 800-53 Revision 4;
aws;NIST 800-53 is a regulatory standard that defines the minimum baseline of security controls for all U.S. federal information systems except those related to national security. The controls defined in this standard are customizable and address a diverse set of security and privacy requirements.;858573892697;us-east-1;2026-09-13 17:57:11.149991;si_12;The organization handles and retains information within the information system and information output from the system in accordance with applicable federal laws, Executive Orders, directives, policies, regulations, standards, and operational requirements.;System and Information Integrity (SI);;;aws;;FAIL;S3 Bucket vaultcloud-logs-prod-2024 has versioning disabled.;arn:aws:s3:::vaultcloud-logs-prod-2024;s3_bucket_object_versioning;False;vaultcloud-logs-prod-2024;NIST-800-53-Revision-4;National Institute of Standards and Technology (NIST) 800-53 Revision 4;
aws;NIST 800-53 is a regulatory standard that defines the minimum baseline of security controls for all U.S. federal information systems except those related to national security. The controls defined in this standard are customizable and address a diverse set of security and privacy requirements.;858573892697;us-east-1;2026-09-13 17:57:11.149991;cp_10;The organization provides for the recovery and reconstitution of the information system to a known state after a disruption, compromise, or failure.;Contingency Planning (CP);;;aws;;FAIL;S3 Bucket vaultcloud-uploads-prod-2024 has versioning disabled.;arn:aws:s3:::vaultcloud-uploads-prod-2024;s3_bucket_object_versioning;False;vaultcloud-uploads-prod-2024;NIST-800-53-Revision-4;National Institute of Standards and Technology (NIST) 800-53 Revision 4;
aws;NIST 800-53 is a regulatory standard that defines the minimum baseline of security controls for all U.S. federal information systems except those related to national security. The controls defined in this standard are customizable and address a diverse set of security and privacy requirements.;858573892697;us-east-1;2026-09-13 17:57:11.149991;si_12;The organization handles and retains information within the information system and information output from the system in accordance with applicable federal laws, Executive Orders, directives, policies, regulations, standards, and operational requirements.;System and Information Integrity (SI);;;aws;;FAIL;S3 Bucket vaultcloud-uploads-prod-2024 has versioning disabled.;arn:aws:s3:::vaultcloud-uploads-prod-2024;s3_bucket_object_versioning;False;vaultcloud-uploads-prod-2024;NIST-800-53-Revision-4;National Institute of Standards and Technology (NIST) 800-53 Revision 4;
aws;NIST 800-53 is a regulatory standard that defines the minimum baseline of security controls for all U.S. federal information systems except those related to national security. The controls defined in this standard are customizable and address a diverse set of security and privacy requirements.;858573892697;us-east-1;2026-09-13 17:57:11.149991;ac_3;The information system enforces approved authorizations for logical access to information and system resources in accordance with applicable access control policies.;Access Control (AC);;;aws;;PASS;S3 Bucket nextwork-website-project-eddieqx does not have a bucket policy.;arn:aws:s3:::nextwork-website-project-eddieqx;s3_bucket_policy_public_write_access;False;nextwork-website-project-eddieqx;NIST-800-53-Revision-4;National Institute of Standards and Technology (NIST) 800-53 Revision 4;
aws;NIST 800-53 is a regulatory standard that defines the minimum baseline of security controls for all U.S. federal information systems except those related to national security. The controls defined in this standard are customizable and address a diverse set of security and privacy requirements.;858573892697;us-east-1;2026-09-13 17:57:11.149991;ac_4;The information system enforces approved authorizations for controlling the flow of information within the system and between interconnected systems based on organization-defined information flow control policies.;Access Control (AC);;;aws;;PASS;S3 Bucket nextwork-website-project-eddieqx does not have a bucket policy.;arn:aws:s3:::nextwork-website-project-eddieqx;s3_bucket_policy_public_write_access;False;nextwork-website-project-eddieqx;NIST-800-53-Revision-4;National Institute of Standards and Technology (NIST) 800-53 Revision 4;
aws;NIST 800-53 is a regulatory standard that defines the minimum baseline of security controls for all U.S. federal information systems except those related to national security. The controls defined in this standard are customizable and address a diverse set of security and privacy requirements.;858573892697;us-east-1;2026-09-13 17:57:11.149991;ac_6;The organization employs the principle of least privilege, allowing only authorized accesses for users (or processes acting on behalf of users) which are necessary to accomplish assigned tasks in accordance with organizational missions and business functions.;Access Control (AC);;;aws;;PASS;S3 Bucket nextwork-website-project-eddieqx does not have a bucket policy.;arn:aws:s3:::nextwork-website-project-eddieqx;s3_bucket_policy_public_write_access;False;nextwork-website-project-eddieqx;NIST-800-53-Revision-4;National Institute of Standards and Technology (NIST) 800-53 Revision 4;
aws;NIST 800-53 is a regulatory standard that defines the minimum baseline of security controls for all U.S. federal information systems except those related to national security. The controls defined in this standard are customizable and address a diverse set of security and privacy requirements.;858573892697;us-east-1;2026-09-13 17:57:11.149991;ac_21;Facilitate information sharing. Enable authorized users to grant access to partners.;Access Control (AC);;;aws;;PASS;S3 Bucket nextwork-website-project-eddieqx does not have a bucket policy.;arn:aws:s3:::nextwork-website-project-eddieqx;s3_bucket_policy_public_write_access;False;nextwork-website-project-eddieqx;NIST-800-53-Revision-4;National Institute of Standards and Technology (NIST) 800-53 Revision 4;
aws;NIST 800-53 is a regulatory standard that defines the minimum baseline of security controls for all U.S. federal information systems except those related to national security. The controls defined in this standard are customizable and address a diverse set of security and privacy requirements.;858573892697;us-east-1;2026-09-13 17:57:11.149991;sc_7_3;The organization limits the number of external network connections to the information system.;System and Communications Protection (SC);Boundary Protection (SC-7);;aws;;PASS;S3 Bucket nextwork-website-project-eddieqx does not have a bucket policy.;arn:aws:s3:::nextwork-website-project-eddieqx;s3_bucket_policy_public_write_access;False;nextwork-website-project-eddieqx;NIST-800-53-Revision-4;National Institute of Standards and Technology (NIST) 800-53 Revision 4;
aws;NIST 800-53 is a regulatory standard that defines the minimum baseline of security controls for all U.S. federal information systems except those related to national security. The controls defined in this standard are customizable and address a diverse set of security and privacy requirements.;858573892697;us-east-1;2026-09-13 17:57:11.149991;sc_7;"The information system: a. Monitors and controls communications at the external boundary of the system and at key internal boundaries within the system; b. Implements subnetworks for publicly accessible system components that are [Selection: physically; logically] separated from internal organizational networks; and c. Connects to external networks or information systems only through managed interfaces consisting of boundary protection devices arranged in accordance with an organizational security architecture.";System and Communications Protection (SC);;;aws;;PASS;S3 Bucket nextwork-website-project-eddieqx does not have a bucket policy.;arn:aws:s3:::nextwork-website-project-eddieqx;s3_bucket_policy_public_write_access;False;nextwork-website-project-eddieqx;NIST-800-53-Revision-4;National Institute of Standards and Technology (NIST) 800-53 Revision 4;
aws;NIST 800-53 is a regulatory standard that defines the minimum baseline of security controls for all U.S. federal information systems except those related to national security. The controls defined in this standard are customizable and address a diverse set of security and privacy requirements.;858573892697;us-east-1;2026-09-13 17:57:11.149991;ac_3;The information system enforces approved authorizations for logical access to information and system resources in accordance with applicable access control policies.;Access Control (AC);;;aws;;PASS;S3 Bucket vaultcloud-logs-prod-2024 does not have a bucket policy.;arn:aws:s3:::vaultcloud-logs-prod-2024;s3_bucket_policy_public_write_access;False;vaultcloud-logs-prod-2024;NIST-800-53-Revision-4;National Institute of Standards and Technology (NIST) 800-53 Revision 4;
aws;NIST 800-53 is a regulatory standard that defines the minimum baseline of security controls for all U.S. federal information systems except those related to national security. The controls defined in this standard are customizable and address a diverse set of security and privacy requirements.;858573892697;us-east-1;2026-09-13 17:57:11.149991;ac_4;The information system enforces approved authorizations for controlling the flow of information within the system and between interconnected systems based on organization-defined information flow control policies.;Access Control (AC);;;aws;;PASS;S3 Bucket vaultcloud-logs-prod-2024 does not have a bucket policy.;arn:aws:s3:::vaultcloud-logs-prod-2024;s3_bucket_policy_public_write_access;False;vaultcloud-logs-prod-2024;NIST-800-53-Revision-4;National Institute of Standards and Technology (NIST) 800-53 Revision 4;
aws;NIST 800-53 is a regulatory standard that defines the minimum baseline of security controls for all U.S. federal information systems except those related to national security. The controls defined in this standard are customizable and address a diverse set of security and privacy requirements.;858573892697;us-east-1;2026-09-13 17:57:11.149991;ac_6;The organization employs the principle of least privilege, allowing only authorized accesses for users (or processes acting on behalf of users) which are necessary to accomplish assigned tasks in accordance with organizational missions and business functions.;Access Control (AC);;;aws;;PASS;S3 Bucket vaultcloud-logs-prod-2024 does not have a bucket policy.;arn:aws:s3:::vaultcloud-logs-prod-2024;s3_bucket_policy_public_write_access;False;vaultcloud-logs-prod-2024;NIST-800-53-Revision-4;National Institute of Standards and Technology (NIST) 800-53 Revision 4;
aws;NIST 800-53 is a regulatory standard that defines the minimum baseline of security controls for all U.S. federal information systems except those related to national security. The controls defined in this standard are customizable and address a diverse set of security and privacy requirements.;858573892697;us-east-1;2026-09-13 17:57:11.149991;ac_21;Facilitate information sharing. Enable authorized users to grant access to partners.;Access Control (AC);;;aws;;PASS;S3 Bucket vaultcloud-logs-prod-2024 does not have a bucket policy.;arn:aws:s3:::vaultcloud-logs-prod-2024;s3_bucket_policy_public_write_access;False;vaultcloud-logs-prod-2024;NIST-800-53-Revision-4;National Institute of Standards and Technology (NIST) 800-53 Revision 4;
aws;NIST 800-53 is a regulatory standard that defines the minimum baseline of security controls for all U.S. federal information systems except those related to national security. The controls defined in this standard are customizable and address a diverse set of security and privacy requirements.;858573892697;us-east-1;2026-09-13 17:57:11.149991;sc_7_3;The organization limits the number of external network connections to the information system.;System and Communications Protection (SC);Boundary Protection (SC-7);;aws;;PASS;S3 Bucket vaultcloud-logs-prod-2024 does not have a bucket policy.;arn:aws:s3:::vaultcloud-logs-prod-2024;s3_bucket_policy_public_write_access;False;vaultcloud-logs-prod-2024;NIST-800-53-Revision-4;National Institute of Standards and Technology (NIST) 800-53 Revision 4;
aws;NIST 800-53 is a regulatory standard that defines the minimum baseline of security controls for all U.S. federal information systems except those related to national security. The controls defined in this standard are customizable and address a diverse set of security and privacy requirements.;858573892697;us-east-1;2026-09-13 17:57:11.149991;sc_7;"The information system: a. Monitors and controls communications at the external boundary of the system and at key internal boundaries within the system; b. Implements subnetworks for publicly accessible system components that are [Selection: physically; logically] separated from internal organizational networks; and c. Connects to external networks or information systems only through managed interfaces consisting of boundary protection devices arranged in accordance with an organizational security architecture.";System and Communications Protection (SC);;;aws;;PASS;S3 Bucket vaultcloud-logs-prod-2024 does not have a bucket policy.;arn:aws:s3:::vaultcloud-logs-prod-2024;s3_bucket_policy_public_write_access;False;vaultcloud-logs-prod-2024;NIST-800-53-Revision-4;National Institute of Standards and Technology (NIST) 800-53 Revision 4;
aws;NIST 800-53 is a regulatory standard that defines the minimum baseline of security controls for all U.S. federal information systems except those related to national security. The controls defined in this standard are customizable and address a diverse set of security and privacy requirements.;858573892697;us-east-1;2026-09-13 17:57:11.149991;ac_3;The information system enforces approved authorizations for logical access to information and system resources in accordance with applicable access control policies.;Access Control (AC);;;aws;;PASS;S3 Bucket vaultcloud-uploads-prod-2024 does not have a bucket policy.;arn:aws:s3:::vaultcloud-uploads-prod-2024;s3_bucket_policy_public_write_access;False;vaultcloud-uploads-prod-2024;NIST-800-53-Revision-4;National Institute of Standards and Technology (NIST) 800-53 Revision 4;
aws;NIST 800-53 is a regulatory standard that defines the minimum baseline of security controls for all U.S. federal information systems except those related to national security. The controls defined in this standard are customizable and address a diverse set of security and privacy requirements.;858573892697;us-east-1;2026-09-13 17:57:11.149991;ac_4;The information system enforces approved authorizations for controlling the flow of information within the system and between interconnected systems based on organization-defined information flow control policies.;Access Control (AC);;;aws;;PASS;S3 Bucket vaultcloud-uploads-prod-2024 does not have a bucket policy.;arn:aws:s3:::vaultcloud-uploads-prod-2024;s3_bucket_policy_public_write_access;False;vaultcloud-uploads-prod-2024;NIST-800-53-Revision-4;National Institute of Standards and Technology (NIST) 800-53 Revision 4;
aws;NIST 800-53 is a regulatory standard that defines the minimum baseline of security controls for all U.S. federal information systems except those related to national security. The controls defined in this standard are customizable and address a diverse set of security and privacy requirements.;858573892697;us-east-1;2026-09-13 17:57:11.149991;ac_6;The organization employs the principle of least privilege, allowing only authorized accesses for users (or processes acting on behalf of users) which are necessary to accomplish assigned tasks in accordance with organizational missions and business functions.;Access Control (AC);;;aws;;PASS;S3 Bucket vaultcloud-uploads-prod-2024 does not have a bucket policy.;arn:aws:s3:::vaultcloud-uploads-prod-2024;s3_bucket_policy_public_write_access;False;vaultcloud-uploads-prod-2024;NIST-800-53-Revision-4;National Institute of Standards and Technology (NIST) 800-53 Revision 4;
aws;NIST 800-53 is a regulatory standard that defines the minimum baseline of security controls for all U.S. federal information systems except those related to national security. The controls defined in this standard are customizable and address a diverse set of security and privacy requirements.;858573892697;us-east-1;2026-09-13 17:57:11.149991;ac_21;Facilitate information sharing. Enable authorized users to grant access to partners.;Access Control (AC);;;aws;;PASS;S3 Bucket vaultcloud-uploads-prod-2024 does not have a bucket policy.;arn:aws:s3:::vaultcloud-uploads-prod-2024;s3_bucket_policy_public_write_access;False;vaultcloud-uploads-prod-2024;NIST-800-53-Revision-4;National Institute of Standards and Technology (NIST) 800-53 Revision 4;
aws;NIST 800-53 is a regulatory standard that defines the minimum baseline of security controls for all U.S. federal information systems except those related to national security. The controls defined in this standard are customizable and address a diverse set of security and privacy requirements.;858573892697;us-east-1;2026-09-13 17:57:11.149991;sc_7_3;The organization limits the number of external network connections to the information system.;System and Communications Protection (SC);Boundary Protection (SC-7);;aws;;PASS;S3 Bucket vaultcloud-uploads-prod-2024 does not have a bucket policy.;arn:aws:s3:::vaultcloud-uploads-prod-2024;s3_bucket_policy_public_write_access;False;vaultcloud-uploads-prod-2024;NIST-800-53-Revision-4;National Institute of Standards and Technology (NIST) 800-53 Revision 4;
aws;NIST 800-53 is a regulatory standard that defines the minimum baseline of security controls for all U.S. federal information systems except those related to national security. The controls defined in this standard are customizable and address a diverse set of security and privacy requirements.;858573892697;us-east-1;2026-09-13 17:57:11.149991;sc_7;"The information system: a. Monitors and controls communications at the external boundary of the system and at key internal boundaries within the system; b. Implements subnetworks for publicly accessible system components that are [Selection: physically; logically] separated from internal organizational networks; and c. Connects to external networks or information systems only through managed interfaces consisting of boundary protection devices arranged in accordance with an organizational security architecture.";System and Communications Protection (SC);;;aws;;PASS;S3 Bucket vaultcloud-uploads-prod-2024 does not have a bucket policy.;arn:aws:s3:::vaultcloud-uploads-prod-2024;s3_bucket_policy_public_write_access;False;vaultcloud-uploads-prod-2024;NIST-800-53-Revision-4;National Institute of Standards and Technology (NIST) 800-53 Revision 4;
aws;NIST 800-53 is a regulatory standard that defines the minimum baseline of security controls for all U.S. federal information systems except those related to national security. The controls defined in this standard are customizable and address a diverse set of security and privacy requirements.;858573892697;us-east-1;2026-09-13 17:57:11.149991;ac_3;The information system enforces approved authorizations for logical access to information and system resources in accordance with applicable access control policies.;Access Control (AC);;;aws;;PASS;S3 Bucket nextwork-website-project-eddieqx is not public.;arn:aws:s3:::nextwork-website-project-eddieqx;s3_bucket_public_access;False;nextwork-website-project-eddieqx;NIST-800-53-Revision-4;National Institute of Standards and Technology (NIST) 800-53 Revision 4;
aws;NIST 800-53 is a regulatory standard that defines the minimum baseline of security controls for all U.S. federal information systems except those related to national security. The controls defined in this standard are customizable and address a diverse set of security and privacy requirements.;858573892697;us-east-1;2026-09-13 17:57:11.149991;ac_4;The information system enforces approved authorizations for controlling the flow of information within the system and between interconnected systems based on organization-defined information flow control policies.;Access Control (AC);;;aws;;PASS;S3 Bucket nextwork-website-project-eddieqx is not public.;arn:aws:s3:::nextwork-website-project-eddieqx;s3_bucket_public_access;False;nextwork-website-project-eddieqx;NIST-800-53-Revision-4;National Institute of Standards and Technology (NIST) 800-53 Revision 4;
aws;NIST 800-53 is a regulatory standard that defines the minimum baseline of security controls for all U.S. federal information systems except those related to national security. The controls defined in this standard are customizable and address a diverse set of security and privacy requirements.;858573892697;us-east-1;2026-09-13 17:57:11.149991;ac_6;The organization employs the principle of least privilege, allowing only authorized accesses for users (or processes acting on behalf of users) which are necessary to accomplish assigned tasks in accordance with organizational missions and business functions.;Access Control (AC);;;aws;;PASS;S3 Bucket nextwork-website-project-eddieqx is not public.;arn:aws:s3:::nextwork-website-project-eddieqx;s3_bucket_public_access;False;nextwork-website-project-eddieqx;NIST-800-53-Revision-4;National Institute of Standards and Technology (NIST) 800-53 Revision 4;
aws;NIST 800-53 is a regulatory standard that defines the minimum baseline of security controls for all U.S. federal information systems except those related to national security. The controls defined in this standard are customizable and address a diverse set of security and privacy requirements.;858573892697;us-east-1;2026-09-13 17:57:11.149991;ac_21;Facilitate information sharing. Enable authorized users to grant access to partners.;Access Control (AC);;;aws;;PASS;S3 Bucket nextwork-website-project-eddieqx is not public.;arn:aws:s3:::nextwork-website-project-eddieqx;s3_bucket_public_access;False;nextwork-website-project-eddieqx;NIST-800-53-Revision-4;National Institute of Standards and Technology (NIST) 800-53 Revision 4;
aws;NIST 800-53 is a regulatory standard that defines the minimum baseline of security controls for all U.S. federal information systems except those related to national security. The controls defined in this standard are customizable and address a diverse set of security and privacy requirements.;858573892697;us-east-1;2026-09-13 17:57:11.149991;sc_7_3;The organization limits the number of external network connections to the information system.;System and Communications Protection (SC);Boundary Protection (SC-7);;aws;;PASS;S3 Bucket nextwork-website-project-eddieqx is not public.;arn:aws:s3:::nextwork-website-project-eddieqx;s3_bucket_public_access;False;nextwork-website-project-eddieqx;NIST-800-53-Revision-4;National Institute of Standards and Technology (NIST) 800-53 Revision 4;
aws;NIST 800-53 is a regulatory standard that defines the minimum baseline of security controls for all U.S. federal information systems except those related to national security. The controls defined in this standard are customizable and address a diverse set of security and privacy requirements.;858573892697;us-east-1;2026-09-13 17:57:11.149991;sc_7;"The information system: a. Monitors and controls communications at the external boundary of the system and at key internal boundaries within the system; b. Implements subnetworks for publicly accessible system components that are [Selection: physically; logically] separated from internal organizational networks; and c. Connects to external networks or information systems only through managed interfaces consisting of boundary protection devices arranged in accordance with an organizational security architecture.";System and Communications Protection (SC);;;aws;;PASS;S3 Bucket nextwork-website-project-eddieqx is not public.;arn:aws:s3:::nextwork-website-project-eddieqx;s3_bucket_public_access;False;nextwork-website-project-eddieqx;NIST-800-53-Revision-4;National Institute of Standards and Technology (NIST) 800-53 Revision 4;
aws;NIST 800-53 is a regulatory standard that defines the minimum baseline of security controls for all U.S. federal information systems except those related to national security. The controls defined in this standard are customizable and address a diverse set of security and privacy requirements.;858573892697;us-east-1;2026-09-13 17:57:11.149991;ac_3;The information system enforces approved authorizations for logical access to information and system resources in accordance with applicable access control policies.;Access Control (AC);;;aws;;PASS;S3 Bucket vaultcloud-logs-prod-2024 is not public.;arn:aws:s3:::vaultcloud-logs-prod-2024;s3_bucket_public_access;False;vaultcloud-logs-prod-2024;NIST-800-53-Revision-4;National Institute of Standards and Technology (NIST) 800-53 Revision 4;
aws;NIST 800-53 is a regulatory standard that defines the minimum baseline of security controls for all U.S. federal information systems except those related to national security. The controls defined in this standard are customizable and address a diverse set of security and privacy requirements.;858573892697;us-east-1;2026-09-13 17:57:11.149991;ac_4;The information system enforces approved authorizations for controlling the flow of information within the system and between interconnected systems based on organization-defined information flow control policies.;Access Control (AC);;;aws;;PASS;S3 Bucket vaultcloud-logs-prod-2024 is not public.;arn:aws:s3:::vaultcloud-logs-prod-2024;s3_bucket_public_access;False;vaultcloud-logs-prod-2024;NIST-800-53-Revision-4;National Institute of Standards and Technology (NIST) 800-53 Revision 4;
aws;NIST 800-53 is a regulatory standard that defines the minimum baseline of security controls for all U.S. federal information systems except those related to national security. The controls defined in this standard are customizable and address a diverse set of security and privacy requirements.;858573892697;us-east-1;2026-09-13 17:57:11.149991;ac_6;The organization employs the principle of least privilege, allowing only authorized accesses for users (or processes acting on behalf of users) which are necessary to accomplish assigned tasks in accordance with organizational missions and business functions.;Access Control (AC);;;aws;;PASS;S3 Bucket vaultcloud-logs-prod-2024 is not public.;arn:aws:s3:::vaultcloud-logs-prod-2024;s3_bucket_public_access;False;vaultcloud-logs-prod-2024;NIST-800-53-Revision-4;National Institute of Standards and Technology (NIST) 800-53 Revision 4;
aws;NIST 800-53 is a regulatory standard that defines the minimum baseline of security controls for all U.S. federal information systems except those related to national security. The controls defined in this standard are customizable and address a diverse set of security and privacy requirements.;858573892697;us-east-1;2026-09-13 17:57:11.149991;ac_21;Facilitate information sharing. Enable authorized users to grant access to partners.;Access Control (AC);;;aws;;PASS;S3 Bucket vaultcloud-logs-prod-2024 is not public.;arn:aws:s3:::vaultcloud-logs-prod-2024;s3_bucket_public_access;False;vaultcloud-logs-prod-2024;NIST-800-53-Revision-4;National Institute of Standards and Technology (NIST) 800-53 Revision 4;
aws;NIST 800-53 is a regulatory standard that defines the minimum baseline of security controls for all U.S. federal information systems except those related to national security. The controls defined in this standard are customizable and address a diverse set of security and privacy requirements.;858573892697;us-east-1;2026-09-13 17:57:11.149991;sc_7_3;The organization limits the number of external network connections to the information system.;System and Communications Protection (SC);Boundary Protection (SC-7);;aws;;PASS;S3 Bucket vaultcloud-logs-prod-2024 is not public.;arn:aws:s3:::vaultcloud-logs-prod-2024;s3_bucket_public_access;False;vaultcloud-logs-prod-2024;NIST-800-53-Revision-4;National Institute of Standards and Technology (NIST) 800-53 Revision 4;
aws;NIST 800-53 is a regulatory standard that defines the minimum baseline of security controls for all U.S. federal information systems except those related to national security. The controls defined in this standard are customizable and address a diverse set of security and privacy requirements.;858573892697;us-east-1;2026-09-13 17:57:11.149991;sc_7;"The information system: a. Monitors and controls communications at the external boundary of the system and at key internal boundaries within the system; b. Implements subnetworks for publicly accessible system components that are [Selection: physically; logically] separated from internal organizational networks; and c. Connects to external networks or information systems only through managed interfaces consisting of boundary protection devices arranged in accordance with an organizational security architecture.";System and Communications Protection (SC);;;aws;;PASS;S3 Bucket vaultcloud-logs-prod-2024 is not public.;arn:aws:s3:::vaultcloud-logs-prod-2024;s3_bucket_public_access;False;vaultcloud-logs-prod-2024;NIST-800-53-Revision-4;National Institute of Standards and Technology (NIST) 800-53 Revision 4;
aws;NIST 800-53 is a regulatory standard that defines the minimum baseline of security controls for all U.S. federal information systems except those related to national security. The controls defined in this standard are customizable and address a diverse set of security and privacy requirements.;858573892697;us-east-1;2026-09-13 17:57:11.149991;ac_3;The information system enforces approved authorizations for logical access to information and system resources in accordance with applicable access control policies.;Access Control (AC);;;aws;;PASS;S3 Bucket vaultcloud-uploads-prod-2024 is not public.;arn:aws:s3:::vaultcloud-uploads-prod-2024;s3_bucket_public_access;False;vaultcloud-uploads-prod-2024;NIST-800-53-Revision-4;National Institute of Standards and Technology (NIST) 800-53 Revision 4;
aws;NIST 800-53 is a regulatory standard that defines the minimum baseline of security controls for all U.S. federal information systems except those related to national security. The controls defined in this standard are customizable and address a diverse set of security and privacy requirements.;858573892697;us-east-1;2026-09-13 17:57:11.149991;ac_4;The information system enforces approved authorizations for controlling the flow of information within the system and between interconnected systems based on organization-defined information flow control policies.;Access Control (AC);;;aws;;PASS;S3 Bucket vaultcloud-uploads-prod-2024 is not public.;arn:aws:s3:::vaultcloud-uploads-prod-2024;s3_bucket_public_access;False;vaultcloud-uploads-prod-2024;NIST-800-53-Revision-4;National Institute of Standards and Technology (NIST) 800-53 Revision 4;
aws;NIST 800-53 is a regulatory standard that defines the minimum baseline of security controls for all U.S. federal information systems except those related to national security. The controls defined in this standard are customizable and address a diverse set of security and privacy requirements.;858573892697;us-east-1;2026-09-13 17:57:11.149991;ac_6;The organization employs the principle of least privilege, allowing only authorized accesses for users (or processes acting on behalf of users) which are necessary to accomplish assigned tasks in accordance with organizational missions and business functions.;Access Control (AC);;;aws;;PASS;S3 Bucket vaultcloud-uploads-prod-2024 is not public.;arn:aws:s3:::vaultcloud-uploads-prod-2024;s3_bucket_public_access;False;vaultcloud-uploads-prod-2024;NIST-800-53-Revision-4;National Institute of Standards and Technology (NIST) 800-53 Revision 4;
aws;NIST 800-53 is a regulatory standard that defines the minimum baseline of security controls for all U.S. federal information systems except those related to national security. The controls defined in this standard are customizable and address a diverse set of security and privacy requirements.;858573892697;us-east-1;2026-09-13 17:57:11.149991;ac_21;Facilitate information sharing. Enable authorized users to grant access to partners.;Access Control (AC);;;aws;;PASS;S3 Bucket vaultcloud-uploads-prod-2024 is not public.;arn:aws:s3:::vaultcloud-uploads-prod-2024;s3_bucket_public_access;False;vaultcloud-uploads-prod-2024;NIST-800-53-Revision-4;National Institute of Standards and Technology (NIST) 800-53 Revision 4;
aws;NIST 800-53 is a regulatory standard that defines the minimum baseline of security controls for all U.S. federal information systems except those related to national security. The controls defined in this standard are customizable and address a diverse set of security and privacy requirements.;858573892697;us-east-1;2026-09-13 17:57:11.149991;sc_7_3;The organization limits the number of external network connections to the information system.;System and Communications Protection (SC);Boundary Protection (SC-7);;aws;;PASS;S3 Bucket vaultcloud-uploads-prod-2024 is not public.;arn:aws:s3:::vaultcloud-uploads-prod-2024;s3_bucket_public_access;False;vaultcloud-uploads-prod-2024;NIST-800-53-Revision-4;National Institute of Standards and Technology (NIST) 800-53 Revision 4;
aws;NIST 800-53 is a regulatory standard that defines the minimum baseline of security controls for all U.S. federal information systems except those related to national security. The controls defined in this standard are customizable and address a diverse set of security and privacy requirements.;858573892697;us-east-1;2026-09-13 17:57:11.149991;sc_7;"The information system: a. Monitors and controls communications at the external boundary of the system and at key internal boundaries within the system; b. Implements subnetworks for publicly accessible system components that are [Selection: physically; logically] separated from internal organizational networks; and c. Connects to external networks or information systems only through managed interfaces consisting of boundary protection devices arranged in accordance with an organizational security architecture.";System and Communications Protection (SC);;;aws;;PASS;S3 Bucket vaultcloud-uploads-prod-2024 is not public.;arn:aws:s3:::vaultcloud-uploads-prod-2024;s3_bucket_public_access;False;vaultcloud-uploads-prod-2024;NIST-800-53-Revision-4;National Institute of Standards and Technology (NIST) 800-53 Revision 4;
aws;NIST 800-53 is a regulatory standard that defines the minimum baseline of security controls for all U.S. federal information systems except those related to national security. The controls defined in this standard are customizable and address a diverse set of security and privacy requirements.;858573892697;us-east-1;2026-09-13 17:57:11.149991;ac_17_2;The information system implements cryptographic mechanisms to protect the confidentiality and integrity of remote access sessions.;Access Control (AC);;;aws;;FAIL;S3 Bucket nextwork-website-project-eddieqx does not have a bucket policy, thus it allows HTTP requests.;arn:aws:s3:::nextwork-website-project-eddieqx;s3_bucket_secure_transport_policy;False;nextwork-website-project-eddieqx;NIST-800-53-Revision-4;National Institute of Standards and Technology (NIST) 800-53 Revision 4;
aws;NIST 800-53 is a regulatory standard that defines the minimum baseline of security controls for all U.S. federal information systems except those related to national security. The controls defined in this standard are customizable and address a diverse set of security and privacy requirements.;858573892697;us-east-1;2026-09-13 17:57:11.149991;sc_7;"The information system: a. Monitors and controls communications at the external boundary of the system and at key internal boundaries within the system; b. Implements subnetworks for publicly accessible system components that are [Selection: physically; logically] separated from internal organizational networks; and c. Connects to external networks or information systems only through managed interfaces consisting of boundary protection devices arranged in accordance with an organizational security architecture.";System and Communications Protection (SC);;;aws;;FAIL;S3 Bucket nextwork-website-project-eddieqx does not have a bucket policy, thus it allows HTTP requests.;arn:aws:s3:::nextwork-website-project-eddieqx;s3_bucket_secure_transport_policy;False;nextwork-website-project-eddieqx;NIST-800-53-Revision-4;National Institute of Standards and Technology (NIST) 800-53 Revision 4;
aws;NIST 800-53 is a regulatory standard that defines the minimum baseline of security controls for all U.S. federal information systems except those related to national security. The controls defined in this standard are customizable and address a diverse set of security and privacy requirements.;858573892697;us-east-1;2026-09-13 17:57:11.149991;sc_8_1;"The information system implements cryptographic mechanisms to [Selection (one or more): prevent unauthorized disclosure of information; detect changes to information] during transmission unless otherwise protected by [Assignment: organization-defined alternative physical safeguards].";System and Communications Protection (SC);Transmission Confidentiality And Integrity (SC-8);;aws;;FAIL;S3 Bucket nextwork-website-project-eddieqx does not have a bucket policy, thus it allows HTTP requests.;arn:aws:s3:::nextwork-website-project-eddieqx;s3_bucket_secure_transport_policy;False;nextwork-website-project-eddieqx;NIST-800-53-Revision-4;National Institute of Standards and Technology (NIST) 800-53 Revision 4;
aws;NIST 800-53 is a regulatory standard that defines the minimum baseline of security controls for all U.S. federal information systems except those related to national security. The controls defined in this standard are customizable and address a diverse set of security and privacy requirements.;858573892697;us-east-1;2026-09-13 17:57:11.149991;sc_8;"The information system protects the [Selection (one or more): confidentiality; integrity] of transmitted information.";System and Communications Protection (SC);;;aws;;FAIL;S3 Bucket nextwork-website-project-eddieqx does not have a bucket policy, thus it allows HTTP requests.;arn:aws:s3:::nextwork-website-project-eddieqx;s3_bucket_secure_transport_policy;False;nextwork-website-project-eddieqx;NIST-800-53-Revision-4;National Institute of Standards and Technology (NIST) 800-53 Revision 4;
aws;NIST 800-53 is a regulatory standard that defines the minimum baseline of security controls for all U.S. federal information systems except those related to national security. The controls defined in this standard are customizable and address a diverse set of security and privacy requirements.;858573892697;us-east-1;2026-09-13 17:57:11.149991;ac_17_2;The information system implements cryptographic mechanisms to protect the confidentiality and integrity of remote access sessions.;Access Control (AC);;;aws;;FAIL;S3 Bucket vaultcloud-logs-prod-2024 does not have a bucket policy, thus it allows HTTP requests.;arn:aws:s3:::vaultcloud-logs-prod-2024;s3_bucket_secure_transport_policy;False;vaultcloud-logs-prod-2024;NIST-800-53-Revision-4;National Institute of Standards and Technology (NIST) 800-53 Revision 4;
aws;NIST 800-53 is a regulatory standard that defines the minimum baseline of security controls for all U.S. federal information systems except those related to national security. The controls defined in this standard are customizable and address a diverse set of security and privacy requirements.;858573892697;us-east-1;2026-09-13 17:57:11.149991;sc_7;"The information system: a. Monitors and controls communications at the external boundary of the system and at key internal boundaries within the system; b. Implements subnetworks for publicly accessible system components that are [Selection: physically; logically] separated from internal organizational networks; and c. Connects to external networks or information systems only through managed interfaces consisting of boundary protection devices arranged in accordance with an organizational security architecture.";System and Communications Protection (SC);;;aws;;FAIL;S3 Bucket vaultcloud-logs-prod-2024 does not have a bucket policy, thus it allows HTTP requests.;arn:aws:s3:::vaultcloud-logs-prod-2024;s3_bucket_secure_transport_policy;False;vaultcloud-logs-prod-2024;NIST-800-53-Revision-4;National Institute of Standards and Technology (NIST) 800-53 Revision 4;
aws;NIST 800-53 is a regulatory standard that defines the minimum baseline of security controls for all U.S. federal information systems except those related to national security. The controls defined in this standard are customizable and address a diverse set of security and privacy requirements.;858573892697;us-east-1;2026-09-13 17:57:11.149991;sc_8_1;"The information system implements cryptographic mechanisms to [Selection (one or more): prevent unauthorized disclosure of information; detect changes to information] during transmission unless otherwise protected by [Assignment: organization-defined alternative physical safeguards].";System and Communications Protection (SC);Transmission Confidentiality And Integrity (SC-8);;aws;;FAIL;S3 Bucket vaultcloud-logs-prod-2024 does not have a bucket policy, thus it allows HTTP requests.;arn:aws:s3:::vaultcloud-logs-prod-2024;s3_bucket_secure_transport_policy;False;vaultcloud-logs-prod-2024;NIST-800-53-Revision-4;National Institute of Standards and Technology (NIST) 800-53 Revision 4;
aws;NIST 800-53 is a regulatory standard that defines the minimum baseline of security controls for all U.S. federal information systems except those related to national security. The controls defined in this standard are customizable and address a diverse set of security and privacy requirements.;858573892697;us-east-1;2026-09-13 17:57:11.149991;sc_8;"The information system protects the [Selection (one or more): confidentiality; integrity] of transmitted information.";System and Communications Protection (SC);;;aws;;FAIL;S3 Bucket vaultcloud-logs-prod-2024 does not have a bucket policy, thus it allows HTTP requests.;arn:aws:s3:::vaultcloud-logs-prod-2024;s3_bucket_secure_transport_policy;False;vaultcloud-logs-prod-2024;NIST-800-53-Revision-4;National Institute of Standards and Technology (NIST) 800-53 Revision 4;
aws;NIST 800-53 is a regulatory standard that defines the minimum baseline of security controls for all U.S. federal information systems except those related to national security. The controls defined in this standard are customizable and address a diverse set of security and privacy requirements.;858573892697;us-east-1;2026-09-13 17:57:11.149991;ac_17_2;The information system implements cryptographic mechanisms to protect the confidentiality and integrity of remote access sessions.;Access Control (AC);;;aws;;FAIL;S3 Bucket vaultcloud-uploads-prod-2024 does not have a bucket policy, thus it allows HTTP requests.;arn:aws:s3:::vaultcloud-uploads-prod-2024;s3_bucket_secure_transport_policy;False;vaultcloud-uploads-prod-2024;NIST-800-53-Revision-4;National Institute of Standards and Technology (NIST) 800-53 Revision 4;
aws;NIST 800-53 is a regulatory standard that defines the minimum baseline of security controls for all U.S. federal information systems except those related to national security. The controls defined in this standard are customizable and address a diverse set of security and privacy requirements.;858573892697;us-east-1;2026-09-13 17:57:11.149991;sc_7;"The information system: a. Monitors and controls communications at the external boundary of the system and at key internal boundaries within the system; b. Implements subnetworks for publicly accessible system components that are [Selection: physically; logically] separated from internal organizational networks; and c. Connects to external networks or information systems only through managed interfaces consisting of boundary protection devices arranged in accordance with an organizational security architecture.";System and Communications Protection (SC);;;aws;;FAIL;S3 Bucket vaultcloud-uploads-prod-2024 does not have a bucket policy, thus it allows HTTP requests.;arn:aws:s3:::vaultcloud-uploads-prod-2024;s3_bucket_secure_transport_policy;False;vaultcloud-uploads-prod-2024;NIST-800-53-Revision-4;National Institute of Standards and Technology (NIST) 800-53 Revision 4;
aws;NIST 800-53 is a regulatory standard that defines the minimum baseline of security controls for all U.S. federal information systems except those related to national security. The controls defined in this standard are customizable and address a diverse set of security and privacy requirements.;858573892697;us-east-1;2026-09-13 17:57:11.149991;sc_8_1;"The information system implements cryptographic mechanisms to [Selection (one or more): prevent unauthorized disclosure of information; detect changes to information] during transmission unless otherwise protected by [Assignment: organization-defined alternative physical safeguards].";System and Communications Protection (SC);Transmission Confidentiality And Integrity (SC-8);;aws;;FAIL;S3 Bucket vaultcloud-uploads-prod-2024 does not have a bucket policy, thus it allows HTTP requests.;arn:aws:s3:::vaultcloud-uploads-prod-2024;s3_bucket_secure_transport_policy;False;vaultcloud-uploads-prod-2024;NIST-800-53-Revision-4;National Institute of Standards and Technology (NIST) 800-53 Revision 4;
aws;NIST 800-53 is a regulatory standard that defines the minimum baseline of security controls for all U.S. federal information systems except those related to national security. The controls defined in this standard are customizable and address a diverse set of security and privacy requirements.;858573892697;us-east-1;2026-09-13 17:57:11.149991;sc_8;"The information system protects the [Selection (one or more): confidentiality; integrity] of transmitted information.";System and Communications Protection (SC);;;aws;;FAIL;S3 Bucket vaultcloud-uploads-prod-2024 does not have a bucket policy, thus it allows HTTP requests.;arn:aws:s3:::vaultcloud-uploads-prod-2024;s3_bucket_secure_transport_policy;False;vaultcloud-uploads-prod-2024;NIST-800-53-Revision-4;National Institute of Standards and Technology (NIST) 800-53 Revision 4;
aws;NIST 800-53 is a regulatory standard that defines the minimum baseline of security controls for all U.S. federal information systems except those related to national security. The controls defined in this standard are customizable and address a diverse set of security and privacy requirements.;858573892697;us-east-1;2026-09-13 17:57:11.149991;ac_2;Manage system accounts, group memberships, privileges, workflow, notifications, deactivations, and authorizations.;Access Control (AC);;;aws;;FAIL;S3 Bucket nextwork-website-project-eddieqx has server access logging disabled.;arn:aws:s3:::nextwork-website-project-eddieqx;s3_bucket_server_access_logging_enabled;False;nextwork-website-project-eddieqx;NIST-800-53-Revision-4;National Institute of Standards and Technology (NIST) 800-53 Revision 4;
aws;NIST 800-53 is a regulatory standard that defines the minimum baseline of security controls for all U.S. federal information systems except those related to national security. The controls defined in this standard are customizable and address a diverse set of security and privacy requirements.;858573892697;us-east-1;2026-09-13 17:57:11.149991;au_2;Automate security audit function with other organizational entities. Enable mutual support of audit of auditable events.;Audit and Accountability (AU);;;aws;;FAIL;S3 Bucket nextwork-website-project-eddieqx has server access logging disabled.;arn:aws:s3:::nextwork-website-project-eddieqx;s3_bucket_server_access_logging_enabled;False;nextwork-website-project-eddieqx;NIST-800-53-Revision-4;National Institute of Standards and Technology (NIST) 800-53 Revision 4;
aws;NIST 800-53 is a regulatory standard that defines the minimum baseline of security controls for all U.S. federal information systems except those related to national security. The controls defined in this standard are customizable and address a diverse set of security and privacy requirements.;858573892697;us-east-1;2026-09-13 17:57:11.149991;au_3;The information system generates audit records containing information that establishes what type of event occurred, when the event occurred, where the event occurred, the source of the event, the outcome of the event, and the identity of any individuals or subjects associated with the event.;Audit and Accountability (AU);;;aws;;FAIL;S3 Bucket nextwork-website-project-eddieqx has server access logging disabled.;arn:aws:s3:::nextwork-website-project-eddieqx;s3_bucket_server_access_logging_enabled;False;nextwork-website-project-eddieqx;NIST-800-53-Revision-4;National Institute of Standards and Technology (NIST) 800-53 Revision 4;
aws;NIST 800-53 is a regulatory standard that defines the minimum baseline of security controls for all U.S. federal information systems except those related to national security. The controls defined in this standard are customizable and address a diverse set of security and privacy requirements.;858573892697;us-east-1;2026-09-13 17:57:11.149991;au_12;Audit events defined in AU-2. Allow trusted personnel to select which events to audit. Generate audit records for events.;Audit and Accountability (AU);;;aws;;FAIL;S3 Bucket nextwork-website-project-eddieqx has server access logging disabled.;arn:aws:s3:::nextwork-website-project-eddieqx;s3_bucket_server_access_logging_enabled;False;nextwork-website-project-eddieqx;NIST-800-53-Revision-4;National Institute of Standards and Technology (NIST) 800-53 Revision 4;
aws;NIST 800-53 is a regulatory standard that defines the minimum baseline of security controls for all U.S. federal information systems except those related to national security. The controls defined in this standard are customizable and address a diverse set of security and privacy requirements.;858573892697;us-east-1;2026-09-13 17:57:11.149991;ac_2;Manage system accounts, group memberships, privileges, workflow, notifications, deactivations, and authorizations.;Access Control (AC);;;aws;;FAIL;S3 Bucket vaultcloud-logs-prod-2024 has server access logging disabled.;arn:aws:s3:::vaultcloud-logs-prod-2024;s3_bucket_server_access_logging_enabled;False;vaultcloud-logs-prod-2024;NIST-800-53-Revision-4;National Institute of Standards and Technology (NIST) 800-53 Revision 4;
aws;NIST 800-53 is a regulatory standard that defines the minimum baseline of security controls for all U.S. federal information systems except those related to national security. The controls defined in this standard are customizable and address a diverse set of security and privacy requirements.;858573892697;us-east-1;2026-09-13 17:57:11.149991;au_2;Automate security audit function with other organizational entities. Enable mutual support of audit of auditable events.;Audit and Accountability (AU);;;aws;;FAIL;S3 Bucket vaultcloud-logs-prod-2024 has server access logging disabled.;arn:aws:s3:::vaultcloud-logs-prod-2024;s3_bucket_server_access_logging_enabled;False;vaultcloud-logs-prod-2024;NIST-800-53-Revision-4;National Institute of Standards and Technology (NIST) 800-53 Revision 4;
aws;NIST 800-53 is a regulatory standard that defines the minimum baseline of security controls for all U.S. federal information systems except those related to national security. The controls defined in this standard are customizable and address a diverse set of security and privacy requirements.;858573892697;us-east-1;2026-09-13 17:57:11.149991;au_3;The information system generates audit records containing information that establishes what type of event occurred, when the event occurred, where the event occurred, the source of the event, the outcome of the event, and the identity of any individuals or subjects associated with the event.;Audit and Accountability (AU);;;aws;;FAIL;S3 Bucket vaultcloud-logs-prod-2024 has server access logging disabled.;arn:aws:s3:::vaultcloud-logs-prod-2024;s3_bucket_server_access_logging_enabled;False;vaultcloud-logs-prod-2024;NIST-800-53-Revision-4;National Institute of Standards and Technology (NIST) 800-53 Revision 4;
aws;NIST 800-53 is a regulatory standard that defines the minimum baseline of security controls for all U.S. federal information systems except those related to national security. The controls defined in this standard are customizable and address a diverse set of security and privacy requirements.;858573892697;us-east-1;2026-09-13 17:57:11.149991;au_12;Audit events defined in AU-2. Allow trusted personnel to select which events to audit. Generate audit records for events.;Audit and Accountability (AU);;;aws;;FAIL;S3 Bucket vaultcloud-logs-prod-2024 has server access logging disabled.;arn:aws:s3:::vaultcloud-logs-prod-2024;s3_bucket_server_access_logging_enabled;False;vaultcloud-logs-prod-2024;NIST-800-53-Revision-4;National Institute of Standards and Technology (NIST) 800-53 Revision 4;
aws;NIST 800-53 is a regulatory standard that defines the minimum baseline of security controls for all U.S. federal information systems except those related to national security. The controls defined in this standard are customizable and address a diverse set of security and privacy requirements.;858573892697;us-east-1;2026-09-13 17:57:11.149991;ac_2;Manage system accounts, group memberships, privileges, workflow, notifications, deactivations, and authorizations.;Access Control (AC);;;aws;;FAIL;S3 Bucket vaultcloud-uploads-prod-2024 has server access logging disabled.;arn:aws:s3:::vaultcloud-uploads-prod-2024;s3_bucket_server_access_logging_enabled;False;vaultcloud-uploads-prod-2024;NIST-800-53-Revision-4;National Institute of Standards and Technology (NIST) 800-53 Revision 4;
aws;NIST 800-53 is a regulatory standard that defines the minimum baseline of security controls for all U.S. federal information systems except those related to national security. The controls defined in this standard are customizable and address a diverse set of security and privacy requirements.;858573892697;us-east-1;2026-09-13 17:57:11.149991;au_2;Automate security audit function with other organizational entities. Enable mutual support of audit of auditable events.;Audit and Accountability (AU);;;aws;;FAIL;S3 Bucket vaultcloud-uploads-prod-2024 has server access logging disabled.;arn:aws:s3:::vaultcloud-uploads-prod-2024;s3_bucket_server_access_logging_enabled;False;vaultcloud-uploads-prod-2024;NIST-800-53-Revision-4;National Institute of Standards and Technology (NIST) 800-53 Revision 4;
aws;NIST 800-53 is a regulatory standard that defines the minimum baseline of security controls for all U.S. federal information systems except those related to national security. The controls defined in this standard are customizable and address a diverse set of security and privacy requirements.;858573892697;us-east-1;2026-09-13 17:57:11.149991;au_3;The information system generates audit records containing information that establishes what type of event occurred, when the event occurred, where the event occurred, the source of the event, the outcome of the event, and the identity of any individuals or subjects associated with the event.;Audit and Accountability (AU);;;aws;;FAIL;S3 Bucket vaultcloud-uploads-prod-2024 has server access logging disabled.;arn:aws:s3:::vaultcloud-uploads-prod-2024;s3_bucket_server_access_logging_enabled;False;vaultcloud-uploads-prod-2024;NIST-800-53-Revision-4;National Institute of Standards and Technology (NIST) 800-53 Revision 4;
aws;NIST 800-53 is a regulatory standard that defines the minimum baseline of security controls for all U.S. federal information systems except those related to national security. The controls defined in this standard are customizable and address a diverse set of security and privacy requirements.;858573892697;us-east-1;2026-09-13 17:57:11.149991;au_12;Audit events defined in AU-2. Allow trusted personnel to select which events to audit. Generate audit records for events.;Audit and Accountability (AU);;;aws;;FAIL;S3 Bucket vaultcloud-uploads-prod-2024 has server access logging disabled.;arn:aws:s3:::vaultcloud-uploads-prod-2024;s3_bucket_server_access_logging_enabled;False;vaultcloud-uploads-prod-2024;NIST-800-53-Revision-4;National Institute of Standards and Technology (NIST) 800-53 Revision 4;
aws;NIST 800-53 is a regulatory standard that defines the minimum baseline of security controls for all U.S. federal information systems except those related to national security. The controls defined in this standard are customizable and address a diverse set of security and privacy requirements.;858573892697;us-east-1;2026-09-13 17:57:11.149991;ac_2_1;Access control policies (e.g., identity or role-based policies, control matrices, and cryptography) control access between active entities or subjects (i.e., users or processes acting on behalf of users) and passive entities or objects (e.g., devices, files, records, and domains) in systems. Access enforcement mechanisms can be employed at the application and service level to provide increased information security. Other systems include systems internal and external to the organization. This requirement focuses on account management for systems and applications. The definition of and enforcement of access authorizations, other than those determined by account type (e.g., privileged verses non-privileged) are addressed in requirement 3.1.2.;Access Control (AC);Account Management (AC-2);;aws;;FAIL;Security Hub is not enabled.;arn:aws:securityhub:us-east-1:858573892697:hub/unknown;securityhub_enabled;False;hub/unknown;NIST-800-53-Revision-4;National Institute of Standards and Technology (NIST) 800-53 Revision 4;
aws;NIST 800-53 is a regulatory standard that defines the minimum baseline of security controls for all U.S. federal information systems except those related to national security. The controls defined in this standard are customizable and address a diverse set of security and privacy requirements.;858573892697;us-east-1;2026-09-13 17:57:11.149991;ac_2_4;The information system automatically audits account creation, modification, enabling, disabling, and removal actions, and notifies [Assignment: organization-defined personnel or roles].;Access Control (AC);Account Management (AC-2);;aws;;FAIL;Security Hub is not enabled.;arn:aws:securityhub:us-east-1:858573892697:hub/unknown;securityhub_enabled;False;hub/unknown;NIST-800-53-Revision-4;National Institute of Standards and Technology (NIST) 800-53 Revision 4;
aws;NIST 800-53 is a regulatory standard that defines the minimum baseline of security controls for all U.S. federal information systems except those related to national security. The controls defined in this standard are customizable and address a diverse set of security and privacy requirements.;858573892697;us-east-1;2026-09-13 17:57:11.149991;ac_2_12;Monitors and reports atypical usage of information system accounts to organization-defined personnel or roles.;Access Control (AC);Account Management (AC-2);;aws;;FAIL;Security Hub is not enabled.;arn:aws:securityhub:us-east-1:858573892697:hub/unknown;securityhub_enabled;False;hub/unknown;NIST-800-53-Revision-4;National Institute of Standards and Technology (NIST) 800-53 Revision 4;
aws;NIST 800-53 is a regulatory standard that defines the minimum baseline of security controls for all U.S. federal information systems except those related to national security. The controls defined in this standard are customizable and address a diverse set of security and privacy requirements.;858573892697;us-east-1;2026-09-13 17:57:11.149991;ac_2;Manage system accounts, group memberships, privileges, workflow, notifications, deactivations, and authorizations.;Access Control (AC);;;aws;;FAIL;Security Hub is not enabled.;arn:aws:securityhub:us-east-1:858573892697:hub/unknown;securityhub_enabled;False;hub/unknown;NIST-800-53-Revision-4;National Institute of Standards and Technology (NIST) 800-53 Revision 4;
aws;NIST 800-53 is a regulatory standard that defines the minimum baseline of security controls for all U.S. federal information systems except those related to national security. The controls defined in this standard are customizable and address a diverse set of security and privacy requirements.;858573892697;us-east-1;2026-09-13 17:57:11.149991;ac_17_1;The information system monitors and controls remote access methods.;Access Control (AC);;;aws;;FAIL;Security Hub is not enabled.;arn:aws:securityhub:us-east-1:858573892697:hub/unknown;securityhub_enabled;False;hub/unknown;NIST-800-53-Revision-4;National Institute of Standards and Technology (NIST) 800-53 Revision 4;
aws;NIST 800-53 is a regulatory standard that defines the minimum baseline of security controls for all U.S. federal information systems except those related to national security. The controls defined in this standard are customizable and address a diverse set of security and privacy requirements.;858573892697;us-east-1;2026-09-13 17:57:11.149991;au_6_1;The organization employs automated mechanisms to integrate audit review, analysis,and reporting processes to support organizational processes for investigation and response to suspicious activities.;Audit and Accountability (AU);Audit Review, Analysis And Reporting (AU-6);;aws;;FAIL;Security Hub is not enabled.;arn:aws:securityhub:us-east-1:858573892697:hub/unknown;securityhub_enabled;False;hub/unknown;NIST-800-53-Revision-4;National Institute of Standards and Technology (NIST) 800-53 Revision 4;
aws;NIST 800-53 is a regulatory standard that defines the minimum baseline of security controls for all U.S. federal information systems except those related to national security. The controls defined in this standard are customizable and address a diverse set of security and privacy requirements.;858573892697;us-east-1;2026-09-13 17:57:11.149991;au_6_3;The organization analyzes and correlates audit records across different repositories to gain organization-wide situational awareness.;Audit and Accountability (AU);Audit Review, Analysis And Reporting (AU-6);;aws;;FAIL;Security Hub is not enabled.;arn:aws:securityhub:us-east-1:858573892697:hub/unknown;securityhub_enabled;False;hub/unknown;NIST-800-53-Revision-4;National Institute of Standards and Technology (NIST) 800-53 Revision 4;
aws;NIST 800-53 is a regulatory standard that defines the minimum baseline of security controls for all U.S. federal information systems except those related to national security. The controls defined in this standard are customizable and address a diverse set of security and privacy requirements.;858573892697;us-east-1;2026-09-13 17:57:11.149991;ca_7;Continuously monitor configuration management processes. Determine security impact, environment and operational risks.;Security Assessment And Authorization (CA);;;aws;;FAIL;Security Hub is not enabled.;arn:aws:securityhub:us-east-1:858573892697:hub/unknown;securityhub_enabled;False;hub/unknown;NIST-800-53-Revision-4;National Institute of Standards and Technology (NIST) 800-53 Revision 4;
aws;NIST 800-53 is a regulatory standard that defines the minimum baseline of security controls for all U.S. federal information systems except those related to national security. The controls defined in this standard are customizable and address a diverse set of security and privacy requirements.;858573892697;us-east-1;2026-09-13 17:57:11.149991;sa_10;"The organization requires the developer of the information system, system component, or information system service to: a. Perform configuration management during system, component, or service [Selection (one or more): design; development; implementation; operation]; b. Document, manage, and control the integrity of changes to [Assignment: organization-defined configuration items under configuration management]; c. Implement only organization-approved changes to the system, component, or service; d. Document approved changes to the system, component, or service and the potential security impacts of such changes; and e. Track security flaws and flaw resolution within the system, component, or service and report findings to [Assignment: organization-defined personnel].";System and Services Acquisition (SA);;;aws;;FAIL;Security Hub is not enabled.;arn:aws:securityhub:us-east-1:858573892697:hub/unknown;securityhub_enabled;False;hub/unknown;NIST-800-53-Revision-4;National Institute of Standards and Technology (NIST) 800-53 Revision 4;
aws;NIST 800-53 is a regulatory standard that defines the minimum baseline of security controls for all U.S. federal information systems except those related to national security. The controls defined in this standard are customizable and address a diverse set of security and privacy requirements.;858573892697;us-east-1;2026-09-13 17:57:11.149991;si_4_2;The organization employs automated tools to support near real-time analysis of events.;System and Information Integrity (SI);Information System Monitoring (SI-4);;aws;;FAIL;Security Hub is not enabled.;arn:aws:securityhub:us-east-1:858573892697:hub/unknown;securityhub_enabled;False;hub/unknown;NIST-800-53-Revision-4;National Institute of Standards and Technology (NIST) 800-53 Revision 4;
aws;NIST 800-53 is a regulatory standard that defines the minimum baseline of security controls for all U.S. federal information systems except those related to national security. The controls defined in this standard are customizable and address a diverse set of security and privacy requirements.;858573892697;us-east-1;2026-09-13 17:57:11.149991;si_4_4;The information system monitors inbound and outbound communications traffic continuously for unusual or unauthorized activities or conditions.;System and Information Integrity (SI);Information System Monitoring (SI-4);;aws;;FAIL;Security Hub is not enabled.;arn:aws:securityhub:us-east-1:858573892697:hub/unknown;securityhub_enabled;False;hub/unknown;NIST-800-53-Revision-4;National Institute of Standards and Technology (NIST) 800-53 Revision 4;
aws;NIST 800-53 is a regulatory standard that defines the minimum baseline of security controls for all U.S. federal information systems except those related to national security. The controls defined in this standard are customizable and address a diverse set of security and privacy requirements.;858573892697;us-east-1;2026-09-13 17:57:11.149991;si_4_5;The information system alerts organization-defined personnel or roles when the following indications of compromise or potential compromise occur: [Assignment: organization-defined compromise indicators].;System and Information Integrity (SI);Information System Monitoring (SI-4);;aws;;FAIL;Security Hub is not enabled.;arn:aws:securityhub:us-east-1:858573892697:hub/unknown;securityhub_enabled;False;hub/unknown;NIST-800-53-Revision-4;National Institute of Standards and Technology (NIST) 800-53 Revision 4;
aws;NIST 800-53 is a regulatory standard that defines the minimum baseline of security controls for all U.S. federal information systems except those related to national security. The controls defined in this standard are customizable and address a diverse set of security and privacy requirements.;858573892697;us-east-1;2026-09-13 17:57:11.149991;si_4_16;The organization correlates information from monitoring tools employed throughout the information system.;System and Information Integrity (SI);Information System Monitoring (SI-4);;aws;;FAIL;Security Hub is not enabled.;arn:aws:securityhub:us-east-1:858573892697:hub/unknown;securityhub_enabled;False;hub/unknown;NIST-800-53-Revision-4;National Institute of Standards and Technology (NIST) 800-53 Revision 4;
aws;NIST 800-53 is a regulatory standard that defines the minimum baseline of security controls for all U.S. federal information systems except those related to national security. The controls defined in this standard are customizable and address a diverse set of security and privacy requirements.;858573892697;us-east-1;2026-09-13 17:57:11.149991;si_4;"The organization: a.Monitors the information system to detect: 1. Attacks and indicators of potential attacks in accordance with [Assignment: organization-defined monitoring objectives]; and 2.Unauthorized local, network, and remote connections; b. Identifies unauthorized use of the information system through [Assignment: organization-defined techniques and methods]; c. Deploys monitoring devices: 1. Strategically within the information system to collect organization-determined essential information; and 2. At ad hoc locations within the system to track specific types of transactions of interest to the organization; d. Protects information obtained from intrusion-monitoring tools from unauthorized access, modification, and deletion; e. Heightens the level of information system monitoring activity whenever there is an indication of increased risk to organizational operations and assets, individuals, other organizations, or the Nation based on law enforcement information, intelligence information, or other credible sources of information; f. Obtains legal opinion with regard to information system monitoring activities in accordance with applicable federal laws, Executive Orders, directives, policies, or regulations; and g. Provides [Assignment: organization-defined information system monitoring information] to [Assignment: organization-defined personnel or roles] [Selection (one or more): as needed; [Assignment: organization-defined frequency]].";System and Information Integrity (SI);;;aws;;FAIL;Security Hub is not enabled.;arn:aws:securityhub:us-east-1:858573892697:hub/unknown;securityhub_enabled;False;hub/unknown;NIST-800-53-Revision-4;National Institute of Standards and Technology (NIST) 800-53 Revision 4;
aws;NIST 800-53 is a regulatory standard that defines the minimum baseline of security controls for all U.S. federal information systems except those related to national security. The controls defined in this standard are customizable and address a diverse set of security and privacy requirements.;858573892697;us-east-1;2026-09-13 17:57:11.149991;sc_28;"The information system protects the [Selection (one or more): confidentiality; integrity] of [Assignment: organization-defined information at rest].";System and Communications Protection (SC);;;aws;;FAIL;SNS topic BillingAlarm is not encrypted.;arn:aws:sns:us-east-1:858573892697:BillingAlarm;sns_topics_kms_encryption_at_rest_enabled;False;BillingAlarm;NIST-800-53-Revision-4;National Institute of Standards and Technology (NIST) 800-53 Revision 4;
aws;NIST 800-53 is a regulatory standard that defines the minimum baseline of security controls for all U.S. federal information systems except those related to national security. The controls defined in this standard are customizable and address a diverse set of security and privacy requirements.;858573892697;us-east-1;2026-09-13 17:57:11.149991;sc_28;"The information system protects the [Selection (one or more): confidentiality; integrity] of [Assignment: organization-defined information at rest].";System and Communications Protection (SC);;;aws;;FAIL;SNS topic Billing_Alarm is not encrypted.;arn:aws:sns:us-east-1:858573892697:Billing_Alarm;sns_topics_kms_encryption_at_rest_enabled;False;Billing_Alarm;NIST-800-53-Revision-4;National Institute of Standards and Technology (NIST) 800-53 Revision 4;
aws;NIST 800-53 is a regulatory standard that defines the minimum baseline of security controls for all U.S. federal information systems except those related to national security. The controls defined in this standard are customizable and address a diverse set of security and privacy requirements.;858573892697;us-east-1;2026-09-13 17:57:11.149991;au_2;Automate security audit function with other organizational entities. Enable mutual support of audit of auditable events.;Audit and Accountability (AU);;;aws;;FAIL;VPC vaultcloud-vpc Flow logs are disabled.;arn:aws:ec2:us-east-1:858573892697:vpc/vpc-05003d63d9533f68c;vpc_flow_logs_enabled;False;vpc-05003d63d9533f68c;NIST-800-53-Revision-4;National Institute of Standards and Technology (NIST) 800-53 Revision 4;
aws;NIST 800-53 is a regulatory standard that defines the minimum baseline of security controls for all U.S. federal information systems except those related to national security. The controls defined in this standard are customizable and address a diverse set of security and privacy requirements.;858573892697;us-east-1;2026-09-13 17:57:11.149991;au_3;The information system generates audit records containing information that establishes what type of event occurred, when the event occurred, where the event occurred, the source of the event, the outcome of the event, and the identity of any individuals or subjects associated with the event.;Audit and Accountability (AU);;;aws;;FAIL;VPC vaultcloud-vpc Flow logs are disabled.;arn:aws:ec2:us-east-1:858573892697:vpc/vpc-05003d63d9533f68c;vpc_flow_logs_enabled;False;vpc-05003d63d9533f68c;NIST-800-53-Revision-4;National Institute of Standards and Technology (NIST) 800-53 Revision 4;
aws;NIST 800-53 is a regulatory standard that defines the minimum baseline of security controls for all U.S. federal information systems except those related to national security. The controls defined in this standard are customizable and address a diverse set of security and privacy requirements.;858573892697;us-east-1;2026-09-13 17:57:11.149991;au_12;Audit events defined in AU-2. Allow trusted personnel to select which events to audit. Generate audit records for events.;Audit and Accountability (AU);;;aws;;FAIL;VPC vaultcloud-vpc Flow logs are disabled.;arn:aws:ec2:us-east-1:858573892697:vpc/vpc-05003d63d9533f68c;vpc_flow_logs_enabled;False;vpc-05003d63d9533f68c;NIST-800-53-Revision-4;National Institute of Standards and Technology (NIST) 800-53 Revision 4;
aws;NIST 800-53 is a regulatory standard that defines the minimum baseline of security controls for all U.S. federal information systems except those related to national security. The controls defined in this standard are customizable and address a diverse set of security and privacy requirements.;;;2026-09-13 17:57:11.149991;ac_17_3;The information system routes all remote accesses through organization-defined managed network access control points.;Access Control (AC);;;vpc;;MANUAL;Manual check;manual_check;manual;False;Manual check;NIST-800-53-Revision-4;National Institute of Standards and Technology (NIST) 800-53 Revision 4;
aws;NIST 800-53 is a regulatory standard that defines the minimum baseline of security controls for all U.S. federal information systems except those related to national security. The controls defined in this standard are customizable and address a diverse set of security and privacy requirements.;;;2026-09-13 17:57:11.149991;au_9_2;The information system backs up audit records [Assignment: organization-defined frequency] onto a physically different system or system component than the system or component being audited.;Audit and Accountability (AU);Protection of Audit Information (AU-9);;s3;;MANUAL;Manual check;manual_check;manual;False;Manual check;NIST-800-53-Revision-4;National Institute of Standards and Technology (NIST) 800-53 Revision 4;
aws;NIST 800-53 is a regulatory standard that defines the minimum baseline of security controls for all U.S. federal information systems except those related to national security. The controls defined in this standard are customizable and address a diverse set of security and privacy requirements.;;;2026-09-13 17:57:11.149991;ia_5_7;The organization ensures that unencrypted static authenticators are not embedded in applications or access scripts or stored on function keys.;Identification and Authentication (IA);Authenticator Management (IA-5);;codebuild;;MANUAL;Manual check;manual_check;manual;False;Manual check;NIST-800-53-Revision-4;National Institute of Standards and Technology (NIST) 800-53 Revision 4;
aws;NIST 800-53 is a regulatory standard that defines the minimum baseline of security controls for all U.S. federal information systems except those related to national security. The controls defined in this standard are customizable and address a diverse set of security and privacy requirements.;;;2026-09-13 17:57:11.149991;sc_4;The information system prevents unauthorized and unintended information transfer via shared system resources.;System and Communications Protection (SC);;;ebs;;MANUAL;Manual check;manual_check;manual;False;Manual check;NIST-800-53-Revision-4;National Institute of Standards and Technology (NIST) 800-53 Revision 4;
aws;NIST 800-53 is a regulatory standard that defines the minimum baseline of security controls for all U.S. federal information systems except those related to national security. The controls defined in this standard are customizable and address a diverse set of security and privacy requirements.;;;2026-09-13 17:57:11.149991;sc_23;The information system protects the authenticity of communications sessions.;System and Communications Protection (SC);;;elb;;MANUAL;Manual check;manual_check;manual;False;Manual check;NIST-800-53-Revision-4;National Institute of Standards and Technology (NIST) 800-53 Revision 4;
