PROVIDER;DESCRIPTION;ACCOUNTID;REGION;ASSESSMENTDATE;REQUIREMENTS_ID;REQUIREMENTS_DESCRIPTION;REQUIREMENTS_ATTRIBUTES_SECTION;REQUIREMENTS_ATTRIBUTES_SUBSECTION;REQUIREMENTS_ATTRIBUTES_SUBGROUP;REQUIREMENTS_ATTRIBUTES_SERVICE;REQUIREMENTS_ATTRIBUTES_TYPE;STATUS;STATUSEXTENDED;RESOURCEID;CHECKID;MUTED;RESOURCENAME;FRAMEWORK;NAME;REQUIREMENTS_ATTRIBUTES_COMMENT
aws;Cybersecurity & Infrastructure Security Agency's (CISA) Cyber Essentials is a guide for leaders of small businesses as well as leaders of small and local government agencies to develop an actionable understanding of where to start implementing organizational cybersecurity practices.;858573892697;us-east-1;2026-09-13 17:57:11.149991;your-systems-3;Implement security configurations for all hardware and software assets.;your systems;;;aws;;PASS;Lambda function aws-deepracer-reward-fn-b97e40d7-25de-4452-8b6e-9cee76f5bae0 has a resource-based policy without public access.;arn:aws:lambda:us-east-1:858573892697:function:aws-deepracer-reward-fn-b97e40d7-25de-4452-8b6e-9cee76f5bae0;awslambda_function_not_publicly_accessible;False;aws-deepracer-reward-fn-b97e40d7-25de-4452-8b6e-9cee76f5bae0;CISA;CISA Cyber Essentials framework;
aws;Cybersecurity & Infrastructure Security Agency's (CISA) Cyber Essentials is a guide for leaders of small businesses as well as leaders of small and local government agencies to develop an actionable understanding of where to start implementing organizational cybersecurity practices.;858573892697;us-east-1;2026-09-13 17:57:11.149991;your-data-2;Learn what is happening on your network, manage network and perimeter components, host and device components, data-at-rest and in-transit, and user behavior activities.;your data;;;aws;;PASS;Lambda function aws-deepracer-reward-fn-b97e40d7-25de-4452-8b6e-9cee76f5bae0 has a resource-based policy without public access.;arn:aws:lambda:us-east-1:858573892697:function:aws-deepracer-reward-fn-b97e40d7-25de-4452-8b6e-9cee76f5bae0;awslambda_function_not_publicly_accessible;False;aws-deepracer-reward-fn-b97e40d7-25de-4452-8b6e-9cee76f5bae0;CISA;CISA Cyber Essentials framework;
aws;Cybersecurity & Infrastructure Security Agency's (CISA) Cyber Essentials is a guide for leaders of small businesses as well as leaders of small and local government agencies to develop an actionable understanding of where to start implementing organizational cybersecurity practices.;858573892697;us-east-1;2026-09-13 17:57:11.149991;your-systems-3;Implement security configurations for all hardware and software assets.;your systems;;;aws;;FAIL;No CloudTrail trails enabled with logging were found.;arn:aws:cloudtrail:us-east-1:858573892697:trail;cloudtrail_multi_region_enabled;False;858573892697;CISA;CISA Cyber Essentials framework;
aws;Cybersecurity & Infrastructure Security Agency's (CISA) Cyber Essentials is a guide for leaders of small businesses as well as leaders of small and local government agencies to develop an actionable understanding of where to start implementing organizational cybersecurity practices.;858573892697;us-east-1;2026-09-13 17:57:11.149991;your-data-2;Learn what is happening on your network, manage network and perimeter components, host and device components, data-at-rest and in-transit, and user behavior activities.;your data;;;aws;;FAIL;No CloudTrail trails enabled with logging were found.;arn:aws:cloudtrail:us-east-1:858573892697:trail;cloudtrail_multi_region_enabled;False;858573892697;CISA;CISA Cyber Essentials framework;
aws;Cybersecurity & Infrastructure Security Agency's (CISA) Cyber Essentials is a guide for leaders of small businesses as well as leaders of small and local government agencies to develop an actionable understanding of where to start implementing organizational cybersecurity practices.;858573892697;us-east-1;2026-09-13 17:57:11.149991;your-systems-3;Implement security configurations for all hardware and software assets.;your systems;;;aws;;FAIL;No CloudTrail trails have a data event to record all S3 object-level API operations.;arn:aws:cloudtrail:us-east-1:858573892697:trail;cloudtrail_s3_dataevents_read_enabled;False;858573892697;CISA;CISA Cyber Essentials framework;
aws;Cybersecurity & Infrastructure Security Agency's (CISA) Cyber Essentials is a guide for leaders of small businesses as well as leaders of small and local government agencies to develop an actionable understanding of where to start implementing organizational cybersecurity practices.;858573892697;us-east-1;2026-09-13 17:57:11.149991;your-data-2;Learn what is happening on your network, manage network and perimeter components, host and device components, data-at-rest and in-transit, and user behavior activities.;your data;;;aws;;FAIL;No CloudTrail trails have a data event to record all S3 object-level API operations.;arn:aws:cloudtrail:us-east-1:858573892697:trail;cloudtrail_s3_dataevents_read_enabled;False;858573892697;CISA;CISA Cyber Essentials framework;
aws;Cybersecurity & Infrastructure Security Agency's (CISA) Cyber Essentials is a guide for leaders of small businesses as well as leaders of small and local government agencies to develop an actionable understanding of where to start implementing organizational cybersecurity practices.;858573892697;us-east-1;2026-09-13 17:57:11.149991;your-systems-3;Implement security configurations for all hardware and software assets.;your systems;;;aws;;FAIL;No CloudTrail trails have a data event to record all S3 object-level API operations.;arn:aws:cloudtrail:us-east-1:858573892697:trail;cloudtrail_s3_dataevents_write_enabled;False;858573892697;CISA;CISA Cyber Essentials framework;
aws;Cybersecurity & Infrastructure Security Agency's (CISA) Cyber Essentials is a guide for leaders of small businesses as well as leaders of small and local government agencies to develop an actionable understanding of where to start implementing organizational cybersecurity practices.;858573892697;us-east-1;2026-09-13 17:57:11.149991;your-data-2;Learn what is happening on your network, manage network and perimeter components, host and device components, data-at-rest and in-transit, and user behavior activities.;your data;;;aws;;FAIL;No CloudTrail trails have a data event to record all S3 object-level API operations.;arn:aws:cloudtrail:us-east-1:858573892697:trail;cloudtrail_s3_dataevents_write_enabled;False;858573892697;CISA;CISA Cyber Essentials framework;
aws;Cybersecurity & Infrastructure Security Agency's (CISA) Cyber Essentials is a guide for leaders of small businesses as well as leaders of small and local government agencies to develop an actionable understanding of where to start implementing organizational cybersecurity practices.;858573892697;us-east-1;2026-09-13 17:57:11.149991;your-data-2;Learn what is happening on your network, manage network and perimeter components, host and device components, data-at-rest and in-transit, and user behavior activities.;your data;;;aws;;FAIL;No CloudWatch log groups found with metric filters or alarms associated.;arn:aws:logs:us-east-1:858573892697:log-group;cloudwatch_log_metric_filter_and_alarm_for_cloudtrail_configuration_changes_enabled;False;858573892697;CISA;CISA Cyber Essentials framework;
aws;Cybersecurity & Infrastructure Security Agency's (CISA) Cyber Essentials is a guide for leaders of small businesses as well as leaders of small and local government agencies to develop an actionable understanding of where to start implementing organizational cybersecurity practices.;858573892697;us-east-1;2026-09-13 17:57:11.149991;your-systems-3;Implement security configurations for all hardware and software assets.;your systems;;;aws;;FAIL;EBS Default Encryption is not activated.;arn:aws:ec2:us-east-1:858573892697:volume;ec2_ebs_default_encryption;False;858573892697;CISA;CISA Cyber Essentials framework;
aws;Cybersecurity & Infrastructure Security Agency's (CISA) Cyber Essentials is a guide for leaders of small businesses as well as leaders of small and local government agencies to develop an actionable understanding of where to start implementing organizational cybersecurity practices.;858573892697;us-east-1;2026-09-13 17:57:11.149991;your-data-1;Learn how your data is protected.;your data;;;aws;;FAIL;EBS Default Encryption is not activated.;arn:aws:ec2:us-east-1:858573892697:volume;ec2_ebs_default_encryption;False;858573892697;CISA;CISA Cyber Essentials framework;
aws;Cybersecurity & Infrastructure Security Agency's (CISA) Cyber Essentials is a guide for leaders of small businesses as well as leaders of small and local government agencies to develop an actionable understanding of where to start implementing organizational cybersecurity practices.;858573892697;us-east-1;2026-09-13 17:57:11.149991;your-systems-3;Implement security configurations for all hardware and software assets.;your systems;;;aws;;FAIL;EBS Snapshot vol-0eb1883546aae7c2c is unencrypted.;arn:aws:ec2:us-east-1:858573892697:volume/vol-0eb1883546aae7c2c;ec2_ebs_volume_encryption;False;vol-0eb1883546aae7c2c;CISA;CISA Cyber Essentials framework;
aws;Cybersecurity & Infrastructure Security Agency's (CISA) Cyber Essentials is a guide for leaders of small businesses as well as leaders of small and local government agencies to develop an actionable understanding of where to start implementing organizational cybersecurity practices.;858573892697;us-east-1;2026-09-13 17:57:11.149991;your-data-1;Learn how your data is protected.;your data;;;aws;;FAIL;EBS Snapshot vol-0eb1883546aae7c2c is unencrypted.;arn:aws:ec2:us-east-1:858573892697:volume/vol-0eb1883546aae7c2c;ec2_ebs_volume_encryption;False;vol-0eb1883546aae7c2c;CISA;CISA Cyber Essentials framework;
aws;Cybersecurity & Infrastructure Security Agency's (CISA) Cyber Essentials is a guide for leaders of small businesses as well as leaders of small and local government agencies to develop an actionable understanding of where to start implementing organizational cybersecurity practices.;858573892697;us-east-1;2026-09-13 17:57:11.149991;your-data-2;Learn what is happening on your network, manage network and perimeter components, host and device components, data-at-rest and in-transit, and user behavior activities.;your data;;;aws;;FAIL;EBS Snapshot vol-0eb1883546aae7c2c is unencrypted.;arn:aws:ec2:us-east-1:858573892697:volume/vol-0eb1883546aae7c2c;ec2_ebs_volume_encryption;False;vol-0eb1883546aae7c2c;CISA;CISA Cyber Essentials framework;
aws;Cybersecurity & Infrastructure Security Agency's (CISA) Cyber Essentials is a guide for leaders of small businesses as well as leaders of small and local government agencies to develop an actionable understanding of where to start implementing organizational cybersecurity practices.;858573892697;us-east-1;2026-09-13 17:57:11.149991;your-systems-1;Learn what is on your network. Maintain inventories of hardware and software assets to know what is in play and at-risk from attack.;your systems;;;aws;;PASS;Elastic IP 98.95.151.174 is associated with an instance or network interface.;arn:aws:ec2:us-east-1:858573892697:eip-allocation/eipalloc-0d129f5484bb5b337;ec2_elastic_ip_unassigned;False;98.95.151.174;CISA;CISA Cyber Essentials framework;
aws;Cybersecurity & Infrastructure Security Agency's (CISA) Cyber Essentials is a guide for leaders of small businesses as well as leaders of small and local government agencies to develop an actionable understanding of where to start implementing organizational cybersecurity practices.;858573892697;us-east-1;2026-09-13 17:57:11.149991;your-surroundings-1;Learn who is on your network. Maintain inventories of network connections (user accounts, vendors, business partners, etc.).;your surroundings;;;aws;;PASS;Elastic IP 98.95.151.174 is associated with an instance or network interface.;arn:aws:ec2:us-east-1:858573892697:eip-allocation/eipalloc-0d129f5484bb5b337;ec2_elastic_ip_unassigned;False;98.95.151.174;CISA;CISA Cyber Essentials framework;
aws;Cybersecurity & Infrastructure Security Agency's (CISA) Cyber Essentials is a guide for leaders of small businesses as well as leaders of small and local government agencies to develop an actionable understanding of where to start implementing organizational cybersecurity practices.;858573892697;us-east-1;2026-09-13 17:57:11.149991;your-systems-1;Learn what is on your network. Maintain inventories of hardware and software assets to know what is in play and at-risk from attack.;your systems;;;aws;;FAIL;EC2 Instance i-09f50c4dba74b8608 is not managed by Systems Manager.;arn:aws:ec2:us-east-1:858573892697:instance/i-09f50c4dba74b8608;ec2_instance_managed_by_ssm;False;i-09f50c4dba74b8608;CISA;CISA Cyber Essentials framework;
aws;Cybersecurity & Infrastructure Security Agency's (CISA) Cyber Essentials is a guide for leaders of small businesses as well as leaders of small and local government agencies to develop an actionable understanding of where to start implementing organizational cybersecurity practices.;858573892697;us-east-1;2026-09-13 17:57:11.149991;your-systems-1;Learn what is on your network. Maintain inventories of hardware and software assets to know what is in play and at-risk from attack.;your systems;;;aws;;PASS;EC2 Instance i-09f50c4dba74b8608 is not older than 180 days (1 days).;arn:aws:ec2:us-east-1:858573892697:instance/i-09f50c4dba74b8608;ec2_instance_older_than_specific_days;False;i-09f50c4dba74b8608;CISA;CISA Cyber Essentials framework;
aws;Cybersecurity & Infrastructure Security Agency's (CISA) Cyber Essentials is a guide for leaders of small businesses as well as leaders of small and local government agencies to develop an actionable understanding of where to start implementing organizational cybersecurity practices.;858573892697;us-east-1;2026-09-13 17:57:11.149991;your-systems-3;Implement security configurations for all hardware and software assets.;your systems;;;aws;;FAIL;EC2 Instance i-09f50c4dba74b8608 has a Public IP: 184.193.35.205 (ec2-184-193-35-205.compute-1.amazonaws.com).;arn:aws:ec2:us-east-1:858573892697:instance/i-09f50c4dba74b8608;ec2_instance_public_ip;False;i-09f50c4dba74b8608;CISA;CISA Cyber Essentials framework;
aws;Cybersecurity & Infrastructure Security Agency's (CISA) Cyber Essentials is a guide for leaders of small businesses as well as leaders of small and local government agencies to develop an actionable understanding of where to start implementing organizational cybersecurity practices.;858573892697;us-east-1;2026-09-13 17:57:11.149991;your-data-2;Learn what is happening on your network, manage network and perimeter components, host and device components, data-at-rest and in-transit, and user behavior activities.;your data;;;aws;;FAIL;EC2 Instance i-09f50c4dba74b8608 has a Public IP: 184.193.35.205 (ec2-184-193-35-205.compute-1.amazonaws.com).;arn:aws:ec2:us-east-1:858573892697:instance/i-09f50c4dba74b8608;ec2_instance_public_ip;False;i-09f50c4dba74b8608;CISA;CISA Cyber Essentials framework;
aws;Cybersecurity & Infrastructure Security Agency's (CISA) Cyber Essentials is a guide for leaders of small businesses as well as leaders of small and local government agencies to develop an actionable understanding of where to start implementing organizational cybersecurity practices.;858573892697;us-east-1;2026-09-13 17:57:11.149991;your-data-2;Learn what is happening on your network, manage network and perimeter components, host and device components, data-at-rest and in-transit, and user behavior activities.;your data;;;aws;;FAIL;Network ACL acl-0098e87093e7acb5d has every port open to the Internet.;arn:aws:ec2:us-east-1:858573892697:network-acl/acl-0098e87093e7acb5d;ec2_networkacl_allow_ingress_any_port;False;acl-0098e87093e7acb5d;CISA;CISA Cyber Essentials framework;
aws;Cybersecurity & Infrastructure Security Agency's (CISA) Cyber Essentials is a guide for leaders of small businesses as well as leaders of small and local government agencies to develop an actionable understanding of where to start implementing organizational cybersecurity practices.;858573892697;us-east-1;2026-09-13 17:57:11.149991;your-data-2;Learn what is happening on your network, manage network and perimeter components, host and device components, data-at-rest and in-transit, and user behavior activities.;your data;;;aws;;FAIL;Network ACL acl-0dd8762c751bf1faf has every port open to the Internet.;arn:aws:ec2:us-east-1:858573892697:network-acl/acl-0dd8762c751bf1faf;ec2_networkacl_allow_ingress_any_port;False;acl-0dd8762c751bf1faf;CISA;CISA Cyber Essentials framework;
aws;Cybersecurity & Infrastructure Security Agency's (CISA) Cyber Essentials is a guide for leaders of small businesses as well as leaders of small and local government agencies to develop an actionable understanding of where to start implementing organizational cybersecurity practices.;858573892697;us-east-1;2026-09-13 17:57:11.149991;your-data-2;Learn what is happening on your network, manage network and perimeter components, host and device components, data-at-rest and in-transit, and user behavior activities.;your data;;;aws;;FAIL;Network ACL acl-063278b96400cd005 has every port open to the Internet.;arn:aws:ec2:us-east-1:858573892697:network-acl/acl-063278b96400cd005;ec2_networkacl_allow_ingress_any_port;False;acl-063278b96400cd005;CISA;CISA Cyber Essentials framework;
aws;Cybersecurity & Infrastructure Security Agency's (CISA) Cyber Essentials is a guide for leaders of small businesses as well as leaders of small and local government agencies to develop an actionable understanding of where to start implementing organizational cybersecurity practices.;858573892697;us-east-1;2026-09-13 17:57:11.149991;your-data-2;Learn what is happening on your network, manage network and perimeter components, host and device components, data-at-rest and in-transit, and user behavior activities.;your data;;;aws;;FAIL;Network ACL acl-5a2cdc27 has every port open to the Internet.;arn:aws:ec2:us-east-1:858573892697:network-acl/acl-5a2cdc27;ec2_networkacl_allow_ingress_any_port;False;acl-5a2cdc27;CISA;CISA Cyber Essentials framework;
aws;Cybersecurity & Infrastructure Security Agency's (CISA) Cyber Essentials is a guide for leaders of small businesses as well as leaders of small and local government agencies to develop an actionable understanding of where to start implementing organizational cybersecurity practices.;858573892697;us-east-1;2026-09-13 17:57:11.149991;your-systems-3;Implement security configurations for all hardware and software assets.;your systems;;;aws;;FAIL;Security group vaultcloud-db-sg (sg-059591e29c62e2064) has all ports open to the Internet.;arn:aws:ec2:us-east-1:858573892697:security-group/sg-059591e29c62e2064;ec2_securitygroup_allow_ingress_from_internet_to_all_ports;False;sg-059591e29c62e2064;CISA;CISA Cyber Essentials framework;
aws;Cybersecurity & Infrastructure Security Agency's (CISA) Cyber Essentials is a guide for leaders of small businesses as well as leaders of small and local government agencies to develop an actionable understanding of where to start implementing organizational cybersecurity practices.;858573892697;us-east-1;2026-09-13 17:57:11.149991;your-data-2;Learn what is happening on your network, manage network and perimeter components, host and device components, data-at-rest and in-transit, and user behavior activities.;your data;;;aws;;FAIL;Security group vaultcloud-db-sg (sg-059591e29c62e2064) has all ports open to the Internet.;arn:aws:ec2:us-east-1:858573892697:security-group/sg-059591e29c62e2064;ec2_securitygroup_allow_ingress_from_internet_to_all_ports;False;sg-059591e29c62e2064;CISA;CISA Cyber Essentials framework;
aws;Cybersecurity & Infrastructure Security Agency's (CISA) Cyber Essentials is a guide for leaders of small businesses as well as leaders of small and local government agencies to develop an actionable understanding of where to start implementing organizational cybersecurity practices.;858573892697;us-east-1;2026-09-13 17:57:11.149991;your-systems-3;Implement security configurations for all hardware and software assets.;your systems;;;aws;;FAIL;Security group vaultcloud-app-sg (sg-0ef0bb575caf64a16) has all ports open to the Internet.;arn:aws:ec2:us-east-1:858573892697:security-group/sg-0ef0bb575caf64a16;ec2_securitygroup_allow_ingress_from_internet_to_all_ports;False;sg-0ef0bb575caf64a16;CISA;CISA Cyber Essentials framework;
aws;Cybersecurity & Infrastructure Security Agency's (CISA) Cyber Essentials is a guide for leaders of small businesses as well as leaders of small and local government agencies to develop an actionable understanding of where to start implementing organizational cybersecurity practices.;858573892697;us-east-1;2026-09-13 17:57:11.149991;your-data-2;Learn what is happening on your network, manage network and perimeter components, host and device components, data-at-rest and in-transit, and user behavior activities.;your data;;;aws;;FAIL;Security group vaultcloud-app-sg (sg-0ef0bb575caf64a16) has all ports open to the Internet.;arn:aws:ec2:us-east-1:858573892697:security-group/sg-0ef0bb575caf64a16;ec2_securitygroup_allow_ingress_from_internet_to_all_ports;False;sg-0ef0bb575caf64a16;CISA;CISA Cyber Essentials framework;
aws;Cybersecurity & Infrastructure Security Agency's (CISA) Cyber Essentials is a guide for leaders of small businesses as well as leaders of small and local government agencies to develop an actionable understanding of where to start implementing organizational cybersecurity practices.;858573892697;us-east-1;2026-09-13 17:57:11.149991;your-systems-3;Implement security configurations for all hardware and software assets.;your systems;;;aws;;PASS;Security group vaultcloud-db-sg (sg-059591e29c62e2064) has all ports open to the Internet and therefore was not checked against the specific SSH port 22.;arn:aws:ec2:us-east-1:858573892697:security-group/sg-059591e29c62e2064;ec2_securitygroup_allow_ingress_from_internet_to_tcp_port_22;False;sg-059591e29c62e2064;CISA;CISA Cyber Essentials framework;
aws;Cybersecurity & Infrastructure Security Agency's (CISA) Cyber Essentials is a guide for leaders of small businesses as well as leaders of small and local government agencies to develop an actionable understanding of where to start implementing organizational cybersecurity practices.;858573892697;us-east-1;2026-09-13 17:57:11.149991;your-data-2;Learn what is happening on your network, manage network and perimeter components, host and device components, data-at-rest and in-transit, and user behavior activities.;your data;;;aws;;PASS;Security group vaultcloud-db-sg (sg-059591e29c62e2064) has all ports open to the Internet and therefore was not checked against the specific SSH port 22.;arn:aws:ec2:us-east-1:858573892697:security-group/sg-059591e29c62e2064;ec2_securitygroup_allow_ingress_from_internet_to_tcp_port_22;False;sg-059591e29c62e2064;CISA;CISA Cyber Essentials framework;
aws;Cybersecurity & Infrastructure Security Agency's (CISA) Cyber Essentials is a guide for leaders of small businesses as well as leaders of small and local government agencies to develop an actionable understanding of where to start implementing organizational cybersecurity practices.;858573892697;us-east-1;2026-09-13 17:57:11.149991;your-systems-3;Implement security configurations for all hardware and software assets.;your systems;;;aws;;PASS;Security group vaultcloud-app-sg (sg-0ef0bb575caf64a16) has all ports open to the Internet and therefore was not checked against the specific SSH port 22.;arn:aws:ec2:us-east-1:858573892697:security-group/sg-0ef0bb575caf64a16;ec2_securitygroup_allow_ingress_from_internet_to_tcp_port_22;False;sg-0ef0bb575caf64a16;CISA;CISA Cyber Essentials framework;
aws;Cybersecurity & Infrastructure Security Agency's (CISA) Cyber Essentials is a guide for leaders of small businesses as well as leaders of small and local government agencies to develop an actionable understanding of where to start implementing organizational cybersecurity practices.;858573892697;us-east-1;2026-09-13 17:57:11.149991;your-data-2;Learn what is happening on your network, manage network and perimeter components, host and device components, data-at-rest and in-transit, and user behavior activities.;your data;;;aws;;PASS;Security group vaultcloud-app-sg (sg-0ef0bb575caf64a16) has all ports open to the Internet and therefore was not checked against the specific SSH port 22.;arn:aws:ec2:us-east-1:858573892697:security-group/sg-0ef0bb575caf64a16;ec2_securitygroup_allow_ingress_from_internet_to_tcp_port_22;False;sg-0ef0bb575caf64a16;CISA;CISA Cyber Essentials framework;
aws;Cybersecurity & Infrastructure Security Agency's (CISA) Cyber Essentials is a guide for leaders of small businesses as well as leaders of small and local government agencies to develop an actionable understanding of where to start implementing organizational cybersecurity practices.;858573892697;us-east-1;2026-09-13 17:57:11.149991;your-systems-3;Implement security configurations for all hardware and software assets.;your systems;;;aws;;FAIL;GuardDuty is not enabled.;arn:aws:guardduty:us-east-1:858573892697:detector/unknown;guardduty_is_enabled;False;detector/unknown;CISA;CISA Cyber Essentials framework;
aws;Cybersecurity & Infrastructure Security Agency's (CISA) Cyber Essentials is a guide for leaders of small businesses as well as leaders of small and local government agencies to develop an actionable understanding of where to start implementing organizational cybersecurity practices.;858573892697;us-east-1;2026-09-13 17:57:11.149991;your-crisis-response-2;Lead development of an internal reporting structure to detect, communicate and contain attacks.;your crisis response;;;aws;;FAIL;GuardDuty is not enabled.;arn:aws:guardduty:us-east-1:858573892697:detector/unknown;guardduty_is_enabled;False;detector/unknown;CISA;CISA Cyber Essentials framework;
aws;Cybersecurity & Infrastructure Security Agency's (CISA) Cyber Essentials is a guide for leaders of small businesses as well as leaders of small and local government agencies to develop an actionable understanding of where to start implementing organizational cybersecurity practices.;858573892697;us-east-1;2026-09-13 17:57:11.149991;your-systems-3;Implement security configurations for all hardware and software assets.;your systems;;;aws;;PASS;AWS policy AWSDeepRacerCloudFormationAccessPolicy is attached but does not allow '*:*' administrative privileges.;arn:aws:iam::aws:policy/AWSDeepRacerCloudFormationAccessPolicy;iam_aws_attached_policy_no_administrative_privileges;False;AWSDeepRacerCloudFormationAccessPolicy;CISA;CISA Cyber Essentials framework;
aws;Cybersecurity & Infrastructure Security Agency's (CISA) Cyber Essentials is a guide for leaders of small businesses as well as leaders of small and local government agencies to develop an actionable understanding of where to start implementing organizational cybersecurity practices.;858573892697;us-east-1;2026-09-13 17:57:11.149991;your-surroundings-3;Grant access and admin permissions based on need-to-know and least privilege.;your surroundings;;;aws;;PASS;AWS policy AWSDeepRacerCloudFormationAccessPolicy is attached but does not allow '*:*' administrative privileges.;arn:aws:iam::aws:policy/AWSDeepRacerCloudFormationAccessPolicy;iam_aws_attached_policy_no_administrative_privileges;False;AWSDeepRacerCloudFormationAccessPolicy;CISA;CISA Cyber Essentials framework;
aws;Cybersecurity & Infrastructure Security Agency's (CISA) Cyber Essentials is a guide for leaders of small businesses as well as leaders of small and local government agencies to develop an actionable understanding of where to start implementing organizational cybersecurity practices.;858573892697;us-east-1;2026-09-13 17:57:11.149991;your-systems-3;Implement security configurations for all hardware and software assets.;your systems;;;aws;;PASS;AWS policy SystemAdministrator is attached but does not allow '*:*' administrative privileges.;arn:aws:iam::aws:policy/job-function/SystemAdministrator;iam_aws_attached_policy_no_administrative_privileges;False;SystemAdministrator;CISA;CISA Cyber Essentials framework;
aws;Cybersecurity & Infrastructure Security Agency's (CISA) Cyber Essentials is a guide for leaders of small businesses as well as leaders of small and local government agencies to develop an actionable understanding of where to start implementing organizational cybersecurity practices.;858573892697;us-east-1;2026-09-13 17:57:11.149991;your-surroundings-3;Grant access and admin permissions based on need-to-know and least privilege.;your surroundings;;;aws;;PASS;AWS policy SystemAdministrator is attached but does not allow '*:*' administrative privileges.;arn:aws:iam::aws:policy/job-function/SystemAdministrator;iam_aws_attached_policy_no_administrative_privileges;False;SystemAdministrator;CISA;CISA Cyber Essentials framework;
aws;Cybersecurity & Infrastructure Security Agency's (CISA) Cyber Essentials is a guide for leaders of small businesses as well as leaders of small and local government agencies to develop an actionable understanding of where to start implementing organizational cybersecurity practices.;858573892697;us-east-1;2026-09-13 17:57:11.149991;your-systems-3;Implement security configurations for all hardware and software assets.;your systems;;;aws;;PASS;AWS policy AmazonAPIGatewayAdministrator is attached but does not allow '*:*' administrative privileges.;arn:aws:iam::aws:policy/AmazonAPIGatewayAdministrator;iam_aws_attached_policy_no_administrative_privileges;False;AmazonAPIGatewayAdministrator;CISA;CISA Cyber Essentials framework;
aws;Cybersecurity & Infrastructure Security Agency's (CISA) Cyber Essentials is a guide for leaders of small businesses as well as leaders of small and local government agencies to develop an actionable understanding of where to start implementing organizational cybersecurity practices.;858573892697;us-east-1;2026-09-13 17:57:11.149991;your-surroundings-3;Grant access and admin permissions based on need-to-know and least privilege.;your surroundings;;;aws;;PASS;AWS policy AmazonAPIGatewayAdministrator is attached but does not allow '*:*' administrative privileges.;arn:aws:iam::aws:policy/AmazonAPIGatewayAdministrator;iam_aws_attached_policy_no_administrative_privileges;False;AmazonAPIGatewayAdministrator;CISA;CISA Cyber Essentials framework;
aws;Cybersecurity & Infrastructure Security Agency's (CISA) Cyber Essentials is a guide for leaders of small businesses as well as leaders of small and local government agencies to develop an actionable understanding of where to start implementing organizational cybersecurity practices.;858573892697;us-east-1;2026-09-13 17:57:11.149991;your-systems-3;Implement security configurations for all hardware and software assets.;your systems;;;aws;;PASS;AWS policy AmazonEC2ContainerRegistryFullAccess is attached but does not allow '*:*' administrative privileges.;arn:aws:iam::aws:policy/AmazonEC2ContainerRegistryFullAccess;iam_aws_attached_policy_no_administrative_privileges;False;AmazonEC2ContainerRegistryFullAccess;CISA;CISA Cyber Essentials framework;
aws;Cybersecurity & Infrastructure Security Agency's (CISA) Cyber Essentials is a guide for leaders of small businesses as well as leaders of small and local government agencies to develop an actionable understanding of where to start implementing organizational cybersecurity practices.;858573892697;us-east-1;2026-09-13 17:57:11.149991;your-surroundings-3;Grant access and admin permissions based on need-to-know and least privilege.;your surroundings;;;aws;;PASS;AWS policy AmazonEC2ContainerRegistryFullAccess is attached but does not allow '*:*' administrative privileges.;arn:aws:iam::aws:policy/AmazonEC2ContainerRegistryFullAccess;iam_aws_attached_policy_no_administrative_privileges;False;AmazonEC2ContainerRegistryFullAccess;CISA;CISA Cyber Essentials framework;
aws;Cybersecurity & Infrastructure Security Agency's (CISA) Cyber Essentials is a guide for leaders of small businesses as well as leaders of small and local government agencies to develop an actionable understanding of where to start implementing organizational cybersecurity practices.;858573892697;us-east-1;2026-09-13 17:57:11.149991;your-systems-3;Implement security configurations for all hardware and software assets.;your systems;;;aws;;PASS;AWS policy AWSCloud9ServiceRolePolicy is attached but does not allow '*:*' administrative privileges.;arn:aws:iam::aws:policy/aws-service-role/AWSCloud9ServiceRolePolicy;iam_aws_attached_policy_no_administrative_privileges;False;AWSCloud9ServiceRolePolicy;CISA;CISA Cyber Essentials framework;
aws;Cybersecurity & Infrastructure Security Agency's (CISA) Cyber Essentials is a guide for leaders of small businesses as well as leaders of small and local government agencies to develop an actionable understanding of where to start implementing organizational cybersecurity practices.;858573892697;us-east-1;2026-09-13 17:57:11.149991;your-surroundings-3;Grant access and admin permissions based on need-to-know and least privilege.;your surroundings;;;aws;;PASS;AWS policy AWSCloud9ServiceRolePolicy is attached but does not allow '*:*' administrative privileges.;arn:aws:iam::aws:policy/aws-service-role/AWSCloud9ServiceRolePolicy;iam_aws_attached_policy_no_administrative_privileges;False;AWSCloud9ServiceRolePolicy;CISA;CISA Cyber Essentials framework;
aws;Cybersecurity & Infrastructure Security Agency's (CISA) Cyber Essentials is a guide for leaders of small businesses as well as leaders of small and local government agencies to develop an actionable understanding of where to start implementing organizational cybersecurity practices.;858573892697;us-east-1;2026-09-13 17:57:11.149991;your-systems-3;Implement security configurations for all hardware and software assets.;your systems;;;aws;;PASS;AWS policy AmazonEC2ContainerServiceFullAccess is attached but does not allow '*:*' administrative privileges.;arn:aws:iam::aws:policy/AmazonEC2ContainerServiceFullAccess;iam_aws_attached_policy_no_administrative_privileges;False;AmazonEC2ContainerServiceFullAccess;CISA;CISA Cyber Essentials framework;
aws;Cybersecurity & Infrastructure Security Agency's (CISA) Cyber Essentials is a guide for leaders of small businesses as well as leaders of small and local government agencies to develop an actionable understanding of where to start implementing organizational cybersecurity practices.;858573892697;us-east-1;2026-09-13 17:57:11.149991;your-surroundings-3;Grant access and admin permissions based on need-to-know and least privilege.;your surroundings;;;aws;;PASS;AWS policy AmazonEC2ContainerServiceFullAccess is attached but does not allow '*:*' administrative privileges.;arn:aws:iam::aws:policy/AmazonEC2ContainerServiceFullAccess;iam_aws_attached_policy_no_administrative_privileges;False;AmazonEC2ContainerServiceFullAccess;CISA;CISA Cyber Essentials framework;
aws;Cybersecurity & Infrastructure Security Agency's (CISA) Cyber Essentials is a guide for leaders of small businesses as well as leaders of small and local government agencies to develop an actionable understanding of where to start implementing organizational cybersecurity practices.;858573892697;us-east-1;2026-09-13 17:57:11.149991;your-systems-3;Implement security configurations for all hardware and software assets.;your systems;;;aws;;PASS;AWS policy AmazonRDSServiceRolePolicy is attached but does not allow '*:*' administrative privileges.;arn:aws:iam::aws:policy/aws-service-role/AmazonRDSServiceRolePolicy;iam_aws_attached_policy_no_administrative_privileges;False;AmazonRDSServiceRolePolicy;CISA;CISA Cyber Essentials framework;
aws;Cybersecurity & Infrastructure Security Agency's (CISA) Cyber Essentials is a guide for leaders of small businesses as well as leaders of small and local government agencies to develop an actionable understanding of where to start implementing organizational cybersecurity practices.;858573892697;us-east-1;2026-09-13 17:57:11.149991;your-surroundings-3;Grant access and admin permissions based on need-to-know and least privilege.;your surroundings;;;aws;;PASS;AWS policy AmazonRDSServiceRolePolicy is attached but does not allow '*:*' administrative privileges.;arn:aws:iam::aws:policy/aws-service-role/AmazonRDSServiceRolePolicy;iam_aws_attached_policy_no_administrative_privileges;False;AmazonRDSServiceRolePolicy;CISA;CISA Cyber Essentials framework;
aws;Cybersecurity & Infrastructure Security Agency's (CISA) Cyber Essentials is a guide for leaders of small businesses as well as leaders of small and local government agencies to develop an actionable understanding of where to start implementing organizational cybersecurity practices.;858573892697;us-east-1;2026-09-13 17:57:11.149991;your-systems-3;Implement security configurations for all hardware and software assets.;your systems;;;aws;;PASS;AWS policy AWSTrustedAdvisorServiceRolePolicy is attached but does not allow '*:*' administrative privileges.;arn:aws:iam::aws:policy/aws-service-role/AWSTrustedAdvisorServiceRolePolicy;iam_aws_attached_policy_no_administrative_privileges;False;AWSTrustedAdvisorServiceRolePolicy;CISA;CISA Cyber Essentials framework;
aws;Cybersecurity & Infrastructure Security Agency's (CISA) Cyber Essentials is a guide for leaders of small businesses as well as leaders of small and local government agencies to develop an actionable understanding of where to start implementing organizational cybersecurity practices.;858573892697;us-east-1;2026-09-13 17:57:11.149991;your-surroundings-3;Grant access and admin permissions based on need-to-know and least privilege.;your surroundings;;;aws;;PASS;AWS policy AWSTrustedAdvisorServiceRolePolicy is attached but does not allow '*:*' administrative privileges.;arn:aws:iam::aws:policy/aws-service-role/AWSTrustedAdvisorServiceRolePolicy;iam_aws_attached_policy_no_administrative_privileges;False;AWSTrustedAdvisorServiceRolePolicy;CISA;CISA Cyber Essentials framework;
aws;Cybersecurity & Infrastructure Security Agency's (CISA) Cyber Essentials is a guide for leaders of small businesses as well as leaders of small and local government agencies to develop an actionable understanding of where to start implementing organizational cybersecurity practices.;858573892697;us-east-1;2026-09-13 17:57:11.149991;your-systems-3;Implement security configurations for all hardware and software assets.;your systems;;;aws;;FAIL;AWS policy AdministratorAccess is attached and allows '*:*' administrative privileges.;arn:aws:iam::aws:policy/AdministratorAccess;iam_aws_attached_policy_no_administrative_privileges;False;AdministratorAccess;CISA;CISA Cyber Essentials framework;
aws;Cybersecurity & Infrastructure Security Agency's (CISA) Cyber Essentials is a guide for leaders of small businesses as well as leaders of small and local government agencies to develop an actionable understanding of where to start implementing organizational cybersecurity practices.;858573892697;us-east-1;2026-09-13 17:57:11.149991;your-surroundings-3;Grant access and admin permissions based on need-to-know and least privilege.;your surroundings;;;aws;;FAIL;AWS policy AdministratorAccess is attached and allows '*:*' administrative privileges.;arn:aws:iam::aws:policy/AdministratorAccess;iam_aws_attached_policy_no_administrative_privileges;False;AdministratorAccess;CISA;CISA Cyber Essentials framework;
aws;Cybersecurity & Infrastructure Security Agency's (CISA) Cyber Essentials is a guide for leaders of small businesses as well as leaders of small and local government agencies to develop an actionable understanding of where to start implementing organizational cybersecurity practices.;858573892697;us-east-1;2026-09-13 17:57:11.149991;your-systems-3;Implement security configurations for all hardware and software assets.;your systems;;;aws;;PASS;AWS policy AWSSupportServiceRolePolicy is attached but does not allow '*:*' administrative privileges.;arn:aws:iam::aws:policy/aws-service-role/AWSSupportServiceRolePolicy;iam_aws_attached_policy_no_administrative_privileges;False;AWSSupportServiceRolePolicy;CISA;CISA Cyber Essentials framework;
aws;Cybersecurity & Infrastructure Security Agency's (CISA) Cyber Essentials is a guide for leaders of small businesses as well as leaders of small and local government agencies to develop an actionable understanding of where to start implementing organizational cybersecurity practices.;858573892697;us-east-1;2026-09-13 17:57:11.149991;your-surroundings-3;Grant access and admin permissions based on need-to-know and least privilege.;your surroundings;;;aws;;PASS;AWS policy AWSSupportServiceRolePolicy is attached but does not allow '*:*' administrative privileges.;arn:aws:iam::aws:policy/aws-service-role/AWSSupportServiceRolePolicy;iam_aws_attached_policy_no_administrative_privileges;False;AWSSupportServiceRolePolicy;CISA;CISA Cyber Essentials framework;
aws;Cybersecurity & Infrastructure Security Agency's (CISA) Cyber Essentials is a guide for leaders of small businesses as well as leaders of small and local government agencies to develop an actionable understanding of where to start implementing organizational cybersecurity practices.;858573892697;us-east-1;2026-09-13 17:57:11.149991;your-systems-3;Implement security configurations for all hardware and software assets.;your systems;;;aws;;PASS;AWS policy AWSDeepRacerServiceRolePolicy is attached but does not allow '*:*' administrative privileges.;arn:aws:iam::aws:policy/service-role/AWSDeepRacerServiceRolePolicy;iam_aws_attached_policy_no_administrative_privileges;False;AWSDeepRacerServiceRolePolicy;CISA;CISA Cyber Essentials framework;
aws;Cybersecurity & Infrastructure Security Agency's (CISA) Cyber Essentials is a guide for leaders of small businesses as well as leaders of small and local government agencies to develop an actionable understanding of where to start implementing organizational cybersecurity practices.;858573892697;us-east-1;2026-09-13 17:57:11.149991;your-surroundings-3;Grant access and admin permissions based on need-to-know and least privilege.;your surroundings;;;aws;;PASS;AWS policy AWSDeepRacerServiceRolePolicy is attached but does not allow '*:*' administrative privileges.;arn:aws:iam::aws:policy/service-role/AWSDeepRacerServiceRolePolicy;iam_aws_attached_policy_no_administrative_privileges;False;AWSDeepRacerServiceRolePolicy;CISA;CISA Cyber Essentials framework;
aws;Cybersecurity & Infrastructure Security Agency's (CISA) Cyber Essentials is a guide for leaders of small businesses as well as leaders of small and local government agencies to develop an actionable understanding of where to start implementing organizational cybersecurity practices.;858573892697;us-east-1;2026-09-13 17:57:11.149991;your-systems-3;Implement security configurations for all hardware and software assets.;your systems;;;aws;;PASS;AWS policy DatabaseAdministrator is attached but does not allow '*:*' administrative privileges.;arn:aws:iam::aws:policy/job-function/DatabaseAdministrator;iam_aws_attached_policy_no_administrative_privileges;False;DatabaseAdministrator;CISA;CISA Cyber Essentials framework;
aws;Cybersecurity & Infrastructure Security Agency's (CISA) Cyber Essentials is a guide for leaders of small businesses as well as leaders of small and local government agencies to develop an actionable understanding of where to start implementing organizational cybersecurity practices.;858573892697;us-east-1;2026-09-13 17:57:11.149991;your-surroundings-3;Grant access and admin permissions based on need-to-know and least privilege.;your surroundings;;;aws;;PASS;AWS policy DatabaseAdministrator is attached but does not allow '*:*' administrative privileges.;arn:aws:iam::aws:policy/job-function/DatabaseAdministrator;iam_aws_attached_policy_no_administrative_privileges;False;DatabaseAdministrator;CISA;CISA Cyber Essentials framework;
aws;Cybersecurity & Infrastructure Security Agency's (CISA) Cyber Essentials is a guide for leaders of small businesses as well as leaders of small and local government agencies to develop an actionable understanding of where to start implementing organizational cybersecurity practices.;858573892697;us-east-1;2026-09-13 17:57:11.149991;your-systems-3;Implement security configurations for all hardware and software assets.;your systems;;;aws;;PASS;AWS policy AWSLambdaBasicExecutionRole is attached but does not allow '*:*' administrative privileges.;arn:aws:iam::aws:policy/service-role/AWSLambdaBasicExecutionRole;iam_aws_attached_policy_no_administrative_privileges;False;AWSLambdaBasicExecutionRole;CISA;CISA Cyber Essentials framework;
aws;Cybersecurity & Infrastructure Security Agency's (CISA) Cyber Essentials is a guide for leaders of small businesses as well as leaders of small and local government agencies to develop an actionable understanding of where to start implementing organizational cybersecurity practices.;858573892697;us-east-1;2026-09-13 17:57:11.149991;your-surroundings-3;Grant access and admin permissions based on need-to-know and least privilege.;your surroundings;;;aws;;PASS;AWS policy AWSLambdaBasicExecutionRole is attached but does not allow '*:*' administrative privileges.;arn:aws:iam::aws:policy/service-role/AWSLambdaBasicExecutionRole;iam_aws_attached_policy_no_administrative_privileges;False;AWSLambdaBasicExecutionRole;CISA;CISA Cyber Essentials framework;
aws;Cybersecurity & Infrastructure Security Agency's (CISA) Cyber Essentials is a guide for leaders of small businesses as well as leaders of small and local government agencies to develop an actionable understanding of where to start implementing organizational cybersecurity practices.;858573892697;us-east-1;2026-09-13 17:57:11.149991;your-systems-3;Implement security configurations for all hardware and software assets.;your systems;;;aws;;PASS;AWS policy IAMUserChangePassword is attached but does not allow '*:*' administrative privileges.;arn:aws:iam::aws:policy/IAMUserChangePassword;iam_aws_attached_policy_no_administrative_privileges;False;IAMUserChangePassword;CISA;CISA Cyber Essentials framework;
aws;Cybersecurity & Infrastructure Security Agency's (CISA) Cyber Essentials is a guide for leaders of small businesses as well as leaders of small and local government agencies to develop an actionable understanding of where to start implementing organizational cybersecurity practices.;858573892697;us-east-1;2026-09-13 17:57:11.149991;your-surroundings-3;Grant access and admin permissions based on need-to-know and least privilege.;your surroundings;;;aws;;PASS;AWS policy IAMUserChangePassword is attached but does not allow '*:*' administrative privileges.;arn:aws:iam::aws:policy/IAMUserChangePassword;iam_aws_attached_policy_no_administrative_privileges;False;IAMUserChangePassword;CISA;CISA Cyber Essentials framework;
aws;Cybersecurity & Infrastructure Security Agency's (CISA) Cyber Essentials is a guide for leaders of small businesses as well as leaders of small and local government agencies to develop an actionable understanding of where to start implementing organizational cybersecurity practices.;858573892697;us-east-1;2026-09-13 17:57:11.149991;your-systems-3;Implement security configurations for all hardware and software assets.;your systems;;;aws;;PASS;AWS policy NetworkAdministrator is attached but does not allow '*:*' administrative privileges.;arn:aws:iam::aws:policy/job-function/NetworkAdministrator;iam_aws_attached_policy_no_administrative_privileges;False;NetworkAdministrator;CISA;CISA Cyber Essentials framework;
aws;Cybersecurity & Infrastructure Security Agency's (CISA) Cyber Essentials is a guide for leaders of small businesses as well as leaders of small and local government agencies to develop an actionable understanding of where to start implementing organizational cybersecurity practices.;858573892697;us-east-1;2026-09-13 17:57:11.149991;your-surroundings-3;Grant access and admin permissions based on need-to-know and least privilege.;your surroundings;;;aws;;PASS;AWS policy NetworkAdministrator is attached but does not allow '*:*' administrative privileges.;arn:aws:iam::aws:policy/job-function/NetworkAdministrator;iam_aws_attached_policy_no_administrative_privileges;False;NetworkAdministrator;CISA;CISA Cyber Essentials framework;
aws;Cybersecurity & Infrastructure Security Agency's (CISA) Cyber Essentials is a guide for leaders of small businesses as well as leaders of small and local government agencies to develop an actionable understanding of where to start implementing organizational cybersecurity practices.;858573892697;us-east-1;2026-09-13 17:57:11.149991;your-systems-3;Implement security configurations for all hardware and software assets.;your systems;;;aws;;PASS;AWS policy AWSDeepRacerRoboMakerAccessPolicy is attached but does not allow '*:*' administrative privileges.;arn:aws:iam::aws:policy/AWSDeepRacerRoboMakerAccessPolicy;iam_aws_attached_policy_no_administrative_privileges;False;AWSDeepRacerRoboMakerAccessPolicy;CISA;CISA Cyber Essentials framework;
aws;Cybersecurity & Infrastructure Security Agency's (CISA) Cyber Essentials is a guide for leaders of small businesses as well as leaders of small and local government agencies to develop an actionable understanding of where to start implementing organizational cybersecurity practices.;858573892697;us-east-1;2026-09-13 17:57:11.149991;your-surroundings-3;Grant access and admin permissions based on need-to-know and least privilege.;your surroundings;;;aws;;PASS;AWS policy AWSDeepRacerRoboMakerAccessPolicy is attached but does not allow '*:*' administrative privileges.;arn:aws:iam::aws:policy/AWSDeepRacerRoboMakerAccessPolicy;iam_aws_attached_policy_no_administrative_privileges;False;AWSDeepRacerRoboMakerAccessPolicy;CISA;CISA Cyber Essentials framework;
aws;Cybersecurity & Infrastructure Security Agency's (CISA) Cyber Essentials is a guide for leaders of small businesses as well as leaders of small and local government agencies to develop an actionable understanding of where to start implementing organizational cybersecurity practices.;858573892697;us-east-1;2026-09-13 17:57:11.149991;your-systems-3;Implement security configurations for all hardware and software assets.;your systems;;;aws;;PASS;AWS policy AmazonSageMakerFullAccess is attached but does not allow '*:*' administrative privileges.;arn:aws:iam::aws:policy/AmazonSageMakerFullAccess;iam_aws_attached_policy_no_administrative_privileges;False;AmazonSageMakerFullAccess;CISA;CISA Cyber Essentials framework;
aws;Cybersecurity & Infrastructure Security Agency's (CISA) Cyber Essentials is a guide for leaders of small businesses as well as leaders of small and local government agencies to develop an actionable understanding of where to start implementing organizational cybersecurity practices.;858573892697;us-east-1;2026-09-13 17:57:11.149991;your-surroundings-3;Grant access and admin permissions based on need-to-know and least privilege.;your surroundings;;;aws;;PASS;AWS policy AmazonSageMakerFullAccess is attached but does not allow '*:*' administrative privileges.;arn:aws:iam::aws:policy/AmazonSageMakerFullAccess;iam_aws_attached_policy_no_administrative_privileges;False;AmazonSageMakerFullAccess;CISA;CISA Cyber Essentials framework;
aws;Cybersecurity & Infrastructure Security Agency's (CISA) Cyber Essentials is a guide for leaders of small businesses as well as leaders of small and local government agencies to develop an actionable understanding of where to start implementing organizational cybersecurity practices.;858573892697;us-east-1;2026-09-13 17:57:11.149991;your-systems-3;Implement security configurations for all hardware and software assets.;your systems;;;aws;;PASS;AWS policy AmazonS3FullAccess is attached but does not allow '*:*' administrative privileges.;arn:aws:iam::aws:policy/AmazonS3FullAccess;iam_aws_attached_policy_no_administrative_privileges;False;AmazonS3FullAccess;CISA;CISA Cyber Essentials framework;
aws;Cybersecurity & Infrastructure Security Agency's (CISA) Cyber Essentials is a guide for leaders of small businesses as well as leaders of small and local government agencies to develop an actionable understanding of where to start implementing organizational cybersecurity practices.;858573892697;us-east-1;2026-09-13 17:57:11.149991;your-surroundings-3;Grant access and admin permissions based on need-to-know and least privilege.;your surroundings;;;aws;;PASS;AWS policy AmazonS3FullAccess is attached but does not allow '*:*' administrative privileges.;arn:aws:iam::aws:policy/AmazonS3FullAccess;iam_aws_attached_policy_no_administrative_privileges;False;AmazonS3FullAccess;CISA;CISA Cyber Essentials framework;
aws;Cybersecurity & Infrastructure Security Agency's (CISA) Cyber Essentials is a guide for leaders of small businesses as well as leaders of small and local government agencies to develop an actionable understanding of where to start implementing organizational cybersecurity practices.;858573892697;us-east-1;2026-09-13 17:57:11.149991;your-systems-3;Implement security configurations for all hardware and software assets.;your systems;;;aws;;PASS;AWS policy AdministratorAccess-AWSElasticBeanstalk is attached but does not allow '*:*' administrative privileges.;arn:aws:iam::aws:policy/AdministratorAccess-AWSElasticBeanstalk;iam_aws_attached_policy_no_administrative_privileges;False;AdministratorAccess-AWSElasticBeanstalk;CISA;CISA Cyber Essentials framework;
aws;Cybersecurity & Infrastructure Security Agency's (CISA) Cyber Essentials is a guide for leaders of small businesses as well as leaders of small and local government agencies to develop an actionable understanding of where to start implementing organizational cybersecurity practices.;858573892697;us-east-1;2026-09-13 17:57:11.149991;your-surroundings-3;Grant access and admin permissions based on need-to-know and least privilege.;your surroundings;;;aws;;PASS;AWS policy AdministratorAccess-AWSElasticBeanstalk is attached but does not allow '*:*' administrative privileges.;arn:aws:iam::aws:policy/AdministratorAccess-AWSElasticBeanstalk;iam_aws_attached_policy_no_administrative_privileges;False;AdministratorAccess-AWSElasticBeanstalk;CISA;CISA Cyber Essentials framework;
aws;Cybersecurity & Infrastructure Security Agency's (CISA) Cyber Essentials is a guide for leaders of small businesses as well as leaders of small and local government agencies to develop an actionable understanding of where to start implementing organizational cybersecurity practices.;858573892697;us-east-1;2026-09-13 17:57:11.149991;your-systems-3;Implement security configurations for all hardware and software assets.;your systems;;;aws;;PASS;AWS policy AWSResourceExplorerServiceRolePolicy is attached but does not allow '*:*' administrative privileges.;arn:aws:iam::aws:policy/aws-service-role/AWSResourceExplorerServiceRolePolicy;iam_aws_attached_policy_no_administrative_privileges;False;AWSResourceExplorerServiceRolePolicy;CISA;CISA Cyber Essentials framework;
aws;Cybersecurity & Infrastructure Security Agency's (CISA) Cyber Essentials is a guide for leaders of small businesses as well as leaders of small and local government agencies to develop an actionable understanding of where to start implementing organizational cybersecurity practices.;858573892697;us-east-1;2026-09-13 17:57:11.149991;your-surroundings-3;Grant access and admin permissions based on need-to-know and least privilege.;your surroundings;;;aws;;PASS;AWS policy AWSResourceExplorerServiceRolePolicy is attached but does not allow '*:*' administrative privileges.;arn:aws:iam::aws:policy/aws-service-role/AWSResourceExplorerServiceRolePolicy;iam_aws_attached_policy_no_administrative_privileges;False;AWSResourceExplorerServiceRolePolicy;CISA;CISA Cyber Essentials framework;
aws;Cybersecurity & Infrastructure Security Agency's (CISA) Cyber Essentials is a guide for leaders of small businesses as well as leaders of small and local government agencies to develop an actionable understanding of where to start implementing organizational cybersecurity practices.;858573892697;us-east-1;2026-09-13 17:57:11.149991;your-systems-3;Implement security configurations for all hardware and software assets.;your systems;;;aws;;PASS;AWS policy AWSCloudShellFullAccess is attached but does not allow '*:*' administrative privileges.;arn:aws:iam::aws:policy/AWSCloudShellFullAccess;iam_aws_attached_policy_no_administrative_privileges;False;AWSCloudShellFullAccess;CISA;CISA Cyber Essentials framework;
aws;Cybersecurity & Infrastructure Security Agency's (CISA) Cyber Essentials is a guide for leaders of small businesses as well as leaders of small and local government agencies to develop an actionable understanding of where to start implementing organizational cybersecurity practices.;858573892697;us-east-1;2026-09-13 17:57:11.149991;your-surroundings-3;Grant access and admin permissions based on need-to-know and least privilege.;your surroundings;;;aws;;PASS;AWS policy AWSCloudShellFullAccess is attached but does not allow '*:*' administrative privileges.;arn:aws:iam::aws:policy/AWSCloudShellFullAccess;iam_aws_attached_policy_no_administrative_privileges;False;AWSCloudShellFullAccess;CISA;CISA Cyber Essentials framework;
aws;Cybersecurity & Infrastructure Security Agency's (CISA) Cyber Essentials is a guide for leaders of small businesses as well as leaders of small and local government agencies to develop an actionable understanding of where to start implementing organizational cybersecurity practices.;858573892697;us-east-1;2026-09-13 17:57:11.149991;your-systems-3;Implement security configurations for all hardware and software assets.;your systems;;;aws;;PASS;AWS policy AdministratorAccess-Amplify is attached but does not allow '*:*' administrative privileges.;arn:aws:iam::aws:policy/AdministratorAccess-Amplify;iam_aws_attached_policy_no_administrative_privileges;False;AdministratorAccess-Amplify;CISA;CISA Cyber Essentials framework;
aws;Cybersecurity & Infrastructure Security Agency's (CISA) Cyber Essentials is a guide for leaders of small businesses as well as leaders of small and local government agencies to develop an actionable understanding of where to start implementing organizational cybersecurity practices.;858573892697;us-east-1;2026-09-13 17:57:11.149991;your-surroundings-3;Grant access and admin permissions based on need-to-know and least privilege.;your surroundings;;;aws;;PASS;AWS policy AdministratorAccess-Amplify is attached but does not allow '*:*' administrative privileges.;arn:aws:iam::aws:policy/AdministratorAccess-Amplify;iam_aws_attached_policy_no_administrative_privileges;False;AdministratorAccess-Amplify;CISA;CISA Cyber Essentials framework;
aws;Cybersecurity & Infrastructure Security Agency's (CISA) Cyber Essentials is a guide for leaders of small businesses as well as leaders of small and local government agencies to develop an actionable understanding of where to start implementing organizational cybersecurity practices.;858573892697;us-east-1;2026-09-13 17:57:11.149991;your-systems-3;Implement security configurations for all hardware and software assets.;your systems;;;aws;;PASS;AWS policy CostOptimizationHubServiceRolePolicy is attached but does not allow '*:*' administrative privileges.;arn:aws:iam::aws:policy/aws-service-role/CostOptimizationHubServiceRolePolicy;iam_aws_attached_policy_no_administrative_privileges;False;CostOptimizationHubServiceRolePolicy;CISA;CISA Cyber Essentials framework;
aws;Cybersecurity & Infrastructure Security Agency's (CISA) Cyber Essentials is a guide for leaders of small businesses as well as leaders of small and local government agencies to develop an actionable understanding of where to start implementing organizational cybersecurity practices.;858573892697;us-east-1;2026-09-13 17:57:11.149991;your-surroundings-3;Grant access and admin permissions based on need-to-know and least privilege.;your surroundings;;;aws;;PASS;AWS policy CostOptimizationHubServiceRolePolicy is attached but does not allow '*:*' administrative privileges.;arn:aws:iam::aws:policy/aws-service-role/CostOptimizationHubServiceRolePolicy;iam_aws_attached_policy_no_administrative_privileges;False;CostOptimizationHubServiceRolePolicy;CISA;CISA Cyber Essentials framework;
aws;Cybersecurity & Infrastructure Security Agency's (CISA) Cyber Essentials is a guide for leaders of small businesses as well as leaders of small and local government agencies to develop an actionable understanding of where to start implementing organizational cybersecurity practices.;858573892697;us-east-1;2026-09-13 17:57:11.149991;your-systems-3;Implement security configurations for all hardware and software assets.;your systems;;;aws;;PASS;AWS policy AWSAuditManagerAdministratorAccess is attached but does not allow '*:*' administrative privileges.;arn:aws:iam::aws:policy/AWSAuditManagerAdministratorAccess;iam_aws_attached_policy_no_administrative_privileges;False;AWSAuditManagerAdministratorAccess;CISA;CISA Cyber Essentials framework;
aws;Cybersecurity & Infrastructure Security Agency's (CISA) Cyber Essentials is a guide for leaders of small businesses as well as leaders of small and local government agencies to develop an actionable understanding of where to start implementing organizational cybersecurity practices.;858573892697;us-east-1;2026-09-13 17:57:11.149991;your-surroundings-3;Grant access and admin permissions based on need-to-know and least privilege.;your surroundings;;;aws;;PASS;AWS policy AWSAuditManagerAdministratorAccess is attached but does not allow '*:*' administrative privileges.;arn:aws:iam::aws:policy/AWSAuditManagerAdministratorAccess;iam_aws_attached_policy_no_administrative_privileges;False;AWSAuditManagerAdministratorAccess;CISA;CISA Cyber Essentials framework;
aws;Cybersecurity & Infrastructure Security Agency's (CISA) Cyber Essentials is a guide for leaders of small businesses as well as leaders of small and local government agencies to develop an actionable understanding of where to start implementing organizational cybersecurity practices.;858573892697;us-east-1;2026-09-13 17:57:11.149991;your-systems-3;Implement security configurations for all hardware and software assets.;your systems;;;aws;;PASS;Inline policy AWSRevokeOlderSessions attached to user EddieQ does not allow '*:*' administrative privileges.;arn:aws:iam::858573892697:user/EddieQ;iam_inline_policy_no_administrative_privileges;False;EddieQ/AWSRevokeOlderSessions;CISA;CISA Cyber Essentials framework;
aws;Cybersecurity & Infrastructure Security Agency's (CISA) Cyber Essentials is a guide for leaders of small businesses as well as leaders of small and local government agencies to develop an actionable understanding of where to start implementing organizational cybersecurity practices.;858573892697;us-east-1;2026-09-13 17:57:11.149991;your-surroundings-3;Grant access and admin permissions based on need-to-know and least privilege.;your surroundings;;;aws;;PASS;Inline policy AWSRevokeOlderSessions attached to user EddieQ does not allow '*:*' administrative privileges.;arn:aws:iam::858573892697:user/EddieQ;iam_inline_policy_no_administrative_privileges;False;EddieQ/AWSRevokeOlderSessions;CISA;CISA Cyber Essentials framework;
aws;Cybersecurity & Infrastructure Security Agency's (CISA) Cyber Essentials is a guide for leaders of small businesses as well as leaders of small and local government agencies to develop an actionable understanding of where to start implementing organizational cybersecurity practices.;858573892697;us-east-1;2026-09-13 17:57:11.149991;your-surroundings-3;Grant access and admin permissions based on need-to-know and least privilege.;your surroundings;;;aws;;PASS;Inline policy AWSRevokeOlderSessions attached to user EddieQ does not allow 'aws-marketplace:Subscribe' on all resources.;arn:aws:iam::858573892697:user/EddieQ;iam_inline_policy_no_wildcard_marketplace_subscribe;False;EddieQ/AWSRevokeOlderSessions;CISA;CISA Cyber Essentials framework;
aws;Cybersecurity & Infrastructure Security Agency's (CISA) Cyber Essentials is a guide for leaders of small businesses as well as leaders of small and local government agencies to develop an actionable understanding of where to start implementing organizational cybersecurity practices.;858573892697;us-east-1;2026-09-13 17:57:11.149991;your-systems-3;Implement security configurations for all hardware and software assets.;your systems;;;aws;;PASS;Root account does not have access keys.;arn:aws:iam::858573892697:root;iam_no_root_access_key;False;<root_account>;CISA;CISA Cyber Essentials framework;
aws;Cybersecurity & Infrastructure Security Agency's (CISA) Cyber Essentials is a guide for leaders of small businesses as well as leaders of small and local government agencies to develop an actionable understanding of where to start implementing organizational cybersecurity practices.;858573892697;us-east-1;2026-09-13 17:57:11.149991;your-surroundings-3;Grant access and admin permissions based on need-to-know and least privilege.;your surroundings;;;aws;;PASS;Root account does not have access keys.;arn:aws:iam::858573892697:root;iam_no_root_access_key;False;<root_account>;CISA;CISA Cyber Essentials framework;
aws;Cybersecurity & Infrastructure Security Agency's (CISA) Cyber Essentials is a guide for leaders of small businesses as well as leaders of small and local government agencies to develop an actionable understanding of where to start implementing organizational cybersecurity practices.;858573892697;us-east-1;2026-09-13 17:57:11.149991;your-systems-3;Implement security configurations for all hardware and software assets.;your systems;;;aws;;FAIL;IAM password policy does not require at least one lowercase letter.;arn:aws:iam:us-east-1:858573892697:password-policy;iam_password_policy_lowercase;False;858573892697;CISA;CISA Cyber Essentials framework;
aws;Cybersecurity & Infrastructure Security Agency's (CISA) Cyber Essentials is a guide for leaders of small businesses as well as leaders of small and local government agencies to develop an actionable understanding of where to start implementing organizational cybersecurity practices.;858573892697;us-east-1;2026-09-13 17:57:11.149991;your-surroundings-4;Leverage unique passwords for all user accounts.;your surroundings;;;aws;;FAIL;IAM password policy does not require at least one lowercase letter.;arn:aws:iam:us-east-1:858573892697:password-policy;iam_password_policy_lowercase;False;858573892697;CISA;CISA Cyber Essentials framework;
aws;Cybersecurity & Infrastructure Security Agency's (CISA) Cyber Essentials is a guide for leaders of small businesses as well as leaders of small and local government agencies to develop an actionable understanding of where to start implementing organizational cybersecurity practices.;858573892697;us-east-1;2026-09-13 17:57:11.149991;your-systems-3;Implement security configurations for all hardware and software assets.;your systems;;;aws;;FAIL;IAM password policy does not require minimum length of 14 characters.;arn:aws:iam:us-east-1:858573892697:password-policy;iam_password_policy_minimum_length_14;False;858573892697;CISA;CISA Cyber Essentials framework;
aws;Cybersecurity & Infrastructure Security Agency's (CISA) Cyber Essentials is a guide for leaders of small businesses as well as leaders of small and local government agencies to develop an actionable understanding of where to start implementing organizational cybersecurity practices.;858573892697;us-east-1;2026-09-13 17:57:11.149991;your-surroundings-4;Leverage unique passwords for all user accounts.;your surroundings;;;aws;;FAIL;IAM password policy does not require minimum length of 14 characters.;arn:aws:iam:us-east-1:858573892697:password-policy;iam_password_policy_minimum_length_14;False;858573892697;CISA;CISA Cyber Essentials framework;
aws;Cybersecurity & Infrastructure Security Agency's (CISA) Cyber Essentials is a guide for leaders of small businesses as well as leaders of small and local government agencies to develop an actionable understanding of where to start implementing organizational cybersecurity practices.;858573892697;us-east-1;2026-09-13 17:57:11.149991;your-systems-3;Implement security configurations for all hardware and software assets.;your systems;;;aws;;PASS;IAM password policy requires at least one number.;arn:aws:iam:us-east-1:858573892697:password-policy;iam_password_policy_number;False;858573892697;CISA;CISA Cyber Essentials framework;
aws;Cybersecurity & Infrastructure Security Agency's (CISA) Cyber Essentials is a guide for leaders of small businesses as well as leaders of small and local government agencies to develop an actionable understanding of where to start implementing organizational cybersecurity practices.;858573892697;us-east-1;2026-09-13 17:57:11.149991;your-surroundings-4;Leverage unique passwords for all user accounts.;your surroundings;;;aws;;PASS;IAM password policy requires at least one number.;arn:aws:iam:us-east-1:858573892697:password-policy;iam_password_policy_number;False;858573892697;CISA;CISA Cyber Essentials framework;
aws;Cybersecurity & Infrastructure Security Agency's (CISA) Cyber Essentials is a guide for leaders of small businesses as well as leaders of small and local government agencies to develop an actionable understanding of where to start implementing organizational cybersecurity practices.;858573892697;us-east-1;2026-09-13 17:57:11.149991;your-systems-3;Implement security configurations for all hardware and software assets.;your systems;;;aws;;PASS;IAM password policy requires at least one symbol.;arn:aws:iam:us-east-1:858573892697:password-policy;iam_password_policy_symbol;False;858573892697;CISA;CISA Cyber Essentials framework;
aws;Cybersecurity & Infrastructure Security Agency's (CISA) Cyber Essentials is a guide for leaders of small businesses as well as leaders of small and local government agencies to develop an actionable understanding of where to start implementing organizational cybersecurity practices.;858573892697;us-east-1;2026-09-13 17:57:11.149991;your-surroundings-4;Leverage unique passwords for all user accounts.;your surroundings;;;aws;;PASS;IAM password policy requires at least one symbol.;arn:aws:iam:us-east-1:858573892697:password-policy;iam_password_policy_symbol;False;858573892697;CISA;CISA Cyber Essentials framework;
aws;Cybersecurity & Infrastructure Security Agency's (CISA) Cyber Essentials is a guide for leaders of small businesses as well as leaders of small and local government agencies to develop an actionable understanding of where to start implementing organizational cybersecurity practices.;858573892697;us-east-1;2026-09-13 17:57:11.149991;your-systems-3;Implement security configurations for all hardware and software assets.;your systems;;;aws;;PASS;IAM password policy requires at least one uppercase letter.;arn:aws:iam:us-east-1:858573892697:password-policy;iam_password_policy_uppercase;False;858573892697;CISA;CISA Cyber Essentials framework;
aws;Cybersecurity & Infrastructure Security Agency's (CISA) Cyber Essentials is a guide for leaders of small businesses as well as leaders of small and local government agencies to develop an actionable understanding of where to start implementing organizational cybersecurity practices.;858573892697;us-east-1;2026-09-13 17:57:11.149991;your-surroundings-4;Leverage unique passwords for all user accounts.;your surroundings;;;aws;;PASS;IAM password policy requires at least one uppercase letter.;arn:aws:iam:us-east-1:858573892697:password-policy;iam_password_policy_uppercase;False;858573892697;CISA;CISA Cyber Essentials framework;
aws;Cybersecurity & Infrastructure Security Agency's (CISA) Cyber Essentials is a guide for leaders of small businesses as well as leaders of small and local government agencies to develop an actionable understanding of where to start implementing organizational cybersecurity practices.;858573892697;us-east-1;2026-09-13 17:57:11.149991;your-systems-3;Implement security configurations for all hardware and software assets.;your systems;;;aws;;FAIL;Root account has a virtual MFA instead of a hardware MFA device enabled.;arn:aws:iam::858573892697:mfa;iam_root_hardware_mfa_enabled;False;<root_account>;CISA;CISA Cyber Essentials framework;
aws;Cybersecurity & Infrastructure Security Agency's (CISA) Cyber Essentials is a guide for leaders of small businesses as well as leaders of small and local government agencies to develop an actionable understanding of where to start implementing organizational cybersecurity practices.;858573892697;us-east-1;2026-09-13 17:57:11.149991;your-surroundings-2;Leverage multi-factor authentication for all users, starting with privileged, administrative and remote access users.;your surroundings;;;aws;;FAIL;Root account has a virtual MFA instead of a hardware MFA device enabled.;arn:aws:iam::858573892697:mfa;iam_root_hardware_mfa_enabled;False;<root_account>;CISA;CISA Cyber Essentials framework;
aws;Cybersecurity & Infrastructure Security Agency's (CISA) Cyber Essentials is a guide for leaders of small businesses as well as leaders of small and local government agencies to develop an actionable understanding of where to start implementing organizational cybersecurity practices.;858573892697;us-east-1;2026-09-13 17:57:11.149991;your-systems-3;Implement security configurations for all hardware and software assets.;your systems;;;aws;;PASS;MFA is enabled for root account.;arn:aws:iam::858573892697:root;iam_root_mfa_enabled;False;<root_account>;CISA;CISA Cyber Essentials framework;
aws;Cybersecurity & Infrastructure Security Agency's (CISA) Cyber Essentials is a guide for leaders of small businesses as well as leaders of small and local government agencies to develop an actionable understanding of where to start implementing organizational cybersecurity practices.;858573892697;us-east-1;2026-09-13 17:57:11.149991;your-surroundings-2;Leverage multi-factor authentication for all users, starting with privileged, administrative and remote access users.;your surroundings;;;aws;;PASS;MFA is enabled for root account.;arn:aws:iam::858573892697:root;iam_root_mfa_enabled;False;<root_account>;CISA;CISA Cyber Essentials framework;
aws;Cybersecurity & Infrastructure Security Agency's (CISA) Cyber Essentials is a guide for leaders of small businesses as well as leaders of small and local government agencies to develop an actionable understanding of where to start implementing organizational cybersecurity practices.;858573892697;us-east-1;2026-09-13 17:57:11.149991;booting-up-thing-to-do-first-2;Require multi-factor authentication (MFA) for accessing your systems whenever possible. MFA should be required of all users, but start with privileged, administrative, and remote access users.;booting up thing to do first;;;aws;;PASS;MFA is enabled for root account.;arn:aws:iam::858573892697:root;iam_root_mfa_enabled;False;<root_account>;CISA;CISA Cyber Essentials framework;
aws;Cybersecurity & Infrastructure Security Agency's (CISA) Cyber Essentials is a guide for leaders of small businesses as well as leaders of small and local government agencies to develop an actionable understanding of where to start implementing organizational cybersecurity practices.;858573892697;us-east-1;2026-09-13 17:57:11.149991;your-systems-3;Implement security configurations for all hardware and software assets.;your systems;;;aws;;PASS;User <root_account> does not have access keys.;arn:aws:iam::858573892697:root;iam_rotate_access_key_90_days;False;<root_account>;CISA;CISA Cyber Essentials framework;
aws;Cybersecurity & Infrastructure Security Agency's (CISA) Cyber Essentials is a guide for leaders of small businesses as well as leaders of small and local government agencies to develop an actionable understanding of where to start implementing organizational cybersecurity practices.;858573892697;us-east-1;2026-09-13 17:57:11.149991;your-systems-3;Implement security configurations for all hardware and software assets.;your systems;;;aws;;FAIL;User EddieQ has not rotated access key 1 in over 90 days (2709 days).;arn:aws:iam::858573892697:user/EddieQ;iam_rotate_access_key_90_days;False;EddieQ-access-key-1;CISA;CISA Cyber Essentials framework;
aws;Cybersecurity & Infrastructure Security Agency's (CISA) Cyber Essentials is a guide for leaders of small businesses as well as leaders of small and local government agencies to develop an actionable understanding of where to start implementing organizational cybersecurity practices.;858573892697;us-east-1;2026-09-13 17:57:11.149991;your-systems-3;Implement security configurations for all hardware and software assets.;your systems;;;aws;;PASS;User QLabs does not have access keys older than 90 days.;arn:aws:iam::858573892697:user/QLabs;iam_rotate_access_key_90_days;False;QLabs;CISA;CISA Cyber Essentials framework;
aws;Cybersecurity & Infrastructure Security Agency's (CISA) Cyber Essentials is a guide for leaders of small businesses as well as leaders of small and local government agencies to develop an actionable understanding of where to start implementing organizational cybersecurity practices.;858573892697;us-east-1;2026-09-13 17:57:11.149991;your-systems-3;Implement security configurations for all hardware and software assets.;your systems;;;aws;;PASS;User <root_account> does not have access keys.;arn:aws:iam::858573892697:root;iam_user_accesskey_unused;False;<root_account>;CISA;CISA Cyber Essentials framework;
aws;Cybersecurity & Infrastructure Security Agency's (CISA) Cyber Essentials is a guide for leaders of small businesses as well as leaders of small and local government agencies to develop an actionable understanding of where to start implementing organizational cybersecurity practices.;858573892697;us-east-1;2026-09-13 17:57:11.149991;your-systems-3;Implement security configurations for all hardware and software assets.;your systems;;;aws;;PASS;User EddieQ does not have unused access keys for 45 days.;arn:aws:iam::858573892697:user/EddieQ;iam_user_accesskey_unused;False;EddieQ;CISA;CISA Cyber Essentials framework;
aws;Cybersecurity & Infrastructure Security Agency's (CISA) Cyber Essentials is a guide for leaders of small businesses as well as leaders of small and local government agencies to develop an actionable understanding of where to start implementing organizational cybersecurity practices.;858573892697;us-east-1;2026-09-13 17:57:11.149991;your-systems-3;Implement security configurations for all hardware and software assets.;your systems;;;aws;;PASS;User QLabs does not have unused access keys for 45 days.;arn:aws:iam::858573892697:user/QLabs;iam_user_accesskey_unused;False;QLabs;CISA;CISA Cyber Essentials framework;
aws;Cybersecurity & Infrastructure Security Agency's (CISA) Cyber Essentials is a guide for leaders of small businesses as well as leaders of small and local government agencies to develop an actionable understanding of where to start implementing organizational cybersecurity practices.;858573892697;us-east-1;2026-09-13 17:57:11.149991;your-systems-3;Implement security configurations for all hardware and software assets.;your systems;;;aws;;FAIL;User EddieQ has not logged in to the console in the past 45 days (257 days).;arn:aws:iam::858573892697:user/EddieQ;iam_user_console_access_unused;False;EddieQ;CISA;CISA Cyber Essentials framework;
aws;Cybersecurity & Infrastructure Security Agency's (CISA) Cyber Essentials is a guide for leaders of small businesses as well as leaders of small and local government agencies to develop an actionable understanding of where to start implementing organizational cybersecurity practices.;858573892697;us-east-1;2026-09-13 17:57:11.149991;your-systems-3;Implement security configurations for all hardware and software assets.;your systems;;;aws;;PASS;User QLabs has logged in to the console in the past 45 days (0 days).;arn:aws:iam::858573892697:user/QLabs;iam_user_console_access_unused;False;QLabs;CISA;CISA Cyber Essentials framework;
aws;Cybersecurity & Infrastructure Security Agency's (CISA) Cyber Essentials is a guide for leaders of small businesses as well as leaders of small and local government agencies to develop an actionable understanding of where to start implementing organizational cybersecurity practices.;858573892697;us-east-1;2026-09-13 17:57:11.149991;booting-up-thing-to-do-first-2;Require multi-factor authentication (MFA) for accessing your systems whenever possible. MFA should be required of all users, but start with privileged, administrative, and remote access users.;booting up thing to do first;;;aws;;FAIL;User EddieQ has a virtual MFA instead of a hardware MFA device enabled.;arn:aws:iam::858573892697:user/EddieQ;iam_user_hardware_mfa_enabled;False;EddieQ;CISA;CISA Cyber Essentials framework;
aws;Cybersecurity & Infrastructure Security Agency's (CISA) Cyber Essentials is a guide for leaders of small businesses as well as leaders of small and local government agencies to develop an actionable understanding of where to start implementing organizational cybersecurity practices.;858573892697;us-east-1;2026-09-13 17:57:11.149991;booting-up-thing-to-do-first-2;Require multi-factor authentication (MFA) for accessing your systems whenever possible. MFA should be required of all users, but start with privileged, administrative, and remote access users.;booting up thing to do first;;;aws;;FAIL;User QLabs does not have any type of MFA enabled.;arn:aws:iam::858573892697:user/QLabs;iam_user_hardware_mfa_enabled;False;QLabs;CISA;CISA Cyber Essentials framework;
aws;Cybersecurity & Infrastructure Security Agency's (CISA) Cyber Essentials is a guide for leaders of small businesses as well as leaders of small and local government agencies to develop an actionable understanding of where to start implementing organizational cybersecurity practices.;858573892697;us-east-1;2026-09-13 17:57:11.149991;your-systems-3;Implement security configurations for all hardware and software assets.;your systems;;;aws;;PASS;User EddieQ has Console Password enabled and MFA enabled.;arn:aws:iam::858573892697:user/EddieQ;iam_user_mfa_enabled_console_access;False;EddieQ;CISA;CISA Cyber Essentials framework;
aws;Cybersecurity & Infrastructure Security Agency's (CISA) Cyber Essentials is a guide for leaders of small businesses as well as leaders of small and local government agencies to develop an actionable understanding of where to start implementing organizational cybersecurity practices.;858573892697;us-east-1;2026-09-13 17:57:11.149991;your-surroundings-2;Leverage multi-factor authentication for all users, starting with privileged, administrative and remote access users.;your surroundings;;;aws;;PASS;User EddieQ has Console Password enabled and MFA enabled.;arn:aws:iam::858573892697:user/EddieQ;iam_user_mfa_enabled_console_access;False;EddieQ;CISA;CISA Cyber Essentials framework;
aws;Cybersecurity & Infrastructure Security Agency's (CISA) Cyber Essentials is a guide for leaders of small businesses as well as leaders of small and local government agencies to develop an actionable understanding of where to start implementing organizational cybersecurity practices.;858573892697;us-east-1;2026-09-13 17:57:11.149991;booting-up-thing-to-do-first-2;Require multi-factor authentication (MFA) for accessing your systems whenever possible. MFA should be required of all users, but start with privileged, administrative, and remote access users.;booting up thing to do first;;;aws;;PASS;User EddieQ has Console Password enabled and MFA enabled.;arn:aws:iam::858573892697:user/EddieQ;iam_user_mfa_enabled_console_access;False;EddieQ;CISA;CISA Cyber Essentials framework;
aws;Cybersecurity & Infrastructure Security Agency's (CISA) Cyber Essentials is a guide for leaders of small businesses as well as leaders of small and local government agencies to develop an actionable understanding of where to start implementing organizational cybersecurity practices.;858573892697;us-east-1;2026-09-13 17:57:11.149991;your-systems-3;Implement security configurations for all hardware and software assets.;your systems;;;aws;;FAIL;User QLabs has Console Password enabled but MFA disabled.;arn:aws:iam::858573892697:user/QLabs;iam_user_mfa_enabled_console_access;False;QLabs;CISA;CISA Cyber Essentials framework;
aws;Cybersecurity & Infrastructure Security Agency's (CISA) Cyber Essentials is a guide for leaders of small businesses as well as leaders of small and local government agencies to develop an actionable understanding of where to start implementing organizational cybersecurity practices.;858573892697;us-east-1;2026-09-13 17:57:11.149991;your-surroundings-2;Leverage multi-factor authentication for all users, starting with privileged, administrative and remote access users.;your surroundings;;;aws;;FAIL;User QLabs has Console Password enabled but MFA disabled.;arn:aws:iam::858573892697:user/QLabs;iam_user_mfa_enabled_console_access;False;QLabs;CISA;CISA Cyber Essentials framework;
aws;Cybersecurity & Infrastructure Security Agency's (CISA) Cyber Essentials is a guide for leaders of small businesses as well as leaders of small and local government agencies to develop an actionable understanding of where to start implementing organizational cybersecurity practices.;858573892697;us-east-1;2026-09-13 17:57:11.149991;booting-up-thing-to-do-first-2;Require multi-factor authentication (MFA) for accessing your systems whenever possible. MFA should be required of all users, but start with privileged, administrative, and remote access users.;booting up thing to do first;;;aws;;FAIL;User QLabs has Console Password enabled but MFA disabled.;arn:aws:iam::858573892697:user/QLabs;iam_user_mfa_enabled_console_access;False;QLabs;CISA;CISA Cyber Essentials framework;
aws;Cybersecurity & Infrastructure Security Agency's (CISA) Cyber Essentials is a guide for leaders of small businesses as well as leaders of small and local government agencies to develop an actionable understanding of where to start implementing organizational cybersecurity practices.;858573892697;us-east-1;2026-09-13 17:57:11.149991;your-systems-3;Implement security configurations for all hardware and software assets.;your systems;;;aws;;FAIL;RDS Instance vaultcloud-prod-db does not have backup enabled.;arn:aws:rds:us-east-1:858573892697:db:vaultcloud-prod-db;rds_instance_backup_enabled;False;vaultcloud-prod-db;CISA;CISA Cyber Essentials framework;
aws;Cybersecurity & Infrastructure Security Agency's (CISA) Cyber Essentials is a guide for leaders of small businesses as well as leaders of small and local government agencies to develop an actionable understanding of where to start implementing organizational cybersecurity practices.;858573892697;us-east-1;2026-09-13 17:57:11.149991;your-data-4;Establish regular automated backups and redundancies of key systems.;your data;;;aws;;FAIL;RDS Instance vaultcloud-prod-db does not have backup enabled.;arn:aws:rds:us-east-1:858573892697:db:vaultcloud-prod-db;rds_instance_backup_enabled;False;vaultcloud-prod-db;CISA;CISA Cyber Essentials framework;
aws;Cybersecurity & Infrastructure Security Agency's (CISA) Cyber Essentials is a guide for leaders of small businesses as well as leaders of small and local government agencies to develop an actionable understanding of where to start implementing organizational cybersecurity practices.;858573892697;us-east-1;2026-09-13 17:57:11.149991;booting-up-thing-to-do-first-1;Lead development of an internal reporting structure to detect, communicate and contain attacks.;booting up thing to do first;;;aws;;FAIL;RDS Instance vaultcloud-prod-db does not have backup enabled.;arn:aws:rds:us-east-1:858573892697:db:vaultcloud-prod-db;rds_instance_backup_enabled;False;vaultcloud-prod-db;CISA;CISA Cyber Essentials framework;
aws;Cybersecurity & Infrastructure Security Agency's (CISA) Cyber Essentials is a guide for leaders of small businesses as well as leaders of small and local government agencies to develop an actionable understanding of where to start implementing organizational cybersecurity practices.;858573892697;us-east-1;2026-09-13 17:57:11.149991;your-systems-3;Implement security configurations for all hardware and software assets.;your systems;;;aws;;FAIL;RDS Instance vaultcloud-prod-db deletion protection is not enabled.;arn:aws:rds:us-east-1:858573892697:db:vaultcloud-prod-db;rds_instance_deletion_protection;False;vaultcloud-prod-db;CISA;CISA Cyber Essentials framework;
aws;Cybersecurity & Infrastructure Security Agency's (CISA) Cyber Essentials is a guide for leaders of small businesses as well as leaders of small and local government agencies to develop an actionable understanding of where to start implementing organizational cybersecurity practices.;858573892697;us-east-1;2026-09-13 17:57:11.149991;your-data-4;Establish regular automated backups and redundancies of key systems.;your data;;;aws;;FAIL;RDS Instance vaultcloud-prod-db deletion protection is not enabled.;arn:aws:rds:us-east-1:858573892697:db:vaultcloud-prod-db;rds_instance_deletion_protection;False;vaultcloud-prod-db;CISA;CISA Cyber Essentials framework;
aws;Cybersecurity & Infrastructure Security Agency's (CISA) Cyber Essentials is a guide for leaders of small businesses as well as leaders of small and local government agencies to develop an actionable understanding of where to start implementing organizational cybersecurity practices.;858573892697;us-east-1;2026-09-13 17:57:11.149991;your-systems-3;Implement security configurations for all hardware and software assets.;your systems;;;aws;;FAIL;RDS Instance vaultcloud-prod-db does not have enhanced monitoring enabled.;arn:aws:rds:us-east-1:858573892697:db:vaultcloud-prod-db;rds_instance_enhanced_monitoring_enabled;False;vaultcloud-prod-db;CISA;CISA Cyber Essentials framework;
aws;Cybersecurity & Infrastructure Security Agency's (CISA) Cyber Essentials is a guide for leaders of small businesses as well as leaders of small and local government agencies to develop an actionable understanding of where to start implementing organizational cybersecurity practices.;858573892697;us-east-1;2026-09-13 17:57:11.149991;your-systems-3;Implement security configurations for all hardware and software assets.;your systems;;;aws;;FAIL;RDS Instance vaultcloud-prod-db does not have CloudWatch Logs enabled.;arn:aws:rds:us-east-1:858573892697:db:vaultcloud-prod-db;rds_instance_integration_cloudwatch_logs;False;vaultcloud-prod-db;CISA;CISA Cyber Essentials framework;
aws;Cybersecurity & Infrastructure Security Agency's (CISA) Cyber Essentials is a guide for leaders of small businesses as well as leaders of small and local government agencies to develop an actionable understanding of where to start implementing organizational cybersecurity practices.;858573892697;us-east-1;2026-09-13 17:57:11.149991;your-data-2;Learn what is happening on your network, manage network and perimeter components, host and device components, data-at-rest and in-transit, and user behavior activities.;your data;;;aws;;FAIL;RDS Instance vaultcloud-prod-db does not have CloudWatch Logs enabled.;arn:aws:rds:us-east-1:858573892697:db:vaultcloud-prod-db;rds_instance_integration_cloudwatch_logs;False;vaultcloud-prod-db;CISA;CISA Cyber Essentials framework;
aws;Cybersecurity & Infrastructure Security Agency's (CISA) Cyber Essentials is a guide for leaders of small businesses as well as leaders of small and local government agencies to develop an actionable understanding of where to start implementing organizational cybersecurity practices.;858573892697;us-east-1;2026-09-13 17:57:11.149991;your-systems-2;Leverage automatic updates for all operating systems and third-party software.;your systems;;;aws;;FAIL;RDS Instance vaultcloud-prod-db does not have minor version upgrade enabled.;arn:aws:rds:us-east-1:858573892697:db:vaultcloud-prod-db;rds_instance_minor_version_upgrade_enabled;False;vaultcloud-prod-db;CISA;CISA Cyber Essentials framework;
aws;Cybersecurity & Infrastructure Security Agency's (CISA) Cyber Essentials is a guide for leaders of small businesses as well as leaders of small and local government agencies to develop an actionable understanding of where to start implementing organizational cybersecurity practices.;858573892697;us-east-1;2026-09-13 17:57:11.149991;booting-up-thing-to-do-first-3;Enable automatic updates whenever possible. Replace unsupported operating systems, applications and hardware. Test and deploy patches quickly.;booting up thing to do first;;;aws;;FAIL;RDS Instance vaultcloud-prod-db does not have minor version upgrade enabled.;arn:aws:rds:us-east-1:858573892697:db:vaultcloud-prod-db;rds_instance_minor_version_upgrade_enabled;False;vaultcloud-prod-db;CISA;CISA Cyber Essentials framework;
aws;Cybersecurity & Infrastructure Security Agency's (CISA) Cyber Essentials is a guide for leaders of small businesses as well as leaders of small and local government agencies to develop an actionable understanding of where to start implementing organizational cybersecurity practices.;858573892697;us-east-1;2026-09-13 17:57:11.149991;your-systems-3;Implement security configurations for all hardware and software assets.;your systems;;;aws;;FAIL;RDS Instance vaultcloud-prod-db does not have multi-AZ enabled.;arn:aws:rds:us-east-1:858573892697:db:vaultcloud-prod-db;rds_instance_multi_az;False;vaultcloud-prod-db;CISA;CISA Cyber Essentials framework;
aws;Cybersecurity & Infrastructure Security Agency's (CISA) Cyber Essentials is a guide for leaders of small businesses as well as leaders of small and local government agencies to develop an actionable understanding of where to start implementing organizational cybersecurity practices.;858573892697;us-east-1;2026-09-13 17:57:11.149991;your-systems-3;Implement security configurations for all hardware and software assets.;your systems;;;aws;;FAIL;RDS Instance vaultcloud-prod-db is set as publicly accessible and security group vaultcloud-db-sg (sg-059591e29c62e2064) has postgres port 5432 open to the Internet at endpoint vaultcloud-prod-db.cdis4ufrpqe3.us-east-1.rds.amazonaws.com in a public subnet subnet-060b354bc8a3f274c.;arn:aws:rds:us-east-1:858573892697:db:vaultcloud-prod-db;rds_instance_no_public_access;False;vaultcloud-prod-db;CISA;CISA Cyber Essentials framework;
aws;Cybersecurity & Infrastructure Security Agency's (CISA) Cyber Essentials is a guide for leaders of small businesses as well as leaders of small and local government agencies to develop an actionable understanding of where to start implementing organizational cybersecurity practices.;858573892697;us-east-1;2026-09-13 17:57:11.149991;your-data-2;Learn what is happening on your network, manage network and perimeter components, host and device components, data-at-rest and in-transit, and user behavior activities.;your data;;;aws;;FAIL;RDS Instance vaultcloud-prod-db is set as publicly accessible and security group vaultcloud-db-sg (sg-059591e29c62e2064) has postgres port 5432 open to the Internet at endpoint vaultcloud-prod-db.cdis4ufrpqe3.us-east-1.rds.amazonaws.com in a public subnet subnet-060b354bc8a3f274c.;arn:aws:rds:us-east-1:858573892697:db:vaultcloud-prod-db;rds_instance_no_public_access;False;vaultcloud-prod-db;CISA;CISA Cyber Essentials framework;
aws;Cybersecurity & Infrastructure Security Agency's (CISA) Cyber Essentials is a guide for leaders of small businesses as well as leaders of small and local government agencies to develop an actionable understanding of where to start implementing organizational cybersecurity practices.;858573892697;us-east-1;2026-09-13 17:57:11.149991;your-systems-3;Implement security configurations for all hardware and software assets.;your systems;;;aws;;FAIL;RDS Instance vaultcloud-prod-db is not encrypted.;arn:aws:rds:us-east-1:858573892697:db:vaultcloud-prod-db;rds_instance_storage_encrypted;False;vaultcloud-prod-db;CISA;CISA Cyber Essentials framework;
aws;Cybersecurity & Infrastructure Security Agency's (CISA) Cyber Essentials is a guide for leaders of small businesses as well as leaders of small and local government agencies to develop an actionable understanding of where to start implementing organizational cybersecurity practices.;858573892697;us-east-1;2026-09-13 17:57:11.149991;your-data-1;Learn how your data is protected.;your data;;;aws;;FAIL;RDS Instance vaultcloud-prod-db is not encrypted.;arn:aws:rds:us-east-1:858573892697:db:vaultcloud-prod-db;rds_instance_storage_encrypted;False;vaultcloud-prod-db;CISA;CISA Cyber Essentials framework;
aws;Cybersecurity & Infrastructure Security Agency's (CISA) Cyber Essentials is a guide for leaders of small businesses as well as leaders of small and local government agencies to develop an actionable understanding of where to start implementing organizational cybersecurity practices.;858573892697;us-east-1;2026-09-13 17:57:11.149991;your-data-2;Learn what is happening on your network, manage network and perimeter components, host and device components, data-at-rest and in-transit, and user behavior activities.;your data;;;aws;;FAIL;RDS Instance vaultcloud-prod-db is not encrypted.;arn:aws:rds:us-east-1:858573892697:db:vaultcloud-prod-db;rds_instance_storage_encrypted;False;vaultcloud-prod-db;CISA;CISA Cyber Essentials framework;
aws;Cybersecurity & Infrastructure Security Agency's (CISA) Cyber Essentials is a guide for leaders of small businesses as well as leaders of small and local government agencies to develop an actionable understanding of where to start implementing organizational cybersecurity practices.;858573892697;us-east-1;2026-09-13 17:57:11.149991;your-systems-3;Implement security configurations for all hardware and software assets.;your systems;;;aws;;FAIL;Block Public Access is not configured for the account 858573892697.;arn:aws:s3:us-east-1:858573892697:account;s3_account_level_public_access_blocks;False;858573892697;CISA;CISA Cyber Essentials framework;
aws;Cybersecurity & Infrastructure Security Agency's (CISA) Cyber Essentials is a guide for leaders of small businesses as well as leaders of small and local government agencies to develop an actionable understanding of where to start implementing organizational cybersecurity practices.;858573892697;us-east-1;2026-09-13 17:57:11.149991;your-data-2;Learn what is happening on your network, manage network and perimeter components, host and device components, data-at-rest and in-transit, and user behavior activities.;your data;;;aws;;FAIL;Block Public Access is not configured for the account 858573892697.;arn:aws:s3:us-east-1:858573892697:account;s3_account_level_public_access_blocks;False;858573892697;CISA;CISA Cyber Essentials framework;
aws;Cybersecurity & Infrastructure Security Agency's (CISA) Cyber Essentials is a guide for leaders of small businesses as well as leaders of small and local government agencies to develop an actionable understanding of where to start implementing organizational cybersecurity practices.;858573892697;us-east-1;2026-09-13 17:57:11.149991;your-data-2;Learn what is happening on your network, manage network and perimeter components, host and device components, data-at-rest and in-transit, and user behavior activities.;your data;;;aws;;FAIL;S3 Bucket nextwork-website-project-eddieqx has bucket ACLs enabled.;arn:aws:s3:::nextwork-website-project-eddieqx;s3_bucket_acl_prohibited;False;nextwork-website-project-eddieqx;CISA;CISA Cyber Essentials framework;
aws;Cybersecurity & Infrastructure Security Agency's (CISA) Cyber Essentials is a guide for leaders of small businesses as well as leaders of small and local government agencies to develop an actionable understanding of where to start implementing organizational cybersecurity practices.;858573892697;us-east-1;2026-09-13 17:57:11.149991;your-data-2;Learn what is happening on your network, manage network and perimeter components, host and device components, data-at-rest and in-transit, and user behavior activities.;your data;;;aws;;PASS;S3 Bucket vaultcloud-logs-prod-2024 has bucket ACLs disabled.;arn:aws:s3:::vaultcloud-logs-prod-2024;s3_bucket_acl_prohibited;False;vaultcloud-logs-prod-2024;CISA;CISA Cyber Essentials framework;
aws;Cybersecurity & Infrastructure Security Agency's (CISA) Cyber Essentials is a guide for leaders of small businesses as well as leaders of small and local government agencies to develop an actionable understanding of where to start implementing organizational cybersecurity practices.;858573892697;us-east-1;2026-09-13 17:57:11.149991;your-data-2;Learn what is happening on your network, manage network and perimeter components, host and device components, data-at-rest and in-transit, and user behavior activities.;your data;;;aws;;FAIL;S3 Bucket vaultcloud-uploads-prod-2024 has bucket ACLs enabled.;arn:aws:s3:::vaultcloud-uploads-prod-2024;s3_bucket_acl_prohibited;False;vaultcloud-uploads-prod-2024;CISA;CISA Cyber Essentials framework;
aws;Cybersecurity & Infrastructure Security Agency's (CISA) Cyber Essentials is a guide for leaders of small businesses as well as leaders of small and local government agencies to develop an actionable understanding of where to start implementing organizational cybersecurity practices.;858573892697;us-east-1;2026-09-13 17:57:11.149991;your-systems-3;Implement security configurations for all hardware and software assets.;your systems;;;aws;;PASS;S3 Bucket nextwork-website-project-eddieqx has Server Side Encryption with AES256.;arn:aws:s3:::nextwork-website-project-eddieqx;s3_bucket_default_encryption;False;nextwork-website-project-eddieqx;CISA;CISA Cyber Essentials framework;
aws;Cybersecurity & Infrastructure Security Agency's (CISA) Cyber Essentials is a guide for leaders of small businesses as well as leaders of small and local government agencies to develop an actionable understanding of where to start implementing organizational cybersecurity practices.;858573892697;us-east-1;2026-09-13 17:57:11.149991;your-data-1;Learn how your data is protected.;your data;;;aws;;PASS;S3 Bucket nextwork-website-project-eddieqx has Server Side Encryption with AES256.;arn:aws:s3:::nextwork-website-project-eddieqx;s3_bucket_default_encryption;False;nextwork-website-project-eddieqx;CISA;CISA Cyber Essentials framework;
aws;Cybersecurity & Infrastructure Security Agency's (CISA) Cyber Essentials is a guide for leaders of small businesses as well as leaders of small and local government agencies to develop an actionable understanding of where to start implementing organizational cybersecurity practices.;858573892697;us-east-1;2026-09-13 17:57:11.149991;your-data-2;Learn what is happening on your network, manage network and perimeter components, host and device components, data-at-rest and in-transit, and user behavior activities.;your data;;;aws;;PASS;S3 Bucket nextwork-website-project-eddieqx has Server Side Encryption with AES256.;arn:aws:s3:::nextwork-website-project-eddieqx;s3_bucket_default_encryption;False;nextwork-website-project-eddieqx;CISA;CISA Cyber Essentials framework;
aws;Cybersecurity & Infrastructure Security Agency's (CISA) Cyber Essentials is a guide for leaders of small businesses as well as leaders of small and local government agencies to develop an actionable understanding of where to start implementing organizational cybersecurity practices.;858573892697;us-east-1;2026-09-13 17:57:11.149991;your-systems-3;Implement security configurations for all hardware and software assets.;your systems;;;aws;;PASS;S3 Bucket vaultcloud-logs-prod-2024 has Server Side Encryption with AES256.;arn:aws:s3:::vaultcloud-logs-prod-2024;s3_bucket_default_encryption;False;vaultcloud-logs-prod-2024;CISA;CISA Cyber Essentials framework;
aws;Cybersecurity & Infrastructure Security Agency's (CISA) Cyber Essentials is a guide for leaders of small businesses as well as leaders of small and local government agencies to develop an actionable understanding of where to start implementing organizational cybersecurity practices.;858573892697;us-east-1;2026-09-13 17:57:11.149991;your-data-1;Learn how your data is protected.;your data;;;aws;;PASS;S3 Bucket vaultcloud-logs-prod-2024 has Server Side Encryption with AES256.;arn:aws:s3:::vaultcloud-logs-prod-2024;s3_bucket_default_encryption;False;vaultcloud-logs-prod-2024;CISA;CISA Cyber Essentials framework;
aws;Cybersecurity & Infrastructure Security Agency's (CISA) Cyber Essentials is a guide for leaders of small businesses as well as leaders of small and local government agencies to develop an actionable understanding of where to start implementing organizational cybersecurity practices.;858573892697;us-east-1;2026-09-13 17:57:11.149991;your-data-2;Learn what is happening on your network, manage network and perimeter components, host and device components, data-at-rest and in-transit, and user behavior activities.;your data;;;aws;;PASS;S3 Bucket vaultcloud-logs-prod-2024 has Server Side Encryption with AES256.;arn:aws:s3:::vaultcloud-logs-prod-2024;s3_bucket_default_encryption;False;vaultcloud-logs-prod-2024;CISA;CISA Cyber Essentials framework;
aws;Cybersecurity & Infrastructure Security Agency's (CISA) Cyber Essentials is a guide for leaders of small businesses as well as leaders of small and local government agencies to develop an actionable understanding of where to start implementing organizational cybersecurity practices.;858573892697;us-east-1;2026-09-13 17:57:11.149991;your-systems-3;Implement security configurations for all hardware and software assets.;your systems;;;aws;;PASS;S3 Bucket vaultcloud-uploads-prod-2024 has Server Side Encryption with AES256.;arn:aws:s3:::vaultcloud-uploads-prod-2024;s3_bucket_default_encryption;False;vaultcloud-uploads-prod-2024;CISA;CISA Cyber Essentials framework;
aws;Cybersecurity & Infrastructure Security Agency's (CISA) Cyber Essentials is a guide for leaders of small businesses as well as leaders of small and local government agencies to develop an actionable understanding of where to start implementing organizational cybersecurity practices.;858573892697;us-east-1;2026-09-13 17:57:11.149991;your-data-1;Learn how your data is protected.;your data;;;aws;;PASS;S3 Bucket vaultcloud-uploads-prod-2024 has Server Side Encryption with AES256.;arn:aws:s3:::vaultcloud-uploads-prod-2024;s3_bucket_default_encryption;False;vaultcloud-uploads-prod-2024;CISA;CISA Cyber Essentials framework;
aws;Cybersecurity & Infrastructure Security Agency's (CISA) Cyber Essentials is a guide for leaders of small businesses as well as leaders of small and local government agencies to develop an actionable understanding of where to start implementing organizational cybersecurity practices.;858573892697;us-east-1;2026-09-13 17:57:11.149991;your-data-2;Learn what is happening on your network, manage network and perimeter components, host and device components, data-at-rest and in-transit, and user behavior activities.;your data;;;aws;;PASS;S3 Bucket vaultcloud-uploads-prod-2024 has Server Side Encryption with AES256.;arn:aws:s3:::vaultcloud-uploads-prod-2024;s3_bucket_default_encryption;False;vaultcloud-uploads-prod-2024;CISA;CISA Cyber Essentials framework;
aws;Cybersecurity & Infrastructure Security Agency's (CISA) Cyber Essentials is a guide for leaders of small businesses as well as leaders of small and local government agencies to develop an actionable understanding of where to start implementing organizational cybersecurity practices.;858573892697;us-east-1;2026-09-13 17:57:11.149991;your-systems-3;Implement security configurations for all hardware and software assets.;your systems;;;aws;;PASS;S3 Bucket nextwork-website-project-eddieqx has versioning enabled.;arn:aws:s3:::nextwork-website-project-eddieqx;s3_bucket_object_versioning;False;nextwork-website-project-eddieqx;CISA;CISA Cyber Essentials framework;
aws;Cybersecurity & Infrastructure Security Agency's (CISA) Cyber Essentials is a guide for leaders of small businesses as well as leaders of small and local government agencies to develop an actionable understanding of where to start implementing organizational cybersecurity practices.;858573892697;us-east-1;2026-09-13 17:57:11.149991;your-data-4;Establish regular automated backups and redundancies of key systems.;your data;;;aws;;PASS;S3 Bucket nextwork-website-project-eddieqx has versioning enabled.;arn:aws:s3:::nextwork-website-project-eddieqx;s3_bucket_object_versioning;False;nextwork-website-project-eddieqx;CISA;CISA Cyber Essentials framework;
aws;Cybersecurity & Infrastructure Security Agency's (CISA) Cyber Essentials is a guide for leaders of small businesses as well as leaders of small and local government agencies to develop an actionable understanding of where to start implementing organizational cybersecurity practices.;858573892697;us-east-1;2026-09-13 17:57:11.149991;booting-up-thing-to-do-first-1;Lead development of an internal reporting structure to detect, communicate and contain attacks.;booting up thing to do first;;;aws;;PASS;S3 Bucket nextwork-website-project-eddieqx has versioning enabled.;arn:aws:s3:::nextwork-website-project-eddieqx;s3_bucket_object_versioning;False;nextwork-website-project-eddieqx;CISA;CISA Cyber Essentials framework;
aws;Cybersecurity & Infrastructure Security Agency's (CISA) Cyber Essentials is a guide for leaders of small businesses as well as leaders of small and local government agencies to develop an actionable understanding of where to start implementing organizational cybersecurity practices.;858573892697;us-east-1;2026-09-13 17:57:11.149991;your-systems-3;Implement security configurations for all hardware and software assets.;your systems;;;aws;;FAIL;S3 Bucket vaultcloud-logs-prod-2024 has versioning disabled.;arn:aws:s3:::vaultcloud-logs-prod-2024;s3_bucket_object_versioning;False;vaultcloud-logs-prod-2024;CISA;CISA Cyber Essentials framework;
aws;Cybersecurity & Infrastructure Security Agency's (CISA) Cyber Essentials is a guide for leaders of small businesses as well as leaders of small and local government agencies to develop an actionable understanding of where to start implementing organizational cybersecurity practices.;858573892697;us-east-1;2026-09-13 17:57:11.149991;your-data-4;Establish regular automated backups and redundancies of key systems.;your data;;;aws;;FAIL;S3 Bucket vaultcloud-logs-prod-2024 has versioning disabled.;arn:aws:s3:::vaultcloud-logs-prod-2024;s3_bucket_object_versioning;False;vaultcloud-logs-prod-2024;CISA;CISA Cyber Essentials framework;
aws;Cybersecurity & Infrastructure Security Agency's (CISA) Cyber Essentials is a guide for leaders of small businesses as well as leaders of small and local government agencies to develop an actionable understanding of where to start implementing organizational cybersecurity practices.;858573892697;us-east-1;2026-09-13 17:57:11.149991;booting-up-thing-to-do-first-1;Lead development of an internal reporting structure to detect, communicate and contain attacks.;booting up thing to do first;;;aws;;FAIL;S3 Bucket vaultcloud-logs-prod-2024 has versioning disabled.;arn:aws:s3:::vaultcloud-logs-prod-2024;s3_bucket_object_versioning;False;vaultcloud-logs-prod-2024;CISA;CISA Cyber Essentials framework;
aws;Cybersecurity & Infrastructure Security Agency's (CISA) Cyber Essentials is a guide for leaders of small businesses as well as leaders of small and local government agencies to develop an actionable understanding of where to start implementing organizational cybersecurity practices.;858573892697;us-east-1;2026-09-13 17:57:11.149991;your-systems-3;Implement security configurations for all hardware and software assets.;your systems;;;aws;;FAIL;S3 Bucket vaultcloud-uploads-prod-2024 has versioning disabled.;arn:aws:s3:::vaultcloud-uploads-prod-2024;s3_bucket_object_versioning;False;vaultcloud-uploads-prod-2024;CISA;CISA Cyber Essentials framework;
aws;Cybersecurity & Infrastructure Security Agency's (CISA) Cyber Essentials is a guide for leaders of small businesses as well as leaders of small and local government agencies to develop an actionable understanding of where to start implementing organizational cybersecurity practices.;858573892697;us-east-1;2026-09-13 17:57:11.149991;your-data-4;Establish regular automated backups and redundancies of key systems.;your data;;;aws;;FAIL;S3 Bucket vaultcloud-uploads-prod-2024 has versioning disabled.;arn:aws:s3:::vaultcloud-uploads-prod-2024;s3_bucket_object_versioning;False;vaultcloud-uploads-prod-2024;CISA;CISA Cyber Essentials framework;
aws;Cybersecurity & Infrastructure Security Agency's (CISA) Cyber Essentials is a guide for leaders of small businesses as well as leaders of small and local government agencies to develop an actionable understanding of where to start implementing organizational cybersecurity practices.;858573892697;us-east-1;2026-09-13 17:57:11.149991;booting-up-thing-to-do-first-1;Lead development of an internal reporting structure to detect, communicate and contain attacks.;booting up thing to do first;;;aws;;FAIL;S3 Bucket vaultcloud-uploads-prod-2024 has versioning disabled.;arn:aws:s3:::vaultcloud-uploads-prod-2024;s3_bucket_object_versioning;False;vaultcloud-uploads-prod-2024;CISA;CISA Cyber Essentials framework;
aws;Cybersecurity & Infrastructure Security Agency's (CISA) Cyber Essentials is a guide for leaders of small businesses as well as leaders of small and local government agencies to develop an actionable understanding of where to start implementing organizational cybersecurity practices.;858573892697;us-east-1;2026-09-13 17:57:11.149991;your-systems-3;Implement security configurations for all hardware and software assets.;your systems;;;aws;;PASS;S3 Bucket nextwork-website-project-eddieqx does not have a bucket policy.;arn:aws:s3:::nextwork-website-project-eddieqx;s3_bucket_policy_public_write_access;False;nextwork-website-project-eddieqx;CISA;CISA Cyber Essentials framework;
aws;Cybersecurity & Infrastructure Security Agency's (CISA) Cyber Essentials is a guide for leaders of small businesses as well as leaders of small and local government agencies to develop an actionable understanding of where to start implementing organizational cybersecurity practices.;858573892697;us-east-1;2026-09-13 17:57:11.149991;your-data-2;Learn what is happening on your network, manage network and perimeter components, host and device components, data-at-rest and in-transit, and user behavior activities.;your data;;;aws;;PASS;S3 Bucket nextwork-website-project-eddieqx does not have a bucket policy.;arn:aws:s3:::nextwork-website-project-eddieqx;s3_bucket_policy_public_write_access;False;nextwork-website-project-eddieqx;CISA;CISA Cyber Essentials framework;
aws;Cybersecurity & Infrastructure Security Agency's (CISA) Cyber Essentials is a guide for leaders of small businesses as well as leaders of small and local government agencies to develop an actionable understanding of where to start implementing organizational cybersecurity practices.;858573892697;us-east-1;2026-09-13 17:57:11.149991;your-systems-3;Implement security configurations for all hardware and software assets.;your systems;;;aws;;PASS;S3 Bucket vaultcloud-logs-prod-2024 does not have a bucket policy.;arn:aws:s3:::vaultcloud-logs-prod-2024;s3_bucket_policy_public_write_access;False;vaultcloud-logs-prod-2024;CISA;CISA Cyber Essentials framework;
aws;Cybersecurity & Infrastructure Security Agency's (CISA) Cyber Essentials is a guide for leaders of small businesses as well as leaders of small and local government agencies to develop an actionable understanding of where to start implementing organizational cybersecurity practices.;858573892697;us-east-1;2026-09-13 17:57:11.149991;your-data-2;Learn what is happening on your network, manage network and perimeter components, host and device components, data-at-rest and in-transit, and user behavior activities.;your data;;;aws;;PASS;S3 Bucket vaultcloud-logs-prod-2024 does not have a bucket policy.;arn:aws:s3:::vaultcloud-logs-prod-2024;s3_bucket_policy_public_write_access;False;vaultcloud-logs-prod-2024;CISA;CISA Cyber Essentials framework;
aws;Cybersecurity & Infrastructure Security Agency's (CISA) Cyber Essentials is a guide for leaders of small businesses as well as leaders of small and local government agencies to develop an actionable understanding of where to start implementing organizational cybersecurity practices.;858573892697;us-east-1;2026-09-13 17:57:11.149991;your-systems-3;Implement security configurations for all hardware and software assets.;your systems;;;aws;;PASS;S3 Bucket vaultcloud-uploads-prod-2024 does not have a bucket policy.;arn:aws:s3:::vaultcloud-uploads-prod-2024;s3_bucket_policy_public_write_access;False;vaultcloud-uploads-prod-2024;CISA;CISA Cyber Essentials framework;
aws;Cybersecurity & Infrastructure Security Agency's (CISA) Cyber Essentials is a guide for leaders of small businesses as well as leaders of small and local government agencies to develop an actionable understanding of where to start implementing organizational cybersecurity practices.;858573892697;us-east-1;2026-09-13 17:57:11.149991;your-data-2;Learn what is happening on your network, manage network and perimeter components, host and device components, data-at-rest and in-transit, and user behavior activities.;your data;;;aws;;PASS;S3 Bucket vaultcloud-uploads-prod-2024 does not have a bucket policy.;arn:aws:s3:::vaultcloud-uploads-prod-2024;s3_bucket_policy_public_write_access;False;vaultcloud-uploads-prod-2024;CISA;CISA Cyber Essentials framework;
aws;Cybersecurity & Infrastructure Security Agency's (CISA) Cyber Essentials is a guide for leaders of small businesses as well as leaders of small and local government agencies to develop an actionable understanding of where to start implementing organizational cybersecurity practices.;858573892697;us-east-1;2026-09-13 17:57:11.149991;your-systems-3;Implement security configurations for all hardware and software assets.;your systems;;;aws;;PASS;S3 Bucket nextwork-website-project-eddieqx is not public.;arn:aws:s3:::nextwork-website-project-eddieqx;s3_bucket_public_access;False;nextwork-website-project-eddieqx;CISA;CISA Cyber Essentials framework;
aws;Cybersecurity & Infrastructure Security Agency's (CISA) Cyber Essentials is a guide for leaders of small businesses as well as leaders of small and local government agencies to develop an actionable understanding of where to start implementing organizational cybersecurity practices.;858573892697;us-east-1;2026-09-13 17:57:11.149991;your-data-2;Learn what is happening on your network, manage network and perimeter components, host and device components, data-at-rest and in-transit, and user behavior activities.;your data;;;aws;;PASS;S3 Bucket nextwork-website-project-eddieqx is not public.;arn:aws:s3:::nextwork-website-project-eddieqx;s3_bucket_public_access;False;nextwork-website-project-eddieqx;CISA;CISA Cyber Essentials framework;
aws;Cybersecurity & Infrastructure Security Agency's (CISA) Cyber Essentials is a guide for leaders of small businesses as well as leaders of small and local government agencies to develop an actionable understanding of where to start implementing organizational cybersecurity practices.;858573892697;us-east-1;2026-09-13 17:57:11.149991;your-systems-3;Implement security configurations for all hardware and software assets.;your systems;;;aws;;PASS;S3 Bucket vaultcloud-logs-prod-2024 is not public.;arn:aws:s3:::vaultcloud-logs-prod-2024;s3_bucket_public_access;False;vaultcloud-logs-prod-2024;CISA;CISA Cyber Essentials framework;
aws;Cybersecurity & Infrastructure Security Agency's (CISA) Cyber Essentials is a guide for leaders of small businesses as well as leaders of small and local government agencies to develop an actionable understanding of where to start implementing organizational cybersecurity practices.;858573892697;us-east-1;2026-09-13 17:57:11.149991;your-data-2;Learn what is happening on your network, manage network and perimeter components, host and device components, data-at-rest and in-transit, and user behavior activities.;your data;;;aws;;PASS;S3 Bucket vaultcloud-logs-prod-2024 is not public.;arn:aws:s3:::vaultcloud-logs-prod-2024;s3_bucket_public_access;False;vaultcloud-logs-prod-2024;CISA;CISA Cyber Essentials framework;
aws;Cybersecurity & Infrastructure Security Agency's (CISA) Cyber Essentials is a guide for leaders of small businesses as well as leaders of small and local government agencies to develop an actionable understanding of where to start implementing organizational cybersecurity practices.;858573892697;us-east-1;2026-09-13 17:57:11.149991;your-systems-3;Implement security configurations for all hardware and software assets.;your systems;;;aws;;PASS;S3 Bucket vaultcloud-uploads-prod-2024 is not public.;arn:aws:s3:::vaultcloud-uploads-prod-2024;s3_bucket_public_access;False;vaultcloud-uploads-prod-2024;CISA;CISA Cyber Essentials framework;
aws;Cybersecurity & Infrastructure Security Agency's (CISA) Cyber Essentials is a guide for leaders of small businesses as well as leaders of small and local government agencies to develop an actionable understanding of where to start implementing organizational cybersecurity practices.;858573892697;us-east-1;2026-09-13 17:57:11.149991;your-data-2;Learn what is happening on your network, manage network and perimeter components, host and device components, data-at-rest and in-transit, and user behavior activities.;your data;;;aws;;PASS;S3 Bucket vaultcloud-uploads-prod-2024 is not public.;arn:aws:s3:::vaultcloud-uploads-prod-2024;s3_bucket_public_access;False;vaultcloud-uploads-prod-2024;CISA;CISA Cyber Essentials framework;
aws;Cybersecurity & Infrastructure Security Agency's (CISA) Cyber Essentials is a guide for leaders of small businesses as well as leaders of small and local government agencies to develop an actionable understanding of where to start implementing organizational cybersecurity practices.;858573892697;us-east-1;2026-09-13 17:57:11.149991;your-systems-3;Implement security configurations for all hardware and software assets.;your systems;;;aws;;FAIL;S3 Bucket nextwork-website-project-eddieqx does not have a bucket policy, thus it allows HTTP requests.;arn:aws:s3:::nextwork-website-project-eddieqx;s3_bucket_secure_transport_policy;False;nextwork-website-project-eddieqx;CISA;CISA Cyber Essentials framework;
aws;Cybersecurity & Infrastructure Security Agency's (CISA) Cyber Essentials is a guide for leaders of small businesses as well as leaders of small and local government agencies to develop an actionable understanding of where to start implementing organizational cybersecurity practices.;858573892697;us-east-1;2026-09-13 17:57:11.149991;your-data-2;Learn what is happening on your network, manage network and perimeter components, host and device components, data-at-rest and in-transit, and user behavior activities.;your data;;;aws;;FAIL;S3 Bucket nextwork-website-project-eddieqx does not have a bucket policy, thus it allows HTTP requests.;arn:aws:s3:::nextwork-website-project-eddieqx;s3_bucket_secure_transport_policy;False;nextwork-website-project-eddieqx;CISA;CISA Cyber Essentials framework;
aws;Cybersecurity & Infrastructure Security Agency's (CISA) Cyber Essentials is a guide for leaders of small businesses as well as leaders of small and local government agencies to develop an actionable understanding of where to start implementing organizational cybersecurity practices.;858573892697;us-east-1;2026-09-13 17:57:11.149991;your-systems-3;Implement security configurations for all hardware and software assets.;your systems;;;aws;;FAIL;S3 Bucket vaultcloud-logs-prod-2024 does not have a bucket policy, thus it allows HTTP requests.;arn:aws:s3:::vaultcloud-logs-prod-2024;s3_bucket_secure_transport_policy;False;vaultcloud-logs-prod-2024;CISA;CISA Cyber Essentials framework;
aws;Cybersecurity & Infrastructure Security Agency's (CISA) Cyber Essentials is a guide for leaders of small businesses as well as leaders of small and local government agencies to develop an actionable understanding of where to start implementing organizational cybersecurity practices.;858573892697;us-east-1;2026-09-13 17:57:11.149991;your-data-2;Learn what is happening on your network, manage network and perimeter components, host and device components, data-at-rest and in-transit, and user behavior activities.;your data;;;aws;;FAIL;S3 Bucket vaultcloud-logs-prod-2024 does not have a bucket policy, thus it allows HTTP requests.;arn:aws:s3:::vaultcloud-logs-prod-2024;s3_bucket_secure_transport_policy;False;vaultcloud-logs-prod-2024;CISA;CISA Cyber Essentials framework;
aws;Cybersecurity & Infrastructure Security Agency's (CISA) Cyber Essentials is a guide for leaders of small businesses as well as leaders of small and local government agencies to develop an actionable understanding of where to start implementing organizational cybersecurity practices.;858573892697;us-east-1;2026-09-13 17:57:11.149991;your-systems-3;Implement security configurations for all hardware and software assets.;your systems;;;aws;;FAIL;S3 Bucket vaultcloud-uploads-prod-2024 does not have a bucket policy, thus it allows HTTP requests.;arn:aws:s3:::vaultcloud-uploads-prod-2024;s3_bucket_secure_transport_policy;False;vaultcloud-uploads-prod-2024;CISA;CISA Cyber Essentials framework;
aws;Cybersecurity & Infrastructure Security Agency's (CISA) Cyber Essentials is a guide for leaders of small businesses as well as leaders of small and local government agencies to develop an actionable understanding of where to start implementing organizational cybersecurity practices.;858573892697;us-east-1;2026-09-13 17:57:11.149991;your-data-2;Learn what is happening on your network, manage network and perimeter components, host and device components, data-at-rest and in-transit, and user behavior activities.;your data;;;aws;;FAIL;S3 Bucket vaultcloud-uploads-prod-2024 does not have a bucket policy, thus it allows HTTP requests.;arn:aws:s3:::vaultcloud-uploads-prod-2024;s3_bucket_secure_transport_policy;False;vaultcloud-uploads-prod-2024;CISA;CISA Cyber Essentials framework;
aws;Cybersecurity & Infrastructure Security Agency's (CISA) Cyber Essentials is a guide for leaders of small businesses as well as leaders of small and local government agencies to develop an actionable understanding of where to start implementing organizational cybersecurity practices.;858573892697;us-east-1;2026-09-13 17:57:11.149991;your-systems-3;Implement security configurations for all hardware and software assets.;your systems;;;aws;;FAIL;S3 Bucket nextwork-website-project-eddieqx has server access logging disabled.;arn:aws:s3:::nextwork-website-project-eddieqx;s3_bucket_server_access_logging_enabled;False;nextwork-website-project-eddieqx;CISA;CISA Cyber Essentials framework;
aws;Cybersecurity & Infrastructure Security Agency's (CISA) Cyber Essentials is a guide for leaders of small businesses as well as leaders of small and local government agencies to develop an actionable understanding of where to start implementing organizational cybersecurity practices.;858573892697;us-east-1;2026-09-13 17:57:11.149991;your-data-2;Learn what is happening on your network, manage network and perimeter components, host and device components, data-at-rest and in-transit, and user behavior activities.;your data;;;aws;;FAIL;S3 Bucket nextwork-website-project-eddieqx has server access logging disabled.;arn:aws:s3:::nextwork-website-project-eddieqx;s3_bucket_server_access_logging_enabled;False;nextwork-website-project-eddieqx;CISA;CISA Cyber Essentials framework;
aws;Cybersecurity & Infrastructure Security Agency's (CISA) Cyber Essentials is a guide for leaders of small businesses as well as leaders of small and local government agencies to develop an actionable understanding of where to start implementing organizational cybersecurity practices.;858573892697;us-east-1;2026-09-13 17:57:11.149991;your-systems-3;Implement security configurations for all hardware and software assets.;your systems;;;aws;;FAIL;S3 Bucket vaultcloud-logs-prod-2024 has server access logging disabled.;arn:aws:s3:::vaultcloud-logs-prod-2024;s3_bucket_server_access_logging_enabled;False;vaultcloud-logs-prod-2024;CISA;CISA Cyber Essentials framework;
aws;Cybersecurity & Infrastructure Security Agency's (CISA) Cyber Essentials is a guide for leaders of small businesses as well as leaders of small and local government agencies to develop an actionable understanding of where to start implementing organizational cybersecurity practices.;858573892697;us-east-1;2026-09-13 17:57:11.149991;your-data-2;Learn what is happening on your network, manage network and perimeter components, host and device components, data-at-rest and in-transit, and user behavior activities.;your data;;;aws;;FAIL;S3 Bucket vaultcloud-logs-prod-2024 has server access logging disabled.;arn:aws:s3:::vaultcloud-logs-prod-2024;s3_bucket_server_access_logging_enabled;False;vaultcloud-logs-prod-2024;CISA;CISA Cyber Essentials framework;
aws;Cybersecurity & Infrastructure Security Agency's (CISA) Cyber Essentials is a guide for leaders of small businesses as well as leaders of small and local government agencies to develop an actionable understanding of where to start implementing organizational cybersecurity practices.;858573892697;us-east-1;2026-09-13 17:57:11.149991;your-systems-3;Implement security configurations for all hardware and software assets.;your systems;;;aws;;FAIL;S3 Bucket vaultcloud-uploads-prod-2024 has server access logging disabled.;arn:aws:s3:::vaultcloud-uploads-prod-2024;s3_bucket_server_access_logging_enabled;False;vaultcloud-uploads-prod-2024;CISA;CISA Cyber Essentials framework;
aws;Cybersecurity & Infrastructure Security Agency's (CISA) Cyber Essentials is a guide for leaders of small businesses as well as leaders of small and local government agencies to develop an actionable understanding of where to start implementing organizational cybersecurity practices.;858573892697;us-east-1;2026-09-13 17:57:11.149991;your-data-2;Learn what is happening on your network, manage network and perimeter components, host and device components, data-at-rest and in-transit, and user behavior activities.;your data;;;aws;;FAIL;S3 Bucket vaultcloud-uploads-prod-2024 has server access logging disabled.;arn:aws:s3:::vaultcloud-uploads-prod-2024;s3_bucket_server_access_logging_enabled;False;vaultcloud-uploads-prod-2024;CISA;CISA Cyber Essentials framework;
aws;Cybersecurity & Infrastructure Security Agency's (CISA) Cyber Essentials is a guide for leaders of small businesses as well as leaders of small and local government agencies to develop an actionable understanding of where to start implementing organizational cybersecurity practices.;858573892697;us-east-1;2026-09-13 17:57:11.149991;your-systems-3;Implement security configurations for all hardware and software assets.;your systems;;;aws;;FAIL;Security Hub is not enabled.;arn:aws:securityhub:us-east-1:858573892697:hub/unknown;securityhub_enabled;False;hub/unknown;CISA;CISA Cyber Essentials framework;
aws;Cybersecurity & Infrastructure Security Agency's (CISA) Cyber Essentials is a guide for leaders of small businesses as well as leaders of small and local government agencies to develop an actionable understanding of where to start implementing organizational cybersecurity practices.;858573892697;us-east-1;2026-09-13 17:57:11.149991;your-crisis-response-2;Lead development of an internal reporting structure to detect, communicate and contain attacks.;your crisis response;;;aws;;FAIL;Security Hub is not enabled.;arn:aws:securityhub:us-east-1:858573892697:hub/unknown;securityhub_enabled;False;hub/unknown;CISA;CISA Cyber Essentials framework;
aws;Cybersecurity & Infrastructure Security Agency's (CISA) Cyber Essentials is a guide for leaders of small businesses as well as leaders of small and local government agencies to develop an actionable understanding of where to start implementing organizational cybersecurity practices.;858573892697;us-east-1;2026-09-13 17:57:11.149991;your-systems-3;Implement security configurations for all hardware and software assets.;your systems;;;aws;;FAIL;SNS topic BillingAlarm is not encrypted.;arn:aws:sns:us-east-1:858573892697:BillingAlarm;sns_topics_kms_encryption_at_rest_enabled;False;BillingAlarm;CISA;CISA Cyber Essentials framework;
aws;Cybersecurity & Infrastructure Security Agency's (CISA) Cyber Essentials is a guide for leaders of small businesses as well as leaders of small and local government agencies to develop an actionable understanding of where to start implementing organizational cybersecurity practices.;858573892697;us-east-1;2026-09-13 17:57:11.149991;your-data-1;Learn how your data is protected.;your data;;;aws;;FAIL;SNS topic BillingAlarm is not encrypted.;arn:aws:sns:us-east-1:858573892697:BillingAlarm;sns_topics_kms_encryption_at_rest_enabled;False;BillingAlarm;CISA;CISA Cyber Essentials framework;
aws;Cybersecurity & Infrastructure Security Agency's (CISA) Cyber Essentials is a guide for leaders of small businesses as well as leaders of small and local government agencies to develop an actionable understanding of where to start implementing organizational cybersecurity practices.;858573892697;us-east-1;2026-09-13 17:57:11.149991;your-data-2;Learn what is happening on your network, manage network and perimeter components, host and device components, data-at-rest and in-transit, and user behavior activities.;your data;;;aws;;FAIL;SNS topic BillingAlarm is not encrypted.;arn:aws:sns:us-east-1:858573892697:BillingAlarm;sns_topics_kms_encryption_at_rest_enabled;False;BillingAlarm;CISA;CISA Cyber Essentials framework;
aws;Cybersecurity & Infrastructure Security Agency's (CISA) Cyber Essentials is a guide for leaders of small businesses as well as leaders of small and local government agencies to develop an actionable understanding of where to start implementing organizational cybersecurity practices.;858573892697;us-east-1;2026-09-13 17:57:11.149991;your-systems-3;Implement security configurations for all hardware and software assets.;your systems;;;aws;;FAIL;SNS topic Billing_Alarm is not encrypted.;arn:aws:sns:us-east-1:858573892697:Billing_Alarm;sns_topics_kms_encryption_at_rest_enabled;False;Billing_Alarm;CISA;CISA Cyber Essentials framework;
aws;Cybersecurity & Infrastructure Security Agency's (CISA) Cyber Essentials is a guide for leaders of small businesses as well as leaders of small and local government agencies to develop an actionable understanding of where to start implementing organizational cybersecurity practices.;858573892697;us-east-1;2026-09-13 17:57:11.149991;your-data-1;Learn how your data is protected.;your data;;;aws;;FAIL;SNS topic Billing_Alarm is not encrypted.;arn:aws:sns:us-east-1:858573892697:Billing_Alarm;sns_topics_kms_encryption_at_rest_enabled;False;Billing_Alarm;CISA;CISA Cyber Essentials framework;
aws;Cybersecurity & Infrastructure Security Agency's (CISA) Cyber Essentials is a guide for leaders of small businesses as well as leaders of small and local government agencies to develop an actionable understanding of where to start implementing organizational cybersecurity practices.;858573892697;us-east-1;2026-09-13 17:57:11.149991;your-data-2;Learn what is happening on your network, manage network and perimeter components, host and device components, data-at-rest and in-transit, and user behavior activities.;your data;;;aws;;FAIL;SNS topic Billing_Alarm is not encrypted.;arn:aws:sns:us-east-1:858573892697:Billing_Alarm;sns_topics_kms_encryption_at_rest_enabled;False;Billing_Alarm;CISA;CISA Cyber Essentials framework;
aws;Cybersecurity & Infrastructure Security Agency's (CISA) Cyber Essentials is a guide for leaders of small businesses as well as leaders of small and local government agencies to develop an actionable understanding of where to start implementing organizational cybersecurity practices.;858573892697;us-east-1;2026-09-13 17:57:11.149991;your-systems-3;Implement security configurations for all hardware and software assets.;your systems;;;aws;;FAIL;VPC Endpoint vpce-09442e85f61722363 in VPC vpc-00170df869bcf0ae0 can be accessed from non-trusted accounts.;arn:aws:ec2:us-east-1:858573892697:vpc-endpoint/vpce-09442e85f61722363;vpc_endpoint_connections_trust_boundaries;False;vpce-09442e85f61722363;CISA;CISA Cyber Essentials framework;
aws;Cybersecurity & Infrastructure Security Agency's (CISA) Cyber Essentials is a guide for leaders of small businesses as well as leaders of small and local government agencies to develop an actionable understanding of where to start implementing organizational cybersecurity practices.;858573892697;us-east-1;2026-09-13 17:57:11.149991;your-surroundings-1;Learn who is on your network. Maintain inventories of network connections (user accounts, vendors, business partners, etc.).;your surroundings;;;aws;;FAIL;VPC vaultcloud-vpc Flow logs are disabled.;arn:aws:ec2:us-east-1:858573892697:vpc/vpc-05003d63d9533f68c;vpc_flow_logs_enabled;False;vpc-05003d63d9533f68c;CISA;CISA Cyber Essentials framework;
aws;Cybersecurity & Infrastructure Security Agency's (CISA) Cyber Essentials is a guide for leaders of small businesses as well as leaders of small and local government agencies to develop an actionable understanding of where to start implementing organizational cybersecurity practices.;858573892697;us-east-1;2026-09-13 17:57:11.149991;your-data-2;Learn what is happening on your network, manage network and perimeter components, host and device components, data-at-rest and in-transit, and user behavior activities.;your data;;;aws;;FAIL;VPC vaultcloud-vpc Flow logs are disabled.;arn:aws:ec2:us-east-1:858573892697:vpc/vpc-05003d63d9533f68c;vpc_flow_logs_enabled;False;vpc-05003d63d9533f68c;CISA;CISA Cyber Essentials framework;
aws;Cybersecurity & Infrastructure Security Agency's (CISA) Cyber Essentials is a guide for leaders of small businesses as well as leaders of small and local government agencies to develop an actionable understanding of where to start implementing organizational cybersecurity practices.;;;2026-09-13 17:57:11.149991;your-data-5;Leverage protections for backups, including physical security, encryption and offline copies.;your data;;;aws;;MANUAL;Manual check;manual_check;manual;False;Manual check;CISA;CISA Cyber Essentials framework;
