PROVIDER;DESCRIPTION;ACCOUNTID;REGION;ASSESSMENTDATE;REQUIREMENTS_ID;REQUIREMENTS_DESCRIPTION;REQUIREMENTS_ATTRIBUTES_SECTION;REQUIREMENTS_ATTRIBUTES_SUBSECTION;REQUIREMENTS_ATTRIBUTES_SUBGROUP;REQUIREMENTS_ATTRIBUTES_SERVICE;REQUIREMENTS_ATTRIBUTES_TYPE;STATUS;STATUSEXTENDED;RESOURCEID;CHECKID;MUTED;RESOURCENAME;FRAMEWORK;NAME;REQUIREMENTS_ATTRIBUTES_COMMENT
aws;The Health Insurance Portability and Accountability Act of 1996 (HIPAA) is legislation that helps US workers to retain health insurance coverage when they change or lose jobs. The legislation also seeks to encourage electronic health records to improve the efficiency and quality of the US healthcare system through improved information sharing.;987292390922;us-east-1;2026-09-13 17:05:55.304157;164_308_a_1_ii_d;Implement procedures to regularly review records of information system activity, such as audit logs, access reports, and security incident tracking reports.;164.308 Administrative Safeguards;;;aws;;FAIL;No CloudTrail trails are configured to log Amazon Bedrock API calls.;arn:aws:cloudtrail:us-east-1:987292390922:trail;cloudtrail_bedrock_logging_enabled;False;987292390922;HIPAA;HIPAA compliance framework;
aws;The Health Insurance Portability and Accountability Act of 1996 (HIPAA) is legislation that helps US workers to retain health insurance coverage when they change or lose jobs. The legislation also seeks to encourage electronic health records to improve the efficiency and quality of the US healthcare system through improved information sharing.;987292390922;us-east-1;2026-09-13 17:05:55.304157;164_312_b;Implement hardware, software, and/or procedural mechanisms that record and examine activity in information systems that contain or use electronic protected health information.;164.312 Technical Safeguards;;;aws;;FAIL;No CloudTrail trails are configured to log Amazon Bedrock API calls.;arn:aws:cloudtrail:us-east-1:987292390922:trail;cloudtrail_bedrock_logging_enabled;False;987292390922;HIPAA;HIPAA compliance framework;
aws;The Health Insurance Portability and Accountability Act of 1996 (HIPAA) is legislation that helps US workers to retain health insurance coverage when they change or lose jobs. The legislation also seeks to encourage electronic health records to improve the efficiency and quality of the US healthcare system through improved information sharing.;987292390922;af-south-1;2026-09-13 17:05:55.304157;164_308_a_1_ii_d;Implement procedures to regularly review records of information system activity, such as audit logs, access reports, and security incident tracking reports.;164.308 Administrative Safeguards;;;aws;;FAIL;No CloudTrail trails enabled with logging were found.;arn:aws:cloudtrail:af-south-1:987292390922:trail;cloudtrail_multi_region_enabled;False;987292390922;HIPAA;HIPAA compliance framework;
aws;The Health Insurance Portability and Accountability Act of 1996 (HIPAA) is legislation that helps US workers to retain health insurance coverage when they change or lose jobs. The legislation also seeks to encourage electronic health records to improve the efficiency and quality of the US healthcare system through improved information sharing.;987292390922;af-south-1;2026-09-13 17:05:55.304157;164_308_a_3_ii_a;Implement procedures for the authorization and/or supervision of workforce members who work with electronic protected health information or in locations where it might be accessed.;164.308 Administrative Safeguards;;;aws;;FAIL;No CloudTrail trails enabled with logging were found.;arn:aws:cloudtrail:af-south-1:987292390922:trail;cloudtrail_multi_region_enabled;False;987292390922;HIPAA;HIPAA compliance framework;
aws;The Health Insurance Portability and Accountability Act of 1996 (HIPAA) is legislation that helps US workers to retain health insurance coverage when they change or lose jobs. The legislation also seeks to encourage electronic health records to improve the efficiency and quality of the US healthcare system through improved information sharing.;987292390922;af-south-1;2026-09-13 17:05:55.304157;164_308_a_6_ii;"Identify and respond to suspected or known security incidents; mitigate, to the extent practicable, harmful effects of security incidents that are known to the covered entity or business associate; and document security incidents and their outcomes.";164.308 Administrative Safeguards;;;aws;;FAIL;No CloudTrail trails enabled with logging were found.;arn:aws:cloudtrail:af-south-1:987292390922:trail;cloudtrail_multi_region_enabled;False;987292390922;HIPAA;HIPAA compliance framework;
aws;The Health Insurance Portability and Accountability Act of 1996 (HIPAA) is legislation that helps US workers to retain health insurance coverage when they change or lose jobs. The legislation also seeks to encourage electronic health records to improve the efficiency and quality of the US healthcare system through improved information sharing.;987292390922;af-south-1;2026-09-13 17:05:55.304157;164_312_b;Implement hardware, software, and/or procedural mechanisms that record and examine activity in information systems that contain or use electronic protected health information.;164.312 Technical Safeguards;;;aws;;FAIL;No CloudTrail trails enabled with logging were found.;arn:aws:cloudtrail:af-south-1:987292390922:trail;cloudtrail_multi_region_enabled;False;987292390922;HIPAA;HIPAA compliance framework;
aws;The Health Insurance Portability and Accountability Act of 1996 (HIPAA) is legislation that helps US workers to retain health insurance coverage when they change or lose jobs. The legislation also seeks to encourage electronic health records to improve the efficiency and quality of the US healthcare system through improved information sharing.;987292390922;af-south-1;2026-09-13 17:05:55.304157;164_312_e_2_i;Implement security measures to ensure that electronically transmitted electronic protected health information is not improperly modified without detection until disposed of.;164.312 Technical Safeguards;;;aws;;FAIL;No CloudTrail trails enabled with logging were found.;arn:aws:cloudtrail:af-south-1:987292390922:trail;cloudtrail_multi_region_enabled;False;987292390922;HIPAA;HIPAA compliance framework;
aws;The Health Insurance Portability and Accountability Act of 1996 (HIPAA) is legislation that helps US workers to retain health insurance coverage when they change or lose jobs. The legislation also seeks to encourage electronic health records to improve the efficiency and quality of the US healthcare system through improved information sharing.;987292390922;ap-northeast-1;2026-09-13 17:05:55.304157;164_308_a_1_ii_d;Implement procedures to regularly review records of information system activity, such as audit logs, access reports, and security incident tracking reports.;164.308 Administrative Safeguards;;;aws;;FAIL;No CloudTrail trails enabled with logging were found.;arn:aws:cloudtrail:ap-northeast-1:987292390922:trail;cloudtrail_multi_region_enabled;False;987292390922;HIPAA;HIPAA compliance framework;
aws;The Health Insurance Portability and Accountability Act of 1996 (HIPAA) is legislation that helps US workers to retain health insurance coverage when they change or lose jobs. The legislation also seeks to encourage electronic health records to improve the efficiency and quality of the US healthcare system through improved information sharing.;987292390922;ap-northeast-1;2026-09-13 17:05:55.304157;164_308_a_3_ii_a;Implement procedures for the authorization and/or supervision of workforce members who work with electronic protected health information or in locations where it might be accessed.;164.308 Administrative Safeguards;;;aws;;FAIL;No CloudTrail trails enabled with logging were found.;arn:aws:cloudtrail:ap-northeast-1:987292390922:trail;cloudtrail_multi_region_enabled;False;987292390922;HIPAA;HIPAA compliance framework;
aws;The Health Insurance Portability and Accountability Act of 1996 (HIPAA) is legislation that helps US workers to retain health insurance coverage when they change or lose jobs. The legislation also seeks to encourage electronic health records to improve the efficiency and quality of the US healthcare system through improved information sharing.;987292390922;ap-northeast-1;2026-09-13 17:05:55.304157;164_308_a_6_ii;"Identify and respond to suspected or known security incidents; mitigate, to the extent practicable, harmful effects of security incidents that are known to the covered entity or business associate; and document security incidents and their outcomes.";164.308 Administrative Safeguards;;;aws;;FAIL;No CloudTrail trails enabled with logging were found.;arn:aws:cloudtrail:ap-northeast-1:987292390922:trail;cloudtrail_multi_region_enabled;False;987292390922;HIPAA;HIPAA compliance framework;
aws;The Health Insurance Portability and Accountability Act of 1996 (HIPAA) is legislation that helps US workers to retain health insurance coverage when they change or lose jobs. The legislation also seeks to encourage electronic health records to improve the efficiency and quality of the US healthcare system through improved information sharing.;987292390922;ap-northeast-1;2026-09-13 17:05:55.304157;164_312_b;Implement hardware, software, and/or procedural mechanisms that record and examine activity in information systems that contain or use electronic protected health information.;164.312 Technical Safeguards;;;aws;;FAIL;No CloudTrail trails enabled with logging were found.;arn:aws:cloudtrail:ap-northeast-1:987292390922:trail;cloudtrail_multi_region_enabled;False;987292390922;HIPAA;HIPAA compliance framework;
aws;The Health Insurance Portability and Accountability Act of 1996 (HIPAA) is legislation that helps US workers to retain health insurance coverage when they change or lose jobs. The legislation also seeks to encourage electronic health records to improve the efficiency and quality of the US healthcare system through improved information sharing.;987292390922;ap-northeast-1;2026-09-13 17:05:55.304157;164_312_e_2_i;Implement security measures to ensure that electronically transmitted electronic protected health information is not improperly modified without detection until disposed of.;164.312 Technical Safeguards;;;aws;;FAIL;No CloudTrail trails enabled with logging were found.;arn:aws:cloudtrail:ap-northeast-1:987292390922:trail;cloudtrail_multi_region_enabled;False;987292390922;HIPAA;HIPAA compliance framework;
aws;The Health Insurance Portability and Accountability Act of 1996 (HIPAA) is legislation that helps US workers to retain health insurance coverage when they change or lose jobs. The legislation also seeks to encourage electronic health records to improve the efficiency and quality of the US healthcare system through improved information sharing.;987292390922;ap-northeast-2;2026-09-13 17:05:55.304157;164_308_a_1_ii_d;Implement procedures to regularly review records of information system activity, such as audit logs, access reports, and security incident tracking reports.;164.308 Administrative Safeguards;;;aws;;FAIL;No CloudTrail trails enabled with logging were found.;arn:aws:cloudtrail:ap-northeast-2:987292390922:trail;cloudtrail_multi_region_enabled;False;987292390922;HIPAA;HIPAA compliance framework;
aws;The Health Insurance Portability and Accountability Act of 1996 (HIPAA) is legislation that helps US workers to retain health insurance coverage when they change or lose jobs. The legislation also seeks to encourage electronic health records to improve the efficiency and quality of the US healthcare system through improved information sharing.;987292390922;ap-northeast-2;2026-09-13 17:05:55.304157;164_308_a_3_ii_a;Implement procedures for the authorization and/or supervision of workforce members who work with electronic protected health information or in locations where it might be accessed.;164.308 Administrative Safeguards;;;aws;;FAIL;No CloudTrail trails enabled with logging were found.;arn:aws:cloudtrail:ap-northeast-2:987292390922:trail;cloudtrail_multi_region_enabled;False;987292390922;HIPAA;HIPAA compliance framework;
aws;The Health Insurance Portability and Accountability Act of 1996 (HIPAA) is legislation that helps US workers to retain health insurance coverage when they change or lose jobs. The legislation also seeks to encourage electronic health records to improve the efficiency and quality of the US healthcare system through improved information sharing.;987292390922;ap-northeast-2;2026-09-13 17:05:55.304157;164_308_a_6_ii;"Identify and respond to suspected or known security incidents; mitigate, to the extent practicable, harmful effects of security incidents that are known to the covered entity or business associate; and document security incidents and their outcomes.";164.308 Administrative Safeguards;;;aws;;FAIL;No CloudTrail trails enabled with logging were found.;arn:aws:cloudtrail:ap-northeast-2:987292390922:trail;cloudtrail_multi_region_enabled;False;987292390922;HIPAA;HIPAA compliance framework;
aws;The Health Insurance Portability and Accountability Act of 1996 (HIPAA) is legislation that helps US workers to retain health insurance coverage when they change or lose jobs. The legislation also seeks to encourage electronic health records to improve the efficiency and quality of the US healthcare system through improved information sharing.;987292390922;ap-northeast-2;2026-09-13 17:05:55.304157;164_312_b;Implement hardware, software, and/or procedural mechanisms that record and examine activity in information systems that contain or use electronic protected health information.;164.312 Technical Safeguards;;;aws;;FAIL;No CloudTrail trails enabled with logging were found.;arn:aws:cloudtrail:ap-northeast-2:987292390922:trail;cloudtrail_multi_region_enabled;False;987292390922;HIPAA;HIPAA compliance framework;
aws;The Health Insurance Portability and Accountability Act of 1996 (HIPAA) is legislation that helps US workers to retain health insurance coverage when they change or lose jobs. The legislation also seeks to encourage electronic health records to improve the efficiency and quality of the US healthcare system through improved information sharing.;987292390922;ap-northeast-2;2026-09-13 17:05:55.304157;164_312_e_2_i;Implement security measures to ensure that electronically transmitted electronic protected health information is not improperly modified without detection until disposed of.;164.312 Technical Safeguards;;;aws;;FAIL;No CloudTrail trails enabled with logging were found.;arn:aws:cloudtrail:ap-northeast-2:987292390922:trail;cloudtrail_multi_region_enabled;False;987292390922;HIPAA;HIPAA compliance framework;
aws;The Health Insurance Portability and Accountability Act of 1996 (HIPAA) is legislation that helps US workers to retain health insurance coverage when they change or lose jobs. The legislation also seeks to encourage electronic health records to improve the efficiency and quality of the US healthcare system through improved information sharing.;987292390922;ap-northeast-3;2026-09-13 17:05:55.304157;164_308_a_1_ii_d;Implement procedures to regularly review records of information system activity, such as audit logs, access reports, and security incident tracking reports.;164.308 Administrative Safeguards;;;aws;;FAIL;No CloudTrail trails enabled with logging were found.;arn:aws:cloudtrail:ap-northeast-3:987292390922:trail;cloudtrail_multi_region_enabled;False;987292390922;HIPAA;HIPAA compliance framework;
aws;The Health Insurance Portability and Accountability Act of 1996 (HIPAA) is legislation that helps US workers to retain health insurance coverage when they change or lose jobs. The legislation also seeks to encourage electronic health records to improve the efficiency and quality of the US healthcare system through improved information sharing.;987292390922;ap-northeast-3;2026-09-13 17:05:55.304157;164_308_a_3_ii_a;Implement procedures for the authorization and/or supervision of workforce members who work with electronic protected health information or in locations where it might be accessed.;164.308 Administrative Safeguards;;;aws;;FAIL;No CloudTrail trails enabled with logging were found.;arn:aws:cloudtrail:ap-northeast-3:987292390922:trail;cloudtrail_multi_region_enabled;False;987292390922;HIPAA;HIPAA compliance framework;
aws;The Health Insurance Portability and Accountability Act of 1996 (HIPAA) is legislation that helps US workers to retain health insurance coverage when they change or lose jobs. The legislation also seeks to encourage electronic health records to improve the efficiency and quality of the US healthcare system through improved information sharing.;987292390922;ap-northeast-3;2026-09-13 17:05:55.304157;164_308_a_6_ii;"Identify and respond to suspected or known security incidents; mitigate, to the extent practicable, harmful effects of security incidents that are known to the covered entity or business associate; and document security incidents and their outcomes.";164.308 Administrative Safeguards;;;aws;;FAIL;No CloudTrail trails enabled with logging were found.;arn:aws:cloudtrail:ap-northeast-3:987292390922:trail;cloudtrail_multi_region_enabled;False;987292390922;HIPAA;HIPAA compliance framework;
aws;The Health Insurance Portability and Accountability Act of 1996 (HIPAA) is legislation that helps US workers to retain health insurance coverage when they change or lose jobs. The legislation also seeks to encourage electronic health records to improve the efficiency and quality of the US healthcare system through improved information sharing.;987292390922;ap-northeast-3;2026-09-13 17:05:55.304157;164_312_b;Implement hardware, software, and/or procedural mechanisms that record and examine activity in information systems that contain or use electronic protected health information.;164.312 Technical Safeguards;;;aws;;FAIL;No CloudTrail trails enabled with logging were found.;arn:aws:cloudtrail:ap-northeast-3:987292390922:trail;cloudtrail_multi_region_enabled;False;987292390922;HIPAA;HIPAA compliance framework;
aws;The Health Insurance Portability and Accountability Act of 1996 (HIPAA) is legislation that helps US workers to retain health insurance coverage when they change or lose jobs. The legislation also seeks to encourage electronic health records to improve the efficiency and quality of the US healthcare system through improved information sharing.;987292390922;ap-northeast-3;2026-09-13 17:05:55.304157;164_312_e_2_i;Implement security measures to ensure that electronically transmitted electronic protected health information is not improperly modified without detection until disposed of.;164.312 Technical Safeguards;;;aws;;FAIL;No CloudTrail trails enabled with logging were found.;arn:aws:cloudtrail:ap-northeast-3:987292390922:trail;cloudtrail_multi_region_enabled;False;987292390922;HIPAA;HIPAA compliance framework;
aws;The Health Insurance Portability and Accountability Act of 1996 (HIPAA) is legislation that helps US workers to retain health insurance coverage when they change or lose jobs. The legislation also seeks to encourage electronic health records to improve the efficiency and quality of the US healthcare system through improved information sharing.;987292390922;ap-south-1;2026-09-13 17:05:55.304157;164_308_a_1_ii_d;Implement procedures to regularly review records of information system activity, such as audit logs, access reports, and security incident tracking reports.;164.308 Administrative Safeguards;;;aws;;FAIL;No CloudTrail trails enabled with logging were found.;arn:aws:cloudtrail:ap-south-1:987292390922:trail;cloudtrail_multi_region_enabled;False;987292390922;HIPAA;HIPAA compliance framework;
aws;The Health Insurance Portability and Accountability Act of 1996 (HIPAA) is legislation that helps US workers to retain health insurance coverage when they change or lose jobs. The legislation also seeks to encourage electronic health records to improve the efficiency and quality of the US healthcare system through improved information sharing.;987292390922;ap-south-1;2026-09-13 17:05:55.304157;164_308_a_3_ii_a;Implement procedures for the authorization and/or supervision of workforce members who work with electronic protected health information or in locations where it might be accessed.;164.308 Administrative Safeguards;;;aws;;FAIL;No CloudTrail trails enabled with logging were found.;arn:aws:cloudtrail:ap-south-1:987292390922:trail;cloudtrail_multi_region_enabled;False;987292390922;HIPAA;HIPAA compliance framework;
aws;The Health Insurance Portability and Accountability Act of 1996 (HIPAA) is legislation that helps US workers to retain health insurance coverage when they change or lose jobs. The legislation also seeks to encourage electronic health records to improve the efficiency and quality of the US healthcare system through improved information sharing.;987292390922;ap-south-1;2026-09-13 17:05:55.304157;164_308_a_6_ii;"Identify and respond to suspected or known security incidents; mitigate, to the extent practicable, harmful effects of security incidents that are known to the covered entity or business associate; and document security incidents and their outcomes.";164.308 Administrative Safeguards;;;aws;;FAIL;No CloudTrail trails enabled with logging were found.;arn:aws:cloudtrail:ap-south-1:987292390922:trail;cloudtrail_multi_region_enabled;False;987292390922;HIPAA;HIPAA compliance framework;
aws;The Health Insurance Portability and Accountability Act of 1996 (HIPAA) is legislation that helps US workers to retain health insurance coverage when they change or lose jobs. The legislation also seeks to encourage electronic health records to improve the efficiency and quality of the US healthcare system through improved information sharing.;987292390922;ap-south-1;2026-09-13 17:05:55.304157;164_312_b;Implement hardware, software, and/or procedural mechanisms that record and examine activity in information systems that contain or use electronic protected health information.;164.312 Technical Safeguards;;;aws;;FAIL;No CloudTrail trails enabled with logging were found.;arn:aws:cloudtrail:ap-south-1:987292390922:trail;cloudtrail_multi_region_enabled;False;987292390922;HIPAA;HIPAA compliance framework;
aws;The Health Insurance Portability and Accountability Act of 1996 (HIPAA) is legislation that helps US workers to retain health insurance coverage when they change or lose jobs. The legislation also seeks to encourage electronic health records to improve the efficiency and quality of the US healthcare system through improved information sharing.;987292390922;ap-south-1;2026-09-13 17:05:55.304157;164_312_e_2_i;Implement security measures to ensure that electronically transmitted electronic protected health information is not improperly modified without detection until disposed of.;164.312 Technical Safeguards;;;aws;;FAIL;No CloudTrail trails enabled with logging were found.;arn:aws:cloudtrail:ap-south-1:987292390922:trail;cloudtrail_multi_region_enabled;False;987292390922;HIPAA;HIPAA compliance framework;
aws;The Health Insurance Portability and Accountability Act of 1996 (HIPAA) is legislation that helps US workers to retain health insurance coverage when they change or lose jobs. The legislation also seeks to encourage electronic health records to improve the efficiency and quality of the US healthcare system through improved information sharing.;987292390922;ap-southeast-1;2026-09-13 17:05:55.304157;164_308_a_1_ii_d;Implement procedures to regularly review records of information system activity, such as audit logs, access reports, and security incident tracking reports.;164.308 Administrative Safeguards;;;aws;;FAIL;No CloudTrail trails enabled with logging were found.;arn:aws:cloudtrail:ap-southeast-1:987292390922:trail;cloudtrail_multi_region_enabled;False;987292390922;HIPAA;HIPAA compliance framework;
aws;The Health Insurance Portability and Accountability Act of 1996 (HIPAA) is legislation that helps US workers to retain health insurance coverage when they change or lose jobs. The legislation also seeks to encourage electronic health records to improve the efficiency and quality of the US healthcare system through improved information sharing.;987292390922;ap-southeast-1;2026-09-13 17:05:55.304157;164_308_a_3_ii_a;Implement procedures for the authorization and/or supervision of workforce members who work with electronic protected health information or in locations where it might be accessed.;164.308 Administrative Safeguards;;;aws;;FAIL;No CloudTrail trails enabled with logging were found.;arn:aws:cloudtrail:ap-southeast-1:987292390922:trail;cloudtrail_multi_region_enabled;False;987292390922;HIPAA;HIPAA compliance framework;
aws;The Health Insurance Portability and Accountability Act of 1996 (HIPAA) is legislation that helps US workers to retain health insurance coverage when they change or lose jobs. The legislation also seeks to encourage electronic health records to improve the efficiency and quality of the US healthcare system through improved information sharing.;987292390922;ap-southeast-1;2026-09-13 17:05:55.304157;164_308_a_6_ii;"Identify and respond to suspected or known security incidents; mitigate, to the extent practicable, harmful effects of security incidents that are known to the covered entity or business associate; and document security incidents and their outcomes.";164.308 Administrative Safeguards;;;aws;;FAIL;No CloudTrail trails enabled with logging were found.;arn:aws:cloudtrail:ap-southeast-1:987292390922:trail;cloudtrail_multi_region_enabled;False;987292390922;HIPAA;HIPAA compliance framework;
aws;The Health Insurance Portability and Accountability Act of 1996 (HIPAA) is legislation that helps US workers to retain health insurance coverage when they change or lose jobs. The legislation also seeks to encourage electronic health records to improve the efficiency and quality of the US healthcare system through improved information sharing.;987292390922;ap-southeast-1;2026-09-13 17:05:55.304157;164_312_b;Implement hardware, software, and/or procedural mechanisms that record and examine activity in information systems that contain or use electronic protected health information.;164.312 Technical Safeguards;;;aws;;FAIL;No CloudTrail trails enabled with logging were found.;arn:aws:cloudtrail:ap-southeast-1:987292390922:trail;cloudtrail_multi_region_enabled;False;987292390922;HIPAA;HIPAA compliance framework;
aws;The Health Insurance Portability and Accountability Act of 1996 (HIPAA) is legislation that helps US workers to retain health insurance coverage when they change or lose jobs. The legislation also seeks to encourage electronic health records to improve the efficiency and quality of the US healthcare system through improved information sharing.;987292390922;ap-southeast-1;2026-09-13 17:05:55.304157;164_312_e_2_i;Implement security measures to ensure that electronically transmitted electronic protected health information is not improperly modified without detection until disposed of.;164.312 Technical Safeguards;;;aws;;FAIL;No CloudTrail trails enabled with logging were found.;arn:aws:cloudtrail:ap-southeast-1:987292390922:trail;cloudtrail_multi_region_enabled;False;987292390922;HIPAA;HIPAA compliance framework;
aws;The Health Insurance Portability and Accountability Act of 1996 (HIPAA) is legislation that helps US workers to retain health insurance coverage when they change or lose jobs. The legislation also seeks to encourage electronic health records to improve the efficiency and quality of the US healthcare system through improved information sharing.;987292390922;ap-southeast-2;2026-09-13 17:05:55.304157;164_308_a_1_ii_d;Implement procedures to regularly review records of information system activity, such as audit logs, access reports, and security incident tracking reports.;164.308 Administrative Safeguards;;;aws;;FAIL;No CloudTrail trails enabled with logging were found.;arn:aws:cloudtrail:ap-southeast-2:987292390922:trail;cloudtrail_multi_region_enabled;False;987292390922;HIPAA;HIPAA compliance framework;
aws;The Health Insurance Portability and Accountability Act of 1996 (HIPAA) is legislation that helps US workers to retain health insurance coverage when they change or lose jobs. The legislation also seeks to encourage electronic health records to improve the efficiency and quality of the US healthcare system through improved information sharing.;987292390922;ap-southeast-2;2026-09-13 17:05:55.304157;164_308_a_3_ii_a;Implement procedures for the authorization and/or supervision of workforce members who work with electronic protected health information or in locations where it might be accessed.;164.308 Administrative Safeguards;;;aws;;FAIL;No CloudTrail trails enabled with logging were found.;arn:aws:cloudtrail:ap-southeast-2:987292390922:trail;cloudtrail_multi_region_enabled;False;987292390922;HIPAA;HIPAA compliance framework;
aws;The Health Insurance Portability and Accountability Act of 1996 (HIPAA) is legislation that helps US workers to retain health insurance coverage when they change or lose jobs. The legislation also seeks to encourage electronic health records to improve the efficiency and quality of the US healthcare system through improved information sharing.;987292390922;ap-southeast-2;2026-09-13 17:05:55.304157;164_308_a_6_ii;"Identify and respond to suspected or known security incidents; mitigate, to the extent practicable, harmful effects of security incidents that are known to the covered entity or business associate; and document security incidents and their outcomes.";164.308 Administrative Safeguards;;;aws;;FAIL;No CloudTrail trails enabled with logging were found.;arn:aws:cloudtrail:ap-southeast-2:987292390922:trail;cloudtrail_multi_region_enabled;False;987292390922;HIPAA;HIPAA compliance framework;
aws;The Health Insurance Portability and Accountability Act of 1996 (HIPAA) is legislation that helps US workers to retain health insurance coverage when they change or lose jobs. The legislation also seeks to encourage electronic health records to improve the efficiency and quality of the US healthcare system through improved information sharing.;987292390922;ap-southeast-2;2026-09-13 17:05:55.304157;164_312_b;Implement hardware, software, and/or procedural mechanisms that record and examine activity in information systems that contain or use electronic protected health information.;164.312 Technical Safeguards;;;aws;;FAIL;No CloudTrail trails enabled with logging were found.;arn:aws:cloudtrail:ap-southeast-2:987292390922:trail;cloudtrail_multi_region_enabled;False;987292390922;HIPAA;HIPAA compliance framework;
aws;The Health Insurance Portability and Accountability Act of 1996 (HIPAA) is legislation that helps US workers to retain health insurance coverage when they change or lose jobs. The legislation also seeks to encourage electronic health records to improve the efficiency and quality of the US healthcare system through improved information sharing.;987292390922;ap-southeast-2;2026-09-13 17:05:55.304157;164_312_e_2_i;Implement security measures to ensure that electronically transmitted electronic protected health information is not improperly modified without detection until disposed of.;164.312 Technical Safeguards;;;aws;;FAIL;No CloudTrail trails enabled with logging were found.;arn:aws:cloudtrail:ap-southeast-2:987292390922:trail;cloudtrail_multi_region_enabled;False;987292390922;HIPAA;HIPAA compliance framework;
aws;The Health Insurance Portability and Accountability Act of 1996 (HIPAA) is legislation that helps US workers to retain health insurance coverage when they change or lose jobs. The legislation also seeks to encourage electronic health records to improve the efficiency and quality of the US healthcare system through improved information sharing.;987292390922;ca-central-1;2026-09-13 17:05:55.304157;164_308_a_1_ii_d;Implement procedures to regularly review records of information system activity, such as audit logs, access reports, and security incident tracking reports.;164.308 Administrative Safeguards;;;aws;;FAIL;No CloudTrail trails enabled with logging were found.;arn:aws:cloudtrail:ca-central-1:987292390922:trail;cloudtrail_multi_region_enabled;False;987292390922;HIPAA;HIPAA compliance framework;
aws;The Health Insurance Portability and Accountability Act of 1996 (HIPAA) is legislation that helps US workers to retain health insurance coverage when they change or lose jobs. The legislation also seeks to encourage electronic health records to improve the efficiency and quality of the US healthcare system through improved information sharing.;987292390922;ca-central-1;2026-09-13 17:05:55.304157;164_308_a_3_ii_a;Implement procedures for the authorization and/or supervision of workforce members who work with electronic protected health information or in locations where it might be accessed.;164.308 Administrative Safeguards;;;aws;;FAIL;No CloudTrail trails enabled with logging were found.;arn:aws:cloudtrail:ca-central-1:987292390922:trail;cloudtrail_multi_region_enabled;False;987292390922;HIPAA;HIPAA compliance framework;
aws;The Health Insurance Portability and Accountability Act of 1996 (HIPAA) is legislation that helps US workers to retain health insurance coverage when they change or lose jobs. The legislation also seeks to encourage electronic health records to improve the efficiency and quality of the US healthcare system through improved information sharing.;987292390922;ca-central-1;2026-09-13 17:05:55.304157;164_308_a_6_ii;"Identify and respond to suspected or known security incidents; mitigate, to the extent practicable, harmful effects of security incidents that are known to the covered entity or business associate; and document security incidents and their outcomes.";164.308 Administrative Safeguards;;;aws;;FAIL;No CloudTrail trails enabled with logging were found.;arn:aws:cloudtrail:ca-central-1:987292390922:trail;cloudtrail_multi_region_enabled;False;987292390922;HIPAA;HIPAA compliance framework;
aws;The Health Insurance Portability and Accountability Act of 1996 (HIPAA) is legislation that helps US workers to retain health insurance coverage when they change or lose jobs. The legislation also seeks to encourage electronic health records to improve the efficiency and quality of the US healthcare system through improved information sharing.;987292390922;ca-central-1;2026-09-13 17:05:55.304157;164_312_b;Implement hardware, software, and/or procedural mechanisms that record and examine activity in information systems that contain or use electronic protected health information.;164.312 Technical Safeguards;;;aws;;FAIL;No CloudTrail trails enabled with logging were found.;arn:aws:cloudtrail:ca-central-1:987292390922:trail;cloudtrail_multi_region_enabled;False;987292390922;HIPAA;HIPAA compliance framework;
aws;The Health Insurance Portability and Accountability Act of 1996 (HIPAA) is legislation that helps US workers to retain health insurance coverage when they change or lose jobs. The legislation also seeks to encourage electronic health records to improve the efficiency and quality of the US healthcare system through improved information sharing.;987292390922;ca-central-1;2026-09-13 17:05:55.304157;164_312_e_2_i;Implement security measures to ensure that electronically transmitted electronic protected health information is not improperly modified without detection until disposed of.;164.312 Technical Safeguards;;;aws;;FAIL;No CloudTrail trails enabled with logging were found.;arn:aws:cloudtrail:ca-central-1:987292390922:trail;cloudtrail_multi_region_enabled;False;987292390922;HIPAA;HIPAA compliance framework;
aws;The Health Insurance Portability and Accountability Act of 1996 (HIPAA) is legislation that helps US workers to retain health insurance coverage when they change or lose jobs. The legislation also seeks to encourage electronic health records to improve the efficiency and quality of the US healthcare system through improved information sharing.;987292390922;eu-central-1;2026-09-13 17:05:55.304157;164_308_a_1_ii_d;Implement procedures to regularly review records of information system activity, such as audit logs, access reports, and security incident tracking reports.;164.308 Administrative Safeguards;;;aws;;FAIL;No CloudTrail trails enabled with logging were found.;arn:aws:cloudtrail:eu-central-1:987292390922:trail;cloudtrail_multi_region_enabled;False;987292390922;HIPAA;HIPAA compliance framework;
aws;The Health Insurance Portability and Accountability Act of 1996 (HIPAA) is legislation that helps US workers to retain health insurance coverage when they change or lose jobs. The legislation also seeks to encourage electronic health records to improve the efficiency and quality of the US healthcare system through improved information sharing.;987292390922;eu-central-1;2026-09-13 17:05:55.304157;164_308_a_3_ii_a;Implement procedures for the authorization and/or supervision of workforce members who work with electronic protected health information or in locations where it might be accessed.;164.308 Administrative Safeguards;;;aws;;FAIL;No CloudTrail trails enabled with logging were found.;arn:aws:cloudtrail:eu-central-1:987292390922:trail;cloudtrail_multi_region_enabled;False;987292390922;HIPAA;HIPAA compliance framework;
aws;The Health Insurance Portability and Accountability Act of 1996 (HIPAA) is legislation that helps US workers to retain health insurance coverage when they change or lose jobs. The legislation also seeks to encourage electronic health records to improve the efficiency and quality of the US healthcare system through improved information sharing.;987292390922;eu-central-1;2026-09-13 17:05:55.304157;164_308_a_6_ii;"Identify and respond to suspected or known security incidents; mitigate, to the extent practicable, harmful effects of security incidents that are known to the covered entity or business associate; and document security incidents and their outcomes.";164.308 Administrative Safeguards;;;aws;;FAIL;No CloudTrail trails enabled with logging were found.;arn:aws:cloudtrail:eu-central-1:987292390922:trail;cloudtrail_multi_region_enabled;False;987292390922;HIPAA;HIPAA compliance framework;
aws;The Health Insurance Portability and Accountability Act of 1996 (HIPAA) is legislation that helps US workers to retain health insurance coverage when they change or lose jobs. The legislation also seeks to encourage electronic health records to improve the efficiency and quality of the US healthcare system through improved information sharing.;987292390922;eu-central-1;2026-09-13 17:05:55.304157;164_312_b;Implement hardware, software, and/or procedural mechanisms that record and examine activity in information systems that contain or use electronic protected health information.;164.312 Technical Safeguards;;;aws;;FAIL;No CloudTrail trails enabled with logging were found.;arn:aws:cloudtrail:eu-central-1:987292390922:trail;cloudtrail_multi_region_enabled;False;987292390922;HIPAA;HIPAA compliance framework;
aws;The Health Insurance Portability and Accountability Act of 1996 (HIPAA) is legislation that helps US workers to retain health insurance coverage when they change or lose jobs. The legislation also seeks to encourage electronic health records to improve the efficiency and quality of the US healthcare system through improved information sharing.;987292390922;eu-central-1;2026-09-13 17:05:55.304157;164_312_e_2_i;Implement security measures to ensure that electronically transmitted electronic protected health information is not improperly modified without detection until disposed of.;164.312 Technical Safeguards;;;aws;;FAIL;No CloudTrail trails enabled with logging were found.;arn:aws:cloudtrail:eu-central-1:987292390922:trail;cloudtrail_multi_region_enabled;False;987292390922;HIPAA;HIPAA compliance framework;
aws;The Health Insurance Portability and Accountability Act of 1996 (HIPAA) is legislation that helps US workers to retain health insurance coverage when they change or lose jobs. The legislation also seeks to encourage electronic health records to improve the efficiency and quality of the US healthcare system through improved information sharing.;987292390922;eu-north-1;2026-09-13 17:05:55.304157;164_308_a_1_ii_d;Implement procedures to regularly review records of information system activity, such as audit logs, access reports, and security incident tracking reports.;164.308 Administrative Safeguards;;;aws;;FAIL;No CloudTrail trails enabled with logging were found.;arn:aws:cloudtrail:eu-north-1:987292390922:trail;cloudtrail_multi_region_enabled;False;987292390922;HIPAA;HIPAA compliance framework;
aws;The Health Insurance Portability and Accountability Act of 1996 (HIPAA) is legislation that helps US workers to retain health insurance coverage when they change or lose jobs. The legislation also seeks to encourage electronic health records to improve the efficiency and quality of the US healthcare system through improved information sharing.;987292390922;eu-north-1;2026-09-13 17:05:55.304157;164_308_a_3_ii_a;Implement procedures for the authorization and/or supervision of workforce members who work with electronic protected health information or in locations where it might be accessed.;164.308 Administrative Safeguards;;;aws;;FAIL;No CloudTrail trails enabled with logging were found.;arn:aws:cloudtrail:eu-north-1:987292390922:trail;cloudtrail_multi_region_enabled;False;987292390922;HIPAA;HIPAA compliance framework;
aws;The Health Insurance Portability and Accountability Act of 1996 (HIPAA) is legislation that helps US workers to retain health insurance coverage when they change or lose jobs. The legislation also seeks to encourage electronic health records to improve the efficiency and quality of the US healthcare system through improved information sharing.;987292390922;eu-north-1;2026-09-13 17:05:55.304157;164_308_a_6_ii;"Identify and respond to suspected or known security incidents; mitigate, to the extent practicable, harmful effects of security incidents that are known to the covered entity or business associate; and document security incidents and their outcomes.";164.308 Administrative Safeguards;;;aws;;FAIL;No CloudTrail trails enabled with logging were found.;arn:aws:cloudtrail:eu-north-1:987292390922:trail;cloudtrail_multi_region_enabled;False;987292390922;HIPAA;HIPAA compliance framework;
aws;The Health Insurance Portability and Accountability Act of 1996 (HIPAA) is legislation that helps US workers to retain health insurance coverage when they change or lose jobs. The legislation also seeks to encourage electronic health records to improve the efficiency and quality of the US healthcare system through improved information sharing.;987292390922;eu-north-1;2026-09-13 17:05:55.304157;164_312_b;Implement hardware, software, and/or procedural mechanisms that record and examine activity in information systems that contain or use electronic protected health information.;164.312 Technical Safeguards;;;aws;;FAIL;No CloudTrail trails enabled with logging were found.;arn:aws:cloudtrail:eu-north-1:987292390922:trail;cloudtrail_multi_region_enabled;False;987292390922;HIPAA;HIPAA compliance framework;
aws;The Health Insurance Portability and Accountability Act of 1996 (HIPAA) is legislation that helps US workers to retain health insurance coverage when they change or lose jobs. The legislation also seeks to encourage electronic health records to improve the efficiency and quality of the US healthcare system through improved information sharing.;987292390922;eu-north-1;2026-09-13 17:05:55.304157;164_312_e_2_i;Implement security measures to ensure that electronically transmitted electronic protected health information is not improperly modified without detection until disposed of.;164.312 Technical Safeguards;;;aws;;FAIL;No CloudTrail trails enabled with logging were found.;arn:aws:cloudtrail:eu-north-1:987292390922:trail;cloudtrail_multi_region_enabled;False;987292390922;HIPAA;HIPAA compliance framework;
aws;The Health Insurance Portability and Accountability Act of 1996 (HIPAA) is legislation that helps US workers to retain health insurance coverage when they change or lose jobs. The legislation also seeks to encourage electronic health records to improve the efficiency and quality of the US healthcare system through improved information sharing.;987292390922;eu-west-1;2026-09-13 17:05:55.304157;164_308_a_1_ii_d;Implement procedures to regularly review records of information system activity, such as audit logs, access reports, and security incident tracking reports.;164.308 Administrative Safeguards;;;aws;;FAIL;No CloudTrail trails enabled with logging were found.;arn:aws:cloudtrail:eu-west-1:987292390922:trail;cloudtrail_multi_region_enabled;False;987292390922;HIPAA;HIPAA compliance framework;
aws;The Health Insurance Portability and Accountability Act of 1996 (HIPAA) is legislation that helps US workers to retain health insurance coverage when they change or lose jobs. The legislation also seeks to encourage electronic health records to improve the efficiency and quality of the US healthcare system through improved information sharing.;987292390922;eu-west-1;2026-09-13 17:05:55.304157;164_308_a_3_ii_a;Implement procedures for the authorization and/or supervision of workforce members who work with electronic protected health information or in locations where it might be accessed.;164.308 Administrative Safeguards;;;aws;;FAIL;No CloudTrail trails enabled with logging were found.;arn:aws:cloudtrail:eu-west-1:987292390922:trail;cloudtrail_multi_region_enabled;False;987292390922;HIPAA;HIPAA compliance framework;
aws;The Health Insurance Portability and Accountability Act of 1996 (HIPAA) is legislation that helps US workers to retain health insurance coverage when they change or lose jobs. The legislation also seeks to encourage electronic health records to improve the efficiency and quality of the US healthcare system through improved information sharing.;987292390922;eu-west-1;2026-09-13 17:05:55.304157;164_308_a_6_ii;"Identify and respond to suspected or known security incidents; mitigate, to the extent practicable, harmful effects of security incidents that are known to the covered entity or business associate; and document security incidents and their outcomes.";164.308 Administrative Safeguards;;;aws;;FAIL;No CloudTrail trails enabled with logging were found.;arn:aws:cloudtrail:eu-west-1:987292390922:trail;cloudtrail_multi_region_enabled;False;987292390922;HIPAA;HIPAA compliance framework;
aws;The Health Insurance Portability and Accountability Act of 1996 (HIPAA) is legislation that helps US workers to retain health insurance coverage when they change or lose jobs. The legislation also seeks to encourage electronic health records to improve the efficiency and quality of the US healthcare system through improved information sharing.;987292390922;eu-west-1;2026-09-13 17:05:55.304157;164_312_b;Implement hardware, software, and/or procedural mechanisms that record and examine activity in information systems that contain or use electronic protected health information.;164.312 Technical Safeguards;;;aws;;FAIL;No CloudTrail trails enabled with logging were found.;arn:aws:cloudtrail:eu-west-1:987292390922:trail;cloudtrail_multi_region_enabled;False;987292390922;HIPAA;HIPAA compliance framework;
aws;The Health Insurance Portability and Accountability Act of 1996 (HIPAA) is legislation that helps US workers to retain health insurance coverage when they change or lose jobs. The legislation also seeks to encourage electronic health records to improve the efficiency and quality of the US healthcare system through improved information sharing.;987292390922;eu-west-1;2026-09-13 17:05:55.304157;164_312_e_2_i;Implement security measures to ensure that electronically transmitted electronic protected health information is not improperly modified without detection until disposed of.;164.312 Technical Safeguards;;;aws;;FAIL;No CloudTrail trails enabled with logging were found.;arn:aws:cloudtrail:eu-west-1:987292390922:trail;cloudtrail_multi_region_enabled;False;987292390922;HIPAA;HIPAA compliance framework;
aws;The Health Insurance Portability and Accountability Act of 1996 (HIPAA) is legislation that helps US workers to retain health insurance coverage when they change or lose jobs. The legislation also seeks to encourage electronic health records to improve the efficiency and quality of the US healthcare system through improved information sharing.;987292390922;eu-west-2;2026-09-13 17:05:55.304157;164_308_a_1_ii_d;Implement procedures to regularly review records of information system activity, such as audit logs, access reports, and security incident tracking reports.;164.308 Administrative Safeguards;;;aws;;FAIL;No CloudTrail trails enabled with logging were found.;arn:aws:cloudtrail:eu-west-2:987292390922:trail;cloudtrail_multi_region_enabled;False;987292390922;HIPAA;HIPAA compliance framework;
aws;The Health Insurance Portability and Accountability Act of 1996 (HIPAA) is legislation that helps US workers to retain health insurance coverage when they change or lose jobs. The legislation also seeks to encourage electronic health records to improve the efficiency and quality of the US healthcare system through improved information sharing.;987292390922;eu-west-2;2026-09-13 17:05:55.304157;164_308_a_3_ii_a;Implement procedures for the authorization and/or supervision of workforce members who work with electronic protected health information or in locations where it might be accessed.;164.308 Administrative Safeguards;;;aws;;FAIL;No CloudTrail trails enabled with logging were found.;arn:aws:cloudtrail:eu-west-2:987292390922:trail;cloudtrail_multi_region_enabled;False;987292390922;HIPAA;HIPAA compliance framework;
aws;The Health Insurance Portability and Accountability Act of 1996 (HIPAA) is legislation that helps US workers to retain health insurance coverage when they change or lose jobs. The legislation also seeks to encourage electronic health records to improve the efficiency and quality of the US healthcare system through improved information sharing.;987292390922;eu-west-2;2026-09-13 17:05:55.304157;164_308_a_6_ii;"Identify and respond to suspected or known security incidents; mitigate, to the extent practicable, harmful effects of security incidents that are known to the covered entity or business associate; and document security incidents and their outcomes.";164.308 Administrative Safeguards;;;aws;;FAIL;No CloudTrail trails enabled with logging were found.;arn:aws:cloudtrail:eu-west-2:987292390922:trail;cloudtrail_multi_region_enabled;False;987292390922;HIPAA;HIPAA compliance framework;
aws;The Health Insurance Portability and Accountability Act of 1996 (HIPAA) is legislation that helps US workers to retain health insurance coverage when they change or lose jobs. The legislation also seeks to encourage electronic health records to improve the efficiency and quality of the US healthcare system through improved information sharing.;987292390922;eu-west-2;2026-09-13 17:05:55.304157;164_312_b;Implement hardware, software, and/or procedural mechanisms that record and examine activity in information systems that contain or use electronic protected health information.;164.312 Technical Safeguards;;;aws;;FAIL;No CloudTrail trails enabled with logging were found.;arn:aws:cloudtrail:eu-west-2:987292390922:trail;cloudtrail_multi_region_enabled;False;987292390922;HIPAA;HIPAA compliance framework;
aws;The Health Insurance Portability and Accountability Act of 1996 (HIPAA) is legislation that helps US workers to retain health insurance coverage when they change or lose jobs. The legislation also seeks to encourage electronic health records to improve the efficiency and quality of the US healthcare system through improved information sharing.;987292390922;eu-west-2;2026-09-13 17:05:55.304157;164_312_e_2_i;Implement security measures to ensure that electronically transmitted electronic protected health information is not improperly modified without detection until disposed of.;164.312 Technical Safeguards;;;aws;;FAIL;No CloudTrail trails enabled with logging were found.;arn:aws:cloudtrail:eu-west-2:987292390922:trail;cloudtrail_multi_region_enabled;False;987292390922;HIPAA;HIPAA compliance framework;
aws;The Health Insurance Portability and Accountability Act of 1996 (HIPAA) is legislation that helps US workers to retain health insurance coverage when they change or lose jobs. The legislation also seeks to encourage electronic health records to improve the efficiency and quality of the US healthcare system through improved information sharing.;987292390922;eu-west-3;2026-09-13 17:05:55.304157;164_308_a_1_ii_d;Implement procedures to regularly review records of information system activity, such as audit logs, access reports, and security incident tracking reports.;164.308 Administrative Safeguards;;;aws;;FAIL;No CloudTrail trails enabled with logging were found.;arn:aws:cloudtrail:eu-west-3:987292390922:trail;cloudtrail_multi_region_enabled;False;987292390922;HIPAA;HIPAA compliance framework;
aws;The Health Insurance Portability and Accountability Act of 1996 (HIPAA) is legislation that helps US workers to retain health insurance coverage when they change or lose jobs. The legislation also seeks to encourage electronic health records to improve the efficiency and quality of the US healthcare system through improved information sharing.;987292390922;eu-west-3;2026-09-13 17:05:55.304157;164_308_a_3_ii_a;Implement procedures for the authorization and/or supervision of workforce members who work with electronic protected health information or in locations where it might be accessed.;164.308 Administrative Safeguards;;;aws;;FAIL;No CloudTrail trails enabled with logging were found.;arn:aws:cloudtrail:eu-west-3:987292390922:trail;cloudtrail_multi_region_enabled;False;987292390922;HIPAA;HIPAA compliance framework;
aws;The Health Insurance Portability and Accountability Act of 1996 (HIPAA) is legislation that helps US workers to retain health insurance coverage when they change or lose jobs. The legislation also seeks to encourage electronic health records to improve the efficiency and quality of the US healthcare system through improved information sharing.;987292390922;eu-west-3;2026-09-13 17:05:55.304157;164_308_a_6_ii;"Identify and respond to suspected or known security incidents; mitigate, to the extent practicable, harmful effects of security incidents that are known to the covered entity or business associate; and document security incidents and their outcomes.";164.308 Administrative Safeguards;;;aws;;FAIL;No CloudTrail trails enabled with logging were found.;arn:aws:cloudtrail:eu-west-3:987292390922:trail;cloudtrail_multi_region_enabled;False;987292390922;HIPAA;HIPAA compliance framework;
aws;The Health Insurance Portability and Accountability Act of 1996 (HIPAA) is legislation that helps US workers to retain health insurance coverage when they change or lose jobs. The legislation also seeks to encourage electronic health records to improve the efficiency and quality of the US healthcare system through improved information sharing.;987292390922;eu-west-3;2026-09-13 17:05:55.304157;164_312_b;Implement hardware, software, and/or procedural mechanisms that record and examine activity in information systems that contain or use electronic protected health information.;164.312 Technical Safeguards;;;aws;;FAIL;No CloudTrail trails enabled with logging were found.;arn:aws:cloudtrail:eu-west-3:987292390922:trail;cloudtrail_multi_region_enabled;False;987292390922;HIPAA;HIPAA compliance framework;
aws;The Health Insurance Portability and Accountability Act of 1996 (HIPAA) is legislation that helps US workers to retain health insurance coverage when they change or lose jobs. The legislation also seeks to encourage electronic health records to improve the efficiency and quality of the US healthcare system through improved information sharing.;987292390922;eu-west-3;2026-09-13 17:05:55.304157;164_312_e_2_i;Implement security measures to ensure that electronically transmitted electronic protected health information is not improperly modified without detection until disposed of.;164.312 Technical Safeguards;;;aws;;FAIL;No CloudTrail trails enabled with logging were found.;arn:aws:cloudtrail:eu-west-3:987292390922:trail;cloudtrail_multi_region_enabled;False;987292390922;HIPAA;HIPAA compliance framework;
aws;The Health Insurance Portability and Accountability Act of 1996 (HIPAA) is legislation that helps US workers to retain health insurance coverage when they change or lose jobs. The legislation also seeks to encourage electronic health records to improve the efficiency and quality of the US healthcare system through improved information sharing.;987292390922;sa-east-1;2026-09-13 17:05:55.304157;164_308_a_1_ii_d;Implement procedures to regularly review records of information system activity, such as audit logs, access reports, and security incident tracking reports.;164.308 Administrative Safeguards;;;aws;;FAIL;No CloudTrail trails enabled with logging were found.;arn:aws:cloudtrail:sa-east-1:987292390922:trail;cloudtrail_multi_region_enabled;False;987292390922;HIPAA;HIPAA compliance framework;
aws;The Health Insurance Portability and Accountability Act of 1996 (HIPAA) is legislation that helps US workers to retain health insurance coverage when they change or lose jobs. The legislation also seeks to encourage electronic health records to improve the efficiency and quality of the US healthcare system through improved information sharing.;987292390922;sa-east-1;2026-09-13 17:05:55.304157;164_308_a_3_ii_a;Implement procedures for the authorization and/or supervision of workforce members who work with electronic protected health information or in locations where it might be accessed.;164.308 Administrative Safeguards;;;aws;;FAIL;No CloudTrail trails enabled with logging were found.;arn:aws:cloudtrail:sa-east-1:987292390922:trail;cloudtrail_multi_region_enabled;False;987292390922;HIPAA;HIPAA compliance framework;
aws;The Health Insurance Portability and Accountability Act of 1996 (HIPAA) is legislation that helps US workers to retain health insurance coverage when they change or lose jobs. The legislation also seeks to encourage electronic health records to improve the efficiency and quality of the US healthcare system through improved information sharing.;987292390922;sa-east-1;2026-09-13 17:05:55.304157;164_308_a_6_ii;"Identify and respond to suspected or known security incidents; mitigate, to the extent practicable, harmful effects of security incidents that are known to the covered entity or business associate; and document security incidents and their outcomes.";164.308 Administrative Safeguards;;;aws;;FAIL;No CloudTrail trails enabled with logging were found.;arn:aws:cloudtrail:sa-east-1:987292390922:trail;cloudtrail_multi_region_enabled;False;987292390922;HIPAA;HIPAA compliance framework;
aws;The Health Insurance Portability and Accountability Act of 1996 (HIPAA) is legislation that helps US workers to retain health insurance coverage when they change or lose jobs. The legislation also seeks to encourage electronic health records to improve the efficiency and quality of the US healthcare system through improved information sharing.;987292390922;sa-east-1;2026-09-13 17:05:55.304157;164_312_b;Implement hardware, software, and/or procedural mechanisms that record and examine activity in information systems that contain or use electronic protected health information.;164.312 Technical Safeguards;;;aws;;FAIL;No CloudTrail trails enabled with logging were found.;arn:aws:cloudtrail:sa-east-1:987292390922:trail;cloudtrail_multi_region_enabled;False;987292390922;HIPAA;HIPAA compliance framework;
aws;The Health Insurance Portability and Accountability Act of 1996 (HIPAA) is legislation that helps US workers to retain health insurance coverage when they change or lose jobs. The legislation also seeks to encourage electronic health records to improve the efficiency and quality of the US healthcare system through improved information sharing.;987292390922;sa-east-1;2026-09-13 17:05:55.304157;164_312_e_2_i;Implement security measures to ensure that electronically transmitted electronic protected health information is not improperly modified without detection until disposed of.;164.312 Technical Safeguards;;;aws;;FAIL;No CloudTrail trails enabled with logging were found.;arn:aws:cloudtrail:sa-east-1:987292390922:trail;cloudtrail_multi_region_enabled;False;987292390922;HIPAA;HIPAA compliance framework;
aws;The Health Insurance Portability and Accountability Act of 1996 (HIPAA) is legislation that helps US workers to retain health insurance coverage when they change or lose jobs. The legislation also seeks to encourage electronic health records to improve the efficiency and quality of the US healthcare system through improved information sharing.;987292390922;us-east-1;2026-09-13 17:05:55.304157;164_308_a_1_ii_d;Implement procedures to regularly review records of information system activity, such as audit logs, access reports, and security incident tracking reports.;164.308 Administrative Safeguards;;;aws;;FAIL;No CloudTrail trails enabled with logging were found.;arn:aws:cloudtrail:us-east-1:987292390922:trail;cloudtrail_multi_region_enabled;False;987292390922;HIPAA;HIPAA compliance framework;
aws;The Health Insurance Portability and Accountability Act of 1996 (HIPAA) is legislation that helps US workers to retain health insurance coverage when they change or lose jobs. The legislation also seeks to encourage electronic health records to improve the efficiency and quality of the US healthcare system through improved information sharing.;987292390922;us-east-1;2026-09-13 17:05:55.304157;164_308_a_3_ii_a;Implement procedures for the authorization and/or supervision of workforce members who work with electronic protected health information or in locations where it might be accessed.;164.308 Administrative Safeguards;;;aws;;FAIL;No CloudTrail trails enabled with logging were found.;arn:aws:cloudtrail:us-east-1:987292390922:trail;cloudtrail_multi_region_enabled;False;987292390922;HIPAA;HIPAA compliance framework;
aws;The Health Insurance Portability and Accountability Act of 1996 (HIPAA) is legislation that helps US workers to retain health insurance coverage when they change or lose jobs. The legislation also seeks to encourage electronic health records to improve the efficiency and quality of the US healthcare system through improved information sharing.;987292390922;us-east-1;2026-09-13 17:05:55.304157;164_308_a_6_ii;"Identify and respond to suspected or known security incidents; mitigate, to the extent practicable, harmful effects of security incidents that are known to the covered entity or business associate; and document security incidents and their outcomes.";164.308 Administrative Safeguards;;;aws;;FAIL;No CloudTrail trails enabled with logging were found.;arn:aws:cloudtrail:us-east-1:987292390922:trail;cloudtrail_multi_region_enabled;False;987292390922;HIPAA;HIPAA compliance framework;
aws;The Health Insurance Portability and Accountability Act of 1996 (HIPAA) is legislation that helps US workers to retain health insurance coverage when they change or lose jobs. The legislation also seeks to encourage electronic health records to improve the efficiency and quality of the US healthcare system through improved information sharing.;987292390922;us-east-1;2026-09-13 17:05:55.304157;164_312_b;Implement hardware, software, and/or procedural mechanisms that record and examine activity in information systems that contain or use electronic protected health information.;164.312 Technical Safeguards;;;aws;;FAIL;No CloudTrail trails enabled with logging were found.;arn:aws:cloudtrail:us-east-1:987292390922:trail;cloudtrail_multi_region_enabled;False;987292390922;HIPAA;HIPAA compliance framework;
aws;The Health Insurance Portability and Accountability Act of 1996 (HIPAA) is legislation that helps US workers to retain health insurance coverage when they change or lose jobs. The legislation also seeks to encourage electronic health records to improve the efficiency and quality of the US healthcare system through improved information sharing.;987292390922;us-east-1;2026-09-13 17:05:55.304157;164_312_e_2_i;Implement security measures to ensure that electronically transmitted electronic protected health information is not improperly modified without detection until disposed of.;164.312 Technical Safeguards;;;aws;;FAIL;No CloudTrail trails enabled with logging were found.;arn:aws:cloudtrail:us-east-1:987292390922:trail;cloudtrail_multi_region_enabled;False;987292390922;HIPAA;HIPAA compliance framework;
aws;The Health Insurance Portability and Accountability Act of 1996 (HIPAA) is legislation that helps US workers to retain health insurance coverage when they change or lose jobs. The legislation also seeks to encourage electronic health records to improve the efficiency and quality of the US healthcare system through improved information sharing.;987292390922;us-east-2;2026-09-13 17:05:55.304157;164_308_a_1_ii_d;Implement procedures to regularly review records of information system activity, such as audit logs, access reports, and security incident tracking reports.;164.308 Administrative Safeguards;;;aws;;FAIL;No CloudTrail trails enabled with logging were found.;arn:aws:cloudtrail:us-east-2:987292390922:trail;cloudtrail_multi_region_enabled;False;987292390922;HIPAA;HIPAA compliance framework;
aws;The Health Insurance Portability and Accountability Act of 1996 (HIPAA) is legislation that helps US workers to retain health insurance coverage when they change or lose jobs. The legislation also seeks to encourage electronic health records to improve the efficiency and quality of the US healthcare system through improved information sharing.;987292390922;us-east-2;2026-09-13 17:05:55.304157;164_308_a_3_ii_a;Implement procedures for the authorization and/or supervision of workforce members who work with electronic protected health information or in locations where it might be accessed.;164.308 Administrative Safeguards;;;aws;;FAIL;No CloudTrail trails enabled with logging were found.;arn:aws:cloudtrail:us-east-2:987292390922:trail;cloudtrail_multi_region_enabled;False;987292390922;HIPAA;HIPAA compliance framework;
aws;The Health Insurance Portability and Accountability Act of 1996 (HIPAA) is legislation that helps US workers to retain health insurance coverage when they change or lose jobs. The legislation also seeks to encourage electronic health records to improve the efficiency and quality of the US healthcare system through improved information sharing.;987292390922;us-east-2;2026-09-13 17:05:55.304157;164_308_a_6_ii;"Identify and respond to suspected or known security incidents; mitigate, to the extent practicable, harmful effects of security incidents that are known to the covered entity or business associate; and document security incidents and their outcomes.";164.308 Administrative Safeguards;;;aws;;FAIL;No CloudTrail trails enabled with logging were found.;arn:aws:cloudtrail:us-east-2:987292390922:trail;cloudtrail_multi_region_enabled;False;987292390922;HIPAA;HIPAA compliance framework;
aws;The Health Insurance Portability and Accountability Act of 1996 (HIPAA) is legislation that helps US workers to retain health insurance coverage when they change or lose jobs. The legislation also seeks to encourage electronic health records to improve the efficiency and quality of the US healthcare system through improved information sharing.;987292390922;us-east-2;2026-09-13 17:05:55.304157;164_312_b;Implement hardware, software, and/or procedural mechanisms that record and examine activity in information systems that contain or use electronic protected health information.;164.312 Technical Safeguards;;;aws;;FAIL;No CloudTrail trails enabled with logging were found.;arn:aws:cloudtrail:us-east-2:987292390922:trail;cloudtrail_multi_region_enabled;False;987292390922;HIPAA;HIPAA compliance framework;
aws;The Health Insurance Portability and Accountability Act of 1996 (HIPAA) is legislation that helps US workers to retain health insurance coverage when they change or lose jobs. The legislation also seeks to encourage electronic health records to improve the efficiency and quality of the US healthcare system through improved information sharing.;987292390922;us-east-2;2026-09-13 17:05:55.304157;164_312_e_2_i;Implement security measures to ensure that electronically transmitted electronic protected health information is not improperly modified without detection until disposed of.;164.312 Technical Safeguards;;;aws;;FAIL;No CloudTrail trails enabled with logging were found.;arn:aws:cloudtrail:us-east-2:987292390922:trail;cloudtrail_multi_region_enabled;False;987292390922;HIPAA;HIPAA compliance framework;
aws;The Health Insurance Portability and Accountability Act of 1996 (HIPAA) is legislation that helps US workers to retain health insurance coverage when they change or lose jobs. The legislation also seeks to encourage electronic health records to improve the efficiency and quality of the US healthcare system through improved information sharing.;987292390922;us-west-1;2026-09-13 17:05:55.304157;164_308_a_1_ii_d;Implement procedures to regularly review records of information system activity, such as audit logs, access reports, and security incident tracking reports.;164.308 Administrative Safeguards;;;aws;;FAIL;No CloudTrail trails enabled with logging were found.;arn:aws:cloudtrail:us-west-1:987292390922:trail;cloudtrail_multi_region_enabled;False;987292390922;HIPAA;HIPAA compliance framework;
aws;The Health Insurance Portability and Accountability Act of 1996 (HIPAA) is legislation that helps US workers to retain health insurance coverage when they change or lose jobs. The legislation also seeks to encourage electronic health records to improve the efficiency and quality of the US healthcare system through improved information sharing.;987292390922;us-west-1;2026-09-13 17:05:55.304157;164_308_a_3_ii_a;Implement procedures for the authorization and/or supervision of workforce members who work with electronic protected health information or in locations where it might be accessed.;164.308 Administrative Safeguards;;;aws;;FAIL;No CloudTrail trails enabled with logging were found.;arn:aws:cloudtrail:us-west-1:987292390922:trail;cloudtrail_multi_region_enabled;False;987292390922;HIPAA;HIPAA compliance framework;
aws;The Health Insurance Portability and Accountability Act of 1996 (HIPAA) is legislation that helps US workers to retain health insurance coverage when they change or lose jobs. The legislation also seeks to encourage electronic health records to improve the efficiency and quality of the US healthcare system through improved information sharing.;987292390922;us-west-1;2026-09-13 17:05:55.304157;164_308_a_6_ii;"Identify and respond to suspected or known security incidents; mitigate, to the extent practicable, harmful effects of security incidents that are known to the covered entity or business associate; and document security incidents and their outcomes.";164.308 Administrative Safeguards;;;aws;;FAIL;No CloudTrail trails enabled with logging were found.;arn:aws:cloudtrail:us-west-1:987292390922:trail;cloudtrail_multi_region_enabled;False;987292390922;HIPAA;HIPAA compliance framework;
aws;The Health Insurance Portability and Accountability Act of 1996 (HIPAA) is legislation that helps US workers to retain health insurance coverage when they change or lose jobs. The legislation also seeks to encourage electronic health records to improve the efficiency and quality of the US healthcare system through improved information sharing.;987292390922;us-west-1;2026-09-13 17:05:55.304157;164_312_b;Implement hardware, software, and/or procedural mechanisms that record and examine activity in information systems that contain or use electronic protected health information.;164.312 Technical Safeguards;;;aws;;FAIL;No CloudTrail trails enabled with logging were found.;arn:aws:cloudtrail:us-west-1:987292390922:trail;cloudtrail_multi_region_enabled;False;987292390922;HIPAA;HIPAA compliance framework;
aws;The Health Insurance Portability and Accountability Act of 1996 (HIPAA) is legislation that helps US workers to retain health insurance coverage when they change or lose jobs. The legislation also seeks to encourage electronic health records to improve the efficiency and quality of the US healthcare system through improved information sharing.;987292390922;us-west-1;2026-09-13 17:05:55.304157;164_312_e_2_i;Implement security measures to ensure that electronically transmitted electronic protected health information is not improperly modified without detection until disposed of.;164.312 Technical Safeguards;;;aws;;FAIL;No CloudTrail trails enabled with logging were found.;arn:aws:cloudtrail:us-west-1:987292390922:trail;cloudtrail_multi_region_enabled;False;987292390922;HIPAA;HIPAA compliance framework;
aws;The Health Insurance Portability and Accountability Act of 1996 (HIPAA) is legislation that helps US workers to retain health insurance coverage when they change or lose jobs. The legislation also seeks to encourage electronic health records to improve the efficiency and quality of the US healthcare system through improved information sharing.;987292390922;us-west-2;2026-09-13 17:05:55.304157;164_308_a_1_ii_d;Implement procedures to regularly review records of information system activity, such as audit logs, access reports, and security incident tracking reports.;164.308 Administrative Safeguards;;;aws;;FAIL;No CloudTrail trails enabled with logging were found.;arn:aws:cloudtrail:us-west-2:987292390922:trail;cloudtrail_multi_region_enabled;False;987292390922;HIPAA;HIPAA compliance framework;
aws;The Health Insurance Portability and Accountability Act of 1996 (HIPAA) is legislation that helps US workers to retain health insurance coverage when they change or lose jobs. The legislation also seeks to encourage electronic health records to improve the efficiency and quality of the US healthcare system through improved information sharing.;987292390922;us-west-2;2026-09-13 17:05:55.304157;164_308_a_3_ii_a;Implement procedures for the authorization and/or supervision of workforce members who work with electronic protected health information or in locations where it might be accessed.;164.308 Administrative Safeguards;;;aws;;FAIL;No CloudTrail trails enabled with logging were found.;arn:aws:cloudtrail:us-west-2:987292390922:trail;cloudtrail_multi_region_enabled;False;987292390922;HIPAA;HIPAA compliance framework;
aws;The Health Insurance Portability and Accountability Act of 1996 (HIPAA) is legislation that helps US workers to retain health insurance coverage when they change or lose jobs. The legislation also seeks to encourage electronic health records to improve the efficiency and quality of the US healthcare system through improved information sharing.;987292390922;us-west-2;2026-09-13 17:05:55.304157;164_308_a_6_ii;"Identify and respond to suspected or known security incidents; mitigate, to the extent practicable, harmful effects of security incidents that are known to the covered entity or business associate; and document security incidents and their outcomes.";164.308 Administrative Safeguards;;;aws;;FAIL;No CloudTrail trails enabled with logging were found.;arn:aws:cloudtrail:us-west-2:987292390922:trail;cloudtrail_multi_region_enabled;False;987292390922;HIPAA;HIPAA compliance framework;
aws;The Health Insurance Portability and Accountability Act of 1996 (HIPAA) is legislation that helps US workers to retain health insurance coverage when they change or lose jobs. The legislation also seeks to encourage electronic health records to improve the efficiency and quality of the US healthcare system through improved information sharing.;987292390922;us-west-2;2026-09-13 17:05:55.304157;164_312_b;Implement hardware, software, and/or procedural mechanisms that record and examine activity in information systems that contain or use electronic protected health information.;164.312 Technical Safeguards;;;aws;;FAIL;No CloudTrail trails enabled with logging were found.;arn:aws:cloudtrail:us-west-2:987292390922:trail;cloudtrail_multi_region_enabled;False;987292390922;HIPAA;HIPAA compliance framework;
aws;The Health Insurance Portability and Accountability Act of 1996 (HIPAA) is legislation that helps US workers to retain health insurance coverage when they change or lose jobs. The legislation also seeks to encourage electronic health records to improve the efficiency and quality of the US healthcare system through improved information sharing.;987292390922;us-west-2;2026-09-13 17:05:55.304157;164_312_e_2_i;Implement security measures to ensure that electronically transmitted electronic protected health information is not improperly modified without detection until disposed of.;164.312 Technical Safeguards;;;aws;;FAIL;No CloudTrail trails enabled with logging were found.;arn:aws:cloudtrail:us-west-2:987292390922:trail;cloudtrail_multi_region_enabled;False;987292390922;HIPAA;HIPAA compliance framework;
aws;The Health Insurance Portability and Accountability Act of 1996 (HIPAA) is legislation that helps US workers to retain health insurance coverage when they change or lose jobs. The legislation also seeks to encourage electronic health records to improve the efficiency and quality of the US healthcare system through improved information sharing.;987292390922;us-east-1;2026-09-13 17:05:55.304157;164_308_a_1_ii_d;Implement procedures to regularly review records of information system activity, such as audit logs, access reports, and security incident tracking reports.;164.308 Administrative Safeguards;;;aws;;FAIL;No CloudTrail trails have a data event to record all S3 object-level API operations.;arn:aws:cloudtrail:us-east-1:987292390922:trail;cloudtrail_s3_dataevents_read_enabled;False;987292390922;HIPAA;HIPAA compliance framework;
aws;The Health Insurance Portability and Accountability Act of 1996 (HIPAA) is legislation that helps US workers to retain health insurance coverage when they change or lose jobs. The legislation also seeks to encourage electronic health records to improve the efficiency and quality of the US healthcare system through improved information sharing.;987292390922;us-east-1;2026-09-13 17:05:55.304157;164_308_a_3_ii_a;Implement procedures for the authorization and/or supervision of workforce members who work with electronic protected health information or in locations where it might be accessed.;164.308 Administrative Safeguards;;;aws;;FAIL;No CloudTrail trails have a data event to record all S3 object-level API operations.;arn:aws:cloudtrail:us-east-1:987292390922:trail;cloudtrail_s3_dataevents_read_enabled;False;987292390922;HIPAA;HIPAA compliance framework;
aws;The Health Insurance Portability and Accountability Act of 1996 (HIPAA) is legislation that helps US workers to retain health insurance coverage when they change or lose jobs. The legislation also seeks to encourage electronic health records to improve the efficiency and quality of the US healthcare system through improved information sharing.;987292390922;us-east-1;2026-09-13 17:05:55.304157;164_308_a_6_ii;"Identify and respond to suspected or known security incidents; mitigate, to the extent practicable, harmful effects of security incidents that are known to the covered entity or business associate; and document security incidents and their outcomes.";164.308 Administrative Safeguards;;;aws;;FAIL;No CloudTrail trails have a data event to record all S3 object-level API operations.;arn:aws:cloudtrail:us-east-1:987292390922:trail;cloudtrail_s3_dataevents_read_enabled;False;987292390922;HIPAA;HIPAA compliance framework;
aws;The Health Insurance Portability and Accountability Act of 1996 (HIPAA) is legislation that helps US workers to retain health insurance coverage when they change or lose jobs. The legislation also seeks to encourage electronic health records to improve the efficiency and quality of the US healthcare system through improved information sharing.;987292390922;us-east-1;2026-09-13 17:05:55.304157;164_312_a_2_i;Assign a unique name and/or number for identifying and tracking user identity.;164.312 Technical Safeguards;;;aws;;FAIL;No CloudTrail trails have a data event to record all S3 object-level API operations.;arn:aws:cloudtrail:us-east-1:987292390922:trail;cloudtrail_s3_dataevents_read_enabled;False;987292390922;HIPAA;HIPAA compliance framework;
aws;The Health Insurance Portability and Accountability Act of 1996 (HIPAA) is legislation that helps US workers to retain health insurance coverage when they change or lose jobs. The legislation also seeks to encourage electronic health records to improve the efficiency and quality of the US healthcare system through improved information sharing.;987292390922;us-east-1;2026-09-13 17:05:55.304157;164_312_b;Implement hardware, software, and/or procedural mechanisms that record and examine activity in information systems that contain or use electronic protected health information.;164.312 Technical Safeguards;;;aws;;FAIL;No CloudTrail trails have a data event to record all S3 object-level API operations.;arn:aws:cloudtrail:us-east-1:987292390922:trail;cloudtrail_s3_dataevents_read_enabled;False;987292390922;HIPAA;HIPAA compliance framework;
aws;The Health Insurance Portability and Accountability Act of 1996 (HIPAA) is legislation that helps US workers to retain health insurance coverage when they change or lose jobs. The legislation also seeks to encourage electronic health records to improve the efficiency and quality of the US healthcare system through improved information sharing.;987292390922;us-east-1;2026-09-13 17:05:55.304157;164_312_e_2_i;Implement security measures to ensure that electronically transmitted electronic protected health information is not improperly modified without detection until disposed of.;164.312 Technical Safeguards;;;aws;;FAIL;No CloudTrail trails have a data event to record all S3 object-level API operations.;arn:aws:cloudtrail:us-east-1:987292390922:trail;cloudtrail_s3_dataevents_read_enabled;False;987292390922;HIPAA;HIPAA compliance framework;
aws;The Health Insurance Portability and Accountability Act of 1996 (HIPAA) is legislation that helps US workers to retain health insurance coverage when they change or lose jobs. The legislation also seeks to encourage electronic health records to improve the efficiency and quality of the US healthcare system through improved information sharing.;987292390922;us-east-1;2026-09-13 17:05:55.304157;164_308_a_1_ii_d;Implement procedures to regularly review records of information system activity, such as audit logs, access reports, and security incident tracking reports.;164.308 Administrative Safeguards;;;aws;;FAIL;No CloudTrail trails have a data event to record all S3 object-level API operations.;arn:aws:cloudtrail:us-east-1:987292390922:trail;cloudtrail_s3_dataevents_write_enabled;False;987292390922;HIPAA;HIPAA compliance framework;
aws;The Health Insurance Portability and Accountability Act of 1996 (HIPAA) is legislation that helps US workers to retain health insurance coverage when they change or lose jobs. The legislation also seeks to encourage electronic health records to improve the efficiency and quality of the US healthcare system through improved information sharing.;987292390922;us-east-1;2026-09-13 17:05:55.304157;164_308_a_3_ii_a;Implement procedures for the authorization and/or supervision of workforce members who work with electronic protected health information or in locations where it might be accessed.;164.308 Administrative Safeguards;;;aws;;FAIL;No CloudTrail trails have a data event to record all S3 object-level API operations.;arn:aws:cloudtrail:us-east-1:987292390922:trail;cloudtrail_s3_dataevents_write_enabled;False;987292390922;HIPAA;HIPAA compliance framework;
aws;The Health Insurance Portability and Accountability Act of 1996 (HIPAA) is legislation that helps US workers to retain health insurance coverage when they change or lose jobs. The legislation also seeks to encourage electronic health records to improve the efficiency and quality of the US healthcare system through improved information sharing.;987292390922;us-east-1;2026-09-13 17:05:55.304157;164_308_a_6_ii;"Identify and respond to suspected or known security incidents; mitigate, to the extent practicable, harmful effects of security incidents that are known to the covered entity or business associate; and document security incidents and their outcomes.";164.308 Administrative Safeguards;;;aws;;FAIL;No CloudTrail trails have a data event to record all S3 object-level API operations.;arn:aws:cloudtrail:us-east-1:987292390922:trail;cloudtrail_s3_dataevents_write_enabled;False;987292390922;HIPAA;HIPAA compliance framework;
aws;The Health Insurance Portability and Accountability Act of 1996 (HIPAA) is legislation that helps US workers to retain health insurance coverage when they change or lose jobs. The legislation also seeks to encourage electronic health records to improve the efficiency and quality of the US healthcare system through improved information sharing.;987292390922;us-east-1;2026-09-13 17:05:55.304157;164_312_a_2_i;Assign a unique name and/or number for identifying and tracking user identity.;164.312 Technical Safeguards;;;aws;;FAIL;No CloudTrail trails have a data event to record all S3 object-level API operations.;arn:aws:cloudtrail:us-east-1:987292390922:trail;cloudtrail_s3_dataevents_write_enabled;False;987292390922;HIPAA;HIPAA compliance framework;
aws;The Health Insurance Portability and Accountability Act of 1996 (HIPAA) is legislation that helps US workers to retain health insurance coverage when they change or lose jobs. The legislation also seeks to encourage electronic health records to improve the efficiency and quality of the US healthcare system through improved information sharing.;987292390922;us-east-1;2026-09-13 17:05:55.304157;164_312_b;Implement hardware, software, and/or procedural mechanisms that record and examine activity in information systems that contain or use electronic protected health information.;164.312 Technical Safeguards;;;aws;;FAIL;No CloudTrail trails have a data event to record all S3 object-level API operations.;arn:aws:cloudtrail:us-east-1:987292390922:trail;cloudtrail_s3_dataevents_write_enabled;False;987292390922;HIPAA;HIPAA compliance framework;
aws;The Health Insurance Portability and Accountability Act of 1996 (HIPAA) is legislation that helps US workers to retain health insurance coverage when they change or lose jobs. The legislation also seeks to encourage electronic health records to improve the efficiency and quality of the US healthcare system through improved information sharing.;987292390922;us-east-1;2026-09-13 17:05:55.304157;164_312_e_2_i;Implement security measures to ensure that electronically transmitted electronic protected health information is not improperly modified without detection until disposed of.;164.312 Technical Safeguards;;;aws;;FAIL;No CloudTrail trails have a data event to record all S3 object-level API operations.;arn:aws:cloudtrail:us-east-1:987292390922:trail;cloudtrail_s3_dataevents_write_enabled;False;987292390922;HIPAA;HIPAA compliance framework;
aws;The Health Insurance Portability and Accountability Act of 1996 (HIPAA) is legislation that helps US workers to retain health insurance coverage when they change or lose jobs. The legislation also seeks to encourage electronic health records to improve the efficiency and quality of the US healthcare system through improved information sharing.;987292390922;us-east-1;2026-09-13 17:05:55.304157;164_308_a_6_i;Implement policies and procedures to address security incidents.;164.308 Administrative Safeguards;;;aws;;MANUAL;Cannot evaluate CloudWatch metric filters and alarms: CloudTrail trails, log groups, metric filters or alarms could not be listed in at least one region. Verify that the scanning credentials are allowed to call cloudtrail:DescribeTrails, logs:DescribeLogGroups, logs:DescribeMetricFilters and cloudwatch:DescribeAlarms.;arn:aws:logs:us-east-1:987292390922:log-group;cloudwatch_changes_to_network_acls_alarm_configured;False;987292390922;HIPAA;HIPAA compliance framework;
aws;The Health Insurance Portability and Accountability Act of 1996 (HIPAA) is legislation that helps US workers to retain health insurance coverage when they change or lose jobs. The legislation also seeks to encourage electronic health records to improve the efficiency and quality of the US healthcare system through improved information sharing.;987292390922;us-east-1;2026-09-13 17:05:55.304157;164_308_a_6_i;Implement policies and procedures to address security incidents.;164.308 Administrative Safeguards;;;aws;;MANUAL;Cannot evaluate CloudWatch metric filters and alarms: CloudTrail trails, log groups, metric filters or alarms could not be listed in at least one region. Verify that the scanning credentials are allowed to call cloudtrail:DescribeTrails, logs:DescribeLogGroups, logs:DescribeMetricFilters and cloudwatch:DescribeAlarms.;arn:aws:logs:us-east-1:987292390922:log-group;cloudwatch_changes_to_network_gateways_alarm_configured;False;987292390922;HIPAA;HIPAA compliance framework;
aws;The Health Insurance Portability and Accountability Act of 1996 (HIPAA) is legislation that helps US workers to retain health insurance coverage when they change or lose jobs. The legislation also seeks to encourage electronic health records to improve the efficiency and quality of the US healthcare system through improved information sharing.;987292390922;us-east-1;2026-09-13 17:05:55.304157;164_308_a_6_i;Implement policies and procedures to address security incidents.;164.308 Administrative Safeguards;;;aws;;MANUAL;Cannot evaluate CloudWatch metric filters and alarms: CloudTrail trails, log groups, metric filters or alarms could not be listed in at least one region. Verify that the scanning credentials are allowed to call cloudtrail:DescribeTrails, logs:DescribeLogGroups, logs:DescribeMetricFilters and cloudwatch:DescribeAlarms.;arn:aws:logs:us-east-1:987292390922:log-group;cloudwatch_changes_to_network_route_tables_alarm_configured;False;987292390922;HIPAA;HIPAA compliance framework;
aws;The Health Insurance Portability and Accountability Act of 1996 (HIPAA) is legislation that helps US workers to retain health insurance coverage when they change or lose jobs. The legislation also seeks to encourage electronic health records to improve the efficiency and quality of the US healthcare system through improved information sharing.;987292390922;us-east-1;2026-09-13 17:05:55.304157;164_308_a_6_i;Implement policies and procedures to address security incidents.;164.308 Administrative Safeguards;;;aws;;MANUAL;Cannot evaluate CloudWatch metric filters and alarms: CloudTrail trails, log groups, metric filters or alarms could not be listed in at least one region. Verify that the scanning credentials are allowed to call cloudtrail:DescribeTrails, logs:DescribeLogGroups, logs:DescribeMetricFilters and cloudwatch:DescribeAlarms.;arn:aws:logs:us-east-1:987292390922:log-group;cloudwatch_changes_to_vpcs_alarm_configured;False;987292390922;HIPAA;HIPAA compliance framework;
aws;The Health Insurance Portability and Accountability Act of 1996 (HIPAA) is legislation that helps US workers to retain health insurance coverage when they change or lose jobs. The legislation also seeks to encourage electronic health records to improve the efficiency and quality of the US healthcare system through improved information sharing.;987292390922;us-east-1;2026-09-13 17:05:55.304157;164_308_a_5_ii_c;Procedures for monitoring log-in attempts and reporting discrepancies.;164.308 Administrative Safeguards;;;aws;;MANUAL;Cannot evaluate CloudWatch metric filters and alarms: CloudTrail trails, log groups, metric filters or alarms could not be listed in at least one region. Verify that the scanning credentials are allowed to call cloudtrail:DescribeTrails, logs:DescribeLogGroups, logs:DescribeMetricFilters and cloudwatch:DescribeAlarms.;arn:aws:logs:us-east-1:987292390922:log-group;cloudwatch_log_metric_filter_authentication_failures;False;987292390922;HIPAA;HIPAA compliance framework;
aws;The Health Insurance Portability and Accountability Act of 1996 (HIPAA) is legislation that helps US workers to retain health insurance coverage when they change or lose jobs. The legislation also seeks to encourage electronic health records to improve the efficiency and quality of the US healthcare system through improved information sharing.;987292390922;us-east-1;2026-09-13 17:05:55.304157;164_308_a_6_i;Implement policies and procedures to address security incidents.;164.308 Administrative Safeguards;;;aws;;MANUAL;Cannot evaluate CloudWatch metric filters and alarms: CloudTrail trails, log groups, metric filters or alarms could not be listed in at least one region. Verify that the scanning credentials are allowed to call cloudtrail:DescribeTrails, logs:DescribeLogGroups, logs:DescribeMetricFilters and cloudwatch:DescribeAlarms.;arn:aws:logs:us-east-1:987292390922:log-group;cloudwatch_log_metric_filter_authentication_failures;False;987292390922;HIPAA;HIPAA compliance framework;
aws;The Health Insurance Portability and Accountability Act of 1996 (HIPAA) is legislation that helps US workers to retain health insurance coverage when they change or lose jobs. The legislation also seeks to encourage electronic health records to improve the efficiency and quality of the US healthcare system through improved information sharing.;987292390922;us-east-1;2026-09-13 17:05:55.304157;164_308_a_6_ii;"Identify and respond to suspected or known security incidents; mitigate, to the extent practicable, harmful effects of security incidents that are known to the covered entity or business associate; and document security incidents and their outcomes.";164.308 Administrative Safeguards;;;aws;;MANUAL;Cannot evaluate CloudWatch metric filters and alarms: CloudTrail trails, log groups, metric filters or alarms could not be listed in at least one region. Verify that the scanning credentials are allowed to call cloudtrail:DescribeTrails, logs:DescribeLogGroups, logs:DescribeMetricFilters and cloudwatch:DescribeAlarms.;arn:aws:logs:us-east-1:987292390922:log-group;cloudwatch_log_metric_filter_authentication_failures;False;987292390922;HIPAA;HIPAA compliance framework;
aws;The Health Insurance Portability and Accountability Act of 1996 (HIPAA) is legislation that helps US workers to retain health insurance coverage when they change or lose jobs. The legislation also seeks to encourage electronic health records to improve the efficiency and quality of the US healthcare system through improved information sharing.;987292390922;us-east-1;2026-09-13 17:05:55.304157;164_308_a_6_i;Implement policies and procedures to address security incidents.;164.308 Administrative Safeguards;;;aws;;MANUAL;Cannot evaluate CloudWatch metric filters and alarms: CloudTrail trails, log groups, metric filters or alarms could not be listed in at least one region. Verify that the scanning credentials are allowed to call cloudtrail:DescribeTrails, logs:DescribeLogGroups, logs:DescribeMetricFilters and cloudwatch:DescribeAlarms.;arn:aws:logs:us-east-1:987292390922:log-group;cloudwatch_log_metric_filter_root_usage;False;987292390922;HIPAA;HIPAA compliance framework;
aws;The Health Insurance Portability and Accountability Act of 1996 (HIPAA) is legislation that helps US workers to retain health insurance coverage when they change or lose jobs. The legislation also seeks to encourage electronic health records to improve the efficiency and quality of the US healthcare system through improved information sharing.;987292390922;us-east-1;2026-09-13 17:05:55.304157;164_308_a_6_ii;"Identify and respond to suspected or known security incidents; mitigate, to the extent practicable, harmful effects of security incidents that are known to the covered entity or business associate; and document security incidents and their outcomes.";164.308 Administrative Safeguards;;;aws;;MANUAL;Cannot evaluate CloudWatch metric filters and alarms: CloudTrail trails, log groups, metric filters or alarms could not be listed in at least one region. Verify that the scanning credentials are allowed to call cloudtrail:DescribeTrails, logs:DescribeLogGroups, logs:DescribeMetricFilters and cloudwatch:DescribeAlarms.;arn:aws:logs:us-east-1:987292390922:log-group;cloudwatch_log_metric_filter_root_usage;False;987292390922;HIPAA;HIPAA compliance framework;
aws;The Health Insurance Portability and Accountability Act of 1996 (HIPAA) is legislation that helps US workers to retain health insurance coverage when they change or lose jobs. The legislation also seeks to encourage electronic health records to improve the efficiency and quality of the US healthcare system through improved information sharing.;987292390922;af-south-1;2026-09-13 17:05:55.304157;164_308_a_1_ii_a;Conduct an accurate and thorough assessment of the potential risks and vulnerabilities to the confidentiality, integrity, and availability of electronic protected health information held by the covered entity or business associate.;164.308 Administrative Safeguards;;;aws;;FAIL;AWS Config recorder 987292390922 is disabled.;arn:aws:config:af-south-1:987292390922:recorder;config_recorder_all_regions_enabled;False;987292390922;HIPAA;HIPAA compliance framework;
aws;The Health Insurance Portability and Accountability Act of 1996 (HIPAA) is legislation that helps US workers to retain health insurance coverage when they change or lose jobs. The legislation also seeks to encourage electronic health records to improve the efficiency and quality of the US healthcare system through improved information sharing.;987292390922;ap-northeast-1;2026-09-13 17:05:55.304157;164_308_a_1_ii_a;Conduct an accurate and thorough assessment of the potential risks and vulnerabilities to the confidentiality, integrity, and availability of electronic protected health information held by the covered entity or business associate.;164.308 Administrative Safeguards;;;aws;;FAIL;AWS Config recorder 987292390922 is disabled.;arn:aws:config:ap-northeast-1:987292390922:recorder;config_recorder_all_regions_enabled;False;987292390922;HIPAA;HIPAA compliance framework;
aws;The Health Insurance Portability and Accountability Act of 1996 (HIPAA) is legislation that helps US workers to retain health insurance coverage when they change or lose jobs. The legislation also seeks to encourage electronic health records to improve the efficiency and quality of the US healthcare system through improved information sharing.;987292390922;ap-northeast-2;2026-09-13 17:05:55.304157;164_308_a_1_ii_a;Conduct an accurate and thorough assessment of the potential risks and vulnerabilities to the confidentiality, integrity, and availability of electronic protected health information held by the covered entity or business associate.;164.308 Administrative Safeguards;;;aws;;FAIL;AWS Config recorder 987292390922 is disabled.;arn:aws:config:ap-northeast-2:987292390922:recorder;config_recorder_all_regions_enabled;False;987292390922;HIPAA;HIPAA compliance framework;
aws;The Health Insurance Portability and Accountability Act of 1996 (HIPAA) is legislation that helps US workers to retain health insurance coverage when they change or lose jobs. The legislation also seeks to encourage electronic health records to improve the efficiency and quality of the US healthcare system through improved information sharing.;987292390922;ap-northeast-3;2026-09-13 17:05:55.304157;164_308_a_1_ii_a;Conduct an accurate and thorough assessment of the potential risks and vulnerabilities to the confidentiality, integrity, and availability of electronic protected health information held by the covered entity or business associate.;164.308 Administrative Safeguards;;;aws;;FAIL;AWS Config recorder 987292390922 is disabled.;arn:aws:config:ap-northeast-3:987292390922:recorder;config_recorder_all_regions_enabled;False;987292390922;HIPAA;HIPAA compliance framework;
aws;The Health Insurance Portability and Accountability Act of 1996 (HIPAA) is legislation that helps US workers to retain health insurance coverage when they change or lose jobs. The legislation also seeks to encourage electronic health records to improve the efficiency and quality of the US healthcare system through improved information sharing.;987292390922;ap-south-1;2026-09-13 17:05:55.304157;164_308_a_1_ii_a;Conduct an accurate and thorough assessment of the potential risks and vulnerabilities to the confidentiality, integrity, and availability of electronic protected health information held by the covered entity or business associate.;164.308 Administrative Safeguards;;;aws;;FAIL;AWS Config recorder 987292390922 is disabled.;arn:aws:config:ap-south-1:987292390922:recorder;config_recorder_all_regions_enabled;False;987292390922;HIPAA;HIPAA compliance framework;
aws;The Health Insurance Portability and Accountability Act of 1996 (HIPAA) is legislation that helps US workers to retain health insurance coverage when they change or lose jobs. The legislation also seeks to encourage electronic health records to improve the efficiency and quality of the US healthcare system through improved information sharing.;987292390922;ap-southeast-1;2026-09-13 17:05:55.304157;164_308_a_1_ii_a;Conduct an accurate and thorough assessment of the potential risks and vulnerabilities to the confidentiality, integrity, and availability of electronic protected health information held by the covered entity or business associate.;164.308 Administrative Safeguards;;;aws;;FAIL;AWS Config recorder 987292390922 is disabled.;arn:aws:config:ap-southeast-1:987292390922:recorder;config_recorder_all_regions_enabled;False;987292390922;HIPAA;HIPAA compliance framework;
aws;The Health Insurance Portability and Accountability Act of 1996 (HIPAA) is legislation that helps US workers to retain health insurance coverage when they change or lose jobs. The legislation also seeks to encourage electronic health records to improve the efficiency and quality of the US healthcare system through improved information sharing.;987292390922;ap-southeast-2;2026-09-13 17:05:55.304157;164_308_a_1_ii_a;Conduct an accurate and thorough assessment of the potential risks and vulnerabilities to the confidentiality, integrity, and availability of electronic protected health information held by the covered entity or business associate.;164.308 Administrative Safeguards;;;aws;;FAIL;AWS Config recorder 987292390922 is disabled.;arn:aws:config:ap-southeast-2:987292390922:recorder;config_recorder_all_regions_enabled;False;987292390922;HIPAA;HIPAA compliance framework;
aws;The Health Insurance Portability and Accountability Act of 1996 (HIPAA) is legislation that helps US workers to retain health insurance coverage when they change or lose jobs. The legislation also seeks to encourage electronic health records to improve the efficiency and quality of the US healthcare system through improved information sharing.;987292390922;ca-central-1;2026-09-13 17:05:55.304157;164_308_a_1_ii_a;Conduct an accurate and thorough assessment of the potential risks and vulnerabilities to the confidentiality, integrity, and availability of electronic protected health information held by the covered entity or business associate.;164.308 Administrative Safeguards;;;aws;;FAIL;AWS Config recorder 987292390922 is disabled.;arn:aws:config:ca-central-1:987292390922:recorder;config_recorder_all_regions_enabled;False;987292390922;HIPAA;HIPAA compliance framework;
aws;The Health Insurance Portability and Accountability Act of 1996 (HIPAA) is legislation that helps US workers to retain health insurance coverage when they change or lose jobs. The legislation also seeks to encourage electronic health records to improve the efficiency and quality of the US healthcare system through improved information sharing.;987292390922;eu-central-1;2026-09-13 17:05:55.304157;164_308_a_1_ii_a;Conduct an accurate and thorough assessment of the potential risks and vulnerabilities to the confidentiality, integrity, and availability of electronic protected health information held by the covered entity or business associate.;164.308 Administrative Safeguards;;;aws;;FAIL;AWS Config recorder 987292390922 is disabled.;arn:aws:config:eu-central-1:987292390922:recorder;config_recorder_all_regions_enabled;False;987292390922;HIPAA;HIPAA compliance framework;
aws;The Health Insurance Portability and Accountability Act of 1996 (HIPAA) is legislation that helps US workers to retain health insurance coverage when they change or lose jobs. The legislation also seeks to encourage electronic health records to improve the efficiency and quality of the US healthcare system through improved information sharing.;987292390922;eu-north-1;2026-09-13 17:05:55.304157;164_308_a_1_ii_a;Conduct an accurate and thorough assessment of the potential risks and vulnerabilities to the confidentiality, integrity, and availability of electronic protected health information held by the covered entity or business associate.;164.308 Administrative Safeguards;;;aws;;FAIL;AWS Config recorder 987292390922 is disabled.;arn:aws:config:eu-north-1:987292390922:recorder;config_recorder_all_regions_enabled;False;987292390922;HIPAA;HIPAA compliance framework;
aws;The Health Insurance Portability and Accountability Act of 1996 (HIPAA) is legislation that helps US workers to retain health insurance coverage when they change or lose jobs. The legislation also seeks to encourage electronic health records to improve the efficiency and quality of the US healthcare system through improved information sharing.;987292390922;eu-west-1;2026-09-13 17:05:55.304157;164_308_a_1_ii_a;Conduct an accurate and thorough assessment of the potential risks and vulnerabilities to the confidentiality, integrity, and availability of electronic protected health information held by the covered entity or business associate.;164.308 Administrative Safeguards;;;aws;;FAIL;AWS Config recorder 987292390922 is disabled.;arn:aws:config:eu-west-1:987292390922:recorder;config_recorder_all_regions_enabled;False;987292390922;HIPAA;HIPAA compliance framework;
aws;The Health Insurance Portability and Accountability Act of 1996 (HIPAA) is legislation that helps US workers to retain health insurance coverage when they change or lose jobs. The legislation also seeks to encourage electronic health records to improve the efficiency and quality of the US healthcare system through improved information sharing.;987292390922;sa-east-1;2026-09-13 17:05:55.304157;164_308_a_1_ii_a;Conduct an accurate and thorough assessment of the potential risks and vulnerabilities to the confidentiality, integrity, and availability of electronic protected health information held by the covered entity or business associate.;164.308 Administrative Safeguards;;;aws;;FAIL;AWS Config recorder 987292390922 is disabled.;arn:aws:config:sa-east-1:987292390922:recorder;config_recorder_all_regions_enabled;False;987292390922;HIPAA;HIPAA compliance framework;
aws;The Health Insurance Portability and Accountability Act of 1996 (HIPAA) is legislation that helps US workers to retain health insurance coverage when they change or lose jobs. The legislation also seeks to encourage electronic health records to improve the efficiency and quality of the US healthcare system through improved information sharing.;987292390922;us-east-1;2026-09-13 17:05:55.304157;164_308_a_1_ii_a;Conduct an accurate and thorough assessment of the potential risks and vulnerabilities to the confidentiality, integrity, and availability of electronic protected health information held by the covered entity or business associate.;164.308 Administrative Safeguards;;;aws;;FAIL;AWS Config recorder 987292390922 is disabled.;arn:aws:config:us-east-1:987292390922:recorder;config_recorder_all_regions_enabled;False;987292390922;HIPAA;HIPAA compliance framework;
aws;The Health Insurance Portability and Accountability Act of 1996 (HIPAA) is legislation that helps US workers to retain health insurance coverage when they change or lose jobs. The legislation also seeks to encourage electronic health records to improve the efficiency and quality of the US healthcare system through improved information sharing.;987292390922;us-east-2;2026-09-13 17:05:55.304157;164_308_a_1_ii_a;Conduct an accurate and thorough assessment of the potential risks and vulnerabilities to the confidentiality, integrity, and availability of electronic protected health information held by the covered entity or business associate.;164.308 Administrative Safeguards;;;aws;;FAIL;AWS Config recorder 987292390922 is disabled.;arn:aws:config:us-east-2:987292390922:recorder;config_recorder_all_regions_enabled;False;987292390922;HIPAA;HIPAA compliance framework;
aws;The Health Insurance Portability and Accountability Act of 1996 (HIPAA) is legislation that helps US workers to retain health insurance coverage when they change or lose jobs. The legislation also seeks to encourage electronic health records to improve the efficiency and quality of the US healthcare system through improved information sharing.;987292390922;us-west-1;2026-09-13 17:05:55.304157;164_308_a_1_ii_a;Conduct an accurate and thorough assessment of the potential risks and vulnerabilities to the confidentiality, integrity, and availability of electronic protected health information held by the covered entity or business associate.;164.308 Administrative Safeguards;;;aws;;FAIL;AWS Config recorder 987292390922 is disabled.;arn:aws:config:us-west-1:987292390922:recorder;config_recorder_all_regions_enabled;False;987292390922;HIPAA;HIPAA compliance framework;
aws;The Health Insurance Portability and Accountability Act of 1996 (HIPAA) is legislation that helps US workers to retain health insurance coverage when they change or lose jobs. The legislation also seeks to encourage electronic health records to improve the efficiency and quality of the US healthcare system through improved information sharing.;987292390922;us-west-2;2026-09-13 17:05:55.304157;164_308_a_1_ii_a;Conduct an accurate and thorough assessment of the potential risks and vulnerabilities to the confidentiality, integrity, and availability of electronic protected health information held by the covered entity or business associate.;164.308 Administrative Safeguards;;;aws;;FAIL;AWS Config recorder 987292390922 is disabled.;arn:aws:config:us-west-2:987292390922:recorder;config_recorder_all_regions_enabled;False;987292390922;HIPAA;HIPAA compliance framework;
